시도교육청,지역교육청,지역,정보공시 학교코드,학교명,학교급코드,설립구분,제외여부,제외사유,1학년 전입학생수,1학년 전출학생수,1학년 전체학생수,2학년 전입학생수,2학년 전출학생수,2학년 전체학생수,3학년 전입학생수,3학년 전출학생수,3학년 전체학생수,4학년 전입학생수,4학년 전출학생수,4학년 전체학생수,5학년 전입학생수,5학년 전출학생수,5학년 전체학생수,6학년 전입학생수,6학년 전출학생수,6학년 전체 학생수,전입학생수(계),전출학생수(계),전체학생수(계)
서울특별시교육청,교육부,서울특별시 서초구,S000003511,서울교육대학교부설초등학교,2,국립,N,,5.0,0.0,96.0,0.0,0.0,96.0,0.0,0.0,96.0,1.0,0.0,104.0,0.0,0.0,108.0,0.0,0.0,111.0,6.0,0.0,611.0
서울특별시교육청,교육부,서울특별시 종로구,S000003563,서울대학교사범대학부설초등학교,2,국립,N,,4.0,1.0,99.0,7.0,8.0,102.0,2.0,4.0,106.0,4.0,5.0,104.0,3.0,2.0,104.0,0.0,1.0,106.0,20.0,21.0,621.0
서울특별시교육청,서울특별시강남서초교육지원청,서울특별시 강남구,S010000738,서울개일초등학교,2,공립,N,,13.0,8.0,157.0,24.0,10.0,164.0,21.0,5.0,175.0,25.0,14.0,179.0,19.0,8.0,177.0,16.0,5.0,152.0,118.0,50.0,1004.0
서울특별시교육청,서울특별시강남서초교육지원청,서울특별시 강남구,S010000741,서울구룡초등학교,2,공립,N,,2.0,6.0,122.0,11.0,5.0,108.0,24.0,4.0,126.0,22.0,5.0,129.0,18.0,4.0,129.0,13.0,3.0,119.0,90.0,27.0,733.0
서울특별시교육청,서울특별시강남서초교육지원청,서울특별시 강남구,S010000742,서울논현초등학교,2,공립,N,,1.0,7.0,53.0,1.0,6.0,39.0,0.0,3.0,50.0,2.0,3.0,48.0,2.0,10.0,53.0,0.0,0.0,47.0,6.0,29.0,290.0
서울특별시교육청,서울특별시강남서초교육지원청,서울특별시 강남구,S010000743,서울대곡초등학교,2,공립,N,,9.0,3.0,116.0,26.0,10.0,180.0,42.0,19.0,197.0,22.0,9.0,213.0,28.0,18.0,253.0,26.0,8.0,262.0,153.0,67.0,1221.0
서울특별시교육청,서울특별시강남서초교육지원청,서울특별시 강남구,S010000744,서울대도초등학교,2,공립,N,,14.0,4.0,260.0,27.0,12.0,304.0,40.0,22.0,378.0,47.0,25.0,372.0,38.0,24.0,397.0,42.0,3.0,418.0,208.0,90.0,2129.0
서울특별시교육청,서울특별시강남서초교육지원청,서울특별시 강남구,S010000745,서울대모초등학교,2,공립,N,,2.0,6.0,135.0,7.0,6.0,145.0,10.0,9.0,147.0,9.0,6.0,189.0,8.0,12.0,185.0,4.0,6.0,190.0,40.0,45.0,991.0
서울특별시교육청,서울특별시강남서초교육지원청,서울특별시 강남구,S010000746,서울대왕초등학교,2,공립,N,,0.0,0.0,96.0,0.0,1.0,102.0,0.0,11.0,104.0,1.0,2.0,140.0,2.0,1.0,165.0,0.0,9.0,147.0,3.0,24.0,754.0
서울특별시교육청,서울특별시강남서초교육지원청,서울특별시 강남구,S010000747,서울대진초등학교,2,공립,N,,1.0,4.0,43.0,4.0,8.0,55.0,4.0,4.0,50.0,3.0,10.0,53.0,2.0,3.0,36.0,2.0,3.0,49.0,16.0,32.0,286.0
서울특별시교육청,서울특별시강남서초교육지원청,서울특별시 강남구,S010000748,서울대청초등학교,2,공립,N,,0.0,2.0,24.0,1.0,7.0,20.0,0.0,1.0,22.0,0.0,1.0,24.0,3.0,5.0,22.0,2.0,2.0,20.0,6.0,18.0,132.0
서울특별시교육청,서울특별시강남서초교육지원청,서울특별시 강남구,S010000749,서울대치초등학교,2,공립,N,,6.0,7.0,161.0,24.0,11.0,247.0,23.0,15.0,258.0,24.0,9.0,319.0,32.0,11.0,318.0,30.0,13.0,353.0,139.0,66.0,1656.0
서울특별시교육청,서울특별시강남서초교육지원청,서울특별시 강남구,S010000750,서울대현초등학교,2,공립,N,,11.0,0.0,79.0,25.0,4.0,81.0,29.0,10.0,85.0,37.0,4.0,122.0,40.0,6.0,134.0,61.0,3.0,184.0,203.0,27.0,685.0
서울특별시교육청,서울특별시강남서초교육지원청,서울특별시 강남구,S010000751,서울도곡초등학교,2,공립,N,,11.0,4.0,117.0,21.0,8.0,128.0,27.0,6.0,145.0,38.0,6.0,158.0,31.0,12.0,193.0,39.0,9.0,213.0,167.0,45.0,954.0
서울특별시교육청,서울특별시강남서초교육지원청,서울특별시 강남구,S010000752,서울도성초등학교,2,공립,N,,8.0,7.0,231.0,17.0,11.0,278.0,39.0,11.0,310.0,40.0,10.0,328.0,34.0,12.0,393.0,30.0,7.0,348.0,168.0,58.0,1888.0
서울특별시교육청,서울특별시강남서초교육지원청,서울특별시 서초구,S010000753,서울반원초등학교,2,공립,N,,9.0,10.0,193.0,17.0,14.0,212.0,12.0,20.0,223.0,14.0,12.0,226.0,18.0,9.0,253.0,10.0,7.0,254.0,80.0,72.0,1361.0
서울특별시교육청,서울특별시강남서초교육지원청,서울특별시 서초구,S010000754,서울반포초등학교,2,공립,N,,3.0,68.0,114.0,5.0,75.0,102.0,7.0,76.0,116.0,8.0,63.0,124.0,4.0,35.0,172.0,6.0,5.0,136.0,33.0,322.0,764.0
서울특별시교육청,서울특별시강남서초교육지원청,서울특별시 서초구,S010000755,서울방배초등학교,2,공립,N,,3.0,5.0,123.0,6.0,5.0,114.0,12.0,6.0,163.0,10.0,10.0,140.0,14.0,8.0,178.0,11.0,8.0,170.0,56.0,42.0,888.0
서울특별시교육청,서울특별시강남서초교육지원청,서울특별시 서초구,S010000756,서울방일초등학교,2,공립,N,,15.0,6.0,154.0,17.0,10.0,138.0,16.0,11.0,154.0,11.0,8.0,149.0,12.0,8.0,163.0,10.0,6.0,148.0,81.0,49.0,906.0
서울특별시교육청,서울특별시강남서초교육지원청,서울특별시 서초구,S010000757,서울방현초등학교,2,공립,N,,1.0,10.0,33.0,4.0,12.0,44.0,1.0,8.0,52.0,1.0,9.0,50.0,6.0,9.0,52.0,4.0,6.0,63.0,17.0,54.0,294.0
서울특별시교육청,서울특별시강남서초교육지원청,서울특별시 강남구,S010000758,서울봉은초등학교,2,공립,N,,5.0,3.0,78.0,3.0,9.0,94.0,8.0,7.0,82.0,8.0,5.0,77.0,6.0,5.0,84.0,5.0,2.0,91.0,35.0,31.0,506.0
서울특별시교육청,서울특별시강남서초교육지원청,서울특별시 강남구,S010000759,서울삼릉초등학교,2,공립,N,,5.0,7.0,91.0,6.0,7.0,86.0,8.0,9.0,111.0,7.0,3.0,101.0,3.0,4.0,82.0,7.0,4.0,103.0,36.0,34.0,574.0
서울특별시교육청,서울특별시강남서초교육지원청,서울특별시 서초구,S010000760,서울서래초등학교,2,공립,N,,4.0,9.0,209.0,17.0,15.0,214.0,14.0,17.0,266.0,17.0,12.0,242.0,19.0,13.0,227.0,19.0,8.0,220.0,90.0,74.0,1378.0
서울특별시교육청,서울특별시강남서초교육지원청,서울특별시 서초구,S010000761,서울서원초등학교,2,공립,N,,26.0,4.0,225.0,37.0,18.0,247.0,38.0,17.0,244.0,39.0,11.0,215.0,26.0,13.0,201.0,27.0,4.0,214.0,193.0,67.0,1346.0
서울특별시교육청,서울특별시강남서초교육지원청,서울특별시 서초구,S010000762,서울서이초등학교,2,공립,N,,36.0,8.0,214.0,47.0,10.0,178.0,64.0,10.0,215.0,54.0,9.0,186.0,46.0,6.0,189.0,36.0,4.0,171.0,283.0,47.0,1153.0
서울특별시교육청,서울특별시강남서초교육지원청,서울특별시 서초구,S010000763,서울서일초등학교,2,공립,N,,4.0,3.0,92.0,7.0,12.0,80.0,8.0,5.0,89.0,11.0,8.0,89.0,3.0,7.0,112.0,10.0,5.0,96.0,43.0,40.0,558.0
서울특별시교육청,서울특별시강남서초교육지원청,서울특별시 서초구,S010000764,서울서초초등학교,2,공립,N,,12.0,5.0,158.0,5.0,8.0,181.0,16.0,13.0,177.0,8.0,11.0,202.0,10.0,11.0,183.0,6.0,4.0,173.0,57.0,52.0,1074.0
서울특별시교육청,서울특별시강남서초교육지원청,서울특별시 강남구,S010000765,서울수서초등학교,2,공립,N,,1.0,5.0,21.0,3.0,2.0,27.0,3.0,2.0,20.0,2.0,4.0,33.0,3.0,7.0,25.0,0.0,0.0,24.0,12.0,20.0,150.0
서울특별시교육청,서울특별시강남서초교육지원청,서울특별시 강남구,S010000766,서울신구초등학교,2,공립,N,,2.0,3.0,69.0,6.0,9.0,84.0,3.0,5.0,88.0,1.0,8.0,70.0,4.0,3.0,93.0,5.0,3.0,93.0,21.0,31.0,497.0
서울특별시교육청,서울특별시강남서초교육지원청,서울특별시 서초구,S010000767,서울신동초등학교,2,공립,N,,3.0,5.0,185.0,11.0,14.0,205.0,18.0,11.0,225.0,18.0,9.0,241.0,15.0,10.0,255.0,8.0,15.0,254.0,73.0,64.0,1365.0
서울특별시교육청,서울특별시강남서초교육지원청,서울특별시 서초구,S010000768,서울신중초등학교,2,공립,N,,6.0,8.0,139.0,11.0,10.0,139.0,16.0,12.0,168.0,10.0,14.0,139.0,20.0,7.0,174.0,21.0,8.0,172.0,84.0,59.0,931.0
서울특별시교육청,서울특별시강남서초교육지원청,서울특별시 강남구,S010000769,서울압구정초등학교,2,공립,N,,7.0,8.0,144.0,7.0,11.0,128.0,11.0,20.0,199.0,6.0,9.0,180.0,12.0,16.0,161.0,6.0,12.0,161.0,49.0,76.0,973.0
서울특별시교육청,서울특별시강남서초교육지원청,서울특별시 서초구,S010000770,서울양재초등학교,2,공립,N,,1.0,8.0,105.0,3.0,8.0,111.0,3.0,11.0,116.0,1.0,7.0,98.0,6.0,6.0,103.0,4.0,5.0,90.0,18.0,45.0,623.0
서울특별시교육청,서울특별시강남서초교육지원청,서울특별시 강남구,S010000771,서울양전초등학교,2,공립,N,,7.0,5.0,87.0,5.0,6.0,97.0,10.0,4.0,101.0,12.0,5.0,96.0,7.0,8.0,82.0,13.0,0.0,100.0,54.0,28.0,563.0
서울특별시교육청,서울특별시강남서초교육지원청,서울특별시 서초구,S010000772,서울언남초등학교,2,공립,N,,6.0,11.0,241.0,9.0,29.0,236.0,10.0,25.0,216.0,4.0,29.0,184.0,7.0,19.0,180.0,5.0,18.0,139.0,41.0,131.0,1196.0
서울특별시교육청,서울특별시강남서초교육지원청,서울특별시 강남구,S010000773,서울언북초등학교,2,공립,N,,10.0,7.0,284.0,21.0,26.0,298.0,24.0,22.0,349.0,20.0,21.0,314.0,12.0,14.0,336.0,15.0,9.0,270.0,102.0,99.0,1851.0
서울특별시교육청,서울특별시강남서초교육지원청,서울특별시 강남구,S010000774,서울언주초등학교,2,공립,N,,11.0,10.0,230.0,17.0,12.0,269.0,18.0,20.0,259.0,19.0,14.0,303.0,26.0,18.0,292.0,18.0,8.0,259.0,109.0,82.0,1612.0
서울특별시교육청,서울특별시강남서초교육지원청,서울특별시 강남구,S010000775,서울역삼초등학교,2,공립,N,,1.0,4.0,68.0,4.0,6.0,61.0,6.0,3.0,56.0,5.0,3.0,58.0,12.0,4.0,54.0,7.0,2.0,65.0,35.0,22.0,362.0
서울특별시교육청,서울특별시강남서초교육지원청,서울특별시 강남구,S010000776,서울영희초등학교,2,공립,N,,0.0,3.0,45.0,3.0,4.0,55.0,5.0,4.0,47.0,6.0,1.0,65.0,6.0,2.0,51.0,4.0,2.0,73.0,24.0,16.0,336.0
서울특별시교육청,서울특별시강남서초교육지원청,서울특별시 강남구,S010000777,서울왕북초등학교,2,공립,N,,6.0,5.0,125.0,9.0,10.0,149.0,11.0,10.0,159.0,3.0,8.0,133.0,15.0,10.0,163.0,9.0,5.0,128.0,53.0,48.0,857.0
서울특별시교육청,서울특별시강남서초교육지원청,서울특별시 서초구,S010000778,서울우암초등학교,2,공립,N,,0.0,2.0,41.0,3.0,3.0,44.0,5.0,5.0,52.0,1.0,4.0,47.0,2.0,11.0,68.0,1.0,1.0,48.0,12.0,26.0,300.0
서울특별시교육청,서울특별시강남서초교육지원청,서울특별시 서초구,S010000779,서울원명초등학교,2,공립,N,,10.0,6.0,204.0,15.0,14.0,212.0,14.0,16.0,216.0,13.0,8.0,197.0,14.0,18.0,266.0,7.0,5.0,204.0,73.0,67.0,1299.0
서울특별시교육청,서울특별시강남서초교육지원청,서울특별시 서초구,S010000780,서울원촌초등학교,2,공립,N,,11.0,6.0,175.0,13.0,9.0,170.0,7.0,13.0,211.0,21.0,18.0,189.0,4.0,9.0,173.0,6.0,15.0,211.0,62.0,70.0,1129.0
서울특별시교육청,서울특별시강남서초교육지원청,서울특별시 서초구,S010000781,서울이수초등학교,2,공립,N,,2.0,6.0,87.0,8.0,5.0,94.0,5.0,6.0,81.0,9.0,7.0,112.0,5.0,7.0,102.0,6.0,4.0,108.0,35.0,35.0,584.0
서울특별시교육청,서울특별시강남서초교육지원청,서울특별시 강남구,S010000782,서울일원초등학교,2,공립,N,,72.0,1.0,77.0,99.0,6.0,103.0,109.0,3.0,97.0,103.0,6.0,89.0,104.0,2.0,94.0,78.0,4.0,100.0,565.0,22.0,560.0
서울특별시교육청,서울특별시강남서초교육지원청,서울특별시 서초구,S010000783,서울잠원초등학교,2,공립,N,,47.0,8.0,201.0,61.0,12.0,211.0,64.0,10.0,247.0,53.0,13.0,237.0,19.0,11.0,264.0,8.0,9.0,245.0,252.0,63.0,1405.0
서울특별시교육청,서울특별시강남서초교육지원청,서울특별시 강남구,S010000784,서울청담초등학교,2,공립,N,,6.0,3.0,87.0,7.0,6.0,88.0,5.0,8.0,73.0,7.0,10.0,69.0,8.0,5.0,93.0,5.0,3.0,90.0,38.0,35.0,500.0
서울특별시교육청,서울특별시강남서초교육지원청,서울특별시 강남구,S010000785,서울포이초등학교,2,공립,N,,0.0,3.0,89.0,8.0,6.0,84.0,14.0,8.0,80.0,16.0,6.0,80.0,12.0,5.0,82.0,5.0,0.0,84.0,55.0,28.0,499.0
서울특별시교육청,서울특별시강남서초교육지원청,서울특별시 강남구,S010000786,서울학동초등학교,2,공립,N,,3.0,8.0,90.0,7.0,3.0,77.0,5.0,4.0,84.0,6.0,7.0,75.0,4.0,8.0,85.0,6.0,3.0,77.0,31.0,33.0,488.0
서울특별시교육청,서울특별시강동송파교육지원청,서울특별시 송파구,S010000897,서울가동초등학교,2,공립,N,,6.0,7.0,135.0,7.0,10.0,134.0,13.0,13.0,154.0,9.0,11.0,157.0,9.0,13.0,166.0,9.0,13.0,149.0,53.0,67.0,895.0
서울특별시교육청,서울특별시강동송파교육지원청,서울특별시 송파구,S010000898,서울가락초등학교,2,공립,N,,6.0,6.0,202.0,18.0,20.0,202.0,11.0,25.0,222.0,20.0,15.0,167.0,16.0,14.0,148.0,13.0,11.0,130.0,84.0,91.0,1071.0
서울특별시교육청,서울특별시강동송파교육지원청,서울특별시 송파구,S010000899,서울가원초등학교,2,공립,N,,2.0,2.0,116.0,4.0,6.0,124.0,2.0,6.0,98.0,7.0,6.0,115.0,7.0,10.0,104.0,4.0,2.0,96.0,26.0,32.0,653.0
서울특별시교육청,서울특별시강동송파교육지원청,서울특별시 송파구,S010000900,서울가주초등학교,2,공립,N,,2.0,6.0,138.0,8.0,8.0,117.0,8.0,16.0,161.0,5.0,6.0,131.0,7.0,9.0,153.0,2.0,6.0,145.0,32.0,51.0,845.0
서울특별시교육청,서울특별시강동송파교육지원청,서울특별시 강동구,S010000901,서울강덕초등학교,2,공립,N,,12.0,19.0,207.0,9.0,16.0,216.0,13.0,20.0,192.0,16.0,16.0,163.0,12.0,14.0,179.0,5.0,5.0,118.0,67.0,90.0,1075.0
서울특별시교육청,서울특별시강동송파교육지원청,서울특별시 강동구,S010000902,서울강동초등학교,2,공립,N,,2.0,6.0,73.0,4.0,7.0,83.0,5.0,17.0,100.0,3.0,14.0,105.0,3.0,10.0,95.0,3.0,8.0,95.0,20.0,62.0,551.0
서울특별시교육청,서울특별시강동송파교육지원청,서울특별시 강동구,S010000903,서울강일초등학교,2,공립,N,,5.0,8.0,95.0,6.0,14.0,115.0,15.0,18.0,141.0,8.0,21.0,128.0,11.0,22.0,155.0,2.0,12.0,142.0,47.0,95.0,776.0
서울특별시교육청,서울특별시강동송파교육지원청,서울특별시 송파구,S010000904,서울거여초등학교,2,공립,N,,2.0,5.0,95.0,7.0,10.0,111.0,3.0,9.0,118.0,9.0,7.0,120.0,6.0,7.0,101.0,2.0,4.0,99.0,29.0,42.0,644.0
서울특별시교육청,서울특별시강동송파교육지원청,서울특별시 송파구,S010000905,서울거원초등학교,2,공립,N,,49.0,5.0,148.0,57.0,6.0,125.0,64.0,13.0,133.0,64.0,8.0,152.0,58.0,5.0,124.0,40.0,6.0,117.0,332.0,43.0,799.0
서울특별시교육청,서울특별시강동송파교육지원청,서울특별시 강동구,S010000906,서울고덕초등학교,2,공립,N,,3.0,8.0,82.0,4.0,0.0,52.0,5.0,3.0,64.0,7.0,4.0,51.0,3.0,5.0,59.0,6.0,1.0,54.0,28.0,21.0,362.0
서울특별시교육청,서울특별시강동송파교육지원청,서울특별시 강동구,S010000907,서울고명초등학교,2,공립,N,,8.0,2.0,143.0,11.0,8.0,127.0,15.0,12.0,110.0,14.0,9.0,110.0,9.0,6.0,104.0,10.0,2.0,118.0,67.0,39.0,712.0
서울특별시교육청,서울특별시강동송파교육지원청,서울특별시 강동구,S010000908,서울고일초등학교,2,공립,N,,19.0,4.0,344.0,89.0,10.0,281.0,101.0,13.0,277.0,71.0,9.0,243.0,68.0,5.0,212.0,80.0,1.0,236.0,428.0,42.0,1593.0
서울특별시교육청,서울특별시강동송파교육지원청,서울특별시 강동구,S010000909,서울길동초등학교,2,공립,N,,6.0,2.0,144.0,5.0,9.0,113.0,16.0,10.0,154.0,8.0,13.0,135.0,14.0,11.0,132.0,7.0,3.0,131.0,56.0,48.0,809.0
서울특별시교육청,서울특별시강동송파교육지원청,서울특별시 송파구,S010000910,서울남천초등학교,2,공립,N,,1.0,3.0,59.0,3.0,7.0,60.0,3.0,13.0,71.0,1.0,9.0,71.0,3.0,8.0,76.0,2.0,4.0,69.0,13.0,44.0,406.0
서울특별시교육청,서울특별시강동송파교육지원청,서울특별시 강동구,S010000911,서울대명초등학교,2,공립,N,,2.0,5.0,119.0,9.0,11.0,122.0,17.0,11.0,136.0,10.0,5.0,129.0,12.0,5.0,157.0,15.0,2.0,127.0,65.0,39.0,790.0
서울특별시교육청,서울특별시강동송파교육지원청,서울특별시 송파구,S010000913,서울마천초등학교,2,공립,N,,3.0,8.0,108.0,3.0,15.0,128.0,3.0,13.0,152.0,6.0,9.0,182.0,4.0,11.0,162.0,1.0,8.0,151.0,20.0,64.0,883.0
서울특별시교육청,서울특별시강동송파교육지원청,서울특별시 강동구,S010000914,서울명덕초등학교,2,공립,N,,11.0,13.0,350.0,19.0,26.0,299.0,23.0,32.0,323.0,25.0,28.0,309.0,21.0,23.0,288.0,20.0,16.0,279.0,119.0,138.0,1848.0
서울특별시교육청,서울특별시강동송파교육지원청,서울특별시 강동구,S010000915,서울명원초등학교,2,공립,N,,10.0,3.0,108.0,11.0,8.0,115.0,14.0,2.0,153.0,17.0,7.0,131.0,20.0,5.0,158.0,10.0,2.0,141.0,82.0,27.0,806.0
서울특별시교육청,서울특별시강동송파교육지원청,서울특별시 강동구,S010000916,서울명일초등학교,2,공립,N,,4.0,6.0,180.0,9.0,19.0,161.0,13.0,18.0,188.0,9.0,20.0,176.0,9.0,20.0,170.0,9.0,11.0,157.0,53.0,94.0,1032.0
서울특별시교육청,서울특별시강동송파교육지원청,서울특별시 강동구,S010000917,서울묘곡초등학교,2,공립,N,,9.0,10.0,257.0,13.0,23.0,253.0,29.0,32.0,273.0,34.0,32.0,278.0,23.0,30.0,290.0,28.0,23.0,247.0,136.0,150.0,1598.0
서울특별시교육청,서울특별시강동송파교육지원청,서울특별시 송파구,S010000918,서울문덕초등학교,2,공립,N,,3.0,9.0,103.0,4.0,11.0,118.0,3.0,6.0,80.0,3.0,10.0,100.0,3.0,18.0,104.0,5.0,7.0,91.0,21.0,61.0,596.0
서울특별시교육청,서울특별시강동송파교육지원청,서울특별시 송파구,S010000919,서울문정초등학교,2,공립,N,,1.0,5.0,100.0,8.0,13.0,116.0,12.0,7.0,141.0,6.0,5.0,134.0,10.0,8.0,123.0,5.0,1.0,128.0,42.0,39.0,742.0
서울특별시교육청,서울특별시강동송파교육지원청,서울특별시 송파구,S010000920,서울방산초등학교,2,공립,N,,2.0,2.0,95.0,7.0,4.0,102.0,11.0,3.0,94.0,13.0,11.0,130.0,7.0,2.0,98.0,8.0,7.0,116.0,48.0,29.0,635.0
서울특별시교육청,서울특별시강동송파교육지원청,서울특별시 송파구,S010000921,서울방이초등학교,2,공립,N,,6.0,7.0,100.0,3.0,11.0,75.0,8.0,9.0,96.0,2.0,8.0,97.0,6.0,8.0,99.0,5.0,6.0,96.0,30.0,49.0,563.0
서울특별시교육청,서울특별시강동송파교육지원청,서울특별시 송파구,S010000922,서울삼전초등학교,2,공립,N,,3.0,5.0,136.0,6.0,13.0,115.0,7.0,16.0,147.0,6.0,6.0,134.0,5.0,17.0,158.0,2.0,12.0,117.0,29.0,69.0,807.0
서울특별시교육청,서울특별시강동송파교육지원청,서울특별시 강동구,S010000923,서울상일초등학교,2,공립,N,,1.0,3.0,27.0,1.0,3.0,19.0,2.0,5.0,31.0,5.0,3.0,32.0,9.0,1.0,45.0,2.0,2.0,42.0,20.0,17.0,196.0
서울특별시교육청,서울특별시강동송파교육지원청,서울특별시 송파구,S010000924,서울석촌초등학교,2,공립,N,,0.0,9.0,126.0,0.0,4.0,114.0,0.0,6.0,137.0,0.0,6.0,137.0,0.0,9.0,138.0,0.0,0.0,121.0,0.0,34.0,773.0
서울특별시교육청,서울특별시강동송파교육지원청,서울특별시 강동구,S010000925,서울선린초등학교,2,공립,N,,2.0,8.0,89.0,4.0,15.0,66.0,9.0,15.0,82.0,2.0,9.0,64.0,2.0,18.0,67.0,3.0,11.0,68.0,22.0,76.0,436.0
서울특별시교육청,서울특별시강동송파교육지원청,서울특별시 강동구,S010000926,서울선사초등학교,2,공립,N,,0.0,7.0,98.0,1.0,3.0,101.0,4.0,10.0,136.0,3.0,10.0,123.0,9.0,6.0,115.0,7.0,9.0,114.0,24.0,45.0,687.0
서울특별시교육청,서울특별시강동송파교육지원청,서울특별시 강동구,S010000927,서울성내초등학교,2,공립,N,,1.0,6.0,149.0,11.0,10.0,133.0,3.0,8.0,146.0,4.0,9.0,147.0,6.0,6.0,126.0,2.0,4.0,154.0,27.0,43.0,855.0
서울특별시교육청,서울특별시강동송파교육지원청,서울특별시 강동구,S010000928,서울성일초등학교,2,공립,N,,2.0,17.0,203.0,5.0,14.0,193.0,9.0,17.0,189.0,4.0,13.0,202.0,9.0,19.0,196.0,1.0,10.0,169.0,30.0,90.0,1152.0
서울특별시교육청,서울특별시강동송파교육지원청,서울특별시 송파구,S010000929,서울세륜초등학교,2,공립,N,,1.0,3.0,98.0,6.0,6.0,96.0,2.0,5.0,112.0,13.0,6.0,114.0,13.0,3.0,131.0,9.0,3.0,137.0,44.0,26.0,688.0
서울특별시교육청,서울특별시강동송파교육지원청,서울특별시 송파구,S010000930,서울송전초등학교,2,공립,N,,3.0,7.0,147.0,6.0,13.0,118.0,10.0,11.0,145.0,8.0,15.0,139.0,8.0,9.0,154.0,6.0,14.0,133.0,41.0,69.0,836.0
서울특별시교육청,서울특별시강동송파교육지원청,서울특별시 송파구,S010000931,서울송파초등학교,2,공립,N,,1.0,8.0,101.0,2.0,6.0,99.0,3.0,5.0,91.0,6.0,15.0,102.0,5.0,7.0,112.0,7.0,5.0,107.0,24.0,46.0,612.0
서울특별시교육청,서울특별시강동송파교육지원청,서울특별시 송파구,S010000932,서울신가초등학교,2,공립,N,,8.0,9.0,116.0,9.0,7.0,100.0,11.0,19.0,134.0,8.0,13.0,128.0,5.0,12.0,95.0,3.0,5.0,102.0,44.0,65.0,675.0
서울특별시교육청,서울특별시강동송파교육지원청,서울특별시 강동구,S010000933,서울신명초등학교,2,공립,N,,0.0,4.0,58.0,0.0,5.0,77.0,9.0,8.0,91.0,2.0,10.0,72.0,2.0,6.0,95.0,2.0,4.0,66.0,15.0,37.0,459.0
서울특별시교육청,서울특별시강동송파교육지원청,서울특별시 강동구,S010000934,서울신암초등학교,2,공립,N,,2.0,12.0,132.0,4.0,8.0,110.0,3.0,20.0,154.0,2.0,20.0,127.0,3.0,19.0,109.0,4.0,10.0,119.0,18.0,89.0,751.0
서울특별시교육청,서울특별시강동송파교육지원청,서울특별시 송파구,S010000935,서울신천초등학교,2,공립,N,,2.0,4.0,73.0,3.0,10.0,70.0,8.0,10.0,76.0,9.0,10.0,72.0,9.0,6.0,69.0,7.0,4.0,79.0,38.0,44.0,439.0
서울특별시교육청,서울특별시강동송파교육지원청,서울특별시 송파구,S010000936,서울아주초등학교,2,공립,N,,2.0,4.0,73.0,5.0,7.0,60.0,5.0,7.0,71.0,4.0,5.0,88.0,6.0,9.0,84.0,7.0,5.0,81.0,29.0,37.0,457.0
서울특별시교육청,서울특별시강동송파교육지원청,서울특별시 송파구,S010000937,서울영풍초등학교,2,공립,N,,6.0,3.0,61.0,7.0,5.0,68.0,5.0,6.0,95.0,12.0,2.0,99.0,9.0,9.0,92.0,2.0,4.0,78.0,41.0,29.0,493.0
서울특별시교육청,서울특별시강동송파교육지원청,서울특별시 송파구,S010000938,서울오금초등학교,2,공립,N,,5.0,7.0,110.0,8.0,10.0,115.0,4.0,9.0,90.0,16.0,10.0,110.0,3.0,8.0,112.0,4.0,7.0,88.0,40.0,51.0,625.0
서울특별시교육청,서울특별시강동송파교육지원청,서울특별시 송파구,S010000939,서울오륜초등학교,2,공립,N,,1.0,4.0,64.0,5.0,5.0,82.0,3.0,7.0,114.0,7.0,5.0,103.0,6.0,4.0,106.0,5.0,7.0,141.0,27.0,32.0,610.0
서울특별시교육청,서울특별시강동송파교육지원청,서울특별시 송파구,S010000941,서울잠동초등학교,2,공립,N,,8.0,4.0,118.0,6.0,10.0,147.0,9.0,10.0,135.0,13.0,5.0,139.0,13.0,10.0,144.0,7.0,3.0,148.0,56.0,42.0,831.0
서울특별시교육청,서울특별시강동송파교육지원청,서울특별시 송파구,S010000942,서울잠신초등학교,2,공립,N,,9.0,12.0,230.0,20.0,17.0,252.0,23.0,21.0,276.0,16.0,26.0,254.0,23.0,24.0,275.0,16.0,14.0,272.0,107.0,114.0,1559.0
서울특별시교육청,서울특별시강동송파교육지원청,서울특별시 송파구,S010000943,서울잠실초등학교,2,공립,N,,6.0,5.0,190.0,13.0,10.0,170.0,10.0,18.0,204.0,10.0,18.0,183.0,12.0,12.0,208.0,5.0,6.0,168.0,56.0,69.0,1123.0
서울특별시교육청,서울특별시강동송파교육지원청,서울특별시 송파구,S010000944,서울잠일초등학교,2,공립,N,,1.0,14.0,255.0,0.0,0.0,285.0,0.0,0.0,350.0,0.0,0.0,304.0,0.0,0.0,310.0,0.0,0.0,296.0,1.0,14.0,1800.0
서울특별시교육청,서울특별시강동송파교육지원청,서울특별시 송파구,S010000945,서울잠전초등학교,2,공립,N,,3.0,7.0,73.0,4.0,6.0,73.0,6.0,6.0,103.0,4.0,5.0,98.0,5.0,7.0,95.0,6.0,10.0,124.0,28.0,41.0,566.0
서울특별시교육청,서울특별시강동송파교육지원청,서울특별시 송파구,S010000946,서울중대초등학교,2,공립,N,,2.0,5.0,174.0,10.0,10.0,179.0,9.0,15.0,180.0,13.0,14.0,168.0,11.0,7.0,165.0,7.0,7.0,175.0,52.0,58.0,1041.0
서울특별시교육청,서울특별시강동송파교육지원청,서울특별시 강동구,S010000947,서울천동초등학교,2,공립,N,,5.0,3.0,139.0,4.0,12.0,132.0,4.0,19.0,151.0,6.0,15.0,123.0,3.0,13.0,135.0,3.0,20.0,125.0,25.0,82.0,805.0
서울특별시교육청,서울특별시강동송파교육지원청,서울특별시 강동구,S010000948,서울천일초등학교,2,공립,N,,2.0,2.0,48.0,1.0,1.0,41.0,2.0,5.0,57.0,5.0,5.0,53.0,2.0,5.0,54.0,1.0,0.0,40.0,13.0,18.0,293.0
서울특별시교육청,서울특별시강동송파교육지원청,서울특별시 강동구,S010000949,서울천호초등학교,2,공립,N,,2.0,6.0,113.0,5.0,13.0,112.0,2.0,8.0,117.0,6.0,8.0,130.0,3.0,8.0,122.0,7.0,8.0,116.0,25.0,51.0,710.0
서울특별시교육청,서울특별시강동송파교육지원청,서울특별시 송파구,S010000950,서울토성초등학교,2,공립,N,,2.0,5.0,105.0,5.0,17.0,130.0,3.0,10.0,137.0,2.0,11.0,129.0,6.0,17.0,140.0,2.0,14.0,147.0,20.0,74.0,788.0
서울특별시교육청,서울특별시강동송파교육지원청,서울특별시 송파구,S010000951,서울평화초등학교,2,공립,N,,1.0,2.0,32.0,0.0,3.0,28.0,2.0,6.0,34.0,1.0,4.0,29.0,5.0,4.0,30.0,0.0,1.0,39.0,9.0,20.0,192.0
서울특별시교육청,서울특별시강동송파교육지원청,서울특별시 송파구,S010000952,서울풍납초등학교,2,공립,N,,2.0,5.0,74.0,2.0,5.0,59.0,4.0,8.0,73.0,5.0,6.0,63.0,7.0,8.0,73.0,2.0,3.0,85.0,22.0,35.0,427.0
서울특별시교육청,서울특별시강동송파교육지원청,서울특별시 송파구,S010000953,서울풍성초등학교,2,공립,N,,1.0,3.0,66.0,1.0,4.0,70.0,2.0,6.0,47.0,1.0,5.0,53.0,6.0,1.0,46.0,3.0,4.0,38.0,14.0,23.0,320.0
서울특별시교육청,서울특별시강동송파교육지원청,서울특별시 강동구,S010000954,서울한산초등학교,2,공립,N,,6.0,5.0,106.0,6.0,6.0,137.0,6.0,6.0,129.0,4.0,9.0,131.0,2.0,7.0,128.0,1.0,5.0,132.0,25.0,38.0,763.0
서울특별시교육청,서울특별시강서양천교육지원청,서울특별시 강서구,S010001004,서울가곡초등학교,2,공립,N,,9.0,9.0,131.0,14.0,10.0,115.0,10.0,8.0,147.0,11.0,6.0,143.0,12.0,5.0,148.0,7.0,10.0,150.0,63.0,48.0,834.0
서울특별시교육청,서울특별시강서양천교육지원청,서울특별시 강서구,S010001005,서울가양초등학교,2,공립,N,,1.0,2.0,35.0,1.0,2.0,36.0,1.0,4.0,36.0,0.0,2.0,39.0,1.0,5.0,41.0,1.0,4.0,30.0,5.0,19.0,217.0
서울특별시교육청,서울특별시강서양천교육지원청,서울특별시 양천구,S010001006,서울갈산초등학교,2,공립,N,,11.0,5.0,128.0,12.0,5.0,159.0,19.0,7.0,167.0,20.0,6.0,216.0,21.0,6.0,188.0,14.0,4.0,176.0,97.0,33.0,1034.0
서울특별시교육청,서울특별시강서양천교육지원청,서울특별시 양천구,S010001007,서울강서초등학교,2,공립,N,,3.0,10.0,195.0,6.0,8.0,158.0,6.0,12.0,186.0,7.0,11.0,177.0,5.0,12.0,205.0,5.0,6.0,161.0,32.0,59.0,1082.0
서울특별시교육청,서울특별시강서양천교육지원청,서울특별시 양천구,S010001008,서울강신초등학교,2,공립,N,,5.0,5.0,122.0,7.0,10.0,133.0,5.0,15.0,139.0,9.0,9.0,162.0,3.0,8.0,119.0,5.0,7.0,145.0,34.0,54.0,820.0
서울특별시교육청,서울특별시강서양천교육지원청,서울특별시 양천구,S010001009,서울강월초등학교,2,공립,N,,5.0,8.0,103.0,6.0,11.0,94.0,9.0,20.0,127.0,5.0,13.0,95.0,3.0,10.0,114.0,7.0,13.0,100.0,35.0,75.0,633.0
서울특별시교육청,서울특별시강서양천교육지원청,서울특별시 강서구,S010001010,서울개화초등학교,2,공립,N,,0.0,0.0,10.0,1.0,3.0,19.0,1.0,6.0,13.0,3.0,3.0,19.0,0.0,2.0,24.0,0.0,1.0,16.0,5.0,15.0,101.0
서울특별시교육청,서울특별시강서양천교육지원청,서울특별시 양천구,S010001011,서울경인초등학교,2,공립,N,,8.0,3.0,136.0,12.0,9.0,169.0,22.0,7.0,197.0,15.0,12.0,203.0,24.0,17.0,220.0,23.0,9.0,254.0,104.0,57.0,1179.0
서울특별시교육청,서울특별시강서양천교육지원청,서울특별시 양천구,S010001012,서울계남초등학교,2,공립,N,,8.0,6.0,103.0,7.0,9.0,118.0,19.0,8.0,131.0,11.0,10.0,134.0,17.0,6.0,149.0,11.0,4.0,142.0,73.0,43.0,777.0
서울특별시교육청,서울특별시강서양천교육지원청,서울특별시 강서구,S010001013,서울공진초등학교,2,공립,N,,16.0,18.0,344.0,17.0,33.0,388.0,14.0,15.0,315.0,29.0,15.0,290.0,14.0,15.0,225.0,9.0,5.0,187.0,99.0,101.0,1749.0
서울특별시교육청,서울특별시강서양천교육지원청,서울특별시 강서구,S010001014,서울공항초등학교,2,공립,N,,18.0,12.0,282.0,27.0,31.0,274.0,40.0,17.0,310.0,21.0,16.0,256.0,30.0,12.0,215.0,16.0,6.0,201.0,152.0,94.0,1538.0
서울특별시교육청,서울특별시강서양천교육지원청,서울특별시 양천구,S010001015,서울남명초등학교,2,공립,N,,1.0,0.0,76.0,41.0,0.0,66.0,44.0,0.0,77.0,32.0,2.0,61.0,26.0,3.0,60.0,23.0,1.0,58.0,167.0,6.0,398.0
서울특별시교육청,서울특별시강서양천교육지원청,서울특별시 강서구,S010001016,서울내발산초등학교,2,공립,N,,7.0,4.0,204.0,17.0,16.0,192.0,11.0,14.0,261.0,9.0,11.0,288.0,8.0,12.0,233.0,16.0,7.0,259.0,68.0,64.0,1437.0
서울특별시교육청,서울특별시강서양천교육지원청,서울특별시 강서구,S010001017,서울등명초등학교,2,공립,N,,0.0,0.0,17.0,0.0,3.0,8.0,3.0,2.0,21.0,2.0,1.0,19.0,0.0,0.0,13.0,2.0,0.0,12.0,7.0,6.0,90.0
서울특별시교육청,서울특별시강서양천교육지원청,서울특별시 강서구,S010001018,서울등서초등학교,2,공립,N,,2.0,6.0,41.0,1.0,4.0,32.0,2.0,6.0,60.0,1.0,3.0,55.0,1.0,4.0,45.0,5.0,3.0,41.0,12.0,26.0,274.0
서울특별시교육청,서울특별시강서양천교육지원청,서울특별시 강서구,S010001019,서울등양초등학교,2,공립,N,,1.0,1.0,28.0,3.0,6.0,30.0,1.0,4.0,25.0,1.0,2.0,22.0,2.0,6.0,24.0,1.0,5.0,28.0,9.0,24.0,157.0
서울특별시교육청,서울특별시강서양천교육지원청,서울특별시 강서구,S010001020,서울등원초등학교,2,공립,N,,0.0,4.0,34.0,2.0,1.0,28.0,0.0,2.0,25.0,0.0,2.0,29.0,2.0,2.0,24.0,1.0,1.0,31.0,5.0,12.0,171.0
서울특별시교육청,서울특별시강서양천교육지원청,서울특별시 강서구,S010001021,서울등촌초등학교,2,공립,N,,2.0,10.0,95.0,3.0,7.0,65.0,3.0,7.0,91.0,3.0,5.0,77.0,3.0,6.0,93.0,2.0,3.0,73.0,16.0,38.0,494.0
서울특별시교육청,서울특별시강서양천교육지원청,서울특별시 강서구,S010001022,서울등현초등학교,2,공립,N,,2.0,7.0,102.0,5.0,12.0,98.0,5.0,7.0,93.0,3.0,12.0,104.0,4.0,11.0,107.0,1.0,3.0,83.0,20.0,52.0,587.0
서울특별시교육청,서울특별시강서양천교육지원청,서울특별시 양천구,S010001023,서울목동초등학교,2,공립,N,,18.0,6.0,190.0,16.0,16.0,217.0,28.0,9.0,241.0,22.0,14.0,247.0,23.0,11.0,257.0,30.0,9.0,254.0,137.0,65.0,1406.0
서울특별시교육청,서울특별시강서양천교육지원청,서울특별시 양천구,S010001024,서울목원초등학교,2,공립,N,,1.0,2.0,46.0,0.0,1.0,74.0,8.0,3.0,69.0,7.0,6.0,97.0,8.0,4.0,111.0,7.0,2.0,109.0,31.0,18.0,506.0
서울특별시교육청,서울특별시강서양천교육지원청,서울특별시 강서구,S010001025,서울발산초등학교,2,공립,N,,5.0,3.0,152.0,15.0,15.0,180.0,12.0,7.0,204.0,12.0,9.0,204.0,13.0,9.0,204.0,8.0,9.0,213.0,65.0,52.0,1157.0
서울특별시교육청,서울특별시강서양천교육지원청,서울특별시 강서구,S010001026,서울방화초등학교,2,공립,N,,3.0,6.0,99.0,4.0,10.0,72.0,11.0,6.0,111.0,6.0,5.0,90.0,6.0,3.0,87.0,8.0,7.0,114.0,38.0,37.0,573.0
서울특별시교육청,서울특별시강서양천교육지원청,서울특별시 강서구,S010001027,서울백석초등학교,2,공립,N,,1.0,7.0,99.0,0.0,6.0,78.0,5.0,10.0,87.0,1.0,7.0,78.0,4.0,7.0,72.0,3.0,3.0,91.0,14.0,40.0,505.0
서울특별시교육청,서울특별시강서양천교육지원청,서울특별시 강서구,S010001028,서울삼정초등학교,2,공립,N,,0.0,6.0,42.0,3.0,4.0,41.0,0.0,3.0,38.0,2.0,0.0,34.0,0.0,2.0,39.0,0.0,3.0,33.0,5.0,18.0,227.0
서울특별시교육청,서울특별시강서양천교육지원청,서울특별시 양천구,S010001029,서울서정초등학교,2,공립,N,,10.0,9.0,127.0,12.0,7.0,121.0,13.0,5.0,141.0,14.0,6.0,150.0,19.0,6.0,138.0,16.0,1.0,133.0,84.0,34.0,810.0
서울특별시교육청,서울특별시강서양천교육지원청,서울특별시 강서구,S010001030,서울송정초등학교,2,공립,N,,11.0,7.0,117.0,28.0,10.0,100.0,19.0,9.0,119.0,13.0,12.0,105.0,14.0,8.0,120.0,13.0,6.0,89.0,98.0,52.0,650.0
서울특별시교육청,서울특별시강서양천교육지원청,서울특별시 강서구,S010001031,서울송화초등학교,2,공립,N,,12.0,12.0,201.0,17.0,27.0,224.0,11.0,25.0,233.0,6.0,20.0,231.0,11.0,15.0,171.0,5.0,9.0,190.0,62.0,108.0,1250.0
서울특별시교육청,서울특별시강서양천교육지원청,서울특별시 양천구,S010001032,서울신강초등학교,2,공립,N,,0.0,4.0,79.0,2.0,2.0,63.0,1.0,4.0,67.0,4.0,3.0,95.0,6.0,4.0,84.0,0.0,3.0,74.0,13.0,20.0,462.0
서울특별시교육청,서울특별시강서양천교육지원청,서울특별시 강서구,S010001033,서울신곡초등학교,2,공립,N,,4.0,8.0,106.0,7.0,8.0,96.0,8.0,8.0,138.0,4.0,8.0,130.0,5.0,4.0,111.0,4.0,0.0,97.0,32.0,36.0,678.0
서울특별시교육청,서울특별시강서양천교육지원청,서울특별시 양천구,S010001034,서울신남초등학교,2,공립,N,,2.0,2.0,159.0,5.0,7.0,143.0,18.0,5.0,128.0,13.0,7.0,128.0,8.0,3.0,102.0,6.0,3.0,83.0,52.0,27.0,743.0
서울특별시교육청,서울특별시강서양천교육지원청,서울특별시 양천구,S010001035,서울신목초등학교,2,공립,N,,10.0,2.0,124.0,19.0,9.0,163.0,21.0,10.0,172.0,25.0,4.0,194.0,22.0,7.0,210.0,17.0,3.0,179.0,114.0,35.0,1042.0
서울특별시교육청,서울특별시강서양천교육지원청,서울특별시 양천구,S010001036,서울신서초등학교,2,공립,N,,4.0,3.0,193.0,23.0,5.0,204.0,11.0,7.0,194.0,15.0,8.0,190.0,15.0,3.0,220.0,12.0,2.0,197.0,80.0,28.0,1198.0
서울특별시교육청,서울특별시강서양천교육지원청,서울특별시 양천구,S010001037,서울신원초등학교,2,공립,N,,2.0,6.0,81.0,6.0,8.0,80.0,4.0,7.0,77.0,4.0,9.0,73.0,3.0,4.0,63.0,5.0,2.0,65.0,24.0,36.0,439.0
서울특별시교육청,서울특별시강서양천교육지원청,서울특별시 강서구,S010001038,서울신월초등학교,2,공립,N,,7.0,7.0,106.0,4.0,10.0,110.0,8.0,6.0,105.0,7.0,7.0,113.0,6.0,9.0,100.0,4.0,6.0,80.0,36.0,45.0,614.0
서울특별시교육청,서울특별시강서양천교육지원청,서울특별시 강서구,S010001039,서울신정초등학교,2,공립,N,,7.0,16.0,206.0,6.0,25.0,265.0,7.0,32.0,296.0,8.0,21.0,251.0,6.0,26.0,242.0,3.0,21.0,240.0,37.0,141.0,1500.0
서울특별시교육청,서울특별시강서양천교육지원청,서울특별시 양천구,S010001040,서울양강초등학교,2,공립,N,,6.0,3.0,76.0,4.0,5.0,88.0,3.0,6.0,85.0,4.0,3.0,73.0,6.0,6.0,106.0,1.0,4.0,104.0,24.0,27.0,532.0
서울특별시교육청,서울특별시강서양천교육지원청,서울특별시 양천구,S010001041,서울양동초등학교,2,공립,N,,2.0,4.0,54.0,4.0,5.0,55.0,1.0,6.0,60.0,4.0,7.0,76.0,2.0,3.0,61.0,6.0,1.0,57.0,19.0,26.0,363.0
서울특별시교육청,서울특별시강서양천교육지원청,서울특별시 양천구,S010001042,서울양명초등학교,2,공립,N,,9.0,0.0,84.0,14.0,7.0,95.0,22.0,9.0,119.0,14.0,3.0,79.0,18.0,10.0,117.0,15.0,3.0,85.0,92.0,32.0,579.0
서울특별시교육청,서울특별시강서양천교육지원청,서울특별시 양천구,S010001043,서울양목초등학교,2,공립,N,,1.0,8.0,114.0,3.0,9.0,122.0,6.0,12.0,124.0,3.0,17.0,129.0,6.0,11.0,136.0,5.0,10.0,125.0,24.0,67.0,750.0
서울특별시교육청,서울특별시강서양천교육지원청,서울특별시 양천구,S010001044,서울양원초등학교,2,공립,N,,0.0,0.0,43.0,0.0,0.0,43.0,0.0,0.0,39.0,0.0,0.0,57.0,0.0,0.0,41.0,0.0,0.0,51.0,0.0,0.0,274.0
서울특별시교육청,서울특별시강서양천교육지원청,서울특별시 강서구,S010001045,서울양천초등학교,2,공립,N,,3.0,5.0,52.0,1.0,11.0,47.0,3.0,4.0,79.0,3.0,3.0,77.0,1.0,4.0,64.0,0.0,2.0,63.0,11.0,29.0,382.0
서울특별시교육청,서울특별시강서양천교육지원청,서울특별시 양천구,S010001046,서울양화초등학교,2,공립,N,,4.0,9.0,109.0,3.0,7.0,114.0,6.0,9.0,102.0,5.0,7.0,106.0,8.0,7.0,95.0,2.0,3.0,109.0,28.0,42.0,635.0
서울특별시교육청,서울특별시강서양천교육지원청,서울특별시 강서구,S010001048,서울염동초등학교,2,공립,N,,10.0,4.0,168.0,8.0,10.0,150.0,9.0,8.0,180.0,11.0,11.0,152.0,3.0,11.0,190.0,2.0,6.0,148.0,43.0,50.0,988.0
서울특별시교육청,서울특별시강서양천교육지원청,서울특별시 강서구,S010001049,서울염창초등학교,2,공립,N,,4.0,0.0,136.0,5.0,7.0,139.0,4.0,3.0,175.0,11.0,9.0,143.0,4.0,6.0,146.0,5.0,3.0,114.0,33.0,28.0,853.0
서울특별시교육청,서울특별시강서양천교육지원청,서울특별시 양천구,S010001050,서울영도초등학교,2,공립,N,,13.0,9.0,160.0,12.0,5.0,189.0,22.0,12.0,220.0,18.0,4.0,196.0,23.0,9.0,229.0,15.0,4.0,226.0,103.0,43.0,1220.0
서울특별시교육청,서울특별시강서양천교육지원청,서울특별시 강서구,S010001051,서울우장초등학교,2,공립,N,,3.0,7.0,139.0,8.0,14.0,158.0,2.0,14.0,146.0,10.0,16.0,152.0,3.0,11.0,131.0,1.0,4.0,155.0,27.0,66.0,881.0
서울특별시교육청,서울특별시강서양천교육지원청,서울특별시 강서구,S010001052,서울월정초등학교,2,공립,N,,0.0,13.0,151.0,2.0,11.0,140.0,3.0,18.0,192.0,0.0,9.0,148.0,2.0,10.0,164.0,2.0,5.0,169.0,9.0,66.0,964.0
서울특별시교육청,서울특별시강서양천교육지원청,서울특별시 양천구,S010001053,서울월촌초등학교,2,공립,N,,0.0,0.0,151.0,0.0,0.0,142.0,0.0,0.0,182.0,0.0,0.0,179.0,0.0,0.0,221.0,8.0,0.0,241.0,8.0,0.0,1116.0
서울특별시교육청,서울특별시강서양천교육지원청,서울특별시 양천구,S010001054,서울은정초등학교,2,공립,N,,5.0,3.0,52.0,6.0,4.0,51.0,6.0,6.0,45.0,7.0,8.0,52.0,5.0,8.0,75.0,3.0,5.0,62.0,32.0,34.0,337.0
서울특별시교육청,서울특별시강서양천교육지원청,서울특별시 강서구,S010001055,서울정곡초등학교,2,공립,N,,1.0,5.0,24.0,1.0,7.0,30.0,1.0,0.0,37.0,2.0,7.0,32.0,0.0,1.0,35.0,1.0,2.0,35.0,6.0,22.0,193.0
서울특별시교육청,서울특별시강서양천교육지원청,서울특별시 양천구,S010001056,서울정목초등학교,2,공립,N,,4.0,5.0,138.0,8.0,6.0,147.0,19.0,8.0,170.0,13.0,9.0,173.0,13.0,8.0,209.0,14.0,9.0,214.0,71.0,45.0,1051.0
서울특별시교육청,서울특별시강서양천교육지원청,서울특별시 양천구,S010001057,서울지향초등학교,2,공립,N,,0.0,5.0,110.0,2.0,7.0,106.0,13.0,8.0,130.0,7.0,5.0,121.0,6.0,5.0,98.0,5.0,4.0,91.0,33.0,34.0,656.0
서울특별시교육청,서울특별시강서양천교육지원청,서울특별시 강서구,S010001058,서울치현초등학교,2,공립,N,,0.0,2.0,80.0,1.0,4.0,94.0,2.0,7.0,102.0,4.0,4.0,117.0,0.0,5.0,113.0,5.0,3.0,92.0,12.0,25.0,598.0
서울특별시교육청,서울특별시강서양천교육지원청,서울특별시 강서구,S010001059,서울탑산초등학교,2,공립,N,,1.0,9.0,90.0,4.0,7.0,73.0,1.0,9.0,67.0,1.0,8.0,89.0,0.0,10.0,61.0,0.0,5.0,83.0,7.0,48.0,463.0
서울특별시교육청,서울특별시강서양천교육지원청,서울특별시 강서구,S010001060,서울화곡초등학교,2,공립,N,,4.0,16.0,154.0,2.0,18.0,126.0,7.0,14.0,149.0,9.0,19.0,160.0,9.0,9.0,155.0,2.0,8.0,159.0,33.0,84.0,903.0
서울특별시교육청,서울특별시강서양천교육지원청,서울특별시 강서구,S010001061,유석초등학교,2,사립,N,,4.0,4.0,60.0,4.0,1.0,60.0,4.0,7.0,60.0,3.0,5.0,54.0,1.0,3.0,54.0,1.0,0.0,46.0,17.0,20.0,334.0
서울특별시교육청,서울특별시남부교육지원청,서울특별시 금천구,S010001197,동광초등학교,2,사립,N,,3.0,3.0,91.0,6.0,6.0,90.0,7.0,8.0,84.0,5.0,7.0,51.0,1.0,6.0,48.0,0.0,7.0,46.0,22.0,37.0,410.0
서울특별시교육청,서울특별시남부교육지원청,서울특별시 금천구,S010001198,서울가산초등학교,2,공립,N,,0.0,6.0,52.0,3.0,8.0,56.0,1.0,5.0,38.0,2.0,5.0,41.0,0.0,4.0,38.0,1.0,3.0,51.0,7.0,31.0,276.0
서울특별시교육청,서울특별시남부교육지원청,서울특별시 구로구,S010001199,서울개명초등학교,2,공립,N,,1.0,6.0,58.0,2.0,6.0,62.0,1.0,7.0,58.0,1.0,8.0,53.0,0.0,8.0,52.0,2.0,2.0,47.0,7.0,37.0,330.0
서울특별시교육청,서울특별시남부교육지원청,서울특별시 구로구,S010001200,서울개봉초등학교,2,공립,N,,2.0,16.0,178.0,1.0,15.0,168.0,5.0,22.0,188.0,1.0,12.0,166.0,3.0,20.0,161.0,3.0,14.0,163.0,15.0,99.0,1024.0
서울특별시교육청,서울특별시남부교육지원청,서울특별시 구로구,S010001201,서울개웅초등학교,2,공립,N,,2.0,8.0,90.0,4.0,4.0,81.0,6.0,6.0,101.0,1.0,8.0,93.0,5.0,2.0,77.0,3.0,3.0,88.0,21.0,31.0,530.0
서울특별시교육청,서울특별시남부교육지원청,서울특별시 구로구,S010001202,서울고산초등학교,2,공립,N,,0.0,2.0,63.0,4.0,7.0,70.0,3.0,8.0,82.0,2.0,6.0,61.0,1.0,5.0,72.0,0.0,1.0,68.0,10.0,29.0,416.0
서울특별시교육청,서울특별시남부교육지원청,서울특별시 구로구,S010001203,서울고척초등학교,2,공립,N,,1.0,4.0,45.0,4.0,7.0,65.0,4.0,4.0,64.0,5.0,6.0,57.0,2.0,7.0,68.0,1.0,2.0,62.0,17.0,30.0,361.0
서울특별시교육청,서울특별시남부교육지원청,서울특별시 구로구,S010001204,서울구로남초등학교,2,공립,N,,2.0,5.0,73.0,6.0,11.0,78.0,3.0,7.0,108.0,3.0,11.0,86.0,1.0,10.0,86.0,0.0,4.0,79.0,15.0,48.0,510.0
서울특별시교육청,서울특별시남부교육지원청,서울특별시 구로구,S010001205,서울구로초등학교,2,공립,N,,2.0,3.0,68.0,3.0,5.0,76.0,3.0,6.0,87.0,1.0,8.0,78.0,1.0,4.0,97.0,0.0,5.0,77.0,10.0,31.0,483.0
서울특별시교육청,서울특별시남부교육지원청,서울특별시 구로구,S010001206,서울구일초등학교,2,공립,N,,1.0,10.0,180.0,6.0,16.0,204.0,9.0,16.0,198.0,4.0,12.0,194.0,4.0,12.0,186.0,4.0,10.0,195.0,28.0,76.0,1157.0
서울특별시교육청,서울특별시남부교육지원청,서울특별시 금천구,S010001207,서울금산초등학교,2,공립,N,,2.0,4.0,45.0,1.0,5.0,43.0,1.0,4.0,65.0,2.0,4.0,51.0,1.0,5.0,51.0,0.0,3.0,47.0,7.0,25.0,302.0
서울특별시교육청,서울특별시남부교육지원청,서울특별시 금천구,S010001208,서울금천초등학교,2,공립,N,,1.0,2.0,25.0,3.0,3.0,17.0,5.0,4.0,20.0,2.0,3.0,26.0,4.0,1.0,31.0,2.0,0.0,26.0,17.0,13.0,145.0
서울특별시교육청,서울특별시남부교육지원청,서울특별시 영등포구,S010001209,서울당산초등학교,2,공립,N,,3.0,5.0,55.0,2.0,6.0,53.0,2.0,8.0,61.0,2.0,7.0,58.0,0.0,3.0,58.0,4.0,2.0,48.0,13.0,31.0,333.0
서울특별시교육청,서울특별시남부교육지원청,서울특별시 영등포구,S010001210,서울당서초등학교,2,공립,N,,4.0,8.0,217.0,11.0,11.0,219.0,5.0,21.0,231.0,8.0,17.0,220.0,6.0,12.0,160.0,7.0,9.0,206.0,41.0,78.0,1253.0
서울특별시교육청,서울특별시남부교육지원청,서울특별시 영등포구,S010001211,서울당중초등학교,2,공립,N,,2.0,2.0,105.0,8.0,5.0,85.0,7.0,10.0,92.0,5.0,10.0,97.0,2.0,3.0,93.0,5.0,4.0,77.0,29.0,34.0,549.0
서울특별시교육청,서울특별시남부교육지원청,서울특별시 영등포구,S010001212,서울대길초등학교,2,공립,N,,2.0,3.0,80.0,3.0,3.0,73.0,1.0,6.0,93.0,1.0,7.0,84.0,2.0,6.0,91.0,2.0,3.0,78.0,11.0,28.0,499.0
서울특별시교육청,서울특별시남부교육지원청,서울특별시 영등포구,S010001213,서울대동초등학교,2,공립,N,,0.0,4.0,53.0,1.0,4.0,48.0,7.0,5.0,61.0,4.0,5.0,73.0,2.0,9.0,73.0,0.0,3.0,77.0,14.0,30.0,385.0
서울특별시교육청,서울특별시남부교육지원청,서울특별시 영등포구,S010001214,서울대방초등학교,2,공립,N,,11.0,7.0,269.0,42.0,14.0,235.0,40.0,10.0,195.0,32.0,8.0,185.0,44.0,7.0,172.0,21.0,2.0,126.0,190.0,48.0,1182.0
서울특별시교육청,서울특별시남부교육지원청,서울특별시 영등포구,S010001215,서울대영초등학교,2,공립,N,,3.0,2.0,177.0,7.0,8.0,151.0,3.0,11.0,163.0,11.0,11.0,144.0,5.0,4.0,117.0,3.0,9.0,119.0,32.0,45.0,871.0
서울특별시교육청,서울특별시남부교육지원청,서울특별시 구로구,S010001216,서울덕의초등학교,2,공립,N,,6.0,7.0,158.0,9.0,7.0,150.0,5.0,12.0,191.0,6.0,8.0,186.0,5.0,9.0,178.0,3.0,8.0,188.0,34.0,51.0,1051.0
서울특별시교육청,서울특별시남부교육지원청,서울특별시 영등포구,S010001217,서울도림초등학교,2,공립,N,,5.0,4.0,64.0,0.0,4.0,64.0,3.0,8.0,90.0,0.0,7.0,78.0,3.0,8.0,72.0,3.0,5.0,59.0,14.0,36.0,427.0
서울특별시교육청,서울특별시남부교육지원청,서울특별시 영등포구,S010001218,서울도신초등학교,2,공립,N,,0.0,8.0,45.0,2.0,6.0,43.0,2.0,3.0,41.0,5.0,8.0,42.0,0.0,8.0,56.0,4.0,2.0,68.0,13.0,35.0,295.0
서울특별시교육청,서울특별시남부교육지원청,서울특별시 금천구,S010001219,서울독산초등학교,2,공립,N,,5.0,2.0,88.0,6.0,7.0,104.0,5.0,8.0,87.0,9.0,11.0,110.0,2.0,8.0,106.0,1.0,5.0,110.0,28.0,41.0,605.0
서울특별시교육청,서울특별시남부교육지원청,서울특별시 구로구,S010001220,서울동구로초등학교,2,공립,N,,1.0,3.0,68.0,1.0,4.0,55.0,1.0,11.0,75.0,1.0,4.0,63.0,0.0,5.0,63.0,2.0,2.0,52.0,6.0,29.0,376.0
서울특별시교육청,서울특별시남부교육지원청,서울특별시 금천구,S010001221,서울두산초등학교,2,공립,N,,4.0,5.0,101.0,5.0,6.0,74.0,4.0,8.0,100.0,7.0,8.0,83.0,6.0,6.0,80.0,5.0,5.0,83.0,31.0,38.0,521.0
서울특별시교육청,서울특별시남부교육지원청,서울특별시 구로구,S010001222,서울매봉초등학교,2,공립,N,,0.0,3.0,39.0,0.0,3.0,41.0,2.0,3.0,48.0,3.0,0.0,51.0,1.0,4.0,46.0,0.0,2.0,44.0,6.0,15.0,269.0
서울특별시교육청,서울특별시남부교육지원청,서울특별시 금천구,S010001223,서울문교초등학교,2,공립,N,,2.0,4.0,59.0,1.0,3.0,40.0,3.0,3.0,37.0,0.0,4.0,49.0,1.0,6.0,49.0,0.0,1.0,38.0,7.0,21.0,272.0
서울특별시교육청,서울특별시남부교육지원청,서울특별시 영등포구,S010001224,서울문래초등학교,2,공립,N,,1.0,8.0,180.0,9.0,11.0,200.0,7.0,8.0,219.0,12.0,16.0,196.0,7.0,15.0,196.0,6.0,6.0,170.0,42.0,64.0,1161.0
서울특별시교육청,서울특별시남부교육지원청,서울특별시 금천구,S010001225,서울문백초등학교,2,공립,N,,4.0,6.0,100.0,1.0,8.0,104.0,7.0,10.0,117.0,4.0,8.0,118.0,7.0,12.0,115.0,1.0,5.0,95.0,24.0,49.0,649.0
서울특별시교육청,서울특별시남부교육지원청,서울특별시 금천구,S010001226,서울문성초등학교,2,공립,N,,1.0,6.0,44.0,2.0,5.0,65.0,1.0,9.0,83.0,1.0,7.0,69.0,3.0,5.0,70.0,2.0,3.0,59.0,10.0,35.0,390.0
서울특별시교육청,서울특별시남부교육지원청,서울특별시 구로구,S010001227,서울미래초등학교,2,공립,N,,3.0,6.0,110.0,2.0,5.0,92.0,3.0,14.0,106.0,4.0,10.0,84.0,4.0,8.0,86.0,3.0,10.0,81.0,19.0,53.0,559.0
서울특별시교육청,서울특별시남부교육지원청,서울특별시 금천구,S010001228,서울백산초등학교,2,공립,N,,0.0,3.0,39.0,0.0,2.0,38.0,0.0,0.0,55.0,2.0,4.0,51.0,1.0,2.0,58.0,0.0,1.0,47.0,3.0,12.0,288.0
서울특별시교육청,서울특별시남부교육지원청,서울특별시 구로구,S010001229,서울세곡초등학교,2,공립,N,,3.0,9.0,96.0,4.0,5.0,82.0,3.0,13.0,113.0,3.0,7.0,73.0,1.0,5.0,89.0,1.0,2.0,98.0,15.0,41.0,551.0
서울특별시교육청,서울특별시남부교육지원청,서울특별시 금천구,S010001230,서울시흥초등학교,2,공립,N,,1.0,1.0,77.0,3.0,8.0,78.0,2.0,7.0,95.0,2.0,1.0,89.0,3.0,8.0,112.0,1.0,4.0,83.0,12.0,29.0,534.0
서울특별시교육청,서울특별시남부교육지원청,서울특별시 구로구,S010001231,서울신구로초등학교,2,공립,N,,3.0,1.0,70.0,2.0,6.0,68.0,2.0,4.0,92.0,2.0,5.0,64.0,3.0,10.0,72.0,3.0,5.0,66.0,15.0,31.0,432.0
서울특별시교육청,서울특별시남부교육지원청,서울특별시 영등포구,S010001232,서울신대림초등학교,2,공립,N,,2.0,4.0,77.0,2.0,6.0,65.0,2.0,5.0,58.0,5.0,4.0,59.0,3.0,4.0,49.0,1.0,5.0,48.0,15.0,28.0,356.0
서울특별시교육청,서울특별시남부교육지원청,서울특별시 구로구,S010001233,서울신도림초등학교,2,공립,N,,7.0,6.0,219.0,13.0,12.0,223.0,12.0,12.0,205.0,13.0,13.0,250.0,8.0,4.0,173.0,9.0,8.0,196.0,62.0,55.0,1266.0
서울특별시교육청,서울특별시남부교육지원청,서울특별시 구로구,S010001234,서울신미림초등학교,2,공립,N,,1.0,7.0,139.0,1.0,13.0,141.0,8.0,13.0,162.0,4.0,11.0,136.0,7.0,11.0,172.0,2.0,12.0,123.0,23.0,67.0,873.0
서울특별시교육청,서울특별시남부교육지원청,서울특별시 영등포구,S010001235,서울신영초등학교,2,공립,N,,0.0,2.0,84.0,3.0,6.0,79.0,3.0,9.0,100.0,0.0,4.0,81.0,2.0,6.0,67.0,1.0,6.0,77.0,9.0,33.0,488.0
서울특별시교육청,서울특별시남부교육지원청,서울특별시 금천구,S010001236,서울신흥초등학교,2,공립,N,,1.0,6.0,109.0,3.0,4.0,87.0,3.0,8.0,101.0,1.0,9.0,100.0,1.0,9.0,93.0,2.0,5.0,105.0,11.0,41.0,595.0
서울특별시교육청,서울특별시남부교육지원청,서울특별시 금천구,S010001237,서울안천초등학교,2,공립,N,,0.0,2.0,30.0,0.0,5.0,44.0,1.0,6.0,48.0,1.0,4.0,43.0,3.0,6.0,58.0,1.0,4.0,51.0,6.0,27.0,274.0
서울특별시교육청,서울특별시남부교육지원청,서울특별시 영등포구,S010001238,서울여의도초등학교,2,공립,N,,4.0,8.0,185.0,10.0,17.0,160.0,9.0,12.0,192.0,9.0,15.0,169.0,10.0,13.0,206.0,12.0,6.0,175.0,54.0,71.0,1087.0
서울특별시교육청,서울특별시남부교육지원청,서울특별시 금천구,S010001239,서울영남초등학교,2,공립,N,,1.0,0.0,29.0,1.0,5.0,34.0,1.0,3.0,58.0,2.0,4.0,54.0,3.0,3.0,42.0,0.0,1.0,52.0,8.0,16.0,269.0
서울특별시교육청,서울특별시남부교육지원청,서울특별시 영등포구,S010001240,서울영동초등학교,2,공립,N,,4.0,7.0,90.0,3.0,7.0,72.0,2.0,13.0,65.0,3.0,5.0,73.0,1.0,4.0,63.0,0.0,4.0,62.0,13.0,40.0,425.0
서울특별시교육청,서울특별시남부교육지원청,서울특별시 영등포구,S010001241,서울영등포초등학교,2,공립,N,,2.0,3.0,54.0,0.0,5.0,40.0,1.0,3.0,39.0,0.0,4.0,50.0,5.0,3.0,49.0,0.0,2.0,44.0,8.0,20.0,276.0
서울특별시교육청,서울특별시남부교육지원청,서울특별시 영등포구,S010001242,서울영림초등학교,2,공립,N,,2.0,5.0,34.0,2.0,6.0,37.0,0.0,3.0,36.0,0.0,1.0,34.0,0.0,2.0,37.0,1.0,1.0,21.0,5.0,18.0,199.0
서울특별시교육청,서울특별시남부교육지원청,서울특별시 구로구,S010001243,서울영서초등학교,2,공립,N,,2.0,9.0,119.0,1.0,9.0,126.0,3.0,8.0,136.0,3.0,16.0,119.0,2.0,6.0,134.0,2.0,6.0,129.0,13.0,54.0,763.0
서울특별시교육청,서울특별시남부교육지원청,서울특별시 영등포구,S010001244,서울영신초등학교,2,공립,N,,17.0,10.0,127.0,12.0,20.0,125.0,16.0,22.0,174.0,16.0,19.0,159.0,11.0,12.0,134.0,6.0,7.0,149.0,78.0,90.0,868.0
서울특별시교육청,서울특별시남부교육지원청,서울특별시 영등포구,S010001245,서울영원초등학교,2,공립,N,,5.0,5.0,99.0,2.0,12.0,98.0,0.0,17.0,109.0,6.0,15.0,99.0,2.0,16.0,91.0,1.0,7.0,54.0,16.0,72.0,550.0
서울특별시교육청,서울특별시남부교육지원청,서울특별시 구로구,S010001246,서울영일초등학교,2,공립,N,,0.0,5.0,43.0,1.0,2.0,46.0,3.0,4.0,53.0,3.0,3.0,47.0,0.0,4.0,60.0,0.0,6.0,43.0,7.0,24.0,292.0
서울특별시교육청,서울특별시남부교육지원청,서울특별시 영등포구,S010001247,서울영중초등학교,2,공립,N,,3.0,2.0,76.0,6.0,8.0,59.0,9.0,6.0,80.0,5.0,7.0,74.0,3.0,5.0,56.0,1.0,2.0,69.0,27.0,30.0,414.0
서울특별시교육청,서울특별시남부교육지원청,서울특별시 구로구,S010001248,서울오류남초등학교,2,공립,N,,5.0,4.0,125.0,6.0,11.0,136.0,4.0,10.0,130.0,4.0,7.0,110.0,4.0,12.0,115.0,5.0,10.0,116.0,28.0,54.0,732.0
서울특별시교육청,서울특별시남부교육지원청,서울특별시 구로구,S010001249,서울오류초등학교,2,공립,N,,4.0,14.0,110.0,2.0,9.0,99.0,2.0,9.0,132.0,10.0,6.0,125.0,1.0,9.0,120.0,1.0,8.0,102.0,20.0,55.0,688.0
서울특별시교육청,서울특별시남부교육지원청,서울특별시 구로구,S010001250,서울오정초등학교,2,공립,N,,0.0,2.0,61.0,4.0,11.0,54.0,3.0,5.0,72.0,2.0,5.0,57.0,1.0,2.0,75.0,1.0,2.0,55.0,11.0,27.0,374.0
서울특별시교육청,서울특별시남부교육지원청,서울특별시 구로구,S010001251,서울온수초등학교,2,공립,N,,4.0,10.0,143.0,13.0,13.0,162.0,8.0,12.0,151.0,8.0,12.0,158.0,7.0,7.0,133.0,3.0,9.0,165.0,43.0,63.0,912.0
서울특별시교육청,서울특별시남부교육지원청,서울특별시 영등포구,S010001252,서울우신초등학교,2,공립,N,,0.0,2.0,36.0,2.0,1.0,45.0,2.0,4.0,38.0,1.0,3.0,30.0,2.0,4.0,51.0,1.0,3.0,53.0,8.0,17.0,253.0
서울특별시교육청,서울특별시남부교육지원청,서울특별시 영등포구,S010001253,서울윤중초등학교,2,공립,N,,3.0,7.0,82.0,4.0,13.0,87.0,6.0,7.0,115.0,5.0,13.0,67.0,9.0,4.0,89.0,2.0,3.0,60.0,29.0,47.0,500.0
서울특별시교육청,서울특별시남부교육지원청,서울특별시 금천구,S010001254,서울정심초등학교,2,공립,N,,1.0,5.0,53.0,2.0,2.0,46.0,1.0,1.0,56.0,5.0,2.0,65.0,0.0,7.0,65.0,1.0,4.0,47.0,10.0,21.0,332.0
서울특별시교육청,서울특별시남부교육지원청,서울특별시 금천구,S010001255,서울탑동초등학교,2,공립,N,,3.0,4.0,73.0,3.0,6.0,85.0,5.0,13.0,102.0,2.0,12.0,82.0,7.0,4.0,83.0,4.0,3.0,66.0,24.0,42.0,491.0
서울특별시교육청,서울특별시동부교육지원청,서울특별시 동대문구,S010001394,경희초등학교,2,사립,N,,1.0,2.0,122.0,10.0,13.0,123.0,2.0,12.0,119.0,2.0,7.0,82.0,1.0,11.0,76.0,0.0,5.0,76.0,16.0,50.0,598.0
서울특별시교육청,서울특별시동부교육지원청,서울특별시 중랑구,S010001395,금성초등학교,2,사립,N,,0.0,0.0,122.0,5.0,5.0,119.0,5.0,17.0,111.0,4.0,9.0,95.0,1.0,4.0,76.0,1.0,4.0,94.0,16.0,39.0,617.0
서울특별시교육청,서울특별시동부교육지원청,서울특별시 동대문구,S010001396,서울삼육초등학교,2,사립,N,,2.0,2.0,123.0,4.0,4.0,120.0,9.0,5.0,116.0,7.0,7.0,120.0,9.0,7.0,114.0,1.0,1.0,82.0,32.0,26.0,675.0
서울특별시교육청,서울특별시동부교육지원청,서울특별시 동대문구,S010001397,서울군자초등학교,2,공립,N,,4.0,3.0,56.0,1.0,3.0,37.0,5.0,0.0,45.0,1.0,4.0,52.0,2.0,4.0,54.0,3.0,2.0,47.0,16.0,16.0,291.0
서울특별시교육청,서울특별시동부교육지원청,서울특별시 동대문구,S010001398,서울답십리초등학교,2,공립,N,,5.0,5.0,169.0,8.0,12.0,136.0,5.0,14.0,172.0,4.0,14.0,137.0,4.0,13.0,154.0,3.0,5.0,125.0,29.0,63.0,893.0
서울특별시교육청,서울특별시동부교육지원청,서울특별시 동대문구,S010001399,서울동답초등학교,2,공립,N,,4.0,4.0,76.0,2.0,3.0,84.0,2.0,3.0,81.0,4.0,1.0,84.0,1.0,5.0,81.0,1.0,4.0,67.0,14.0,20.0,473.0
서울특별시교육청,서울특별시동부교육지원청,서울특별시 중랑구,S010001400,서울동원초등학교,2,공립,N,,15.0,8.0,69.0,12.0,9.0,68.0,10.0,1.0,87.0,13.0,0.0,58.0,13.0,4.0,65.0,6.0,3.0,61.0,69.0,25.0,408.0
서울특별시교육청,서울특별시동부교육지원청,서울특별시 중랑구,S010001401,서울망우초등학교,2,공립,N,,1.0,2.0,52.0,2.0,1.0,48.0,5.0,7.0,62.0,2.0,5.0,70.0,6.0,5.0,63.0,0.0,0.0,62.0,16.0,20.0,357.0
서울특별시교육청,서울특별시동부교육지원청,서울특별시 중랑구,S010001402,서울면남초등학교,2,공립,N,,2.0,4.0,52.0,2.0,5.0,55.0,3.0,5.0,61.0,2.0,3.0,56.0,0.0,6.0,51.0,0.0,2.0,51.0,9.0,25.0,326.0
서울특별시교육청,서울특별시동부교육지원청,서울특별시 중랑구,S010001403,서울면동초등학교,2,공립,N,,4.0,11.0,175.0,11.0,7.0,166.0,2.0,13.0,175.0,4.0,13.0,184.0,3.0,14.0,152.0,0.0,2.0,155.0,24.0,60.0,1007.0
서울특별시교육청,서울특별시동부교육지원청,서울특별시 중랑구,S010001404,서울면목초등학교,2,공립,N,,2.0,11.0,92.0,1.0,7.0,99.0,4.0,18.0,119.0,5.0,8.0,107.0,4.0,14.0,128.0,2.0,5.0,109.0,18.0,63.0,654.0
서울특별시교육청,서울특별시동부교육지원청,서울특별시 중랑구,S010001405,서울면북초등학교,2,공립,N,,0.0,2.0,20.0,0.0,5.0,21.0,2.0,6.0,20.0,0.0,2.0,26.0,2.0,1.0,29.0,0.0,1.0,26.0,4.0,17.0,142.0
서울특별시교육청,서울특별시동부교육지원청,서울특별시 중랑구,S010001406,서울면일초등학교,2,공립,N,,2.0,5.0,101.0,2.0,15.0,96.0,3.0,10.0,134.0,5.0,10.0,120.0,5.0,15.0,124.0,3.0,4.0,105.0,20.0,59.0,680.0
서울특별시교육청,서울특별시동부교육지원청,서울특별시 중랑구,S010001407,서울면중초등학교,2,공립,N,,1.0,2.0,44.0,3.0,4.0,45.0,4.0,4.0,49.0,0.0,2.0,42.0,3.0,2.0,45.0,2.0,0.0,47.0,13.0,14.0,272.0
서울특별시교육청,서울특별시동부교육지원청,서울특별시 중랑구,S010001408,서울묵동초등학교,2,공립,N,,0.0,9.0,68.0,5.0,6.0,66.0,3.0,5.0,94.0,6.0,8.0,84.0,2.0,3.0,69.0,2.0,2.0,65.0,18.0,33.0,446.0
서울특별시교육청,서울특별시동부교육지원청,서울특별시 동대문구,S010001409,서울배봉초등학교,2,공립,N,,1.0,5.0,72.0,3.0,3.0,79.0,3.0,0.0,64.0,5.0,1.0,98.0,3.0,5.0,74.0,2.0,1.0,62.0,17.0,15.0,449.0
서울특별시교육청,서울특별시동부교육지원청,서울특별시 중랑구,S010001410,서울봉화초등학교,2,공립,N,,5.0,2.0,92.0,3.0,7.0,93.0,1.0,8.0,94.0,0.0,6.0,83.0,5.0,7.0,98.0,2.0,5.0,75.0,16.0,35.0,535.0
서울특별시교육청,서울특별시동부교육지원청,서울특별시 중랑구,S010001411,서울상봉초등학교,2,공립,N,,2.0,5.0,115.0,4.0,8.0,99.0,5.0,10.0,103.0,0.0,6.0,96.0,1.0,9.0,101.0,2.0,9.0,94.0,14.0,47.0,608.0
서울특별시교육청,서울특별시동부교육지원청,서울특별시 중랑구,S010001412,서울신내초등학교,2,공립,N,,4.0,7.0,100.0,3.0,8.0,97.0,4.0,8.0,139.0,2.0,6.0,135.0,6.0,7.0,152.0,3.0,4.0,162.0,22.0,40.0,785.0
서울특별시교육청,서울특별시동부교육지원청,서울특별시 동대문구,S010001413,서울신답초등학교,2,공립,N,,0.0,6.0,85.0,2.0,6.0,82.0,1.0,14.0,85.0,3.0,2.0,69.0,7.0,2.0,77.0,2.0,3.0,70.0,15.0,33.0,468.0
서울특별시교육청,서울특별시동부교육지원청,서울특별시 중랑구,S010001414,서울신묵초등학교,2,공립,N,,1.0,4.0,68.0,3.0,7.0,53.0,2.0,9.0,76.0,4.0,2.0,70.0,0.0,4.0,62.0,2.0,1.0,65.0,12.0,27.0,394.0
서울특별시교육청,서울특별시동부교육지원청,서울특별시 중랑구,S010001415,서울신현초등학교,2,공립,N,,2.0,5.0,91.0,1.0,5.0,73.0,2.0,5.0,84.0,2.0,4.0,87.0,5.0,5.0,86.0,3.0,1.0,70.0,15.0,25.0,491.0
서울특별시교육청,서울특별시동부교육지원청,서울특별시 동대문구,S010001416,서울안평초등학교,2,공립,N,,4.0,12.0,181.0,5.0,15.0,175.0,11.0,10.0,177.0,7.0,16.0,191.0,7.0,13.0,174.0,4.0,3.0,159.0,38.0,69.0,1057.0
서울특별시교육청,서울특별시동부교육지원청,서울특별시 동대문구,S010001417,서울용두초등학교,2,공립,N,,5.0,3.0,56.0,9.0,6.0,68.0,8.0,8.0,69.0,3.0,6.0,65.0,6.0,3.0,62.0,0.0,1.0,53.0,31.0,27.0,373.0
서울특별시교육청,서울특별시동부교육지원청,서울특별시 중랑구,S010001418,서울원묵초등학교,2,공립,N,,4.0,5.0,158.0,11.0,24.0,209.0,13.0,13.0,196.0,7.0,12.0,165.0,11.0,16.0,208.0,7.0,9.0,190.0,53.0,79.0,1126.0
서울특별시교육청,서울특별시동부교육지원청,서울특별시 동대문구,S010001419,서울이문초등학교,2,공립,N,,2.0,1.0,108.0,4.0,8.0,132.0,2.0,7.0,142.0,3.0,13.0,152.0,6.0,6.0,151.0,1.0,3.0,123.0,18.0,38.0,808.0
서울특별시교육청,서울특별시동부교육지원청,서울특별시 동대문구,S010001420,서울장평초등학교,2,공립,N,,8.0,8.0,203.0,9.0,12.0,162.0,11.0,13.0,210.0,10.0,13.0,174.0,12.0,15.0,198.0,9.0,9.0,169.0,59.0,70.0,1116.0
서울특별시교육청,서울특별시동부교육지원청,서울특별시 동대문구,S010001421,서울전곡초등학교,2,공립,N,,2.0,6.0,42.0,1.0,3.0,51.0,2.0,4.0,67.0,1.0,4.0,68.0,4.0,3.0,69.0,0.0,0.0,68.0,10.0,20.0,365.0
서울특별시교육청,서울특별시동부교육지원청,서울특별시 동대문구,S010001422,서울전농초등학교,2,공립,N,,5.0,8.0,189.0,7.0,15.0,163.0,8.0,6.0,175.0,10.0,10.0,156.0,7.0,11.0,143.0,5.0,7.0,140.0,42.0,57.0,966.0
서울특별시교육청,서울특별시동부교육지원청,서울특별시 동대문구,S010001423,서울전동초등학교,2,공립,N,,2.0,6.0,129.0,4.0,10.0,107.0,3.0,14.0,128.0,3.0,8.0,126.0,5.0,11.0,127.0,2.0,4.0,148.0,19.0,53.0,765.0
서울특별시교육청,서울특별시동부교육지원청,서울특별시 동대문구,S010001424,서울종암초등학교,2,공립,N,,3.0,2.0,65.0,6.0,11.0,85.0,2.0,4.0,73.0,2.0,3.0,77.0,3.0,4.0,101.0,1.0,1.0,99.0,17.0,25.0,500.0
서울특별시교육청,서울특별시동부교육지원청,서울특별시 중랑구,S010001425,서울중곡초등학교,2,공립,N,,0.0,3.0,110.0,4.0,0.0,149.0,6.0,4.0,157.0,0.0,3.0,156.0,0.0,3.0,144.0,0.0,0.0,139.0,10.0,13.0,855.0
서울특별시교육청,서울특별시동부교육지원청,서울특별시 중랑구,S010001426,서울중랑초등학교,2,공립,N,,2.0,4.0,114.0,4.0,11.0,110.0,7.0,10.0,128.0,2.0,8.0,109.0,4.0,14.0,108.0,0.0,7.0,120.0,19.0,54.0,689.0
서울특별시교육청,서울특별시동부교육지원청,서울특별시 중랑구,S010001427,서울중목초등학교,2,공립,N,,0.0,2.0,76.0,2.0,10.0,66.0,1.0,1.0,65.0,1.0,6.0,52.0,2.0,4.0,61.0,2.0,4.0,60.0,8.0,27.0,380.0
서울특별시교육청,서울특별시동부교육지원청,서울특별시 중랑구,S010001428,서울중화초등학교,2,공립,N,,2.0,7.0,190.0,9.0,13.0,204.0,8.0,20.0,241.0,4.0,16.0,219.0,5.0,20.0,240.0,7.0,14.0,217.0,35.0,90.0,1311.0
서울특별시교육청,서울특별시동부교육지원청,서울특별시 중랑구,S010001429,서울중흥초등학교,2,공립,N,,5.0,5.0,30.0,3.0,6.0,46.0,2.0,6.0,30.0,0.0,2.0,30.0,1.0,3.0,39.0,0.0,0.0,36.0,11.0,22.0,211.0
서울특별시교육청,서울특별시동부교육지원청,서울특별시 동대문구,S010001430,서울청량초등학교,2,공립,N,,2.0,3.0,90.0,4.0,10.0,110.0,5.0,2.0,114.0,4.0,6.0,114.0,3.0,5.0,130.0,8.0,6.0,120.0,26.0,32.0,678.0
서울특별시교육청,서울특별시동부교육지원청,서울특별시 동대문구,S010001431,서울홍릉초등학교,2,공립,N,,2.0,3.0,62.0,1.0,7.0,51.0,2.0,7.0,75.0,4.0,5.0,62.0,1.0,5.0,57.0,4.0,2.0,83.0,14.0,29.0,390.0
서울특별시교육청,서울특별시동부교육지원청,서울특별시 동대문구,S010001432,서울홍파초등학교,2,공립,N,,0.0,3.0,37.0,3.0,3.0,40.0,2.0,6.0,44.0,1.0,3.0,36.0,2.0,6.0,34.0,2.0,2.0,50.0,10.0,23.0,241.0
서울특별시교육청,서울특별시동부교육지원청,서울특별시 동대문구,S010001433,서울휘경초등학교,2,공립,N,,0.0,4.0,52.0,1.0,3.0,38.0,1.0,1.0,44.0,0.0,2.0,57.0,1.0,3.0,50.0,2.0,3.0,65.0,5.0,16.0,306.0
서울특별시교육청,서울특별시동부교육지원청,서울특별시 동대문구,S010001434,은석초등학교,2,사립,N,,5.0,5.0,122.0,11.0,10.0,122.0,7.0,7.0,121.0,2.0,5.0,101.0,1.0,5.0,93.0,1.0,1.0,88.0,27.0,33.0,647.0
서울특별시교육청,서울특별시동작관악교육지원청,서울특별시 동작구,S010001576,서울강남초등학교,2,공립,N,,3.0,11.0,114.0,5.0,12.0,142.0,7.0,8.0,148.0,3.0,11.0,135.0,3.0,6.0,119.0,1.0,3.0,133.0,22.0,51.0,791.0
서울특별시교육청,서울특별시동작관악교육지원청,서울특별시 관악구,S010001577,서울관악초등학교,2,공립,N,,5.0,11.0,101.0,4.0,9.0,104.0,10.0,7.0,101.0,5.0,5.0,98.0,4.0,3.0,83.0,3.0,5.0,104.0,31.0,40.0,591.0
서울특별시교육청,서울특별시동작관악교육지원청,서울특별시 관악구,S010001578,서울구암초등학교,2,공립,N,,6.0,4.0,203.0,8.0,18.0,235.0,14.0,18.0,266.0,10.0,17.0,265.0,11.0,10.0,276.0,2.0,9.0,251.0,51.0,76.0,1496.0
서울특별시교육청,서울특별시동작관악교육지원청,서울특별시 관악구,S010001579,서울난곡초등학교,2,공립,N,,0.0,5.0,47.0,5.0,4.0,63.0,3.0,5.0,49.0,1.0,3.0,73.0,2.0,4.0,67.0,0.0,6.0,70.0,11.0,27.0,369.0
서울특별시교육청,서울특별시동작관악교육지원청,서울특별시 관악구,S010001580,서울난우초등학교,2,공립,N,,2.0,5.0,114.0,4.0,12.0,109.0,3.0,16.0,148.0,5.0,11.0,121.0,2.0,6.0,140.0,1.0,3.0,139.0,17.0,53.0,771.0
서울특별시교육청,서울특별시동작관악교육지원청,서울특별시 관악구,S010001581,서울난향초등학교,2,공립,N,,3.0,11.0,138.0,3.0,15.0,141.0,4.0,15.0,161.0,7.0,10.0,145.0,1.0,9.0,127.0,7.0,12.0,117.0,25.0,72.0,829.0
서울특별시교육청,서울특별시동작관악교육지원청,서울특별시 관악구,S010001582,서울남부초등학교,2,공립,N,,4.0,4.0,77.0,5.0,6.0,88.0,6.0,7.0,88.0,3.0,1.0,78.0,1.0,6.0,81.0,0.0,3.0,69.0,19.0,27.0,481.0
서울특별시교육청,서울특별시동작관악교육지원청,서울특별시 동작구,S010001583,서울남사초등학교,2,공립,N,,1.0,9.0,100.0,2.0,9.0,80.0,4.0,10.0,86.0,2.0,11.0,99.0,2.0,6.0,82.0,1.0,6.0,78.0,12.0,51.0,525.0
서울특별시교육청,서울특별시동작관악교육지원청,서울특별시 동작구,S010001584,서울남성초등학교,2,공립,N,,0.0,7.0,99.0,1.0,8.0,89.0,5.0,12.0,92.0,2.0,9.0,106.0,2.0,12.0,105.0,2.0,13.0,109.0,12.0,61.0,600.0
서울특별시교육청,서울특별시동작관악교육지원청,서울특별시 동작구,S010001585,서울노량진초등학교,2,공립,N,,2.0,7.0,47.0,0.0,9.0,35.0,1.0,4.0,44.0,2.0,7.0,41.0,0.0,2.0,54.0,4.0,5.0,50.0,9.0,34.0,271.0
서울특별시교육청,서울특별시동작관악교육지원청,서울특별시 관악구,S010001586,서울당곡초등학교,2,공립,N,,1.0,7.0,98.0,7.0,9.0,90.0,3.0,8.0,107.0,5.0,12.0,102.0,1.0,9.0,113.0,3.0,8.0,104.0,20.0,53.0,614.0
서울특별시교육청,서울특별시동작관악교육지원청,서울특별시 동작구,S010001587,서울대림초등학교,2,공립,N,,19.0,2.0,136.0,10.0,15.0,156.0,14.0,9.0,161.0,8.0,10.0,171.0,11.0,11.0,186.0,5.0,6.0,203.0,67.0,53.0,1013.0
서울특별시교육청,서울특별시동작관악교육지원청,서울특별시 동작구,S010001588,서울동작초등학교,2,공립,N,,9.0,4.0,86.0,6.0,4.0,81.0,9.0,7.0,78.0,5.0,1.0,65.0,11.0,7.0,65.0,3.0,4.0,65.0,43.0,27.0,440.0
서울특별시교육청,서울특별시동작관악교육지원청,서울특별시 동작구,S010001589,서울문창초등학교,2,공립,N,,2.0,5.0,58.0,0.0,4.0,70.0,4.0,7.0,55.0,2.0,4.0,90.0,4.0,7.0,73.0,0.0,4.0,90.0,12.0,31.0,436.0
서울특별시교육청,서울특별시동작관악교육지원청,서울특별시 관악구,S010001590,서울미성초등학교,2,공립,N,,3.0,2.0,131.0,2.0,9.0,110.0,10.0,12.0,141.0,3.0,12.0,124.0,4.0,12.0,122.0,5.0,11.0,117.0,27.0,58.0,745.0
서울특별시교육청,서울특별시동작관악교육지원청,서울특별시 동작구,S010001591,서울본동초등학교,2,공립,N,,2.0,1.0,24.0,1.0,2.0,23.0,1.0,0.0,16.0,0.0,1.0,13.0,2.0,0.0,15.0,0.0,1.0,18.0,6.0,5.0,109.0
서울특별시교육청,서울특별시동작관악교육지원청,서울특별시 관악구,S010001592,서울봉천초등학교,2,공립,N,,0.0,9.0,118.0,2.0,9.0,119.0,3.0,7.0,130.0,7.0,12.0,138.0,5.0,13.0,130.0,0.0,9.0,108.0,17.0,59.0,743.0
서울특별시교육청,서울특별시동작관악교육지원청,서울특별시 관악구,S010001593,서울사당초등학교,2,공립,N,,3.0,10.0,125.0,8.0,13.0,93.0,9.0,22.0,107.0,10.0,14.0,113.0,7.0,10.0,77.0,1.0,12.0,88.0,38.0,81.0,603.0
서울특별시교육청,서울특별시동작관악교육지원청,서울특별시 관악구,S010001594,서울삼성초등학교,2,공립,N,,2.0,5.0,56.0,6.0,8.0,76.0,4.0,6.0,60.0,5.0,3.0,79.0,0.0,3.0,54.0,1.0,8.0,64.0,18.0,33.0,389.0
서울특별시교육청,서울특별시동작관악교육지원청,서울특별시 동작구,S010001595,서울상도초등학교,2,공립,N,,2.0,8.0,132.0,0.0,8.0,145.0,1.0,17.0,158.0,2.0,6.0,156.0,4.0,12.0,180.0,2.0,5.0,149.0,11.0,56.0,920.0
서울특별시교육청,서울특별시동작관악교육지원청,서울특별시 동작구,S010001596,서울신길초등학교,2,공립,N,,9.0,3.0,143.0,13.0,8.0,155.0,11.0,16.0,168.0,23.0,14.0,215.0,18.0,15.0,242.0,17.0,10.0,212.0,91.0,66.0,1135.0
서울특별시교육청,서울특별시동작관악교육지원청,서울특별시 동작구,S010001597,서울신남성초등학교,2,공립,N,,2.0,3.0,103.0,4.0,8.0,80.0,5.0,11.0,83.0,2.0,10.0,95.0,2.0,8.0,85.0,1.0,5.0,82.0,16.0,45.0,528.0
서울특별시교육청,서울특별시동작관악교육지원청,서울특별시 관악구,S010001598,서울신림초등학교,2,공립,N,,4.0,7.0,85.0,1.0,10.0,116.0,7.0,11.0,103.0,3.0,7.0,103.0,4.0,6.0,104.0,1.0,6.0,90.0,20.0,47.0,601.0
서울특별시교육청,서울특별시동작관악교육지원청,서울특별시 관악구,S010001599,서울신봉초등학교,2,공립,N,,1.0,2.0,51.0,3.0,5.0,44.0,0.0,3.0,58.0,1.0,4.0,48.0,2.0,1.0,40.0,2.0,0.0,49.0,9.0,15.0,290.0
서울특별시교육청,서울특별시동작관악교육지원청,서울특별시 동작구,S010001600,서울신상도초등학교,2,공립,N,,11.0,19.0,264.0,20.0,30.0,245.0,36.0,21.0,265.0,17.0,26.0,242.0,19.0,14.0,230.0,9.0,10.0,192.0,112.0,120.0,1438.0
서울특별시교육청,서울특별시동작관악교육지원청,서울특별시 관악구,S010001601,서울신성초등학교,2,공립,N,,2.0,12.0,80.0,7.0,10.0,94.0,2.0,8.0,80.0,3.0,9.0,110.0,4.0,2.0,104.0,0.0,5.0,85.0,18.0,46.0,553.0
서울특별시교육청,서울특별시동작관악교육지원청,서울특별시 관악구,S010001602,서울신우초등학교,2,공립,N,,1.0,5.0,56.0,4.0,5.0,58.0,2.0,6.0,57.0,3.0,3.0,45.0,2.0,3.0,61.0,1.0,6.0,58.0,13.0,28.0,335.0
서울특별시교육청,서울특별시동작관악교육지원청,서울특별시 동작구,S010001603,서울영본초등학교,2,공립,N,,5.0,8.0,136.0,3.0,12.0,174.0,5.0,20.0,171.0,8.0,14.0,135.0,3.0,17.0,181.0,0.0,10.0,139.0,24.0,81.0,936.0
서울특별시교육청,서울특별시동작관악교육지원청,서울특별시 동작구,S010001604,서울영화초등학교,2,공립,N,,4.0,7.0,76.0,2.0,7.0,83.0,2.0,6.0,83.0,3.0,7.0,81.0,4.0,5.0,76.0,2.0,3.0,82.0,17.0,35.0,481.0
서울특별시교육청,서울특별시동작관악교육지원청,서울특별시 관악구,S010001605,서울원당초등학교,2,공립,N,,0.0,1.0,24.0,0.0,2.0,27.0,0.0,4.0,39.0,1.0,3.0,40.0,1.0,2.0,32.0,1.0,3.0,38.0,3.0,15.0,200.0
서울특별시교육청,서울특별시동작관악교육지원청,서울특별시 관악구,S010001606,서울원신초등학교,2,공립,N,,2.0,3.0,34.0,0.0,6.0,26.0,2.0,2.0,45.0,0.0,0.0,30.0,1.0,4.0,36.0,2.0,1.0,46.0,7.0,16.0,217.0
서울특별시교육청,서울특별시동작관악교육지원청,서울특별시 동작구,S010001607,서울은로초등학교,2,공립,N,,3.0,2.0,131.0,6.0,12.0,132.0,4.0,22.0,122.0,3.0,14.0,106.0,4.0,12.0,94.0,4.0,6.0,97.0,24.0,68.0,682.0
서울특별시교육청,서울특별시동작관악교육지원청,서울특별시 관악구,S010001608,서울은천초등학교,2,공립,N,,2.0,11.0,181.0,4.0,15.0,167.0,7.0,10.0,173.0,4.0,16.0,171.0,5.0,8.0,185.0,3.0,5.0,166.0,25.0,65.0,1043.0
서울특별시교육청,서울특별시동작관악교육지원청,서울특별시 관악구,S010001609,서울인헌초등학교,2,공립,N,,1.0,9.0,159.0,4.0,17.0,160.0,7.0,16.0,157.0,4.0,16.0,173.0,6.0,18.0,181.0,4.0,11.0,141.0,26.0,87.0,971.0
서울특별시교육청,서울특별시동작관악교육지원청,서울특별시 관악구,S010001610,서울청룡초등학교,2,공립,N,,1.0,4.0,60.0,2.0,4.0,62.0,3.0,6.0,75.0,0.0,8.0,64.0,0.0,4.0,71.0,1.0,3.0,69.0,7.0,29.0,401.0
서울특별시교육청,서울특별시동작관악교육지원청,서울특별시 동작구,S010001611,서울행림초등학교,2,공립,N,,2.0,3.0,47.0,1.0,9.0,37.0,1.0,6.0,46.0,0.0,7.0,50.0,1.0,5.0,37.0,0.0,4.0,32.0,5.0,34.0,249.0
서울특별시교육청,서울특별시동작관악교육지원청,서울특별시 동작구,S010001612,서울흑석초등학교,2,공립,N,,1.0,5.0,91.0,3.0,9.0,87.0,3.0,12.0,111.0,7.0,11.0,98.0,4.0,5.0,88.0,5.0,8.0,95.0,23.0,50.0,570.0
서울특별시교육청,서울특별시동작관악교육지원청,서울특별시 동작구,S010001613,중앙대학교사범대학부속초등학교,2,사립,N,,3.0,1.0,123.0,7.0,3.0,122.0,7.0,6.0,122.0,11.0,8.0,120.0,8.0,10.0,120.0,1.0,7.0,116.0,37.0,35.0,723.0
서울특별시교육청,서울특별시북부교육지원청,서울특별시 도봉구,S010001733,동북초등학교,2,사립,N,,0.0,1.0,129.0,1.0,3.0,128.0,0.0,3.0,129.0,7.0,1.0,116.0,0.0,3.0,113.0,0.0,0.0,92.0,8.0,11.0,707.0
서울특별시교육청,서울특별시북부교육지원청,서울특별시 노원구,S010001734,상명초등학교,2,사립,N,,1.0,2.0,121.0,5.0,6.0,121.0,9.0,10.0,120.0,7.0,5.0,120.0,6.0,5.0,115.0,4.0,0.0,99.0,32.0,28.0,696.0
서울특별시교육청,서울특별시북부교육지원청,서울특별시 노원구,S010001735,서울계상초등학교,2,공립,N,,5.0,6.0,70.0,5.0,15.0,79.0,3.0,5.0,109.0,5.0,6.0,84.0,3.0,9.0,94.0,4.0,3.0,83.0,25.0,44.0,519.0
서울특별시교육청,서울특별시북부교육지원청,서울특별시 노원구,S010001736,서울공릉초등학교,2,공립,N,,0.0,3.0,62.0,0.0,8.0,68.0,4.0,7.0,64.0,3.0,3.0,58.0,1.0,3.0,60.0,1.0,3.0,37.0,9.0,27.0,349.0
서울특별시교육청,서울특별시북부교육지원청,서울특별시 노원구,S010001737,서울공연초등학교,2,공립,N,,3.0,4.0,80.0,3.0,8.0,64.0,1.0,4.0,99.0,2.0,4.0,84.0,0.0,4.0,68.0,2.0,6.0,83.0,11.0,30.0,478.0
서울특별시교육청,서울특별시북부교육지원청,서울특별시 노원구,S010001738,서울노원초등학교,2,공립,N,,0.0,3.0,51.0,1.0,5.0,43.0,2.0,6.0,58.0,2.0,1.0,57.0,1.0,0.0,43.0,2.0,0.0,56.0,8.0,15.0,308.0
서울특별시교육청,서울특별시북부교육지원청,서울특별시 노원구,S010001739,서울노일초등학교,2,공립,N,,4.0,3.0,80.0,4.0,8.0,82.0,4.0,4.0,85.0,3.0,4.0,79.0,4.0,7.0,93.0,2.0,1.0,75.0,21.0,27.0,494.0
서울특별시교육청,서울특별시북부교육지원청,서울특별시 노원구,S010001740,서울녹천초등학교,2,공립,N,,0.0,1.0,43.0,0.0,5.0,41.0,4.0,5.0,53.0,1.0,3.0,48.0,1.0,4.0,65.0,1.0,6.0,46.0,7.0,24.0,296.0
서울특별시교육청,서울특별시북부교육지원청,서울특별시 도봉구,S010001741,서울누원초등학교,2,공립,N,,3.0,5.0,125.0,7.0,11.0,119.0,8.0,20.0,143.0,8.0,13.0,147.0,2.0,15.0,132.0,5.0,15.0,142.0,33.0,79.0,808.0
서울특별시교육청,서울특별시북부교육지원청,서울특별시 노원구,S010001742,서울당현초등학교,2,공립,N,,4.0,4.0,82.0,2.0,11.0,71.0,3.0,6.0,88.0,4.0,10.0,88.0,7.0,9.0,113.0,4.0,10.0,87.0,24.0,50.0,529.0
서울특별시교육청,서울특별시북부교육지원청,서울특별시 도봉구,S010001743,서울도봉초등학교,2,공립,N,,1.0,5.0,62.0,4.0,3.0,56.0,3.0,8.0,75.0,2.0,7.0,68.0,2.0,4.0,85.0,1.0,3.0,72.0,13.0,30.0,418.0
서울특별시교육청,서울특별시북부교육지원청,서울특별시 노원구,S010001744,서울동일초등학교,2,공립,N,,3.0,3.0,102.0,5.0,11.0,116.0,5.0,8.0,124.0,5.0,6.0,118.0,3.0,4.0,111.0,4.0,6.0,112.0,25.0,38.0,683.0
서울특별시교육청,서울특별시북부교육지원청,서울특별시 도봉구,S010001745,서울방학초등학교,2,공립,N,,1.0,5.0,88.0,1.0,7.0,84.0,3.0,5.0,109.0,6.0,1.0,112.0,3.0,4.0,108.0,3.0,2.0,94.0,17.0,24.0,595.0
서울특별시교육청,서울특별시북부교육지원청,서울특별시 도봉구,S010001746,서울백운초등학교,2,공립,N,,3.0,4.0,124.0,8.0,8.0,116.0,9.0,9.0,150.0,9.0,9.0,142.0,13.0,9.0,137.0,6.0,1.0,149.0,48.0,40.0,818.0
서울특별시교육청,서울특별시북부교육지원청,서울특별시 노원구,S010001747,서울불암초등학교,2,공립,N,,8.0,4.0,100.0,18.0,7.0,135.0,17.0,6.0,158.0,25.0,4.0,161.0,13.0,9.0,194.0,10.0,6.0,182.0,91.0,36.0,930.0
서울특별시교육청,서울특별시북부교육지원청,서울특별시 노원구,S010001748,서울상경초등학교,2,공립,N,,3.0,7.0,124.0,6.0,7.0,102.0,2.0,20.0,122.0,1.0,10.0,120.0,4.0,12.0,102.0,0.0,9.0,90.0,16.0,65.0,660.0
서울특별시교육청,서울특별시북부교육지원청,서울특별시 노원구,S010001749,서울상계초등학교,2,공립,N,,1.0,2.0,46.0,2.0,1.0,38.0,2.0,4.0,44.0,3.0,7.0,51.0,1.0,3.0,50.0,3.0,1.0,49.0,12.0,18.0,278.0
서울특별시교육청,서울특별시북부교육지원청,서울특별시 노원구,S010001750,서울상곡초등학교,2,공립,N,,0.0,0.0,85.0,16.0,5.0,84.0,22.0,7.0,97.0,19.0,6.0,84.0,17.0,3.0,92.0,16.0,4.0,91.0,90.0,25.0,533.0
서울특별시교육청,서울특별시북부교육지원청,서울특별시 노원구,S010001751,서울상수초등학교,2,공립,N,,1.0,2.0,112.0,2.0,10.0,109.0,3.0,14.0,128.0,3.0,9.0,122.0,3.0,8.0,121.0,5.0,2.0,124.0,17.0,45.0,716.0
서울특별시교육청,서울특별시북부교육지원청,서울특별시 노원구,S010001752,서울상원초등학교,2,공립,N,,3.0,3.0,75.0,5.0,6.0,60.0,6.0,10.0,72.0,3.0,7.0,69.0,2.0,7.0,86.0,0.0,1.0,88.0,19.0,34.0,450.0
서울특별시교육청,서울특별시북부교육지원청,서울특별시 노원구,S010001753,서울상월초등학교,2,공립,N,,0.0,3.0,43.0,2.0,3.0,24.0,4.0,4.0,25.0,4.0,1.0,35.0,2.0,6.0,20.0,1.0,0.0,30.0,13.0,17.0,177.0
서울특별시교육청,서울특별시북부교육지원청,서울특별시 노원구,S010001754,서울상천초등학교,2,공립,N,,1.0,5.0,74.0,0.0,2.0,71.0,2.0,8.0,59.0,1.0,6.0,62.0,0.0,10.0,65.0,2.0,1.0,51.0,6.0,32.0,382.0
서울특별시교육청,서울특별시북부교육지원청,서울특별시 노원구,S010001755,서울선곡초등학교,2,공립,N,,0.0,6.0,130.0,6.0,9.0,117.0,4.0,14.0,121.0,3.0,8.0,120.0,1.0,12.0,126.0,3.0,6.0,130.0,17.0,55.0,744.0
서울특별시교육청,서울특별시북부교육지원청,서울특별시 노원구,S010001756,서울수락초등학교,2,공립,N,,1.0,0.0,68.0,5.0,7.0,76.0,3.0,4.0,82.0,4.0,9.0,93.0,1.0,6.0,102.0,2.0,6.0,94.0,16.0,32.0,515.0
서울특별시교육청,서울특별시북부교육지원청,서울특별시 노원구,S010001757,서울수암초등학교,2,공립,N,,3.0,0.0,64.0,10.0,5.0,76.0,15.0,6.0,101.0,14.0,6.0,102.0,12.0,7.0,128.0,9.0,4.0,110.0,63.0,28.0,581.0
서울특별시교육청,서울특별시북부교육지원청,서울특별시 도봉구,S010001758,서울숭미초등학교,2,공립,N,,2.0,3.0,117.0,8.0,6.0,103.0,6.0,6.0,123.0,4.0,7.0,131.0,3.0,3.0,126.0,4.0,4.0,144.0,27.0,29.0,744.0
서울특별시교육청,서울특별시북부교육지원청,서울특별시 노원구,S010001759,서울신계초등학교,2,공립,N,,2.0,0.0,35.0,1.0,1.0,50.0,1.0,4.0,47.0,1.0,4.0,51.0,1.0,5.0,62.0,5.0,2.0,45.0,11.0,16.0,290.0
서울특별시교육청,서울특별시북부교육지원청,서울특별시 도봉구,S010001760,서울신방학초등학교,2,공립,N,,5.0,3.0,55.0,6.0,3.0,59.0,5.0,3.0,68.0,11.0,10.0,79.0,2.0,4.0,63.0,4.0,2.0,67.0,33.0,25.0,391.0
서울특별시교육청,서울특별시북부교육지원청,서울특별시 노원구,S010001761,서울신상계초등학교,2,공립,N,,1.0,4.0,67.0,2.0,4.0,64.0,0.0,5.0,63.0,2.0,6.0,73.0,1.0,3.0,71.0,4.0,4.0,76.0,10.0,26.0,414.0
서울특별시교육청,서울특별시북부교육지원청,서울특별시 도봉구,S010001762,서울신창초등학교,2,공립,N,,0.0,2.0,48.0,2.0,6.0,45.0,2.0,2.0,49.0,1.0,6.0,46.0,2.0,3.0,55.0,0.0,1.0,50.0,7.0,20.0,293.0
서울특별시교육청,서울특별시북부교육지원청,서울특별시 도봉구,S010001763,서울신학초등학교,2,공립,N,,1.0,0.0,73.0,2.0,2.0,56.0,4.0,4.0,77.0,3.0,5.0,78.0,3.0,5.0,74.0,2.0,0.0,70.0,15.0,16.0,428.0
서울특별시교육청,서울특별시북부교육지원청,서울특별시 도봉구,S010001764,서울신화초등학교,2,공립,N,,1.0,5.0,52.0,4.0,5.0,60.0,3.0,8.0,67.0,1.0,7.0,70.0,1.0,3.0,71.0,0.0,2.0,65.0,10.0,30.0,385.0
서울특별시교육청,서울특별시북부교육지원청,서울특별시 도봉구,S010001765,서울쌍문초등학교,2,공립,N,,3.0,11.0,106.0,7.0,7.0,102.0,5.0,10.0,104.0,7.0,10.0,109.0,3.0,10.0,106.0,0.0,2.0,110.0,25.0,50.0,637.0
서울특별시교육청,서울특별시북부교육지원청,서울특별시 노원구,S010001766,서울연지초등학교,2,공립,N,,0.0,3.0,53.0,3.0,4.0,53.0,3.0,5.0,55.0,1.0,2.0,42.0,5.0,3.0,50.0,1.0,3.0,43.0,13.0,20.0,296.0
서울특별시교육청,서울특별시북부교육지원청,서울특별시 노원구,S010001767,서울연촌초등학교,2,공립,N,,3.0,3.0,81.0,7.0,2.0,85.0,6.0,6.0,87.0,6.0,3.0,118.0,7.0,6.0,111.0,6.0,6.0,113.0,35.0,26.0,595.0
서울특별시교육청,서울특별시북부교육지원청,서울특별시 도봉구,S010001768,서울오봉초등학교,2,공립,N,,2.0,5.0,68.0,1.0,4.0,42.0,0.0,4.0,59.0,2.0,11.0,60.0,1.0,3.0,48.0,1.0,1.0,63.0,7.0,28.0,340.0
서울특별시교육청,서울특별시북부교육지원청,서울특별시 노원구,S010001769,서울온곡초등학교,2,공립,N,,3.0,4.0,97.0,7.0,7.0,83.0,8.0,10.0,94.0,6.0,12.0,116.0,7.0,7.0,131.0,8.0,6.0,118.0,39.0,46.0,639.0
서울특별시교육청,서울특별시북부교육지원청,서울특별시 노원구,S010001770,서울용동초등학교,2,공립,N,,2.0,5.0,32.0,3.0,5.0,40.0,5.0,4.0,54.0,4.0,2.0,51.0,8.0,10.0,71.0,10.0,4.0,71.0,32.0,30.0,319.0
서울특별시교육청,서울특별시북부교육지원청,서울특별시 노원구,S010001771,서울용원초등학교,2,공립,N,,4.0,4.0,97.0,3.0,15.0,113.0,4.0,8.0,116.0,5.0,6.0,104.0,1.0,11.0,110.0,0.0,2.0,106.0,17.0,46.0,646.0
서울특별시교육청,서울특별시북부교육지원청,서울특별시 노원구,S010001772,서울원광초등학교,2,공립,N,,6.0,2.0,80.0,17.0,4.0,116.0,21.0,11.0,106.0,16.0,6.0,129.0,19.0,5.0,161.0,19.0,4.0,167.0,98.0,32.0,759.0
서울특별시교육청,서울특별시북부교육지원청,서울특별시 노원구,S010001773,서울월계초등학교,2,공립,N,,0.0,0.0,54.0,0.0,8.0,42.0,0.0,0.0,46.0,0.0,0.0,50.0,3.0,2.0,39.0,3.0,0.0,55.0,6.0,10.0,286.0
서울특별시교육청,서울특별시북부교육지원청,서울특별시 도봉구,S010001774,서울월천초등학교,2,공립,N,,1.0,3.0,56.0,6.0,7.0,57.0,1.0,2.0,71.0,7.0,9.0,74.0,1.0,2.0,57.0,4.0,3.0,74.0,20.0,26.0,389.0
서울특별시교육청,서울특별시북부교육지원청,서울특별시 노원구,S010001775,서울을지초등학교,2,공립,N,,8.0,4.0,197.0,24.0,6.0,198.0,33.0,14.0,281.0,35.0,3.0,274.0,20.0,10.0,307.0,31.0,7.0,337.0,151.0,44.0,1594.0
서울특별시교육청,서울특별시북부교육지원청,서울특별시 도봉구,S010001776,서울자운초등학교,2,공립,N,,1.0,7.0,129.0,4.0,10.0,91.0,3.0,4.0,131.0,3.0,10.0,138.0,2.0,5.0,130.0,0.0,4.0,133.0,13.0,40.0,752.0
서울특별시교육청,서울특별시북부교육지원청,서울특별시 노원구,S010001777,서울중계초등학교,2,공립,N,,2.0,3.0,143.0,6.0,8.0,138.0,9.0,8.0,162.0,11.0,6.0,161.0,10.0,6.0,141.0,6.0,4.0,199.0,44.0,35.0,944.0
서울특별시교육청,서울특별시북부교육지원청,서울특별시 노원구,S010001778,서울중원초등학교,2,공립,N,,0.0,6.0,60.0,4.0,4.0,71.0,2.0,14.0,84.0,2.0,8.0,83.0,4.0,6.0,75.0,0.0,5.0,83.0,12.0,43.0,456.0
서울특별시교육청,서울특별시북부교육지원청,서울특별시 노원구,S010001779,서울중평초등학교,2,공립,N,,12.0,6.0,221.0,10.0,13.0,231.0,8.0,16.0,252.0,16.0,11.0,248.0,12.0,11.0,287.0,12.0,11.0,293.0,70.0,68.0,1532.0
서울특별시교육청,서울특별시북부교육지원청,서울특별시 노원구,S010001780,서울중현초등학교,2,공립,N,,0.0,1.0,12.0,2.0,3.0,29.0,1.0,5.0,29.0,3.0,6.0,37.0,2.0,1.0,17.0,2.0,0.0,26.0,10.0,16.0,150.0
서울특별시교육청,서울특별시북부교육지원청,서울특별시 도봉구,S010001781,서울창경초등학교,2,공립,N,,2.0,5.0,151.0,6.0,8.0,141.0,5.0,9.0,163.0,3.0,8.0,147.0,6.0,11.0,163.0,2.0,6.0,147.0,24.0,47.0,912.0
서울특별시교육청,서울특별시북부교육지원청,서울특별시 도봉구,S010001782,서울창도초등학교,2,공립,N,,1.0,2.0,124.0,4.0,14.0,137.0,2.0,7.0,138.0,5.0,7.0,140.0,3.0,15.0,147.0,6.0,5.0,147.0,21.0,50.0,833.0
서울특별시교육청,서울특별시북부교육지원청,서울특별시 도봉구,S010001783,서울창동초등학교,2,공립,N,,1.0,4.0,75.0,5.0,8.0,67.0,0.0,4.0,62.0,4.0,11.0,76.0,1.0,1.0,64.0,1.0,7.0,72.0,12.0,35.0,416.0
서울특별시교육청,서울특별시북부교육지원청,서울특별시 도봉구,S010001784,서울창림초등학교,2,공립,N,,4.0,4.0,140.0,6.0,4.0,138.0,4.0,8.0,175.0,8.0,8.0,167.0,7.0,7.0,168.0,3.0,5.0,150.0,32.0,36.0,938.0
서울특별시교육청,서울특별시북부교육지원청,서울특별시 도봉구,S010001785,서울창원초등학교,2,공립,N,,2.0,2.0,52.0,3.0,5.0,52.0,2.0,5.0,71.0,4.0,2.0,45.0,1.0,2.0,65.0,1.0,3.0,61.0,13.0,19.0,346.0
서울특별시교육청,서울특별시북부교육지원청,서울특별시 도봉구,S010001786,서울창일초등학교,2,공립,N,,2.0,5.0,141.0,4.0,6.0,157.0,5.0,6.0,165.0,3.0,13.0,155.0,6.0,5.0,151.0,4.0,6.0,149.0,24.0,41.0,918.0
서울특별시교육청,서울특별시북부교육지원청,서울특별시 노원구,S010001787,서울청계초등학교,2,공립,N,,0.0,0.0,46.0,0.0,7.0,43.0,5.0,3.0,51.0,5.0,3.0,51.0,0.0,2.0,60.0,2.0,3.0,38.0,12.0,18.0,289.0
서울특별시교육청,서울특별시북부교육지원청,서울특별시 도봉구,S010001788,서울초당초등학교,2,공립,N,,4.0,5.0,142.0,5.0,12.0,147.0,6.0,14.0,140.0,10.0,10.0,168.0,10.0,11.0,170.0,5.0,10.0,159.0,40.0,62.0,926.0
서울특별시교육청,서울특별시북부교육지원청,서울특별시 노원구,S010001789,서울태랑초등학교,2,공립,N,,13.0,4.0,132.0,19.0,10.0,143.0,12.0,14.0,150.0,8.0,17.0,145.0,14.0,7.0,169.0,4.0,10.0,158.0,70.0,62.0,897.0
서울특별시교육청,서울특별시북부교육지원청,서울특별시 노원구,S010001790,서울태릉초등학교,2,공립,N,,9.0,4.0,124.0,16.0,4.0,120.0,6.0,2.0,121.0,6.0,3.0,133.0,9.0,7.0,142.0,4.0,3.0,137.0,50.0,23.0,777.0
서울특별시교육청,서울특별시북부교육지원청,서울특별시 노원구,S010001791,서울한천초등학교,2,공립,N,,0.0,4.0,142.0,6.0,13.0,150.0,5.0,12.0,159.0,2.0,13.0,157.0,4.0,5.0,125.0,3.0,11.0,116.0,20.0,58.0,849.0
서울특별시교육청,서울특별시북부교육지원청,서울특별시 노원구,S010001792,청원초등학교,2,사립,N,,2.0,2.0,122.0,3.0,3.0,120.0,6.0,7.0,120.0,4.0,3.0,112.0,4.0,2.0,107.0,0.0,4.0,90.0,19.0,21.0,671.0
서울특별시교육청,서울특별시북부교육지원청,서울특별시 노원구,S010001793,태강삼육초등학교,2,사립,N,,0.0,0.0,128.0,4.0,3.0,128.0,7.0,5.0,128.0,2.0,4.0,128.0,5.0,2.0,128.0,7.0,5.0,121.0,25.0,19.0,761.0
서울특별시교육청,서울특별시북부교육지원청,서울특별시 도봉구,S010001794,한신초등학교,2,사립,N,,3.0,3.0,114.0,8.0,11.0,114.0,6.0,8.0,98.0,0.0,5.0,50.0,1.0,4.0,90.0,0.0,2.0,63.0,18.0,33.0,529.0
서울특별시교육청,서울특별시북부교육지원청,서울특별시 노원구,S010001795,화랑초등학교,2,사립,N,,0.0,3.0,115.0,3.0,4.0,112.0,12.0,10.0,113.0,3.0,3.0,112.0,1.0,3.0,112.0,2.0,1.0,100.0,21.0,24.0,664.0
서울특별시교육청,서울특별시서부교육지원청,서울특별시 서대문구,S010001966,경기초등학교,2,사립,N,,0.0,0.0,96.0,0.0,0.0,98.0,0.0,0.0,96.0,0.0,0.0,96.0,0.0,0.0,96.0,0.0,0.0,88.0,0.0,0.0,570.0
서울특별시교육청,서울특별시서부교육지원청,서울특별시 서대문구,S010001967,명지초등학교,2,사립,N,,2.0,2.0,120.0,13.0,7.0,121.0,9.0,6.0,122.0,6.0,6.0,108.0,2.0,4.0,101.0,1.0,6.0,85.0,33.0,31.0,657.0
서울특별시교육청,서울특별시서부교육지원청,서울특별시 은평구,S010001968,서울갈현초등학교,2,공립,N,,5.0,12.0,165.0,4.0,7.0,181.0,5.0,11.0,205.0,8.0,9.0,201.0,7.0,9.0,216.0,2.0,6.0,219.0,31.0,54.0,1187.0
서울특별시교육청,서울특별시서부교육지원청,서울특별시 서대문구,S010001969,서울고은초등학교,2,공립,N,,2.0,1.0,88.0,4.0,5.0,80.0,6.0,10.0,89.0,2.0,4.0,75.0,7.0,6.0,94.0,3.0,4.0,83.0,24.0,30.0,509.0
서울특별시교육청,서울특별시서부교육지원청,서울특별시 마포구,S010001970,서울공덕초등학교,2,공립,N,,2.0,0.0,135.0,5.0,5.0,118.0,5.0,6.0,128.0,3.0,8.0,95.0,4.0,1.0,104.0,3.0,1.0,114.0,22.0,21.0,694.0
서울특별시교육청,서울특별시서부교육지원청,서울특별시 은평구,S010001971,서울구산초등학교,2,공립,N,,9.0,9.0,156.0,9.0,22.0,145.0,7.0,15.0,166.0,11.0,8.0,179.0,11.0,17.0,200.0,5.0,7.0,158.0,52.0,78.0,1004.0
서울특별시교육청,서울특별시서부교육지원청,서울특별시 서대문구,S010001972,서울금화초등학교,2,공립,N,,3.0,3.0,74.0,1.0,3.0,99.0,6.0,8.0,73.0,4.0,8.0,87.0,7.0,6.0,83.0,1.0,3.0,103.0,22.0,31.0,519.0
서울특별시교육청,서울특별시서부교육지원청,서울특별시 은평구,S010001973,서울녹번초등학교,2,공립,N,,2.0,4.0,118.0,5.0,10.0,129.0,2.0,6.0,147.0,2.0,11.0,139.0,6.0,11.0,132.0,1.0,5.0,131.0,18.0,47.0,796.0
서울특별시교육청,서울특별시서부교육지원청,서울특별시 서대문구,S010001974,서울대신초등학교,2,공립,N,,2.0,1.0,31.0,5.0,1.0,33.0,2.0,2.0,31.0,1.0,1.0,29.0,0.0,0.0,31.0,1.0,3.0,25.0,11.0,8.0,180.0
서울특별시교육청,서울특별시서부교육지원청,서울특별시 은평구,S010001975,서울대은초등학교,2,공립,N,,1.0,3.0,22.0,1.0,0.0,24.0,0.0,3.0,33.0,2.0,2.0,34.0,0.0,0.0,38.0,0.0,2.0,38.0,4.0,10.0,189.0
서울특별시교육청,서울특별시서부교육지원청,서울특별시 은평구,S010001976,서울대조초등학교,2,공립,N,,7.0,5.0,136.0,2.0,10.0,124.0,6.0,13.0,147.0,7.0,10.0,151.0,6.0,10.0,151.0,3.0,4.0,140.0,31.0,52.0,849.0
서울특별시교육청,서울특별시서부교육지원청,서울특별시 마포구,S010001977,서울동교초등학교,2,공립,N,,3.0,3.0,131.0,2.0,8.0,137.0,3.0,10.0,151.0,4.0,6.0,155.0,4.0,5.0,143.0,3.0,4.0,145.0,19.0,36.0,862.0
서울특별시교육청,서울특별시서부교육지원청,서울특별시 마포구,S010001978,서울마포초등학교,2,공립,N,,3.0,3.0,136.0,5.0,7.0,124.0,7.0,12.0,132.0,6.0,9.0,109.0,3.0,9.0,140.0,4.0,4.0,129.0,28.0,44.0,770.0
서울특별시교육청,서울특별시서부교육지원청,서울특별시 마포구,S010001979,서울망원초등학교,2,공립,N,,1.0,3.0,47.0,2.0,4.0,31.0,1.0,5.0,48.0,2.0,3.0,50.0,0.0,2.0,39.0,2.0,3.0,51.0,8.0,20.0,266.0
서울특별시교육청,서울특별시서부교육지원청,서울특별시 서대문구,S010001980,서울미동초등학교,2,공립,N,,1.0,2.0,42.0,0.0,3.0,49.0,2.0,5.0,47.0,5.0,5.0,55.0,2.0,8.0,61.0,2.0,5.0,60.0,12.0,28.0,314.0
서울특별시교육청,서울특별시서부교육지원청,서울특별시 서대문구,S010001981,서울북가좌초등학교,2,공립,N,,3.0,7.0,199.0,10.0,14.0,208.0,18.0,16.0,206.0,10.0,7.0,225.0,9.0,10.0,211.0,5.0,3.0,200.0,55.0,57.0,1249.0
서울특별시교육청,서울특별시서부교육지원청,서울특별시 서대문구,S010001982,서울북성초등학교,2,공립,N,,2.0,9.0,186.0,6.0,18.0,169.0,14.0,21.0,173.0,5.0,16.0,130.0,6.0,15.0,133.0,7.0,2.0,131.0,40.0,81.0,922.0
서울특별시교육청,서울특별시서부교육지원청,서울특별시 은평구,S010001983,서울북한산초등학교,2,공립,N,,2.0,0.0,17.0,2.0,0.0,15.0,5.0,1.0,21.0,1.0,1.0,28.0,1.0,3.0,21.0,2.0,2.0,26.0,13.0,7.0,128.0
서울특별시교육청,서울특별시서부교육지원청,서울특별시 은평구,S010001984,서울불광초등학교,2,공립,N,,2.0,10.0,122.0,1.0,5.0,136.0,5.0,12.0,131.0,4.0,9.0,119.0,4.0,8.0,133.0,0.0,8.0,132.0,16.0,52.0,773.0
서울특별시교육청,서울특별시서부교육지원청,서울특별시 은평구,S010001985,서울상신초등학교,2,공립,N,,1.0,5.0,97.0,5.0,4.0,108.0,4.0,9.0,104.0,2.0,7.0,109.0,3.0,7.0,94.0,2.0,3.0,98.0,17.0,35.0,610.0
서울특별시교육청,서울특별시서부교육지원청,서울특별시 마포구,S010001986,서울상암초등학교,2,공립,N,,0.0,2.0,73.0,4.0,13.0,85.0,6.0,6.0,113.0,2.0,10.0,97.0,3.0,8.0,97.0,6.0,6.0,92.0,21.0,45.0,557.0
서울특별시교육청,서울특별시서부교육지원청,서울특별시 마포구,S010001987,서울서강초등학교,2,공립,N,,4.0,6.0,178.0,8.0,10.0,164.0,6.0,14.0,191.0,6.0,10.0,140.0,7.0,12.0,170.0,7.0,7.0,141.0,38.0,59.0,984.0
서울특별시교육청,서울특별시서부교육지원청,서울특별시 마포구,S010001988,서울서교초등학교,2,공립,N,,2.0,0.0,73.0,0.0,5.0,65.0,3.0,6.0,92.0,0.0,3.0,81.0,1.0,6.0,97.0,0.0,4.0,100.0,6.0,24.0,508.0
서울특별시교육청,서울특별시서부교육지원청,서울특별시 마포구,S010001989,서울성산초등학교,2,공립,N,,4.0,4.0,122.0,0.0,8.0,106.0,5.0,7.0,111.0,3.0,10.0,108.0,4.0,10.0,129.0,3.0,4.0,112.0,19.0,43.0,688.0
서울특별시교육청,서울특별시서부교육지원청,서울특별시 마포구,S010001990,서울성서초등학교,2,공립,N,,2.0,3.0,83.0,1.0,7.0,71.0,2.0,7.0,95.0,3.0,9.0,113.0,1.0,7.0,95.0,2.0,4.0,109.0,11.0,37.0,566.0
서울특별시교육청,서울특별시서부교육지원청,서울특별시 마포구,S010001991,서울성원초등학교,2,공립,N,,0.0,1.0,54.0,3.0,7.0,49.0,4.0,6.0,65.0,4.0,5.0,81.0,3.0,5.0,76.0,4.0,5.0,72.0,18.0,29.0,397.0
서울특별시교육청,서울특별시서부교육지원청,서울특별시 마포구,S010001992,서울소의초등학교,2,공립,N,,5.0,2.0,73.0,3.0,10.0,80.0,8.0,7.0,81.0,2.0,6.0,65.0,2.0,8.0,75.0,0.0,7.0,63.0,20.0,40.0,437.0
서울특별시교육청,서울특별시서부교육지원청,서울특별시 은평구,S010001993,서울수색초등학교,2,공립,N,,1.0,1.0,54.0,3.0,1.0,34.0,1.0,0.0,34.0,3.0,0.0,37.0,1.0,0.0,34.0,2.0,4.0,19.0,11.0,6.0,212.0
서울특별시교육청,서울특별시서부교육지원청,서울특별시 은평구,S010001994,서울신도초등학교,2,공립,N,,8.0,7.0,142.0,10.0,10.0,157.0,10.0,21.0,187.0,10.0,7.0,229.0,9.0,19.0,208.0,5.0,9.0,226.0,52.0,73.0,1149.0
서울특별시교육청,서울특별시서부교육지원청,서울특별시 마포구,S010001995,서울신북초등학교,2,공립,N,,1.0,2.0,116.0,2.0,10.0,146.0,4.0,10.0,141.0,3.0,5.0,139.0,1.0,13.0,168.0,2.0,5.0,131.0,13.0,45.0,841.0
서울특별시교육청,서울특별시서부교육지원청,서울특별시 은평구,S010001996,서울신사초등학교,2,공립,N,,2.0,2.0,50.0,1.0,3.0,72.0,1.0,5.0,78.0,5.0,3.0,72.0,1.0,6.0,73.0,0.0,4.0,70.0,10.0,23.0,415.0
서울특별시교육청,서울특별시서부교육지원청,서울특별시 마포구,S010001997,서울신석초등학교,2,공립,N,,1.0,5.0,121.0,6.0,6.0,112.0,5.0,8.0,117.0,4.0,4.0,117.0,3.0,10.0,133.0,2.0,6.0,106.0,21.0,39.0,706.0
서울특별시교육청,서울특별시서부교육지원청,서울특별시 마포구,S010001998,서울아현초등학교,2,공립,N,,0.0,6.0,109.0,5.0,13.0,92.0,8.0,13.0,102.0,5.0,10.0,93.0,6.0,7.0,88.0,5.0,7.0,79.0,29.0,56.0,563.0
서울특별시교육청,서울특별시서부교육지원청,서울특별시 서대문구,S010001999,서울안산초등학교,2,공립,N,,3.0,4.0,120.0,6.0,11.0,101.0,4.0,12.0,98.0,2.0,8.0,127.0,3.0,5.0,134.0,3.0,3.0,111.0,21.0,43.0,691.0
서울특별시교육청,서울특별시서부교육지원청,서울특별시 은평구,S010002000,서울역촌초등학교,2,공립,N,,6.0,8.0,226.0,8.0,15.0,221.0,4.0,16.0,307.0,7.0,16.0,267.0,7.0,15.0,289.0,7.0,10.0,269.0,39.0,80.0,1579.0
서울특별시교육청,서울특별시서부교육지원청,서울특별시 서대문구,S010002001,서울연가초등학교,2,공립,N,,2.0,7.0,253.0,11.0,10.0,240.0,13.0,19.0,275.0,14.0,7.0,234.0,12.0,8.0,246.0,7.0,6.0,219.0,59.0,57.0,1467.0
서울특별시교육청,서울특별시서부교육지원청,서울특별시 은평구,S010002002,서울연신초등학교,2,공립,N,,2.0,1.0,36.0,0.0,2.0,44.0,1.0,3.0,53.0,1.0,1.0,49.0,0.0,6.0,39.0,1.0,3.0,37.0,5.0,16.0,258.0
서울특별시교육청,서울특별시서부교육지원청,서울특별시 은평구,S010002003,서울연은초등학교,2,공립,N,,8.0,5.0,132.0,11.0,11.0,147.0,10.0,9.0,136.0,5.0,4.0,113.0,8.0,7.0,108.0,3.0,9.0,109.0,45.0,45.0,745.0
서울특별시교육청,서울특별시서부교육지원청,서울특별시 은평구,S010002004,서울연천초등학교,2,공립,N,,2.0,0.0,33.0,1.0,2.0,43.0,2.0,4.0,42.0,2.0,3.0,50.0,2.0,3.0,51.0,0.0,1.0,40.0,9.0,13.0,259.0
서울특별시교육청,서울특별시서부교육지원청,서울특별시 서대문구,S010002005,서울연희초등학교,2,공립,N,,4.0,6.0,138.0,0.0,11.0,126.0,4.0,8.0,118.0,3.0,9.0,118.0,5.0,10.0,134.0,1.0,3.0,140.0,17.0,47.0,774.0
서울특별시교육청,서울특별시서부교육지원청,서울특별시 마포구,S010002006,서울염리초등학교,2,공립,N,,0.0,0.0,237.0,0.0,4.0,254.0,0.0,5.0,266.0,0.0,1.0,239.0,0.0,4.0,226.0,0.0,1.0,198.0,0.0,15.0,1420.0
서울특별시교육청,서울특별시서부교육지원청,서울특별시 마포구,S010002007,서울용강초등학교,2,공립,N,,0.0,3.0,105.0,9.0,6.0,74.0,6.0,8.0,103.0,10.0,4.0,67.0,10.0,2.0,81.0,8.0,1.0,102.0,43.0,24.0,532.0
서울특별시교육청,서울특별시서부교육지원청,서울특별시 은평구,S010002008,서울은평초등학교,2,공립,N,,13.0,6.0,173.0,27.0,4.0,109.0,29.0,1.0,128.0,25.0,5.0,102.0,29.0,1.0,122.0,15.0,3.0,112.0,138.0,20.0,746.0
서울특별시교육청,서울특별시서부교육지원청,서울특별시 은평구,S010002009,서울응암초등학교,2,공립,N,,5.0,7.0,120.0,5.0,13.0,114.0,7.0,16.0,158.0,5.0,6.0,142.0,6.0,5.0,123.0,5.0,3.0,95.0,33.0,50.0,752.0
서울특별시교육청,서울특별시서부교육지원청,서울특별시 서대문구,S010002010,서울인왕초등학교,2,공립,N,,3.0,2.0,72.0,8.0,7.0,58.0,3.0,2.0,60.0,3.0,9.0,72.0,0.0,5.0,77.0,0.0,5.0,65.0,17.0,30.0,404.0
서울특별시교육청,서울특별시서부교육지원청,서울특별시 마포구,S010002011,서울중동초등학교,2,공립,N,,3.0,5.0,86.0,0.0,6.0,65.0,1.0,4.0,104.0,4.0,6.0,89.0,5.0,4.0,93.0,2.0,2.0,85.0,15.0,27.0,522.0
서울특별시교육청,서울특별시서부교육지원청,서울특별시 은평구,S010002012,서울증산초등학교,2,공립,N,,5.0,2.0,71.0,14.0,4.0,60.0,7.0,7.0,93.0,8.0,5.0,83.0,6.0,7.0,121.0,2.0,3.0,117.0,42.0,28.0,545.0
서울특별시교육청,서울특별시서부교육지원청,서울특별시 서대문구,S010002013,서울창서초등학교,2,공립,N,,0.0,3.0,34.0,0.0,1.0,26.0,4.0,2.0,27.0,2.0,0.0,26.0,2.0,2.0,30.0,1.0,1.0,24.0,9.0,9.0,167.0
서울특별시교육청,서울특별시서부교육지원청,서울특별시 마포구,S010002014,서울창천초등학교,2,공립,N,,1.0,1.0,30.0,3.0,2.0,14.0,1.0,2.0,20.0,2.0,2.0,28.0,0.0,4.0,26.0,3.0,2.0,32.0,10.0,13.0,150.0
서울특별시교육청,서울특별시서부교육지원청,서울특별시 마포구,S010002015,서울한서초등학교,2,공립,N,,26.0,5.0,112.0,30.0,9.0,109.0,54.0,3.0,106.0,40.0,6.0,90.0,47.0,3.0,74.0,26.0,1.0,55.0,223.0,27.0,546.0
서울특별시교육청,서울특별시서부교육지원청,서울특별시 서대문구,S010002016,서울홍연초등학교,2,공립,N,,1.0,9.0,109.0,2.0,9.0,99.0,6.0,5.0,124.0,1.0,5.0,105.0,5.0,10.0,142.0,4.0,4.0,125.0,19.0,42.0,704.0
서울특별시교육청,서울특별시서부교육지원청,서울특별시 서대문구,S010002017,서울홍은초등학교,2,공립,N,,2.0,3.0,52.0,1.0,1.0,66.0,2.0,7.0,64.0,2.0,2.0,43.0,4.0,1.0,44.0,2.0,4.0,53.0,13.0,18.0,322.0
서울특별시교육청,서울특별시서부교육지원청,서울특별시 서대문구,S010002018,서울홍제초등학교,2,공립,N,,5.0,9.0,115.0,10.0,12.0,134.0,9.0,12.0,145.0,9.0,6.0,151.0,6.0,10.0,152.0,3.0,4.0,133.0,42.0,53.0,830.0
서울특별시교육청,서울특별시서부교육지원청,서울특별시 은평구,S010002019,선일초등학교,2,사립,N,,0.0,2.0,87.0,4.0,5.0,84.0,7.0,9.0,71.0,3.0,7.0,45.0,1.0,4.0,65.0,0.0,0.0,55.0,15.0,27.0,407.0
서울특별시교육청,서울특별시서부교육지원청,서울특별시 은평구,S010002021,예일초등학교,2,사립,N,,0.0,0.0,84.0,3.0,5.0,84.0,4.0,7.0,87.0,3.0,7.0,65.0,7.0,2.0,77.0,0.0,0.0,76.0,17.0,21.0,473.0
서울특별시교육청,서울특별시서부교육지원청,서울특별시 서대문구,S010002023,이화여자대학교사범대학부속초등학교,2,사립,N,,1.0,0.0,104.0,4.0,2.0,104.0,7.0,4.0,104.0,9.0,3.0,104.0,6.0,3.0,104.0,1.0,0.0,104.0,28.0,12.0,624.0
서울특별시교육청,서울특별시서부교육지원청,서울특별시 서대문구,S010002024,추계초등학교,2,사립,N,,0.0,0.0,61.0,4.0,3.0,62.0,4.0,3.0,61.0,7.0,2.0,54.0,4.0,2.0,50.0,3.0,3.0,51.0,22.0,13.0,339.0
서울특별시교육청,서울특별시서부교육지원청,서울특별시 은평구,S010002025,충암초등학교,2,사립,N,,1.0,6.0,132.0,3.0,8.0,133.0,9.0,11.0,130.0,6.0,7.0,75.0,4.0,14.0,103.0,1.0,2.0,94.0,24.0,48.0,667.0
서울특별시교육청,서울특별시서부교육지원청,서울특별시 마포구,S010002026,홍익대학교사범대학부속초등학교,2,사립,N,,1.0,0.0,86.0,9.0,6.0,86.0,5.0,3.0,85.0,3.0,5.0,84.0,2.0,7.0,68.0,1.0,1.0,70.0,21.0,22.0,479.0
서울특별시교육청,서울특별시성동광진교육지원청,서울특별시 광진구,S010002163,경복초등학교,2,사립,N,,4.0,0.0,124.0,3.0,0.0,122.0,4.0,1.0,123.0,6.0,0.0,141.0,3.0,0.0,140.0,0.0,0.0,139.0,20.0,1.0,789.0
서울특별시교육청,서울특별시성동광진교육지원청,서울특별시 성동구,S010002164,서울경동초등학교,2,공립,N,,3.0,7.0,160.0,5.0,11.0,141.0,9.0,12.0,153.0,2.0,15.0,162.0,2.0,14.0,160.0,2.0,7.0,131.0,23.0,66.0,907.0
서울특별시교육청,서울특별시성동광진교육지원청,서울특별시 성동구,S010002165,서울경수초등학교,2,공립,N,,0.0,5.0,40.0,3.0,4.0,48.0,3.0,7.0,45.0,0.0,2.0,44.0,1.0,1.0,32.0,0.0,2.0,27.0,7.0,21.0,236.0
서울특별시교육청,서울특별시성동광진교육지원청,서울특별시 성동구,S010002166,서울경일초등학교,2,공립,N,,1.0,5.0,52.0,3.0,12.0,49.0,2.0,8.0,37.0,2.0,6.0,45.0,2.0,10.0,55.0,5.0,4.0,44.0,15.0,45.0,282.0
서울특별시교육청,서울특별시성동광진교육지원청,서울특별시 광진구,S010002167,서울광남초등학교,2,공립,N,,4.0,0.0,175.0,7.0,6.0,231.0,4.0,0.0,247.0,1.0,1.0,253.0,4.0,0.0,259.0,6.0,0.0,271.0,26.0,7.0,1436.0
서울특별시교육청,서울특별시성동광진교육지원청,서울특별시 광진구,S010002168,서울광장초등학교,2,공립,N,,1.0,0.0,43.0,5.0,4.0,42.0,4.0,3.0,50.0,5.0,4.0,62.0,6.0,5.0,47.0,3.0,7.0,52.0,24.0,23.0,296.0
서울특별시교육청,서울특별시성동광진교육지원청,서울특별시 광진구,S010002169,서울구남초등학교,2,공립,N,,5.0,3.0,129.0,4.0,12.0,103.0,11.0,14.0,140.0,5.0,8.0,118.0,2.0,13.0,121.0,6.0,3.0,125.0,33.0,53.0,736.0
서울특별시교육청,서울특별시성동광진교육지원청,서울특별시 광진구,S010002170,서울구의초등학교,2,공립,N,,3.0,6.0,73.0,2.0,5.0,59.0,3.0,5.0,97.0,2.0,2.0,56.0,3.0,3.0,91.0,1.0,2.0,88.0,14.0,23.0,464.0
서울특별시교육청,서울특별시성동광진교육지원청,서울특별시 성동구,S010002171,서울금북초등학교,2,공립,N,,2.0,5.0,136.0,4.0,9.0,127.0,5.0,13.0,149.0,3.0,4.0,119.0,2.0,7.0,121.0,3.0,6.0,105.0,19.0,44.0,757.0
서울특별시교육청,서울특별시성동광진교육지원청,서울특별시 성동구,S010002172,서울금옥초등학교,2,공립,N,,1.0,5.0,48.0,2.0,1.0,43.0,5.0,3.0,46.0,1.0,6.0,35.0,1.0,4.0,44.0,0.0,6.0,49.0,10.0,25.0,265.0
서울특별시교육청,서울특별시성동광진교육지원청,서울특별시 성동구,S010002173,서울금호초등학교,2,공립,N,,1.0,6.0,114.0,4.0,13.0,95.0,6.0,10.0,92.0,1.0,8.0,87.0,0.0,5.0,54.0,2.0,5.0,103.0,14.0,47.0,545.0
서울특별시교육청,서울특별시성동광진교육지원청,서울특별시 성동구,S010002174,서울동명초등학교,2,공립,N,,0.0,2.0,44.0,4.0,1.0,40.0,2.0,7.0,54.0,3.0,5.0,66.0,0.0,0.0,46.0,0.0,2.0,60.0,9.0,17.0,310.0
서울특별시교육청,서울특별시성동광진교육지원청,서울특별시 광진구,S010002175,서울동의초등학교,2,공립,N,,3.0,11.0,119.0,1.0,11.0,139.0,3.0,8.0,132.0,1.0,12.0,134.0,5.0,12.0,127.0,3.0,2.0,142.0,16.0,56.0,793.0
서울특별시교육청,서울특별시성동광진교육지원청,서울특별시 광진구,S010002176,서울동자초등학교,2,공립,N,,7.0,1.0,174.0,9.0,21.0,189.0,6.0,20.0,215.0,9.0,12.0,196.0,8.0,10.0,206.0,2.0,10.0,165.0,41.0,74.0,1145.0
서울특별시교육청,서울특별시성동광진교육지원청,서울특별시 성동구,S010002177,서울무학초등학교,2,공립,N,,1.0,4.0,73.0,5.0,10.0,94.0,5.0,5.0,79.0,5.0,3.0,82.0,4.0,5.0,59.0,3.0,0.0,62.0,23.0,27.0,449.0
서울특별시교육청,서울특별시성동광진교육지원청,서울특별시 성동구,S010002178,서울사근초등학교,2,공립,N,,0.0,2.0,39.0,0.0,0.0,27.0,1.0,2.0,30.0,0.0,4.0,23.0,0.0,1.0,30.0,0.0,2.0,19.0,1.0,11.0,168.0
서울특별시교육청,서울특별시성동광진교육지원청,서울특별시 성동구,S010002179,서울성수초등학교,2,공립,N,,1.0,1.0,48.0,1.0,0.0,42.0,1.0,0.0,46.0,0.0,2.0,37.0,0.0,2.0,48.0,1.0,1.0,55.0,4.0,6.0,276.0
서울특별시교육청,서울특별시성동광진교육지원청,서울특별시 광진구,S010002180,서울성자초등학교,2,공립,N,,2.0,7.0,107.0,3.0,10.0,93.0,2.0,6.0,99.0,2.0,5.0,103.0,1.0,8.0,109.0,1.0,4.0,85.0,11.0,40.0,596.0
서울특별시교육청,서울특별시성동광진교육지원청,서울특별시 광진구,S010002181,서울신양초등학교,2,공립,N,,2.0,4.0,88.0,3.0,4.0,83.0,8.0,8.0,76.0,4.0,11.0,103.0,3.0,2.0,77.0,0.0,8.0,78.0,20.0,37.0,505.0
서울특별시교육청,서울특별시성동광진교육지원청,서울특별시 광진구,S010002182,서울신자초등학교,2,공립,N,,0.0,2.0,55.0,3.0,5.0,60.0,2.0,7.0,61.0,2.0,9.0,47.0,1.0,4.0,63.0,2.0,4.0,66.0,10.0,31.0,352.0
서울특별시교육청,서울특별시성동광진교육지원청,서울특별시 광진구,S010002183,서울양남초등학교,2,공립,N,,0.0,2.0,32.0,1.0,4.0,26.0,1.0,3.0,34.0,4.0,1.0,21.0,2.0,2.0,17.0,0.0,1.0,21.0,8.0,13.0,151.0
서울특별시교육청,서울특별시성동광진교육지원청,서울특별시 성동구,S010002184,서울옥수초등학교,2,공립,N,,2.0,12.0,102.0,7.0,8.0,95.0,3.0,16.0,92.0,2.0,4.0,87.0,2.0,8.0,81.0,4.0,5.0,75.0,20.0,53.0,532.0
서울특별시교육청,서울특별시성동광진교육지원청,서울특별시 성동구,S010002185,서울옥정초등학교,2,공립,N,,0.0,4.0,118.0,4.0,10.0,132.0,4.0,16.0,140.0,1.0,13.0,135.0,6.0,19.0,105.0,1.0,16.0,122.0,16.0,78.0,752.0
서울특별시교육청,서울특별시성동광진교육지원청,서울특별시 광진구,S010002186,서울용곡초등학교,2,공립,N,,2.0,6.0,81.0,4.0,7.0,61.0,1.0,4.0,82.0,4.0,4.0,93.0,4.0,4.0,65.0,1.0,3.0,80.0,16.0,28.0,462.0
서울특별시교육청,서울특별시성동광진교육지원청,서울특별시 성동구,S010002187,서울용답초등학교,2,공립,N,,0.0,2.0,38.0,0.0,4.0,31.0,1.0,3.0,50.0,1.0,4.0,49.0,0.0,3.0,45.0,0.0,2.0,35.0,2.0,18.0,248.0
서울특별시교육청,서울특별시성동광진교육지원청,서울특별시 광진구,S010002188,서울용마초등학교,2,공립,N,,4.0,12.0,158.0,3.0,17.0,181.0,1.0,17.0,192.0,9.0,20.0,203.0,3.0,13.0,219.0,2.0,11.0,173.0,22.0,90.0,1126.0
서울특별시교육청,서울특별시성동광진교육지원청,서울특별시 성동구,S010002189,서울응봉초등학교,2,공립,N,,4.0,6.0,112.0,7.0,9.0,112.0,2.0,9.0,131.0,7.0,5.0,137.0,7.0,13.0,155.0,6.0,3.0,130.0,33.0,45.0,777.0
서울특별시교육청,서울특별시성동광진교육지원청,서울특별시 광진구,S010002190,서울자양초등학교,2,공립,N,,1.0,3.0,85.0,3.0,2.0,68.0,4.0,2.0,85.0,5.0,5.0,87.0,4.0,2.0,71.0,7.0,5.0,62.0,24.0,19.0,458.0
서울특별시교육청,서울특별시성동광진교육지원청,서울특별시 광진구,S010002191,서울장안초등학교,2,공립,N,,0.0,6.0,103.0,3.0,10.0,65.0,1.0,9.0,106.0,3.0,4.0,74.0,6.0,4.0,94.0,1.0,3.0,78.0,14.0,36.0,520.0
서울특별시교육청,서울특별시성동광진교육지원청,서울특별시 광진구,S010002192,서울중광초등학교,2,공립,N,,2.0,2.0,37.0,1.0,6.0,41.0,1.0,4.0,49.0,2.0,3.0,40.0,2.0,2.0,37.0,1.0,1.0,36.0,9.0,18.0,240.0
서울특별시교육청,서울특별시성동광진교육지원청,서울특별시 광진구,S010002193,서울중마초등학교,2,공립,N,,1.0,7.0,64.0,5.0,3.0,46.0,2.0,9.0,89.0,1.0,11.0,87.0,1.0,7.0,70.0,0.0,6.0,78.0,10.0,43.0,434.0
서울특별시교육청,서울특별시성동광진교육지원청,서울특별시 성동구,S010002194,서울행당초등학교,2,공립,N,,6.0,3.0,134.0,7.0,8.0,119.0,5.0,8.0,130.0,2.0,12.0,114.0,4.0,3.0,105.0,4.0,3.0,97.0,28.0,37.0,699.0
서울특별시교육청,서울특별시성동광진교육지원청,서울특별시 광진구,S010002195,서울화양초등학교,2,공립,N,,0.0,0.0,7.0,0.0,3.0,16.0,0.0,1.0,22.0,0.0,4.0,26.0,1.0,2.0,19.0,0.0,2.0,27.0,1.0,12.0,117.0
서울특별시교육청,서울특별시성동광진교육지원청,서울특별시 광진구,S010002196,성동초등학교,2,사립,N,,4.0,5.0,123.0,5.0,9.0,121.0,2.0,3.0,122.0,6.0,6.0,116.0,1.0,3.0,113.0,0.0,1.0,77.0,18.0,27.0,672.0
서울특별시교육청,서울특별시성동광진교육지원청,서울특별시 광진구,S010002197,세종초등학교,2,사립,N,,1.0,1.0,62.0,2.0,1.0,61.0,5.0,4.0,62.0,2.0,4.0,61.0,4.0,3.0,60.0,1.0,1.0,60.0,15.0,14.0,366.0
서울특별시교육청,서울특별시성동광진교육지원청,서울특별시 성동구,S010002198,한양초등학교,2,사립,N,,6.0,2.0,114.0,6.0,3.0,115.0,11.0,4.0,112.0,7.0,5.0,112.0,7.0,5.0,107.0,1.0,3.0,78.0,38.0,22.0,638.0
서울특별시교육청,서울특별시성북강북교육지원청,서울특별시 성북구,S010002289,광운초등학교,2,사립,N,,1.0,0.0,112.0,12.0,8.0,112.0,0.0,1.0,112.0,0.0,5.0,95.0,0.0,6.0,91.0,1.0,0.0,88.0,14.0,20.0,610.0
서울특별시교육청,서울특별시성북강북교육지원청,서울특별시 성북구,S010002290,대광초등학교,2,사립,N,,2.0,2.0,85.0,2.0,2.0,86.0,1.0,1.0,85.0,7.0,7.0,72.0,2.0,2.0,79.0,1.0,1.0,60.0,15.0,15.0,467.0
서울특별시교육청,서울특별시성북강북교육지원청,서울특별시 성북구,S010002291,매원초등학교,2,사립,N,,3.0,1.0,86.0,3.0,5.0,84.0,4.0,7.0,84.0,2.0,3.0,81.0,3.0,4.0,78.0,1.0,1.0,67.0,16.0,21.0,480.0
서울특별시교육청,서울특별시성북강북교육지원청,서울특별시 성북구,S010002292,서울개운초등학교,2,공립,N,,1.0,4.0,95.0,6.0,8.0,113.0,5.0,9.0,129.0,5.0,9.0,135.0,6.0,6.0,135.0,7.0,7.0,133.0,30.0,43.0,740.0
서울특별시교육청,서울특별시성북강북교육지원청,서울특별시 성북구,S010002293,서울길음초등학교,2,공립,N,,7.0,5.0,156.0,8.0,13.0,197.0,17.0,17.0,186.0,5.0,17.0,255.0,10.0,12.0,244.0,4.0,8.0,249.0,51.0,72.0,1287.0
서울특별시교육청,서울특별시성북강북교육지원청,서울특별시 성북구,S010002294,서울돈암초등학교,2,공립,N,,2.0,5.0,119.0,3.0,12.0,141.0,5.0,11.0,145.0,4.0,10.0,156.0,3.0,7.0,189.0,1.0,10.0,181.0,18.0,55.0,931.0
서울특별시교육청,서울특별시성북강북교육지원청,서울특별시 성북구,S010002295,서울동신초등학교,2,공립,N,,1.0,2.0,61.0,1.0,5.0,66.0,3.0,7.0,76.0,3.0,6.0,79.0,1.0,2.0,67.0,1.0,2.0,62.0,10.0,24.0,411.0
서울특별시교육청,서울특별시성북강북교육지원청,서울특별시 성북구,S010002296,서울미아초등학교,2,공립,N,,4.0,6.0,180.0,13.0,8.0,200.0,9.0,11.0,192.0,13.0,12.0,203.0,14.0,9.0,191.0,5.0,4.0,186.0,58.0,50.0,1152.0
서울특별시교육청,서울특별시성북강북교육지원청,서울특별시 강북구,S010002297,서울미양초등학교,2,공립,N,,2.0,5.0,78.0,6.0,7.0,67.0,2.0,6.0,98.0,2.0,4.0,92.0,3.0,5.0,77.0,3.0,4.0,86.0,18.0,31.0,498.0
서울특별시교육청,서울특별시성북강북교육지원청,서울특별시 강북구,S010002298,서울번동초등학교,2,공립,N,,2.0,6.0,81.0,7.0,9.0,97.0,4.0,7.0,101.0,4.0,7.0,115.0,2.0,11.0,134.0,2.0,2.0,103.0,21.0,42.0,631.0
서울특별시교육청,서울특별시성북강북교육지원청,서울특별시 강북구,S010002299,서울삼각산초등학교,2,공립,N,,5.0,4.0,181.0,8.0,3.0,167.0,11.0,6.0,218.0,5.0,8.0,184.0,7.0,7.0,208.0,3.0,5.0,210.0,39.0,33.0,1168.0
서울특별시교육청,서울특별시성북강북교육지원청,서울특별시 성북구,S010002300,서울삼선초등학교,2,공립,N,,2.0,4.0,96.0,2.0,12.0,99.0,2.0,5.0,108.0,5.0,4.0,126.0,9.0,8.0,119.0,1.0,6.0,108.0,21.0,39.0,656.0
서울특별시교육청,서울특별시성북강북교육지원청,서울특별시 강북구,S010002301,서울삼양초등학교,2,공립,N,,2.0,3.0,73.0,1.0,6.0,73.0,4.0,6.0,75.0,4.0,5.0,86.0,1.0,4.0,73.0,1.0,14.0,88.0,13.0,38.0,468.0
서울특별시교육청,서울특별시성북강북교육지원청,서울특별시 성북구,S010002302,서울석관초등학교,2,공립,N,,3.0,6.0,115.0,3.0,5.0,91.0,4.0,9.0,118.0,5.0,7.0,101.0,1.0,6.0,102.0,0.0,3.0,113.0,16.0,36.0,640.0
서울특별시교육청,서울특별시성북강북교육지원청,서울특별시 성북구,S010002303,서울성북초등학교,2,공립,N,,2.0,3.0,33.0,3.0,4.0,29.0,6.0,6.0,51.0,3.0,2.0,42.0,2.0,1.0,42.0,3.0,2.0,39.0,19.0,18.0,236.0
서울특별시교육청,서울특별시성북강북교육지원청,서울특별시 강북구,S010002304,서울송중초등학교,2,공립,N,,6.0,11.0,127.0,8.0,8.0,123.0,7.0,7.0,116.0,7.0,7.0,126.0,2.0,4.0,128.0,7.0,3.0,126.0,37.0,40.0,746.0
서울특별시교육청,서울특별시성북강북교육지원청,서울특별시 강북구,S010002305,서울송천초등학교,2,공립,N,,2.0,7.0,87.0,7.0,3.0,96.0,4.0,6.0,98.0,3.0,9.0,91.0,2.0,5.0,87.0,3.0,6.0,77.0,21.0,36.0,536.0
서울특별시교육청,서울특별시성북강북교육지원청,서울특별시 강북구,S010002306,서울수송초등학교,2,공립,N,,4.0,2.0,76.0,7.0,8.0,113.0,5.0,11.0,111.0,4.0,9.0,126.0,3.0,6.0,122.0,1.0,6.0,128.0,24.0,42.0,676.0
서울특별시교육청,서울특별시성북강북교육지원청,서울특별시 강북구,S010002307,서울수유초등학교,2,공립,N,,4.0,11.0,106.0,4.0,6.0,109.0,11.0,7.0,116.0,5.0,2.0,121.0,10.0,5.0,125.0,4.0,2.0,113.0,38.0,33.0,690.0
서울특별시교육청,서울특별시성북강북교육지원청,서울특별시 성북구,S010002308,서울숭곡초등학교,2,공립,N,,3.0,10.0,87.0,3.0,12.0,83.0,5.0,5.0,86.0,2.0,2.0,68.0,8.0,9.0,67.0,1.0,6.0,79.0,22.0,44.0,470.0
서울특별시교육청,서울특별시성북강북교육지원청,서울특별시 성북구,S010002309,서울숭덕초등학교,2,공립,N,,9.0,9.0,193.0,11.0,15.0,179.0,10.0,12.0,217.0,9.0,6.0,195.0,8.0,14.0,203.0,3.0,9.0,205.0,50.0,65.0,1192.0
서울특별시교육청,서울특별시성북강북교육지원청,서울특별시 성북구,S010002310,서울숭례초등학교,2,공립,N,,1.0,4.0,128.0,7.0,6.0,103.0,7.0,15.0,157.0,5.0,7.0,109.0,2.0,7.0,122.0,3.0,3.0,126.0,25.0,42.0,745.0
서울특별시교육청,서울특별시성북강북교육지원청,서울특별시 성북구,S010002311,서울숭인초등학교,2,공립,N,,4.0,5.0,178.0,6.0,9.0,174.0,7.0,15.0,213.0,5.0,21.0,243.0,5.0,9.0,203.0,4.0,11.0,195.0,31.0,70.0,1206.0
서울특별시교육청,서울특별시성북강북교육지원청,서울특별시 성북구,S010002312,서울안암초등학교,2,공립,N,,0.0,0.0,41.0,2.0,4.0,32.0,3.0,0.0,32.0,1.0,3.0,44.0,0.0,2.0,33.0,4.0,1.0,40.0,10.0,10.0,222.0
서울특별시교육청,서울특별시성북강북교육지원청,서울특별시 강북구,S010002313,서울오현초등학교,2,공립,N,,3.0,5.0,52.0,4.0,2.0,57.0,4.0,2.0,53.0,4.0,3.0,53.0,3.0,2.0,69.0,0.0,0.0,77.0,18.0,14.0,361.0
서울특별시교육청,서울특별시성북강북교육지원청,서울특별시 강북구,S010002314,서울우이초등학교,2,공립,N,,4.0,5.0,163.0,5.0,15.0,179.0,7.0,12.0,191.0,4.0,11.0,186.0,7.0,15.0,200.0,10.0,6.0,186.0,37.0,64.0,1105.0
서울특별시교육청,서울특별시성북강북교육지원청,서울특별시 성북구,S010002315,서울월곡초등학교,2,공립,N,,3.0,2.0,62.0,2.0,9.0,58.0,0.0,4.0,68.0,5.0,3.0,67.0,0.0,5.0,90.0,4.0,3.0,74.0,14.0,26.0,419.0
서울특별시교육청,서울특별시성북강북교육지원청,서울특별시 강북구,S010002316,서울유현초등학교,2,공립,N,,0.0,0.0,48.0,3.0,1.0,56.0,0.0,2.0,59.0,0.0,4.0,72.0,1.0,5.0,67.0,0.0,1.0,68.0,4.0,13.0,370.0
서울특별시교육청,서울특별시성북강북교육지원청,서울특별시 강북구,S010002317,서울인수초등학교,2,공립,N,,5.0,9.0,92.0,3.0,11.0,108.0,7.0,12.0,146.0,9.0,7.0,142.0,4.0,11.0,110.0,5.0,5.0,133.0,33.0,55.0,731.0
서울특별시교육청,서울특별시성북강북교육지원청,서울특별시 성북구,S010002318,서울일신초등학교,2,공립,N,,1.0,1.0,125.0,6.0,9.0,133.0,4.0,11.0,135.0,7.0,4.0,138.0,11.0,5.0,149.0,2.0,2.0,130.0,31.0,32.0,810.0
서울특별시교육청,서울특별시성북강북교육지원청,서울특별시 성북구,S010002319,서울장곡초등학교,2,공립,N,,8.0,5.0,125.0,52.0,3.0,110.0,43.0,3.0,137.0,33.0,5.0,126.0,28.0,6.0,106.0,22.0,3.0,110.0,186.0,25.0,714.0
서울특별시교육청,서울특별시성북강북교육지원청,서울특별시 성북구,S010002320,서울장위초등학교,2,공립,N,,1.0,4.0,73.0,2.0,2.0,72.0,5.0,4.0,85.0,3.0,5.0,98.0,3.0,1.0,93.0,3.0,3.0,88.0,17.0,19.0,509.0
서울특별시교육청,서울특별시성북강북교육지원청,서울특별시 성북구,S010002321,서울정덕초등학교,2,공립,N,,4.0,6.0,175.0,5.0,10.0,158.0,9.0,14.0,202.0,3.0,15.0,155.0,3.0,13.0,190.0,5.0,2.0,183.0,29.0,60.0,1063.0
서울특별시교육청,서울특별시성북강북교육지원청,서울특별시 성북구,S010002322,서울정릉초등학교,2,공립,N,,1.0,5.0,117.0,4.0,13.0,120.0,2.0,11.0,105.0,4.0,15.0,134.0,2.0,11.0,142.0,0.0,2.0,110.0,13.0,57.0,728.0
서울특별시교육청,서울특별시성북강북교육지원청,서울특별시 성북구,S010002323,서울정수초등학교,2,공립,N,,1.0,2.0,48.0,0.0,4.0,22.0,0.0,3.0,35.0,4.0,1.0,44.0,1.0,2.0,52.0,0.0,1.0,32.0,6.0,13.0,233.0
서울특별시교육청,서울특별시성북강북교육지원청,서울특별시 성북구,S010002324,서울청덕초등학교,2,공립,N,,1.0,1.0,45.0,1.0,5.0,54.0,4.0,3.0,74.0,4.0,7.0,66.0,2.0,1.0,72.0,3.0,5.0,65.0,15.0,22.0,376.0
서울특별시교육청,서울특별시성북강북교육지원청,서울특별시 강북구,S010002325,서울화계초등학교,2,공립,N,,1.0,11.0,110.0,3.0,12.0,120.0,1.0,4.0,119.0,4.0,9.0,134.0,4.0,7.0,130.0,1.0,9.0,138.0,14.0,52.0,751.0
서울특별시교육청,서울특별시성북강북교육지원청,서울특별시 성북구,S010002326,성신초등학교,2,사립,N,,4.0,3.0,84.0,5.0,4.0,87.0,3.0,4.0,84.0,5.0,7.0,80.0,1.0,3.0,61.0,0.0,1.0,58.0,18.0,22.0,454.0
서울특별시교육청,서울특별시성북강북교육지원청,서울특별시 강북구,S010002327,영훈초등학교,2,사립,N,,3.0,3.0,115.0,5.0,2.0,113.0,6.0,5.0,116.0,2.0,5.0,113.0,8.0,3.0,112.0,2.0,3.0,112.0,26.0,21.0,681.0
서울특별시교육청,서울특별시성북강북교육지원청,서울특별시 성북구,S010002328,우촌초등학교,2,사립,N,,6.0,6.0,115.0,11.0,0.0,110.0,10.0,0.0,94.0,0.0,0.0,65.0,4.0,0.0,74.0,2.0,0.0,63.0,33.0,6.0,521.0
서울특별시교육청,서울특별시강남서초교육지원청,서울특별시 서초구,S010002365,계성초등학교,2,사립,N,,4.0,0.0,115.0,4.0,0.0,116.0,3.0,2.0,120.0,2.0,0.0,120.0,7.0,3.0,120.0,0.0,1.0,116.0,20.0,6.0,707.0
서울특별시교육청,서울특별시중부교육지원청,서울특별시 중구,S010002366,동산초등학교,2,사립,N,,2.0,2.0,90.0,6.0,5.0,98.0,7.0,8.0,96.0,6.0,6.0,96.0,4.0,5.0,96.0,0.0,1.0,70.0,25.0,27.0,546.0
서울특별시교육청,서울특별시중부교육지원청,서울특별시 중구,S010002367,리라초등학교,2,사립,N,,3.0,2.0,84.0,9.0,3.0,84.0,6.0,4.0,85.0,5.0,3.0,84.0,0.0,3.0,64.0,1.0,2.0,87.0,24.0,17.0,488.0
서울특별시교육청,서울특별시중부교육지원청,서울특별시 종로구,S010002368,상명대학교사범대학부속초등학교,2,사립,N,,6.0,3.0,62.0,3.0,2.0,61.0,5.0,3.0,57.0,5.0,3.0,49.0,3.0,2.0,46.0,1.0,0.0,49.0,23.0,13.0,324.0
서울특별시교육청,서울특별시중부교육지원청,서울특별시 중구,S010002369,서울광희초등학교,2,공립,N,,1.0,7.0,43.0,1.0,5.0,45.0,3.0,3.0,46.0,0.0,5.0,48.0,2.0,4.0,40.0,1.0,2.0,42.0,8.0,26.0,264.0
서울특별시교육청,서울특별시중부교육지원청,서울특별시 종로구,S010002370,서울교동초등학교,2,공립,N,,1.0,2.0,31.0,0.0,3.0,19.0,2.0,4.0,40.0,2.0,2.0,29.0,0.0,2.0,33.0,0.0,1.0,26.0,5.0,14.0,178.0
서울특별시교육청,서울특별시중부교육지원청,서울특별시 용산구,S010002371,서울금양초등학교,2,공립,N,,4.0,9.0,120.0,3.0,7.0,121.0,3.0,11.0,108.0,2.0,17.0,112.0,1.0,6.0,132.0,0.0,2.0,125.0,13.0,52.0,718.0
서울특별시교육청,서울특별시중부교육지원청,서울특별시 중구,S010002372,서울남산초등학교,2,공립,N,,0.0,3.0,51.0,0.0,0.0,35.0,1.0,7.0,40.0,1.0,3.0,28.0,3.0,0.0,25.0,0.0,3.0,19.0,5.0,16.0,198.0
서울특별시교육청,서울특별시중부교육지원청,서울특별시 용산구,S010002373,서울남정초등학교,2,공립,N,,0.0,4.0,63.0,1.0,6.0,44.0,3.0,8.0,58.0,7.0,8.0,63.0,2.0,7.0,61.0,0.0,2.0,83.0,13.0,35.0,372.0
서울특별시교육청,서울특별시중부교육지원청,서울특별시 중구,S010002375,서울덕수초등학교,2,공립,N,,0.0,0.0,78.0,7.0,7.0,102.0,9.0,9.0,85.0,2.0,2.0,68.0,4.0,4.0,70.0,3.0,3.0,80.0,25.0,25.0,483.0
서울특별시교육청,서울특별시중부교육지원청,서울특별시 종로구,S010002376,서울독립문초등학교,2,공립,N,,3.0,6.0,74.0,4.0,5.0,78.0,5.0,11.0,82.0,8.0,11.0,89.0,5.0,3.0,73.0,1.0,7.0,91.0,26.0,43.0,487.0
서울특별시교육청,서울특별시중부교육지원청,서울특별시 종로구,S010002377,서울매동초등학교,2,공립,N,,2.0,0.0,27.0,3.0,1.0,25.0,2.0,2.0,42.0,2.0,1.0,31.0,0.0,1.0,42.0,1.0,0.0,25.0,10.0,5.0,192.0
서울특별시교육청,서울특별시중부교육지원청,서울특별시 종로구,S010002378,서울명신초등학교,2,공립,N,,3.0,1.0,61.0,3.0,2.0,54.0,2.0,12.0,73.0,2.0,11.0,36.0,2.0,4.0,50.0,1.0,8.0,62.0,13.0,38.0,336.0
서울특별시교육청,서울특별시중부교육지원청,서울특별시 용산구,S010002379,서울보광초등학교,2,공립,N,,0.0,2.0,46.0,1.0,2.0,41.0,0.0,0.0,46.0,3.0,2.0,50.0,0.0,5.0,45.0,0.0,2.0,50.0,4.0,13.0,278.0
서울특별시교육청,서울특별시중부교육지원청,서울특별시 중구,S010002380,서울봉래초등학교,2,공립,N,,0.0,8.0,61.0,2.0,4.0,73.0,2.0,8.0,87.0,4.0,5.0,62.0,4.0,4.0,68.0,2.0,3.0,52.0,14.0,32.0,403.0
서울특별시교육청,서울특별시중부교육지원청,서울특별시 용산구,S010002381,서울삼광초등학교,2,공립,N,,0.0,3.0,67.0,2.0,3.0,74.0,3.0,2.0,71.0,1.0,3.0,74.0,2.0,3.0,65.0,1.0,2.0,62.0,9.0,16.0,413.0
서울특별시교육청,서울특별시중부교육지원청,서울특별시 용산구,S010002382,서울서빙고초등학교,2,공립,N,,3.0,8.0,51.0,7.0,8.0,65.0,14.0,13.0,75.0,13.0,7.0,70.0,13.0,8.0,87.0,13.0,7.0,76.0,63.0,51.0,424.0
서울특별시교육청,서울특별시중부교육지원청,서울특별시 종로구,S010002383,서울세검정초등학교,2,공립,N,,9.0,3.0,144.0,13.0,11.0,116.0,9.0,11.0,158.0,4.0,9.0,129.0,11.0,8.0,175.0,5.0,6.0,132.0,51.0,48.0,854.0
서울특별시교육청,서울특별시성동광진교육지원청,서울특별시 성동구,S010002384,서울숭신초등학교,2,공립,N,,10.0,6.0,172.0,6.0,19.0,163.0,10.0,16.0,150.0,8.0,9.0,128.0,13.0,6.0,121.0,1.0,10.0,108.0,48.0,66.0,842.0
서울특별시교육청,서울특별시중부교육지원청,서울특별시 용산구,S010002385,서울신용산초등학교,2,공립,N,,8.0,16.0,273.0,7.0,21.0,247.0,10.0,27.0,300.0,12.0,24.0,252.0,10.0,19.0,252.0,5.0,10.0,248.0,52.0,117.0,1572.0
서울특별시교육청,서울특별시중부교육지원청,서울특별시 용산구,S010002386,서울용산초등학교,2,공립,N,,0.0,5.0,79.0,4.0,9.0,45.0,6.0,8.0,65.0,3.0,2.0,49.0,5.0,3.0,47.0,4.0,2.0,46.0,22.0,29.0,331.0
서울특별시교육청,서울특별시중부교육지원청,서울특별시 용산구,S010002387,서울용암초등학교,2,공립,N,,0.0,0.0,22.0,0.0,6.0,19.0,0.0,5.0,18.0,0.0,2.0,31.0,0.0,0.0,21.0,0.0,0.0,16.0,0.0,13.0,127.0
서울특별시교육청,서울특별시중부교육지원청,서울특별시 용산구,S010002388,서울원효초등학교,2,공립,N,,0.0,4.0,81.0,4.0,9.0,97.0,6.0,13.0,93.0,7.0,9.0,113.0,3.0,11.0,103.0,2.0,7.0,85.0,22.0,53.0,572.0
서울특별시교육청,서울특별시중부교육지원청,서울특별시 용산구,S010002389,서울이태원초등학교,2,공립,N,,3.0,1.0,36.0,1.0,5.0,41.0,2.0,7.0,46.0,3.0,4.0,49.0,4.0,4.0,43.0,0.0,2.0,40.0,13.0,23.0,255.0
서울특별시교육청,서울특별시중부교육지원청,서울특별시 중구,S010002390,서울장충초등학교,2,공립,N,,4.0,8.0,49.0,3.0,7.0,50.0,3.0,5.0,73.0,1.0,6.0,68.0,0.0,3.0,61.0,1.0,5.0,74.0,12.0,34.0,375.0
서울특별시교육청,서울특별시중부교육지원청,서울특별시 종로구,S010002391,서울재동초등학교,2,공립,N,,1.0,1.0,26.0,4.0,3.0,33.0,2.0,1.0,34.0,3.0,1.0,48.0,4.0,1.0,37.0,0.0,0.0,33.0,14.0,7.0,211.0
서울특별시교육청,서울특별시중부교육지원청,서울특별시 종로구,S010002392,서울창신초등학교,2,공립,N,,3.0,3.0,55.0,4.0,4.0,55.0,3.0,6.0,72.0,2.0,3.0,82.0,0.0,7.0,90.0,3.0,4.0,70.0,15.0,27.0,424.0
서울특별시교육청,서울특별시중부교육지원청,서울특별시 중구,S010002393,서울청구초등학교,2,공립,N,,1.0,7.0,93.0,3.0,12.0,97.0,2.0,14.0,117.0,3.0,12.0,105.0,3.0,5.0,104.0,1.0,5.0,81.0,13.0,55.0,597.0
서울특별시교육청,서울특별시중부교육지원청,서울특별시 종로구,S010002394,서울청운초등학교,2,공립,N,,2.0,3.0,74.0,3.0,7.0,77.0,2.0,8.0,89.0,3.0,5.0,82.0,1.0,8.0,96.0,2.0,2.0,104.0,13.0,33.0,522.0
서울특별시교육청,서울특별시중부교육지원청,서울특별시 용산구,S010002395,서울청파초등학교,2,공립,N,,3.0,4.0,67.0,1.0,4.0,62.0,2.0,4.0,68.0,2.0,4.0,59.0,1.0,1.0,62.0,1.0,4.0,66.0,10.0,21.0,384.0
서울특별시교육청,서울특별시중부교육지원청,서울특별시 중구,S010002396,서울충무초등학교,2,공립,N,,0.0,5.0,34.0,1.0,1.0,28.0,2.0,3.0,40.0,1.0,4.0,33.0,0.0,1.0,36.0,0.0,5.0,34.0,4.0,19.0,205.0
서울특별시교육청,서울특별시중부교육지원청,서울특별시 용산구,S010002397,서울한강초등학교,2,공립,N,,2.0,2.0,50.0,1.0,0.0,38.0,5.0,7.0,33.0,3.0,6.0,46.0,2.0,1.0,41.0,5.0,2.0,42.0,18.0,18.0,250.0
서울특별시교육청,서울특별시중부교육지원청,서울특별시 용산구,S010002398,서울한남초등학교,2,공립,N,,3.0,3.0,48.0,0.0,3.0,41.0,1.0,8.0,52.0,3.0,5.0,48.0,2.0,4.0,46.0,6.0,4.0,44.0,15.0,27.0,279.0
서울특별시교육청,서울특별시중부교육지원청,서울특별시 종로구,S010002399,서울혜화초등학교,2,공립,N,,4.0,1.0,93.0,2.0,5.0,78.0,4.0,3.0,91.0,3.0,7.0,99.0,4.0,2.0,110.0,2.0,3.0,88.0,19.0,21.0,559.0
서울특별시교육청,서울특별시중부교육지원청,서울특별시 종로구,S010002400,서울효제초등학교,2,공립,N,,2.0,1.0,23.0,1.0,1.0,26.0,3.0,2.0,37.0,6.0,4.0,31.0,3.0,1.0,38.0,0.0,2.0,44.0,15.0,11.0,199.0
서울특별시교육청,서울특별시중부교육지원청,서울특별시 용산구,S010002401,서울후암초등학교,2,공립,N,,0.0,1.0,39.0,3.0,5.0,53.0,4.0,4.0,54.0,2.0,6.0,52.0,6.0,3.0,56.0,1.0,2.0,58.0,16.0,21.0,312.0
서울특별시교육청,서울특별시중부교육지원청,서울특별시 중구,S010002402,서울흥인초등학교,2,공립,N,,1.0,5.0,61.0,2.0,6.0,79.0,2.0,2.0,52.0,1.0,3.0,71.0,0.0,5.0,56.0,0.0,2.0,58.0,6.0,23.0,377.0
서울특별시교육청,서울특별시중부교육지원청,서울특별시 중구,S010002403,숭의초등학교,2,사립,N,,6.0,2.0,90.0,5.0,3.0,96.0,5.0,7.0,96.0,3.0,4.0,88.0,2.0,3.0,95.0,1.0,6.0,89.0,22.0,25.0,554.0
서울특별시교육청,서울특별시중부교육지원청,서울특별시 용산구,S010002404,신광초등학교,2,사립,N,,6.0,5.0,65.0,6.0,6.0,64.0,5.0,6.0,63.0,5.0,4.0,64.0,3.0,6.0,60.0,0.0,0.0,53.0,25.0,27.0,369.0
서울특별시교육청,서울특별시중부교육지원청,서울특별시 종로구,S010002405,운현초등학교,2,사립,N,,3.0,2.0,30.0,5.0,5.0,30.0,2.0,2.0,30.0,6.0,3.0,25.0,2.0,0.0,29.0,2.0,2.0,21.0,20.0,14.0,165.0
서울특별시교육청,서울특별시강서양천교육지원청,서울특별시 양천구,S010002495,서울신기초등학교,2,공립,N,,2.0,4.0,69.0,3.0,6.0,69.0,3.0,9.0,90.0,1.0,10.0,85.0,1.0,7.0,74.0,1.0,6.0,77.0,11.0,42.0,464.0
서울특별시교육청,서울특별시남부교육지원청,서울특별시 금천구,S010005177,서울금동초등학교,2,공립,N,,2.0,6.0,116.0,7.0,13.0,118.0,4.0,8.0,149.0,8.0,14.0,131.0,10.0,12.0,149.0,4.0,8.0,132.0,35.0,61.0,795.0
서울특별시교육청,서울특별시북부교육지원청,서울특별시 노원구,S010005178,서울덕암초등학교,2,공립,N,,3.0,4.0,93.0,1.0,4.0,83.0,2.0,6.0,91.0,3.0,6.0,99.0,4.0,8.0,88.0,6.0,3.0,92.0,19.0,31.0,546.0
서울특별시교육청,서울특별시동작관악교육지원청,서울특별시 관악구,S010005179,서울봉현초등학교,2,공립,N,,0.0,14.0,148.0,5.0,15.0,136.0,5.0,9.0,126.0,5.0,14.0,145.0,1.0,11.0,158.0,4.0,13.0,144.0,20.0,76.0,857.0
서울특별시교육청,서울특별시성동광진교육지원청,서울특별시 광진구,S010005203,서울광진초등학교,2,공립,N,,2.0,3.0,100.0,8.0,8.0,99.0,7.0,11.0,91.0,8.0,4.0,96.0,7.0,11.0,95.0,9.0,3.0,94.0,41.0,40.0,575.0
서울특별시교육청,서울특별시서부교육지원청,서울특별시 은평구,S010005213,서울연광초등학교,2,공립,N,,1.0,2.0,34.0,1.0,5.0,27.0,4.0,6.0,56.0,3.0,6.0,40.0,3.0,5.0,59.0,1.0,2.0,30.0,13.0,26.0,246.0
서울특별시교육청,서울특별시남부교육지원청,서울특별시 구로구,S010005214,서울고원초등학교,2,공립,N,,4.0,7.0,109.0,11.0,6.0,103.0,4.0,8.0,106.0,2.0,13.0,108.0,2.0,5.0,106.0,3.0,6.0,104.0,26.0,45.0,636.0
서울특별시교육청,서울특별시북부교육지원청,서울특별시 도봉구,S010005215,서울가인초등학교,2,공립,N,,1.0,3.0,77.0,2.0,3.0,66.0,4.0,4.0,75.0,0.0,3.0,67.0,2.0,3.0,84.0,0.0,2.0,60.0,9.0,18.0,429.0
서울특별시교육청,서울특별시동부교육지원청,서울특별시 중랑구,S010005236,서울묵현초등학교,2,공립,N,,6.0,13.0,103.0,4.0,9.0,80.0,0.0,5.0,88.0,1.0,10.0,89.0,3.0,4.0,95.0,2.0,3.0,82.0,16.0,44.0,537.0
서울특별시교육청,서울특별시성동광진교육지원청,서울특별시 광진구,S010005241,서울양진초등학교,2,공립,N,,4.0,6.0,207.0,14.0,15.0,264.0,23.0,20.0,257.0,17.0,16.0,267.0,9.0,12.0,273.0,9.0,12.0,241.0,76.0,81.0,1509.0
서울특별시교육청,서울특별시성동광진교육지원청,서울특별시 성동구,S010005244,서울마장초등학교,2,공립,N,,0.0,3.0,74.0,1.0,6.0,77.0,2.0,5.0,86.0,2.0,3.0,80.0,0.0,4.0,85.0,1.0,3.0,91.0,6.0,24.0,493.0
서울특별시교육청,서울특별시서부교육지원청,서울특별시 은평구,S010005247,서울서신초등학교,2,공립,N,,2.0,2.0,65.0,7.0,8.0,80.0,3.0,5.0,85.0,2.0,9.0,82.0,3.0,6.0,104.0,1.0,1.0,97.0,18.0,31.0,513.0
서울특별시교육청,서울특별시성북강북교육지원청,서울특별시 성북구,S010005249,서울석계초등학교,2,공립,N,,1.0,4.0,90.0,2.0,3.0,89.0,2.0,6.0,82.0,0.0,5.0,101.0,1.0,4.0,86.0,1.0,7.0,79.0,7.0,29.0,527.0
서울특별시교육청,서울특별시동작관악교육지원청,서울특별시 동작구,S010005251,서울보라매초등학교,2,공립,N,,4.0,8.0,255.0,8.0,18.0,203.0,18.0,22.0,251.0,18.0,14.0,244.0,10.0,20.0,279.0,4.0,13.0,224.0,62.0,95.0,1456.0
서울특별시교육청,서울특별시강서양천교육지원청,서울특별시 강서구,S010005253,서울염경초등학교,2,공립,N,,2.0,7.0,147.0,6.0,9.0,164.0,5.0,20.0,158.0,9.0,13.0,160.0,11.0,14.0,173.0,6.0,9.0,150.0,39.0,72.0,952.0
서울특별시교육청,서울특별시남부교육지원청,서울특별시 영등포구,S010005254,서울영문초등학교,2,공립,N,,5.0,5.0,188.0,9.0,10.0,211.0,13.0,12.0,192.0,7.0,12.0,156.0,7.0,12.0,162.0,4.0,7.0,145.0,45.0,58.0,1054.0
서울특별시교육청,서울특별시동작관악교육지원청,서울특별시 관악구,S010005257,서울조원초등학교,2,공립,N,,1.0,3.0,72.0,2.0,2.0,65.0,3.0,7.0,80.0,2.0,7.0,69.0,2.0,11.0,95.0,0.0,4.0,70.0,10.0,34.0,451.0
서울특별시교육청,서울특별시강서양천교육지원청,서울특별시 강서구,S010005259,서울화일초등학교,2,공립,N,,5.0,2.0,101.0,1.0,15.0,130.0,2.0,20.0,144.0,2.0,12.0,114.0,5.0,13.0,132.0,1.0,8.0,100.0,16.0,70.0,721.0
서울특별시교육청,서울특별시성동광진교육지원청,서울특별시 성동구,S010005269,서울행현초등학교,2,공립,N,,3.0,6.0,108.0,5.0,7.0,107.0,3.0,13.0,102.0,5.0,10.0,130.0,1.0,13.0,114.0,2.0,11.0,105.0,19.0,60.0,666.0
서울특별시교육청,서울특별시성북강북교육지원청,서울특별시 성북구,S010005272,서울길원초등학교,2,공립,N,,6.0,8.0,204.0,7.0,15.0,206.0,16.0,16.0,214.0,24.0,17.0,246.0,9.0,12.0,183.0,12.0,14.0,189.0,74.0,82.0,1242.0
서울특별시교육청,서울특별시강서양천교육지원청,서울특별시 양천구,S010005280,서울장수초등학교,2,공립,N,,3.0,5.0,55.0,3.0,3.0,61.0,3.0,7.0,72.0,8.0,2.0,80.0,8.0,4.0,86.0,4.0,2.0,82.0,29.0,23.0,436.0
서울특별시교육청,서울특별시성북강북교육지원청,서울특별시 성북구,S010005282,서울장월초등학교,2,공립,N,,5.0,4.0,106.0,9.0,8.0,104.0,12.0,7.0,114.0,11.0,3.0,106.0,2.0,4.0,81.0,7.0,2.0,76.0,46.0,28.0,587.0
서울특별시교육청,서울특별시동부교육지원청,서울특별시 동대문구,S010005283,서울휘봉초등학교,2,공립,N,,3.0,7.0,108.0,3.0,6.0,120.0,6.0,7.0,135.0,7.0,4.0,126.0,6.0,2.0,127.0,5.0,5.0,117.0,30.0,31.0,733.0
서울특별시교육청,서울특별시서부교육지원청,서울특별시 마포구,S010005370,서울상지초등학교,2,공립,N,,4.0,6.0,102.0,7.0,9.0,108.0,11.0,4.0,111.0,5.0,9.0,122.0,8.0,13.0,109.0,6.0,3.0,109.0,41.0,44.0,661.0
서울특별시교육청,서울특별시남부교육지원청,서울특별시 영등포구,S010005372,서울선유초등학교,2,공립,N,,1.0,4.0,50.0,3.0,5.0,63.0,2.0,4.0,71.0,1.0,1.0,54.0,1.0,1.0,62.0,1.0,1.0,51.0,9.0,16.0,351.0
서울특별시교육청,서울특별시중부교육지원청,서울특별시 중구,S010005374,서울신당초등학교,2,공립,N,,0.0,1.0,52.0,1.0,0.0,79.0,0.0,2.0,44.0,3.0,4.0,56.0,0.0,4.0,44.0,0.0,1.0,43.0,4.0,12.0,318.0
서울특별시교육청,서울특별시강동송파교육지원청,서울특별시 송파구,S010005384,서울버들초등학교,2,공립,N,,4.0,7.0,170.0,9.0,11.0,178.0,13.0,14.0,187.0,7.0,10.0,170.0,9.0,12.0,217.0,9.0,6.0,185.0,51.0,60.0,1107.0
서울특별시교육청,서울특별시강동송파교육지원청,서울특별시 송파구,S010005386,서울문현초등학교,2,공립,N,,6.0,14.0,163.0,12.0,16.0,127.0,8.0,21.0,163.0,10.0,17.0,144.0,10.0,11.0,128.0,6.0,9.0,124.0,52.0,88.0,849.0
서울특별시교육청,서울특별시동작관악교육지원청,서울특별시 동작구,S010005387,서울삼일초등학교,2,공립,N,,10.0,10.0,208.0,8.0,14.0,178.0,11.0,14.0,199.0,6.0,18.0,151.0,5.0,13.0,159.0,4.0,4.0,115.0,44.0,73.0,1010.0
서울특별시교육청,서울특별시강남서초교육지원청,서울특별시 서초구,S010005495,서울매헌초등학교,2,공립,N,,5.0,5.0,76.0,3.0,9.0,98.0,8.0,9.0,89.0,0.0,9.0,92.0,7.0,4.0,101.0,1.0,4.0,96.0,24.0,40.0,552.0
서울특별시교육청,서울특별시강서양천교육지원청,서울특별시 강서구,S010005496,서울수명초등학교,2,공립,N,,7.0,4.0,137.0,6.0,18.0,174.0,10.0,16.0,188.0,9.0,18.0,190.0,4.0,18.0,166.0,5.0,17.0,187.0,41.0,91.0,1042.0
서울특별시교육청,서울특별시서부교육지원청,서울특별시 은평구,S010005502,서울은명초등학교,2,공립,N,,7.0,6.0,168.0,4.0,13.0,222.0,15.0,9.0,214.0,10.0,7.0,190.0,11.0,13.0,215.0,4.0,6.0,193.0,51.0,54.0,1202.0
서울특별시교육청,서울특별시강동송파교육지원청,서울특별시 송파구,S010005503,서울개롱초등학교,2,공립,N,,3.0,3.0,63.0,4.0,4.0,57.0,3.0,6.0,78.0,1.0,5.0,72.0,3.0,6.0,59.0,3.0,1.0,73.0,17.0,25.0,402.0
서울특별시교육청,서울특별시강동송파교육지원청,서울특별시 송파구,S010005504,서울잠현초등학교,2,공립,N,,6.0,5.0,163.0,2.0,11.0,157.0,4.0,10.0,190.0,4.0,20.0,139.0,5.0,10.0,153.0,2.0,8.0,111.0,23.0,64.0,913.0
서울특별시교육청,서울특별시서부교육지원청,서울특별시 은평구,S010005505,서울진관초등학교,2,공립,N,,2.0,4.0,132.0,9.0,15.0,160.0,17.0,19.0,171.0,8.0,14.0,165.0,12.0,12.0,171.0,3.0,3.0,165.0,51.0,67.0,964.0
서울특별시교육청,서울특별시강서양천교육지원청,서울특별시 양천구,S010005507,서울목운초등학교,2,공립,N,,9.0,7.0,233.0,15.0,19.0,275.0,23.0,9.0,280.0,22.0,14.0,268.0,30.0,15.0,334.0,20.0,11.0,301.0,119.0,75.0,1691.0
서울특별시교육청,서울특별시성동광진교육지원청,서울특별시 성동구,S010005513,서울송원초등학교,2,공립,N,,0.0,1.0,51.0,3.0,9.0,50.0,3.0,4.0,46.0,1.0,7.0,38.0,3.0,7.0,52.0,1.0,3.0,32.0,11.0,31.0,269.0
서울특별시교육청,서울특별시강동송파교육지원청,서울특별시 강동구,S010005527,서울강명초등학교,2,공립,N,,0.0,0.0,88.0,0.0,0.0,106.0,0.0,0.0,142.0,0.0,0.0,148.0,0.0,0.0,235.0,0.0,7.0,248.0,0.0,7.0,967.0
서울특별시교육청,서울특별시강서양천교육지원청,서울특별시 강서구,S010005546,서울등마초등학교,2,공립,N,,1.0,6.0,141.0,3.0,10.0,121.0,6.0,9.0,149.0,6.0,10.0,137.0,2.0,6.0,128.0,8.0,3.0,143.0,26.0,44.0,819.0
서울특별시교육청,서울특별시강서양천교육지원청,서울특별시 양천구,S010005548,서울신은초등학교,2,공립,N,,7.0,7.0,87.0,4.0,1.0,89.0,10.0,15.0,129.0,3.0,15.0,145.0,9.0,21.0,209.0,5.0,12.0,177.0,38.0,71.0,836.0
서울특별시교육청,서울특별시강남서초교육지원청,서울특별시 서초구,S010005549,서울우면초등학교,2,공립,N,,4.0,7.0,120.0,8.0,18.0,142.0,4.0,31.0,231.0,6.0,32.0,269.0,7.0,26.0,221.0,6.0,23.0,206.0,35.0,137.0,1189.0
서울특별시교육청,서울특별시성동광진교육지원청,서울특별시 성동구,S010005551,서울동호초등학교,2,공립,N,,2.0,8.0,89.0,6.0,13.0,80.0,5.0,15.0,82.0,2.0,8.0,73.0,3.0,17.0,74.0,2.0,8.0,46.0,20.0,69.0,444.0
서울특별시교육청,서울특별시남부교육지원청,서울특별시 구로구,S010005553,서울천왕초등학교,2,공립,N,,0.0,0.0,99.0,5.0,12.0,133.0,9.0,13.0,125.0,7.0,20.0,223.0,2.0,17.0,268.0,3.0,10.0,201.0,26.0,72.0,1049.0
서울특별시교육청,서울특별시서부교육지원청,서울특별시 마포구,S010005555,서울하늘초등학교,2,공립,N,,7.0,5.0,63.0,9.0,10.0,72.0,6.0,16.0,109.0,8.0,14.0,132.0,9.0,18.0,170.0,4.0,7.0,193.0,43.0,70.0,739.0
서울특별시교육청,서울특별시서부교육지원청,서울특별시 은평구,S010005557,서울은빛초등학교,2,공립,N,,1.0,6.0,93.0,7.0,2.0,83.0,6.0,11.0,155.0,6.0,14.0,155.0,3.0,6.0,174.0,4.0,9.0,218.0,27.0,48.0,878.0
서울특별시교육청,서울특별시서부교육지원청,서울특별시 은평구,S010005559,서울수리초등학교,2,공립,N,,0.0,5.0,72.0,5.0,7.0,68.0,5.0,13.0,86.0,2.0,6.0,72.0,5.0,2.0,75.0,1.0,8.0,63.0,18.0,41.0,436.0
서울특별시교육청,서울특별시동작관악교육지원청,서울특별시 동작구,S010005567,서울상현초등학교,2,공립,N,,0.0,9.0,150.0,10.0,23.0,160.0,6.0,30.0,135.0,4.0,14.0,134.0,6.0,17.0,153.0,3.0,12.0,129.0,29.0,105.0,861.0
서울특별시교육청,서울특별시서부교육지원청,서울특별시 은평구,S010005577,서울구현초등학교,2,공립,N,,1.0,7.0,107.0,5.0,7.0,86.0,1.0,10.0,85.0,4.0,7.0,115.0,1.0,9.0,99.0,4.0,2.0,104.0,16.0,42.0,596.0
서울특별시교육청,서울특별시서부교육지원청,서울특별시 은평구,S010005581,서울은진초등학교,2,공립,N,,2.0,3.0,90.0,4.0,8.0,118.0,9.0,13.0,121.0,7.0,18.0,140.0,1.0,13.0,109.0,7.0,15.0,130.0,30.0,70.0,708.0
서울특별시교육청,서울특별시서부교육지원청,서울특별시 서대문구,S010005597,서울가재울초등학교,2,공립,N,,8.0,10.0,309.0,9.0,21.0,289.0,12.0,21.0,321.0,4.0,13.0,254.0,4.0,17.0,264.0,6.0,17.0,261.0,43.0,99.0,1698.0
서울특별시교육청,서울특별시강동송파교육지원청,서울특별시 송파구,S010005599,서울위례솔초등학교,2,공립,N,,0.0,0.0,0.0,0.0,0.0,0.0,0.0,0.0,0.0,0.0,0.0,0.0,0.0,0.0,0.0,0.0,0.0,0.0,0.0,0.0,0.0
서울특별시교육청,서울특별시강동송파교육지원청,서울특별시 강동구,S010005600,서울고현초등학교,2,공립,N,,6.0,5.0,241.0,4.0,11.0,253.0,17.0,5.0,212.0,10.0,4.0,177.0,12.0,6.0,159.0,7.0,2.0,152.0,56.0,33.0,1194.0
서울특별시교육청,서울특별시서부교육지원청,서울특별시 은평구,S010005601,서울어울초등학교,2,공립,N,,2.0,3.0,107.0,3.0,8.0,99.0,3.0,8.0,88.0,1.0,5.0,56.0,4.0,4.0,55.0,1.0,3.0,39.0,14.0,31.0,444.0
서울특별시교육청,서울특별시동부교육지원청,서울특별시 중랑구,S010005606,서울새솔초등학교,2,공립,N,,3.0,13.0,143.0,5.0,18.0,223.0,7.0,32.0,194.0,1.0,18.0,222.0,6.0,14.0,111.0,0.0,11.0,138.0,22.0,106.0,1031.0
서울특별시교육청,서울특별시강남서초교육지원청,서울특별시 강남구,S010005828,서울율현초등학교,2,공립,N,,2.0,16.0,185.0,5.0,22.0,202.0,5.0,19.0,203.0,7.0,20.0,188.0,4.0,6.0,129.0,2.0,7.0,129.0,25.0,90.0,1036.0
서울특별시교육청,서울특별시강남서초교육지원청,서울특별시 서초구,S010005830,서울우솔초등학교,2,공립,N,,3.0,12.0,99.0,2.0,12.0,104.0,4.0,20.0,134.0,1.0,15.0,141.0,5.0,13.0,132.0,3.0,11.0,122.0,18.0,83.0,732.0
서울특별시교육청,서울특별시강남서초교육지원청,서울특별시 강남구,S010005831,서울자곡초등학교,2,공립,N,,3.0,1.0,105.0,6.0,9.0,91.0,5.0,5.0,155.0,5.0,11.0,113.0,7.0,2.0,100.0,5.0,7.0,108.0,31.0,35.0,672.0
서울특별시교육청,서울특별시강남서초교육지원청,서울특별시 강남구,S010005832,서울세명초등학교,2,공립,N,,5.0,11.0,135.0,5.0,17.0,169.0,6.0,20.0,227.0,5.0,12.0,201.0,7.0,16.0,193.0,5.0,5.0,145.0,33.0,81.0,1070.0
서울특별시교육청,서울특별시강동송파교육지원청,서울특별시 송파구,S010006043,서울송례초등학교,2,공립,N,,7.0,13.0,238.0,32.0,18.0,200.0,33.0,18.0,217.0,31.0,14.0,224.0,18.0,13.0,238.0,24.0,6.0,181.0,145.0,82.0,1298.0
서울특별시교육청,서울특별시강동송파교육지원청,서울특별시 송파구,S010006211,서울위례별초등학교,2,공립,N,,23.0,21.0,259.0,45.0,45.0,279.0,38.0,49.0,311.0,35.0,33.0,264.0,19.0,55.0,285.0,31.0,23.0,284.0,191.0,226.0,1682.0
서울특별시교육청,서울특별시강동송파교육지원청,서울특별시 강동구,S010006385,서울강솔초등학교,2,공립,N,,6.0,4.0,54.0,13.0,15.0,55.0,10.0,15.0,56.0,11.0,20.0,75.0,11.0,12.0,87.0,7.0,11.0,60.0,58.0,77.0,387.0
서울특별시교육청,서울특별시남부교육지원청,서울특별시 금천구,S010006386,서울금나래초등학교,2,공립,N,,4.0,7.0,177.0,8.0,14.0,162.0,11.0,19.0,202.0,10.0,9.0,132.0,4.0,9.0,128.0,4.0,5.0,101.0,41.0,63.0,902.0
서울특별시교육청,서울특별시남부교육지원청,서울특별시 구로구,S010006431,서울하늘숲초등학교,2,공립,N,,1.0,0.0,81.0,0.0,15.0,134.0,8.0,17.0,137.0,4.0,16.0,131.0,2.0,8.0,97.0,0.0,7.0,74.0,15.0,63.0,654.0
서울특별시교육청,서울특별시남부교육지원청,서울특별시 구로구,S010006432,서울항동초등학교,2,공립,N,,6.0,7.0,233.0,6.0,6.0,205.0,6.0,6.0,168.0,8.0,4.0,151.0,9.0,4.0,126.0,6.0,4.0,119.0,41.0,31.0,1002.0
서울특별시교육청,서울특별시강동송파교육지원청,서울특별시 송파구,S010006433,서울해누리초등학교,2,공립,N,,5.0,3.0,111.0,13.0,11.0,93.0,14.0,10.0,126.0,20.0,10.0,109.0,8.0,11.0,74.0,8.0,9.0,77.0,68.0,54.0,590.0
서울특별시교육청,서울특별시동부교육지원청,서울특별시 중랑구,S010006476,서울양원숲초등학교,2,공립,N,,0.0,0.0,0.0,0.0,0.0,0.0,0.0,0.0,0.0,0.0,0.0,0.0,0.0,0.0,0.0,0.0,0.0,0.0,0.0,0.0,0.0
서울특별시교육청,서울특별시강동송파교육지원청,서울특별시 강동구,S010006543,서울강빛초등학교,2,공립,N,,8.0,1.0,105.0,83.0,2.0,78.0,84.0,3.0,76.0,83.0,0.0,78.0,86.0,0.0,81.0,72.0,1.0,67.0,416.0,7.0,485.0
부산광역시교육청,교육부,부산광역시 연제구,S000003559,부산교육대학교부설초등학교,2,국립,N,,0.0,0.0,96.0,1.0,1.0,96.0,0.0,0.0,96.0,1.0,0.0,112.0,1.0,0.0,112.0,0.0,0.0,112.0,3.0,1.0,624.0
부산광역시교육청,부산광역시서부교육지원청,부산광역시 중구,S020000625,광일초등학교,2,공립,N,,4.0,3.0,36.0,1.0,3.0,52.0,2.0,6.0,68.0,1.0,6.0,67.0,0.0,5.0,78.0,0.0,5.0,61.0,8.0,28.0,362.0
부산광역시교육청,부산광역시서부교육지원청,부산광역시 중구,S020000626,남성초등학교,2,사립,N,,2.0,0.0,102.0,0.0,0.0,87.0,2.0,0.0,78.0,0.0,0.0,50.0,1.0,0.0,65.0,0.0,0.0,38.0,5.0,0.0,420.0
부산광역시교육청,부산광역시남부교육지원청,부산광역시 남구,S020000628,대남초등학교,2,공립,N,,1.0,1.0,50.0,2.0,4.0,45.0,1.0,4.0,64.0,3.0,6.0,65.0,2.0,4.0,70.0,2.0,0.0,68.0,11.0,19.0,362.0
부산광역시교육청,부산광역시남부교육지원청,부산광역시 남구,S020000629,대연초등학교,2,공립,N,,6.0,5.0,155.0,6.0,8.0,165.0,7.0,10.0,180.0,6.0,10.0,180.0,8.0,5.0,197.0,4.0,9.0,190.0,37.0,47.0,1067.0
부산광역시교육청,부산광역시남부교육지원청,부산광역시 남구,S020000630,대천초등학교,2,공립,N,,8.0,4.0,92.0,3.0,4.0,104.0,9.0,2.0,125.0,0.0,6.0,126.0,5.0,3.0,129.0,12.0,2.0,125.0,37.0,21.0,701.0
부산광역시교육청,부산광역시남부교육지원청,부산광역시 동구,S020000632,동일중앙초등학교,2,공립,N,,9.0,2.0,134.0,14.0,9.0,178.0,16.0,6.0,147.0,16.0,11.0,155.0,9.0,7.0,147.0,8.0,6.0,117.0,72.0,41.0,878.0
부산광역시교육청,부산광역시남부교육지원청,부산광역시 남구,S020000633,동천초등학교,2,공립,N,,2.0,2.0,45.0,2.0,1.0,65.0,0.0,4.0,63.0,2.0,7.0,78.0,0.0,1.0,66.0,1.0,6.0,63.0,7.0,21.0,380.0
부산광역시교육청,부산광역시남부교육지원청,부산광역시 남구,S020000634,동항초등학교,2,공립,N,,1.0,3.0,34.0,3.0,7.0,50.0,2.0,4.0,52.0,3.0,4.0,71.0,0.0,7.0,79.0,0.0,2.0,61.0,9.0,27.0,347.0
부산광역시교육청,부산광역시남부교육지원청,부산광역시 남구,S020000635,문현초등학교,2,공립,N,,1.0,3.0,105.0,2.0,3.0,98.0,3.0,4.0,114.0,3.0,8.0,134.0,3.0,3.0,108.0,1.0,4.0,104.0,13.0,25.0,663.0
부산광역시교육청,부산광역시남부교육지원청,부산광역시 남구,S020000637,백운초등학교,2,공립,N,,2.0,3.0,35.0,1.0,1.0,47.0,2.0,3.0,46.0,1.0,1.0,59.0,1.0,2.0,53.0,2.0,1.0,40.0,9.0,11.0,280.0
부산광역시교육청,부산광역시남부교육지원청,부산광역시 동구,S020000638,범일초등학교,2,공립,N,,0.0,1.0,33.0,4.0,2.0,46.0,6.0,2.0,41.0,6.0,4.0,62.0,1.0,3.0,52.0,2.0,2.0,41.0,19.0,14.0,275.0
부산광역시교육청,부산광역시서부교육지원청,부산광역시 중구,S020000639,보수초등학교,2,공립,N,,2.0,2.0,38.0,2.0,3.0,30.0,1.0,5.0,23.0,1.0,3.0,35.0,0.0,3.0,34.0,0.0,2.0,41.0,6.0,18.0,201.0
부산광역시교육청,부산광역시서부교육지원청,부산광역시 중구,S020000640,봉래초등학교,2,공립,N,,0.0,4.0,41.0,0.0,5.0,44.0,5.0,6.0,39.0,1.0,1.0,43.0,3.0,1.0,45.0,1.0,2.0,46.0,10.0,19.0,258.0
부산광역시교육청,부산광역시남부교육지원청,부산광역시 남구,S020000641,분포초등학교,2,공립,N,,0.0,1.0,179.0,6.0,10.0,170.0,7.0,4.0,190.0,12.0,5.0,172.0,5.0,2.0,178.0,11.0,3.0,168.0,41.0,25.0,1057.0
부산광역시교육청,부산광역시동래교육지원청,부산광역시 금정구,S020000642,부산삼육초등학교,2,사립,N,,1.0,2.0,64.0,4.0,5.0,64.0,7.0,3.0,30.0,2.0,5.0,25.0,2.0,5.0,31.0,1.0,0.0,29.0,17.0,20.0,243.0
부산광역시교육청,부산광역시남부교육지원청,부산광역시 남구,S020000643,석포초등학교,2,공립,N,,3.0,3.0,142.0,3.0,9.0,95.0,7.0,6.0,98.0,5.0,8.0,83.0,4.0,3.0,74.0,6.0,10.0,75.0,28.0,39.0,567.0
부산광역시교육청,부산광역시남부교육지원청,부산광역시 동구,S020000644,성남초등학교,2,공립,N,,2.0,6.0,84.0,2.0,4.0,66.0,6.0,8.0,76.0,3.0,5.0,71.0,5.0,1.0,63.0,2.0,6.0,67.0,20.0,30.0,427.0
부산광역시교육청,부산광역시남부교육지원청,부산광역시 남구,S020000645,성동초등학교,2,공립,N,,5.0,3.0,142.0,10.0,5.0,154.0,4.0,4.0,144.0,2.0,6.0,152.0,1.0,5.0,169.0,4.0,10.0,151.0,26.0,33.0,912.0
부산광역시교육청,부산광역시남부교육지원청,부산광역시 남구,S020000646,성천초등학교,2,공립,N,,0.0,0.0,5.0,1.0,0.0,8.0,0.0,2.0,10.0,0.0,0.0,15.0,0.0,2.0,15.0,1.0,0.0,10.0,2.0,4.0,63.0
부산광역시교육청,부산광역시남부교육지원청,부산광역시 동구,S020000647,수성초등학교,2,공립,N,,0.0,1.0,37.0,1.0,1.0,31.0,1.0,1.0,40.0,1.0,5.0,39.0,2.0,0.0,38.0,0.0,4.0,33.0,5.0,12.0,218.0
부산광역시교육청,부산광역시남부교육지원청,부산광역시 동구,S020000648,수정초등학교,2,공립,N,,2.0,3.0,50.0,4.0,1.0,68.0,12.0,2.0,73.0,12.0,4.0,77.0,6.0,2.0,69.0,6.0,1.0,72.0,42.0,13.0,409.0
부산광역시교육청,부산광역시남부교육지원청,부산광역시 남구,S020000649,신연초등학교,2,공립,N,,0.0,0.0,3.0,0.0,1.0,5.0,0.0,0.0,6.0,0.0,1.0,12.0,0.0,0.0,6.0,0.0,0.0,6.0,0.0,2.0,38.0
부산광역시교육청,부산광역시남부교육지원청,부산광역시 남구,S020000650,연포초등학교,2,공립,N,,4.0,4.0,212.0,11.0,11.0,225.0,11.0,10.0,225.0,14.0,6.0,185.0,5.0,3.0,153.0,5.0,5.0,142.0,50.0,39.0,1142.0
부산광역시교육청,부산광역시남부교육지원청,부산광역시 남구,S020000651,용당초등학교,2,공립,N,,0.0,3.0,14.0,4.0,2.0,29.0,0.0,4.0,25.0,0.0,3.0,33.0,0.0,0.0,19.0,1.0,0.0,15.0,5.0,12.0,135.0
부산광역시교육청,부산광역시남부교육지원청,부산광역시 남구,S020000652,용산초등학교,2,공립,N,,0.0,0.0,65.0,2.0,2.0,60.0,5.0,4.0,73.0,2.0,1.0,56.0,4.0,3.0,83.0,1.0,3.0,56.0,14.0,13.0,393.0
부산광역시교육청,부산광역시남부교육지원청,부산광역시 남구,S020000654,용호초등학교,2,공립,N,,1.0,4.0,80.0,5.0,7.0,71.0,1.0,6.0,98.0,4.0,4.0,95.0,2.0,6.0,106.0,1.0,4.0,84.0,14.0,31.0,534.0
부산광역시교육청,부산광역시남부교육지원청,부산광역시 남구,S020000655,우암초등학교,2,공립,N,,1.0,2.0,62.0,2.0,1.0,51.0,2.0,2.0,61.0,2.0,3.0,55.0,2.0,2.0,51.0,1.0,3.0,53.0,10.0,13.0,333.0
부산광역시교육청,부산광역시남부교육지원청,부산광역시 남구,S020000656,운산초등학교,2,공립,N,,6.0,5.0,78.0,6.0,1.0,62.0,1.0,4.0,63.0,1.0,3.0,76.0,2.0,3.0,66.0,0.0,3.0,57.0,16.0,19.0,402.0
부산광역시교육청,부산광역시남부교육지원청,부산광역시 동구,S020000660,초량초등학교,2,공립,N,,2.0,3.0,49.0,2.0,2.0,31.0,3.0,5.0,50.0,4.0,4.0,43.0,4.0,1.0,59.0,2.0,2.0,60.0,17.0,17.0,292.0
부산광역시교육청,부산광역시동래교육지원청,부산광역시 금정구,S020000800,공덕초등학교,2,공립,N,,2.0,0.0,14.0,0.0,0.0,8.0,1.0,0.0,6.0,1.0,5.0,4.0,0.0,4.0,9.0,0.0,2.0,2.0,4.0,11.0,43.0
부산광역시교육청,부산광역시동래교육지원청,부산광역시 동래구,S020000801,교동초등학교,2,공립,N,,3.0,2.0,136.0,9.0,6.0,144.0,5.0,10.0,162.0,6.0,5.0,131.0,9.0,3.0,171.0,10.0,4.0,111.0,42.0,30.0,855.0
부산광역시교육청,부산광역시동래교육지원청,부산광역시 금정구,S020000802,구서초등학교,2,공립,N,,0.0,3.0,87.0,3.0,4.0,99.0,5.0,7.0,107.0,10.0,4.0,115.0,4.0,4.0,109.0,5.0,2.0,99.0,27.0,24.0,616.0
부산광역시교육청,부산광역시동래교육지원청,부산광역시 동래구,S020000803,금강초등학교,2,공립,N,,0.0,7.0,123.0,0.0,8.0,119.0,0.0,10.0,129.0,0.0,4.0,121.0,0.0,4.0,127.0,0.0,9.0,108.0,0.0,42.0,727.0
부산광역시교육청,부산광역시동래교육지원청,부산광역시 금정구,S020000804,금사초등학교,2,공립,N,,8.0,4.0,47.0,15.0,1.0,49.0,11.0,2.0,41.0,13.0,5.0,48.0,15.0,3.0,45.0,1.0,1.0,40.0,63.0,16.0,270.0
부산광역시교육청,부산광역시동래교육지원청,부산광역시 금정구,S020000805,금성초등학교,2,공립,N,,0.0,0.0,9.0,1.0,0.0,9.0,1.0,0.0,13.0,0.0,1.0,21.0,0.0,0.0,14.0,0.0,0.0,13.0,2.0,1.0,79.0
부산광역시교육청,부산광역시동래교육지원청,부산광역시 금정구,S020000806,금양초등학교,2,공립,N,,6.0,4.0,146.0,6.0,5.0,141.0,7.0,6.0,182.0,4.0,5.0,150.0,6.0,9.0,149.0,8.0,3.0,109.0,37.0,32.0,877.0
부산광역시교육청,부산광역시동래교육지원청,부산광역시 금정구,S020000807,금정초등학교,2,공립,N,,5.0,2.0,167.0,10.0,11.0,166.0,8.0,4.0,188.0,13.0,10.0,156.0,6.0,9.0,144.0,6.0,7.0,137.0,48.0,43.0,958.0
부산광역시교육청,부산광역시동래교육지원청,부산광역시 동래구,S020000808,낙민초등학교,2,공립,N,,6.0,7.0,101.0,2.0,7.0,115.0,6.0,5.0,89.0,13.0,5.0,98.0,6.0,9.0,67.0,4.0,6.0,70.0,37.0,39.0,540.0
부산광역시교육청,부산광역시동래교육지원청,부산광역시 금정구,S020000809,남산초등학교,2,공립,N,,0.0,3.0,89.0,4.0,1.0,68.0,3.0,9.0,91.0,8.0,5.0,87.0,3.0,5.0,95.0,5.0,5.0,93.0,23.0,28.0,523.0
부산광역시교육청,부산광역시동래교육지원청,부산광역시 동래구,S020000810,내산초등학교,2,공립,N,,10.0,1.0,34.0,10.0,1.0,38.0,4.0,1.0,39.0,7.0,3.0,63.0,8.0,3.0,63.0,8.0,1.0,59.0,47.0,10.0,296.0
부산광역시교육청,부산광역시동래교육지원청,부산광역시 동래구,S020000811,내성초등학교,2,공립,N,,4.0,3.0,31.0,2.0,1.0,29.0,0.0,3.0,36.0,1.0,7.0,29.0,3.0,3.0,36.0,3.0,0.0,34.0,13.0,17.0,195.0
부산광역시교육청,부산광역시동래교육지원청,부산광역시 동래구,S020000812,달북초등학교,2,공립,N,,7.0,0.0,93.0,6.0,8.0,99.0,3.0,8.0,101.0,3.0,11.0,85.0,2.0,3.0,100.0,4.0,5.0,75.0,25.0,35.0,553.0
부산광역시교육청,부산광역시동래교육지원청,부산광역시 금정구,S020000813,동래초등학교,2,사립,N,,0.0,0.0,128.0,1.0,8.0,119.0,0.0,4.0,116.0,0.0,4.0,93.0,0.0,5.0,98.0,0.0,2.0,77.0,1.0,23.0,631.0
부산광역시교육청,부산광역시동래교육지원청,부산광역시 금정구,S020000814,동상초등학교,2,공립,N,,1.0,0.0,22.0,1.0,0.0,24.0,0.0,5.0,22.0,1.0,1.0,32.0,0.0,0.0,24.0,0.0,4.0,16.0,3.0,10.0,140.0
부산광역시교육청,부산광역시동래교육지원청,부산광역시 금정구,S020000815,동현초등학교,2,공립,N,,1.0,2.0,60.0,4.0,6.0,56.0,2.0,4.0,63.0,2.0,4.0,68.0,1.0,3.0,61.0,5.0,6.0,76.0,15.0,25.0,384.0
부산광역시교육청,부산광역시동래교육지원청,부산광역시 동래구,S020000816,명동초등학교,2,공립,N,,3.0,1.0,92.0,0.0,4.0,86.0,5.0,2.0,67.0,4.0,2.0,64.0,2.0,0.0,56.0,1.0,1.0,42.0,15.0,10.0,407.0
부산광역시교육청,부산광역시동래교육지원청,부산광역시 동래구,S020000817,명륜초등학교,2,공립,N,,8.0,1.0,202.0,12.0,6.0,200.0,11.0,4.0,229.0,9.0,5.0,242.0,10.0,2.0,216.0,11.0,9.0,220.0,61.0,27.0,1309.0
부산광역시교육청,부산광역시동래교육지원청,부산광역시 동래구,S020000818,명서초등학교,2,공립,N,,0.0,1.0,26.0,1.0,3.0,25.0,3.0,3.0,26.0,1.0,1.0,32.0,2.0,0.0,40.0,2.0,1.0,36.0,9.0,9.0,185.0
부산광역시교육청,부산광역시동래교육지원청,부산광역시 동래구,S020000819,명장초등학교,2,공립,N,,5.0,2.0,64.0,8.0,4.0,60.0,4.0,4.0,65.0,4.0,2.0,60.0,3.0,0.0,66.0,4.0,3.0,49.0,28.0,15.0,364.0
부산광역시교육청,부산광역시동래교육지원청,부산광역시 동래구,S020000820,미남초등학교,2,공립,N,,2.0,4.0,49.0,6.0,2.0,61.0,1.0,4.0,60.0,2.0,0.0,53.0,0.0,3.0,72.0,2.0,3.0,48.0,13.0,16.0,343.0
부산광역시교육청,부산광역시동래교육지원청,부산광역시 금정구,S020000821,부곡초등학교,2,공립,N,,5.0,1.0,70.0,11.0,4.0,79.0,12.0,3.0,80.0,9.0,3.0,85.0,8.0,3.0,89.0,10.0,3.0,77.0,55.0,17.0,480.0
부산광역시교육청,부산광역시동래교육지원청,부산광역시 동래구,S020000822,사직초등학교,2,공립,N,,10.0,5.0,183.0,10.0,8.0,179.0,13.0,11.0,246.0,15.0,11.0,187.0,12.0,8.0,247.0,12.0,9.0,199.0,72.0,52.0,1241.0
부산광역시교육청,부산광역시동래교육지원청,부산광역시 금정구,S020000824,서동초등학교,2,공립,N,,0.0,1.0,18.0,1.0,2.0,13.0,0.0,1.0,18.0,0.0,0.0,22.0,0.0,0.0,12.0,0.0,4.0,16.0,1.0,8.0,99.0
부산광역시교육청,부산광역시동래교육지원청,부산광역시 금정구,S020000825,서명초등학교,2,공립,N,,0.0,2.0,9.0,0.0,2.0,13.0,0.0,0.0,6.0,0.0,1.0,10.0,0.0,1.0,12.0,1.0,0.0,11.0,1.0,6.0,61.0
부산광역시교육청,부산광역시동래교육지원청,부산광역시 동래구,S020000826,수안초등학교,2,공립,N,,0.0,1.0,43.0,2.0,3.0,36.0,2.0,1.0,55.0,2.0,4.0,47.0,5.0,2.0,48.0,3.0,2.0,67.0,14.0,13.0,296.0
부산광역시교육청,부산광역시동래교육지원청,부산광역시 동래구,S020000827,안남초등학교,2,공립,N,,0.0,0.0,129.0,6.0,6.0,167.0,4.0,5.0,161.0,6.0,5.0,177.0,8.0,2.0,187.0,4.0,4.0,158.0,28.0,22.0,979.0
부산광역시교육청,부산광역시동래교육지원청,부산광역시 동래구,S020000828,안락초등학교,2,공립,N,,1.0,1.0,39.0,5.0,8.0,42.0,0.0,2.0,53.0,5.0,3.0,55.0,1.0,1.0,64.0,3.0,9.0,63.0,15.0,24.0,316.0
부산광역시교육청,부산광역시동래교육지원청,부산광역시 동래구,S020000829,안민초등학교,2,공립,N,,7.0,7.0,134.0,7.0,13.0,109.0,3.0,11.0,163.0,5.0,12.0,141.0,15.0,4.0,141.0,9.0,10.0,136.0,46.0,57.0,824.0
부산광역시교육청,부산광역시동래교육지원청,부산광역시 동래구,S020000830,여고초등학교,2,공립,N,,4.0,9.0,185.0,18.0,6.0,156.0,18.0,10.0,180.0,15.0,5.0,141.0,20.0,4.0,162.0,21.0,2.0,128.0,96.0,36.0,952.0
부산광역시교육청,부산광역시동래교육지원청,부산광역시 동래구,S020000831,온천초등학교,2,공립,N,,18.0,5.0,122.0,9.0,4.0,109.0,26.0,4.0,150.0,21.0,2.0,132.0,15.0,7.0,155.0,20.0,5.0,130.0,109.0,27.0,798.0
부산광역시교육청,부산광역시동래교육지원청,부산광역시 금정구,S020000832,장서초등학교,2,공립,N,,0.0,3.0,117.0,10.0,3.0,86.0,10.0,7.0,128.0,6.0,5.0,128.0,6.0,5.0,108.0,7.0,5.0,127.0,39.0,28.0,694.0
부산광역시교육청,부산광역시동래교육지원청,부산광역시 금정구,S020000833,장전초등학교,2,공립,N,,2.0,2.0,80.0,7.0,6.0,107.0,2.0,10.0,116.0,6.0,7.0,115.0,3.0,4.0,123.0,3.0,4.0,99.0,23.0,33.0,640.0
부산광역시교육청,부산광역시동래교육지원청,부산광역시 금정구,S020000834,청룡초등학교,2,공립,N,,5.0,5.0,87.0,5.0,8.0,91.0,2.0,4.0,94.0,5.0,5.0,85.0,5.0,2.0,83.0,3.0,5.0,67.0,25.0,29.0,507.0
부산광역시교육청,부산광역시동래교육지원청,부산광역시 금정구,S020000835,현곡초등학교,2,공립,N,,1.0,1.0,17.0,1.0,3.0,19.0,1.0,1.0,23.0,1.0,3.0,24.0,2.0,1.0,30.0,0.0,2.0,21.0,6.0,11.0,134.0
부산광역시교육청,부산광역시동래교육지원청,부산광역시 동래구,S020000836,혜화초등학교,2,사립,N,,0.0,0.0,60.0,5.0,5.0,60.0,6.0,7.0,61.0,4.0,10.0,53.0,3.0,13.0,43.0,0.0,1.0,42.0,18.0,36.0,319.0
부산광역시교육청,부산광역시남부교육지원청,부산광역시 부산진구,S020000989,가남초등학교,2,공립,N,,0.0,0.0,11.0,0.0,0.0,9.0,0.0,0.0,12.0,2.0,0.0,17.0,0.0,1.0,14.0,1.0,0.0,12.0,3.0,1.0,75.0
부산광역시교육청,부산광역시남부교육지원청,부산광역시 부산진구,S020000990,가산초등학교,2,공립,N,,0.0,0.0,8.0,0.0,0.0,5.0,1.0,0.0,10.0,0.0,0.0,5.0,1.0,0.0,9.0,0.0,0.0,5.0,2.0,0.0,42.0
부산광역시교육청,부산광역시남부교육지원청,부산광역시 부산진구,S020000991,가야초등학교,2,공립,N,,3.0,8.0,175.0,3.0,6.0,143.0,3.0,3.0,195.0,2.0,10.0,190.0,4.0,7.0,182.0,1.0,10.0,164.0,16.0,44.0,1049.0
부산광역시교육청,부산광역시남부교육지원청,부산광역시 부산진구,S020000992,가평초등학교,2,공립,N,,0.0,4.0,98.0,4.0,7.0,106.0,1.0,7.0,117.0,6.0,9.0,90.0,3.0,6.0,113.0,2.0,5.0,96.0,16.0,38.0,620.0
부산광역시교육청,부산광역시남부교육지원청,부산광역시 부산진구,S020000993,개금초등학교,2,공립,N,,3.0,2.0,146.0,4.0,7.0,100.0,4.0,10.0,100.0,3.0,6.0,107.0,3.0,3.0,83.0,0.0,3.0,64.0,17.0,31.0,600.0
부산광역시교육청,부산광역시남부교육지원청,부산광역시 부산진구,S020000995,개림초등학교,2,공립,N,,2.0,1.0,125.0,4.0,11.0,157.0,5.0,7.0,151.0,5.0,5.0,130.0,7.0,6.0,170.0,3.0,3.0,110.0,26.0,33.0,843.0
부산광역시교육청,부산광역시남부교육지원청,부산광역시 부산진구,S020000996,개원초등학교,2,공립,N,,4.0,1.0,87.0,6.0,8.0,102.0,2.0,5.0,101.0,2.0,4.0,103.0,4.0,9.0,116.0,1.0,1.0,102.0,19.0,28.0,611.0
부산광역시교육청,부산광역시남부교육지원청,부산광역시 부산진구,S020000997,개포초등학교,2,공립,N,,0.0,0.0,54.0,0.0,2.0,38.0,0.0,4.0,59.0,2.0,0.0,48.0,0.0,1.0,46.0,0.0,0.0,41.0,2.0,7.0,286.0
부산광역시교육청,부산광역시남부교육지원청,부산광역시 부산진구,S020000998,개화초등학교,2,공립,N,,1.0,1.0,33.0,2.0,2.0,42.0,1.0,3.0,38.0,2.0,4.0,38.0,4.0,2.0,50.0,1.0,3.0,45.0,11.0,15.0,246.0
부산광역시교육청,부산광역시동래교육지원청,부산광역시 연제구,S020000999,거제초등학교,2,공립,N,,0.0,3.0,82.0,7.0,5.0,73.0,1.0,5.0,95.0,1.0,6.0,99.0,3.0,1.0,100.0,5.0,0.0,79.0,17.0,20.0,528.0
부산광역시교육청,부산광역시동래교육지원청,부산광역시 연제구,S020001000,거학초등학교,2,공립,N,,2.0,6.0,137.0,3.0,6.0,97.0,7.0,8.0,115.0,2.0,4.0,96.0,6.0,6.0,116.0,4.0,4.0,96.0,24.0,34.0,657.0
부산광역시교육청,부산광역시동래교육지원청,부산광역시 연제구,S020001001,과정초등학교,2,공립,N,,2.0,3.0,106.0,7.0,3.0,81.0,3.0,4.0,68.0,3.0,5.0,93.0,3.0,10.0,78.0,2.0,4.0,78.0,20.0,29.0,504.0
부산광역시교육청,부산광역시동래교육지원청,부산광역시 연제구,S020001002,남문초등학교,2,공립,N,,3.0,2.0,146.0,11.0,7.0,193.0,9.0,3.0,176.0,9.0,7.0,256.0,11.0,8.0,206.0,17.0,0.0,221.0,60.0,27.0,1198.0
부산광역시교육청,부산광역시남부교육지원청,부산광역시 부산진구,S020001003,당감초등학교,2,공립,N,,3.0,1.0,40.0,3.0,4.0,49.0,3.0,2.0,60.0,1.0,0.0,58.0,1.0,5.0,54.0,4.0,5.0,53.0,15.0,17.0,314.0
부산광역시교육청,부산광역시남부교육지원청,부산광역시 부산진구,S020001004,당평초등학교,2,공립,N,,3.0,6.0,53.0,3.0,2.0,46.0,5.0,7.0,82.0,2.0,4.0,63.0,2.0,5.0,70.0,2.0,2.0,66.0,17.0,26.0,380.0
부산광역시교육청,부산광역시동래교육지원청,부산광역시 연제구,S020001005,동명초등학교,2,공립,N,,1.0,2.0,36.0,0.0,0.0,35.0,3.0,3.0,41.0,2.0,1.0,29.0,1.0,4.0,35.0,1.0,0.0,35.0,8.0,10.0,211.0
부산광역시교육청,부산광역시남부교육지원청,부산광역시 부산진구,S020001006,동성초등학교,2,사립,N,,2.0,2.0,128.0,2.0,1.0,128.0,7.0,6.0,128.0,5.0,6.0,128.0,3.0,5.0,96.0,3.0,3.0,116.0,22.0,23.0,724.0
부산광역시교육청,부산광역시남부교육지원청,부산광역시 부산진구,S020001007,동원초등학교,2,공립,N,,4.0,4.0,93.0,0.0,0.0,93.0,3.0,6.0,116.0,1.0,3.0,96.0,2.0,6.0,91.0,3.0,2.0,117.0,13.0,21.0,606.0
부산광역시교육청,부산광역시남부교육지원청,부산광역시 부산진구,S020001008,동평초등학교,2,공립,N,,3.0,2.0,67.0,1.0,3.0,65.0,4.0,2.0,82.0,1.0,1.0,75.0,1.0,1.0,64.0,2.0,3.0,87.0,12.0,12.0,440.0
부산광역시교육청,부산광역시남부교육지원청,부산광역시 부산진구,S020001010,부산진초등학교,2,공립,N,,2.0,2.0,80.0,3.0,6.0,83.0,1.0,11.0,99.0,2.0,6.0,92.0,0.0,3.0,75.0,1.0,3.0,66.0,9.0,31.0,495.0
부산광역시교육청,부산광역시남부교육지원청,부산광역시 부산진구,S020001011,부암초등학교,2,공립,N,,0.0,6.0,136.0,11.0,12.0,128.0,5.0,4.0,122.0,4.0,4.0,123.0,3.0,2.0,89.0,2.0,11.0,87.0,25.0,39.0,685.0
부산광역시교육청,부산광역시남부교육지원청,부산광역시 부산진구,S020001012,부전초등학교,2,공립,N,,0.0,2.0,64.0,3.0,4.0,55.0,4.0,3.0,65.0,0.0,2.0,58.0,2.0,2.0,44.0,0.0,4.0,47.0,9.0,17.0,333.0
부산광역시교육청,부산광역시남부교육지원청,부산광역시 부산진구,S020001013,선암초등학교,2,공립,N,,0.0,0.0,10.0,0.0,0.0,8.0,1.0,0.0,14.0,0.0,0.0,2.0,0.0,1.0,13.0,0.0,0.0,5.0,1.0,1.0,52.0
부산광역시교육청,부산광역시남부교육지원청,부산광역시 부산진구,S020001014,성북초등학교,2,공립,N,,2.0,9.0,113.0,4.0,6.0,117.0,12.0,3.0,119.0,5.0,4.0,104.0,5.0,2.0,107.0,6.0,3.0,91.0,34.0,27.0,651.0
부산광역시교육청,부산광역시남부교육지원청,부산광역시 부산진구,S020001015,성서초등학교,2,공립,N,,4.0,1.0,34.0,3.0,2.0,36.0,1.0,0.0,37.0,2.0,2.0,31.0,2.0,0.0,38.0,2.0,1.0,40.0,14.0,6.0,216.0
부산광역시교육청,부산광역시남부교육지원청,부산광역시 부산진구,S020001016,성전초등학교,2,공립,N,,0.0,3.0,63.0,2.0,7.0,61.0,2.0,2.0,62.0,4.0,4.0,72.0,1.0,2.0,77.0,3.0,1.0,55.0,12.0,19.0,390.0
부산광역시교육청,부산광역시남부교육지원청,부산광역시 부산진구,S020001017,성지초등학교,2,공립,N,,3.0,3.0,110.0,5.0,8.0,99.0,5.0,6.0,85.0,5.0,4.0,89.0,1.0,3.0,91.0,4.0,4.0,77.0,23.0,28.0,551.0
부산광역시교육청,부산광역시남부교육지원청,부산광역시 부산진구,S020001018,양동초등학교,2,공립,N,,3.0,4.0,143.0,5.0,6.0,90.0,15.0,1.0,76.0,6.0,3.0,65.0,7.0,1.0,65.0,2.0,3.0,55.0,38.0,18.0,494.0
부산광역시교육청,부산광역시남부교육지원청,부산광역시 부산진구,S020001019,양성초등학교,2,공립,N,,0.0,7.0,91.0,2.0,4.0,85.0,0.0,3.0,101.0,0.0,6.0,98.0,1.0,7.0,88.0,0.0,8.0,106.0,3.0,35.0,569.0
부산광역시교육청,부산광역시남부교육지원청,부산광역시 부산진구,S020001020,양정초등학교,2,공립,N,,1.0,2.0,110.0,3.0,3.0,90.0,0.0,4.0,112.0,4.0,1.0,111.0,5.0,1.0,124.0,0.0,7.0,106.0,13.0,18.0,653.0
부산광역시교육청,부산광역시동래교육지원청,부산광역시 연제구,S020001021,연동초등학교,2,공립,N,,2.0,4.0,84.0,8.0,5.0,110.0,5.0,2.0,105.0,4.0,3.0,88.0,5.0,5.0,115.0,2.0,3.0,81.0,26.0,22.0,583.0
부산광역시교육청,부산광역시동래교육지원청,부산광역시 연제구,S020001022,연미초등학교,2,공립,N,,15.0,1.0,31.0,15.0,1.0,18.0,12.0,2.0,31.0,6.0,0.0,23.0,3.0,1.0,18.0,3.0,3.0,17.0,54.0,8.0,138.0
부산광역시교육청,부산광역시동래교육지원청,부산광역시 연제구,S020001023,연산초등학교,2,공립,N,,5.0,2.0,142.0,3.0,9.0,154.0,5.0,8.0,177.0,7.0,8.0,154.0,6.0,5.0,136.0,1.0,6.0,107.0,27.0,38.0,870.0
부산광역시교육청,부산광역시동래교육지원청,부산광역시 연제구,S020001024,연서초등학교,2,공립,N,,3.0,5.0,136.0,13.0,7.0,123.0,9.0,7.0,128.0,4.0,12.0,151.0,3.0,12.0,140.0,4.0,11.0,106.0,36.0,54.0,784.0
부산광역시교육청,부산광역시동래교육지원청,부산광역시 연제구,S020001025,연신초등학교,2,공립,N,,2.0,7.0,135.0,3.0,9.0,114.0,5.0,8.0,133.0,4.0,12.0,114.0,2.0,8.0,110.0,2.0,5.0,100.0,18.0,49.0,706.0
부산광역시교육청,부산광역시동래교육지원청,부산광역시 연제구,S020001026,연일초등학교,2,공립,N,,0.0,2.0,20.0,1.0,1.0,16.0,1.0,3.0,31.0,0.0,0.0,22.0,0.0,1.0,28.0,3.0,2.0,20.0,5.0,9.0,137.0
부산광역시교육청,부산광역시동래교육지원청,부산광역시 연제구,S020001027,연제초등학교,2,공립,N,,3.0,6.0,81.0,5.0,9.0,90.0,6.0,1.0,85.0,9.0,6.0,77.0,4.0,4.0,94.0,5.0,5.0,68.0,32.0,31.0,495.0
부산광역시교육청,부산광역시남부교육지원청,부산광역시 부산진구,S020001028,연지초등학교,2,공립,N,,5.0,6.0,173.0,6.0,3.0,146.0,4.0,9.0,176.0,6.0,8.0,177.0,7.0,12.0,193.0,8.0,8.0,192.0,36.0,46.0,1057.0
부산광역시교육청,부산광역시동래교육지원청,부산광역시 연제구,S020001029,연천초등학교,2,공립,N,,6.0,5.0,104.0,5.0,8.0,115.0,4.0,10.0,119.0,6.0,4.0,113.0,2.0,7.0,125.0,2.0,5.0,104.0,25.0,39.0,680.0
부산광역시교육청,부산광역시남부교육지원청,부산광역시 부산진구,S020001030,연학초등학교,2,공립,N,,0.0,2.0,79.0,1.0,1.0,39.0,5.0,0.0,54.0,2.0,1.0,30.0,5.0,0.0,35.0,5.0,0.0,18.0,18.0,4.0,255.0
부산광역시교육청,부산광역시남부교육지원청,부산광역시 부산진구,S020001031,전포초등학교,2,공립,N,,0.0,0.0,71.0,5.0,8.0,68.0,5.0,2.0,76.0,6.0,4.0,73.0,5.0,4.0,73.0,3.0,0.0,81.0,24.0,18.0,442.0
부산광역시교육청,부산광역시남부교육지원청,부산광역시 부산진구,S020001032,주례초등학교,2,공립,N,,1.0,2.0,55.0,4.0,4.0,55.0,2.0,3.0,81.0,2.0,7.0,84.0,0.0,4.0,62.0,5.0,5.0,73.0,14.0,25.0,410.0
부산광역시교육청,부산광역시남부교육지원청,부산광역시 부산진구,S020001033,주원초등학교,2,공립,N,,0.0,1.0,23.0,0.0,3.0,18.0,1.0,1.0,22.0,1.0,1.0,24.0,3.0,4.0,37.0,0.0,1.0,28.0,5.0,11.0,152.0
부산광역시교육청,부산광역시동래교육지원청,부산광역시 연제구,S020001034,창신초등학교,2,공립,N,,7.0,5.0,160.0,9.0,12.0,155.0,14.0,7.0,158.0,11.0,7.0,168.0,8.0,11.0,159.0,10.0,17.0,142.0,59.0,59.0,942.0
부산광역시교육청,부산광역시남부교육지원청,부산광역시 부산진구,S020001035,초읍초등학교,2,공립,N,,5.0,5.0,67.0,1.0,7.0,89.0,4.0,1.0,112.0,2.0,6.0,128.0,6.0,2.0,95.0,5.0,1.0,115.0,23.0,22.0,606.0
부산광역시교육청,부산광역시동래교육지원청,부산광역시 연제구,S020001036,토현초등학교,2,공립,N,,4.0,3.0,60.0,2.0,4.0,60.0,5.0,3.0,77.0,3.0,5.0,65.0,3.0,5.0,80.0,1.0,3.0,66.0,18.0,23.0,408.0
부산광역시교육청,부산광역시북부교육지원청,부산광역시 강서구,S020001235,가락초등학교,2,공립,N,,0.0,2.0,8.0,0.0,2.0,4.0,0.0,0.0,18.0,0.0,1.0,5.0,0.0,4.0,13.0,0.0,0.0,9.0,0.0,9.0,57.0
부산광역시교육청,부산광역시북부교육지원청,부산광역시 사상구,S020001237,감전초등학교,2,공립,N,,1.0,4.0,30.0,3.0,6.0,29.0,0.0,5.0,29.0,0.0,4.0,32.0,0.0,4.0,27.0,0.0,3.0,19.0,4.0,26.0,166.0
부산광역시교육청,부산광역시북부교육지원청,부산광역시 사상구,S020001238,괘법초등학교,2,공립,N,,1.0,2.0,14.0,0.0,2.0,10.0,1.0,0.0,13.0,0.0,1.0,13.0,0.0,0.0,10.0,0.0,0.0,11.0,2.0,5.0,71.0
부산광역시교육청,부산광역시북부교육지원청,부산광역시 북구,S020001239,구남초등학교,2,공립,N,,0.0,6.0,90.0,0.0,5.0,83.0,3.0,1.0,97.0,0.0,4.0,98.0,0.0,8.0,97.0,0.0,1.0,95.0,3.0,25.0,560.0
부산광역시교육청,부산광역시북부교육지원청,부산광역시 북구,S020001240,구포초등학교,2,공립,N,,16.0,0.0,77.0,4.0,1.0,61.0,6.0,0.0,81.0,2.0,3.0,80.0,15.0,0.0,68.0,0.0,1.0,62.0,43.0,5.0,429.0
부산광역시교육청,부산광역시북부교육지원청,부산광역시 사상구,S020001241,구학초등학교,2,공립,N,,2.0,1.0,71.0,1.0,1.0,108.0,3.0,5.0,120.0,3.0,8.0,105.0,5.0,6.0,117.0,1.0,3.0,83.0,15.0,24.0,604.0
부산광역시교육청,부산광역시북부교육지원청,부산광역시 북구,S020001242,금곡초등학교,2,공립,N,,2.0,3.0,46.0,4.0,1.0,47.0,4.0,2.0,61.0,2.0,6.0,52.0,1.0,7.0,44.0,1.0,2.0,62.0,14.0,21.0,312.0
부산광역시교육청,부산광역시북부교육지원청,부산광역시 북구,S020001243,금창초등학교,2,공립,N,,1.0,2.0,32.0,0.0,1.0,27.0,0.0,2.0,38.0,0.0,2.0,37.0,1.0,1.0,47.0,0.0,1.0,30.0,2.0,9.0,211.0
부산광역시교육청,부산광역시북부교육지원청,부산광역시 강서구,S020001244,녹명초등학교,2,공립,N,,4.0,0.0,14.0,5.0,4.0,17.0,3.0,3.0,25.0,5.0,2.0,14.0,4.0,5.0,16.0,1.0,3.0,12.0,22.0,17.0,98.0
부산광역시교육청,부산광역시북부교육지원청,부산광역시 강서구,S020001246,대사초등학교,2,공립,N,,1.0,0.0,3.0,0.0,0.0,5.0,0.0,0.0,7.0,0.0,1.0,4.0,0.0,0.0,4.0,0.0,0.0,9.0,1.0,1.0,32.0
부산광역시교육청,부산광역시북부교육지원청,부산광역시 강서구,S020001247,대상초등학교,2,공립,N,,0.0,0.0,6.0,0.0,1.0,5.0,0.0,1.0,7.0,0.0,2.0,9.0,1.0,0.0,9.0,4.0,0.0,6.0,5.0,4.0,42.0
부산광역시교육청,부산광역시북부교육지원청,부산광역시 강서구,S020001250,대저초등학교,2,공립,N,,1.0,1.0,7.0,0.0,0.0,10.0,1.0,0.0,13.0,0.0,0.0,8.0,0.0,1.0,9.0,0.0,0.0,11.0,2.0,2.0,58.0
부산광역시교육청,부산광역시북부교육지원청,부산광역시 북구,S020001251,대천리초등학교,2,공립,N,,1.0,1.0,47.0,2.0,4.0,39.0,5.0,0.0,52.0,2.0,1.0,40.0,2.0,1.0,50.0,3.0,1.0,47.0,15.0,8.0,275.0
부산광역시교육청,부산광역시북부교육지원청,부산광역시 강서구,S020001253,덕두초등학교,2,공립,N,,4.0,3.0,50.0,4.0,9.0,46.0,6.0,11.0,46.0,8.0,7.0,54.0,9.0,5.0,48.0,3.0,3.0,37.0,34.0,38.0,281.0
부산광역시교육청,부산광역시북부교육지원청,부산광역시 사상구,S020001254,덕상초등학교,2,공립,N,,3.0,5.0,70.0,0.0,2.0,78.0,4.0,5.0,93.0,3.0,9.0,79.0,4.0,5.0,79.0,1.0,5.0,84.0,15.0,31.0,483.0
부산광역시교육청,부산광역시북부교육지원청,부산광역시 북구,S020001255,덕성초등학교,2,공립,N,,5.0,3.0,43.0,1.0,2.0,37.0,1.0,4.0,57.0,3.0,3.0,45.0,2.0,5.0,43.0,2.0,3.0,47.0,14.0,20.0,272.0
부산광역시교육청,부산광역시북부교육지원청,부산광역시 북구,S020001256,덕양초등학교,2,공립,N,,4.0,1.0,62.0,4.0,6.0,75.0,5.0,6.0,65.0,4.0,2.0,67.0,1.0,2.0,72.0,4.0,3.0,56.0,22.0,20.0,397.0
부산광역시교육청,부산광역시북부교육지원청,부산광역시 북구,S020001257,덕천초등학교,2,공립,N,,2.0,4.0,14.0,0.0,2.0,26.0,0.0,2.0,24.0,0.0,2.0,25.0,1.0,2.0,29.0,0.0,0.0,24.0,3.0,12.0,142.0
부산광역시교육청,부산광역시북부교육지원청,부산광역시 사상구,S020001258,덕포초등학교,2,공립,N,,0.0,0.0,21.0,0.0,1.0,18.0,1.0,2.0,28.0,3.0,2.0,23.0,1.0,0.0,30.0,0.0,1.0,22.0,5.0,6.0,142.0
부산광역시교육청,부산광역시북부교육지원청,부산광역시 사상구,S020001259,동궁초등학교,2,공립,N,,2.0,2.0,91.0,4.0,2.0,90.0,0.0,7.0,112.0,0.0,6.0,113.0,1.0,1.0,98.0,0.0,4.0,101.0,7.0,22.0,605.0
부산광역시교육청,부산광역시북부교육지원청,부산광역시 사상구,S020001260,동주초등학교,2,공립,N,,1.0,5.0,95.0,3.0,7.0,93.0,2.0,4.0,115.0,3.0,2.0,90.0,5.0,8.0,98.0,1.0,1.0,96.0,15.0,27.0,587.0
부산광역시교육청,부산광역시북부교육지원청,부산광역시 북구,S020001261,만덕초등학교,2,공립,N,,3.0,6.0,70.0,5.0,2.0,76.0,4.0,4.0,67.0,2.0,2.0,72.0,4.0,7.0,57.0,8.0,3.0,69.0,26.0,24.0,411.0
부산광역시교육청,부산광역시북부교육지원청,부산광역시 북구,S020001262,명덕초등학교,2,공립,N,,0.0,5.0,126.0,1.0,0.0,109.0,2.0,1.0,149.0,0.0,2.0,131.0,4.0,0.0,123.0,3.0,0.0,108.0,10.0,8.0,746.0
부산광역시교육청,부산광역시북부교육지원청,부산광역시 강서구,S020001263,명지초등학교,2,공립,N,,6.0,5.0,259.0,10.0,11.0,199.0,5.0,21.0,225.0,12.0,24.0,256.0,6.0,10.0,190.0,5.0,12.0,171.0,44.0,83.0,1300.0
부산광역시교육청,부산광역시북부교육지원청,부산광역시 사상구,S020001264,모덕초등학교,2,공립,N,,4.0,9.0,126.0,5.0,8.0,127.0,4.0,8.0,144.0,4.0,8.0,143.0,5.0,6.0,138.0,0.0,4.0,121.0,22.0,43.0,799.0
부산광역시교육청,부산광역시북부교육지원청,부산광역시 사상구,S020001265,모동초등학교,2,공립,N,,0.0,1.0,13.0,0.0,2.0,12.0,0.0,3.0,20.0,0.0,1.0,20.0,0.0,4.0,14.0,0.0,4.0,20.0,0.0,15.0,99.0
부산광역시교육청,부산광역시북부교육지원청,부산광역시 사상구,S020001266,모라초등학교,2,공립,N,,4.0,3.0,34.0,5.0,2.0,18.0,0.0,2.0,41.0,2.0,1.0,22.0,1.0,0.0,20.0,0.0,1.0,34.0,12.0,9.0,169.0
부산광역시교육청,부산광역시북부교육지원청,부산광역시 사상구,S020001267,모산초등학교,2,공립,N,,2.0,1.0,48.0,3.0,7.0,47.0,3.0,1.0,48.0,3.0,2.0,42.0,1.0,4.0,58.0,3.0,3.0,42.0,15.0,18.0,285.0
부산광역시교육청,부산광역시북부교육지원청,부산광역시 강서구,S020001268,배영초등학교,2,공립,N,,0.0,2.0,13.0,1.0,0.0,14.0,4.0,0.0,19.0,1.0,0.0,14.0,0.0,0.0,4.0,0.0,0.0,10.0,6.0,2.0,74.0
부산광역시교육청,부산광역시북부교육지원청,부산광역시 북구,S020001269,백산초등학교,2,공립,N,,5.0,10.0,105.0,6.0,9.0,130.0,5.0,17.0,151.0,4.0,12.0,125.0,2.0,10.0,114.0,6.0,26.0,143.0,28.0,84.0,768.0
부산광역시교육청,부산광역시북부교육지원청,부산광역시 북구,S020001270,백양초등학교,2,공립,N,,7.0,7.0,151.0,6.0,15.0,156.0,7.0,16.0,178.0,6.0,14.0,149.0,6.0,6.0,147.0,4.0,15.0,128.0,36.0,73.0,909.0
부산광역시교육청,부산광역시북부교육지원청,부산광역시 사상구,S020001271,사상초등학교,2,공립,N,,4.0,0.0,35.0,2.0,3.0,46.0,0.0,1.0,31.0,1.0,4.0,43.0,1.0,2.0,31.0,0.0,1.0,46.0,8.0,11.0,232.0
부산광역시교육청,부산광역시북부교육지원청,부산광역시 사상구,S020001273,삼덕초등학교,2,공립,N,,0.0,0.0,17.0,0.0,3.0,27.0,0.0,0.0,17.0,0.0,0.0,15.0,0.0,0.0,18.0,0.0,0.0,16.0,0.0,3.0,110.0
부산광역시교육청,부산광역시북부교육지원청,부산광역시 사상구,S020001275,서감초등학교,2,공립,N,,0.0,2.0,32.0,2.0,1.0,25.0,3.0,1.0,31.0,1.0,3.0,33.0,0.0,0.0,27.0,0.0,2.0,29.0,6.0,9.0,177.0
부산광역시교육청,부산광역시북부교육지원청,부산광역시 북구,S020001279,신금초등학교,2,공립,N,,0.0,0.0,49.0,2.0,3.0,62.0,2.0,5.0,60.0,2.0,6.0,59.0,1.0,7.0,42.0,1.0,1.0,59.0,8.0,22.0,331.0
부산광역시교육청,부산광역시북부교육지원청,부산광역시 북구,S020001280,신천초등학교,2,공립,N,,0.0,0.0,38.0,0.0,6.0,48.0,0.0,4.0,43.0,0.0,1.0,55.0,0.0,2.0,49.0,0.0,0.0,54.0,0.0,13.0,287.0
부산광역시교육청,부산광역시북부교육지원청,부산광역시 강서구,S020001281,신호초등학교,2,공립,N,,5.0,4.0,94.0,5.0,6.0,82.0,7.0,4.0,102.0,9.0,1.0,94.0,4.0,4.0,94.0,6.0,5.0,105.0,36.0,24.0,571.0
부산광역시교육청,부산광역시북부교육지원청,부산광역시 북구,S020001282,양덕초등학교,2,공립,N,,0.0,3.0,34.0,1.0,4.0,35.0,2.0,7.0,35.0,2.0,4.0,46.0,3.0,4.0,46.0,1.0,5.0,24.0,9.0,27.0,220.0
부산광역시교육청,부산광역시북부교육지원청,부산광역시 북구,S020001283,양천초등학교,2,공립,N,,0.0,4.0,29.0,1.0,2.0,31.0,1.0,1.0,37.0,3.0,1.0,38.0,2.0,1.0,32.0,0.0,1.0,34.0,7.0,10.0,201.0
부산광역시교육청,부산광역시북부교육지원청,부산광역시 사상구,S020001284,엄궁초등학교,2,공립,N,,0.0,0.0,119.0,0.0,0.0,153.0,0.0,0.0,138.0,0.0,0.0,131.0,0.0,0.0,123.0,1.0,1.0,122.0,1.0,1.0,786.0
부산광역시교육청,부산광역시북부교육지원청,부산광역시 북구,S020001285,와석초등학교,2,공립,N,,4.0,1.0,88.0,4.0,3.0,95.0,1.0,9.0,84.0,5.0,5.0,81.0,1.0,2.0,64.0,6.0,3.0,80.0,21.0,23.0,492.0
부산광역시교육청,부산광역시북부교육지원청,부산광역시 북구,S020001286,용수초등학교,2,공립,N,,4.0,5.0,150.0,7.0,8.0,152.0,4.0,5.0,149.0,9.0,9.0,160.0,7.0,8.0,152.0,6.0,7.0,170.0,37.0,42.0,933.0
부산광역시교육청,부산광역시북부교육지원청,부산광역시 사상구,S020001287,주감초등학교,2,공립,N,,0.0,8.0,97.0,5.0,7.0,92.0,4.0,8.0,103.0,2.0,10.0,115.0,2.0,8.0,97.0,2.0,7.0,97.0,15.0,48.0,601.0
부산광역시교육청,부산광역시북부교육지원청,부산광역시 사상구,S020001288,주학초등학교,2,공립,N,,0.0,0.0,4.0,0.0,0.0,13.0,0.0,1.0,10.0,2.0,0.0,14.0,1.0,2.0,21.0,0.0,0.0,6.0,3.0,3.0,68.0
부산광역시교육청,부산광역시북부교육지원청,부산광역시 사상구,S020001289,창진초등학교,2,공립,N,,1.0,1.0,67.0,1.0,2.0,65.0,0.0,3.0,78.0,1.0,2.0,81.0,0.0,3.0,73.0,1.0,6.0,50.0,4.0,17.0,414.0
부산광역시교육청,부산광역시북부교육지원청,부산광역시 강서구,S020001290,천가초등학교,2,공립,N,,2.0,1.0,9.0,1.0,3.0,13.0,1.0,1.0,9.0,3.0,2.0,19.0,1.0,1.0,7.0,3.0,1.0,8.0,11.0,9.0,65.0
부산광역시교육청,부산광역시북부교육지원청,부산광역시 북구,S020001294,포천초등학교,2,공립,N,,0.0,9.0,83.0,0.0,6.0,113.0,1.0,7.0,107.0,5.0,2.0,108.0,0.0,6.0,114.0,4.0,1.0,87.0,10.0,31.0,612.0
부산광역시교육청,부산광역시북부교육지원청,부산광역시 사상구,S020001295,학장초등학교,2,공립,N,,0.0,2.0,41.0,1.0,2.0,34.0,1.0,3.0,33.0,1.0,1.0,46.0,3.0,2.0,39.0,1.0,0.0,41.0,7.0,10.0,234.0
부산광역시교육청,부산광역시북부교육지원청,부산광역시 사상구,S020001296,학진초등학교,2,공립,N,,0.0,0.0,84.0,0.0,0.0,98.0,0.0,0.0,122.0,0.0,0.0,93.0,0.0,0.0,90.0,0.0,0.0,81.0,0.0,0.0,568.0
부산광역시교육청,부산광역시북부교육지원청,부산광역시 북구,S020001297,화명초등학교,2,공립,N,,9.0,2.0,75.0,16.0,3.0,49.0,13.0,3.0,77.0,14.0,3.0,60.0,7.0,2.0,45.0,6.0,2.0,48.0,65.0,15.0,354.0
부산광역시교육청,부산광역시서부교육지원청,부산광역시 사하구,S020001447,감천초등학교,2,공립,N,,2.0,0.0,11.0,0.0,4.0,30.0,0.0,2.0,37.0,5.0,1.0,34.0,1.0,1.0,40.0,1.0,3.0,46.0,9.0,11.0,198.0
부산광역시교육청,부산광역시서부교육지원청,부산광역시 사하구,S020001448,괴정초등학교,2,공립,N,,3.0,0.0,91.0,3.0,1.0,83.0,0.0,4.0,80.0,2.0,0.0,95.0,4.0,0.0,93.0,3.0,2.0,66.0,15.0,7.0,508.0
부산광역시교육청,부산광역시서부교육지원청,부산광역시 서구,S020001449,구덕초등학교,2,공립,N,,0.0,0.0,82.0,0.0,0.0,82.0,0.0,0.0,76.0,0.0,0.0,73.0,0.0,0.0,80.0,3.0,0.0,60.0,3.0,0.0,453.0
부산광역시교육청,부산광역시서부교육지원청,부산광역시 사하구,S020001450,구평초등학교,2,공립,N,,11.0,4.0,108.0,10.0,6.0,98.0,14.0,8.0,129.0,17.0,10.0,95.0,7.0,3.0,65.0,9.0,6.0,69.0,68.0,37.0,564.0
부산광역시교육청,부산광역시서부교육지원청,부산광역시 사하구,S020001451,낙동초등학교,2,공립,N,,3.0,3.0,149.0,0.0,3.0,139.0,1.0,1.0,177.0,0.0,7.0,171.0,0.0,1.0,169.0,0.0,3.0,149.0,4.0,18.0,954.0
부산광역시교육청,부산광역시서부교육지원청,부산광역시 서구,S020001452,남부민초등학교,2,공립,N,,0.0,0.0,17.0,0.0,1.0,27.0,0.0,1.0,18.0,0.0,1.0,22.0,0.0,1.0,32.0,0.0,2.0,26.0,0.0,6.0,142.0
부산광역시교육청,부산광역시서부교육지원청,부산광역시 영도구,S020001453,남항초등학교,2,공립,N,,1.0,1.0,45.0,0.0,1.0,22.0,2.0,3.0,58.0,1.0,5.0,38.0,3.0,2.0,54.0,1.0,2.0,47.0,8.0,14.0,264.0
부산광역시교육청,부산광역시서부교육지원청,부산광역시 사하구,S020001454,다대초등학교,2,공립,N,,3.0,3.0,123.0,0.0,6.0,134.0,1.0,1.0,147.0,0.0,10.0,175.0,0.0,8.0,163.0,0.0,5.0,129.0,4.0,33.0,871.0
부산광역시교육청,부산광역시서부교육지원청,부산광역시 사하구,S020001455,다선초등학교,2,공립,N,,2.0,3.0,91.0,10.0,6.0,108.0,5.0,9.0,110.0,5.0,7.0,109.0,1.0,6.0,91.0,5.0,3.0,104.0,28.0,34.0,613.0
부산광역시교육청,부산광역시서부교육지원청,부산광역시 사하구,S020001456,다송초등학교,2,공립,N,,1.0,4.0,34.0,3.0,2.0,32.0,1.0,3.0,56.0,1.0,2.0,46.0,1.0,3.0,41.0,0.0,1.0,54.0,7.0,15.0,263.0
부산광역시교육청,부산광역시서부교육지원청,부산광역시 사하구,S020001457,당리초등학교,2,공립,N,,0.0,1.0,27.0,3.0,3.0,26.0,3.0,5.0,43.0,3.0,4.0,41.0,2.0,2.0,35.0,2.0,0.0,30.0,13.0,15.0,202.0
부산광역시교육청,부산광역시서부교육지원청,부산광역시 영도구,S020001458,대교초등학교,2,공립,N,,9.0,2.0,46.0,19.0,2.0,45.0,24.0,0.0,40.0,16.0,0.0,48.0,14.0,3.0,40.0,3.0,0.0,34.0,85.0,7.0,253.0
부산광역시교육청,부산광역시서부교육지원청,부산광역시 서구,S020001459,대신초등학교,2,공립,N,,4.0,4.0,123.0,8.0,4.0,102.0,10.0,6.0,130.0,12.0,5.0,143.0,13.0,6.0,154.0,9.0,8.0,125.0,56.0,33.0,777.0
부산광역시교육청,부산광역시서부교육지원청,부산광역시 영도구,S020001460,대평초등학교,2,공립,N,,0.0,1.0,38.0,1.0,1.0,47.0,0.0,7.0,55.0,1.0,2.0,61.0,1.0,0.0,58.0,0.0,2.0,47.0,3.0,13.0,306.0
부산광역시교육청,부산광역시서부교육지원청,부산광역시 영도구,S020001461,동삼초등학교,2,공립,N,,1.0,2.0,54.0,3.0,3.0,51.0,5.0,4.0,61.0,3.0,0.0,67.0,0.0,4.0,50.0,2.0,1.0,42.0,14.0,14.0,325.0
부산광역시교육청,부산광역시서부교육지원청,부산광역시 서구,S020001462,동신초등학교,2,공립,N,,0.0,1.0,72.0,2.0,3.0,60.0,2.0,2.0,82.0,1.0,5.0,79.0,1.0,5.0,78.0,1.0,1.0,75.0,7.0,17.0,446.0
부산광역시교육청,부산광역시서부교육지원청,부산광역시 영도구,S020001463,봉삼초등학교,2,공립,N,,1.0,2.0,10.0,0.0,4.0,13.0,0.0,1.0,14.0,0.0,2.0,11.0,1.0,1.0,8.0,0.0,1.0,14.0,2.0,11.0,70.0
부산광역시교육청,부산광역시서부교육지원청,부산광역시 영도구,S020001464,봉학초등학교,2,공립,N,,3.0,0.0,26.0,1.0,4.0,37.0,6.0,3.0,35.0,1.0,2.0,35.0,1.0,2.0,38.0,2.0,1.0,35.0,14.0,12.0,206.0
부산광역시교육청,부산광역시서부교육지원청,부산광역시 서구,S020001465,부민초등학교,2,공립,N,,4.0,3.0,110.0,6.0,6.0,110.0,2.0,8.0,139.0,5.0,2.0,95.0,2.0,3.0,93.0,5.0,3.0,88.0,24.0,25.0,635.0
부산광역시교육청,부산광역시서부교육지원청,부산광역시 사하구,S020001466,사남초등학교,2,공립,N,,1.0,3.0,12.0,1.0,0.0,10.0,0.0,1.0,8.0,4.0,1.0,15.0,2.0,1.0,10.0,0.0,2.0,20.0,8.0,8.0,75.0
부산광역시교육청,부산광역시서부교육지원청,부산광역시 사하구,S020001467,사동초등학교,2,공립,N,,2.0,2.0,39.0,4.0,2.0,37.0,2.0,5.0,51.0,3.0,2.0,57.0,2.0,2.0,45.0,7.0,1.0,42.0,20.0,14.0,271.0
부산광역시교육청,부산광역시서부교육지원청,부산광역시 사하구,S020001468,사하초등학교,2,공립,N,,4.0,4.0,165.0,24.0,7.0,159.0,22.0,13.0,195.0,22.0,4.0,166.0,19.0,6.0,193.0,17.0,6.0,175.0,108.0,40.0,1053.0
부산광역시교육청,부산광역시서부교육지원청,부산광역시 영도구,S020001469,상리초등학교,2,공립,N,,2.0,4.0,27.0,0.0,4.0,32.0,2.0,3.0,31.0,1.0,1.0,34.0,2.0,2.0,39.0,0.0,1.0,29.0,7.0,15.0,192.0
부산광역시교육청,부산광역시서부교육지원청,부산광역시 사하구,S020001470,서천초등학교,2,공립,N,,4.0,0.0,31.0,0.0,3.0,35.0,5.0,4.0,33.0,5.0,5.0,33.0,1.0,3.0,44.0,1.0,0.0,27.0,16.0,15.0,203.0
부산광역시교육청,부산광역시서부교육지원청,부산광역시 서구,S020001471,송도초등학교,2,공립,N,,0.0,0.0,58.0,2.0,1.0,69.0,3.0,5.0,67.0,5.0,9.0,87.0,5.0,10.0,73.0,0.0,0.0,44.0,15.0,25.0,398.0
부산광역시교육청,부산광역시서부교육지원청,부산광역시 사하구,S020001472,승학초등학교,2,공립,N,,0.0,0.0,60.0,2.0,3.0,44.0,2.0,4.0,64.0,5.0,0.0,58.0,1.0,0.0,62.0,1.0,1.0,48.0,11.0,8.0,336.0
부산광역시교육청,부산광역시서부교육지원청,부산광역시 사하구,S020001473,신남초등학교,2,공립,N,,6.0,5.0,93.0,5.0,6.0,89.0,8.0,5.0,86.0,5.0,7.0,94.0,1.0,5.0,94.0,3.0,2.0,75.0,28.0,30.0,531.0
부산광역시교육청,부산광역시서부교육지원청,부산광역시 영도구,S020001474,신선초등학교,2,공립,N,,0.0,0.0,4.0,0.0,0.0,12.0,0.0,0.0,9.0,0.0,0.0,1.0,0.0,0.0,17.0,0.0,0.0,13.0,0.0,0.0,56.0
부산광역시교육청,부산광역시서부교육지원청,부산광역시 사하구,S020001475,신촌초등학교,2,공립,N,,0.0,1.0,19.0,0.0,3.0,23.0,1.0,2.0,26.0,1.0,1.0,22.0,0.0,5.0,31.0,0.0,2.0,22.0,2.0,14.0,143.0
부산광역시교육청,부산광역시서부교육지원청,부산광역시 사하구,S020001476,신평초등학교,2,공립,N,,4.0,8.0,86.0,14.0,13.0,83.0,11.0,10.0,80.0,1.0,12.0,88.0,4.0,10.0,73.0,2.0,9.0,61.0,36.0,62.0,471.0
부산광역시교육청,부산광역시서부교육지원청,부산광역시 서구,S020001477,아미초등학교,2,공립,N,,1.0,1.0,5.0,0.0,0.0,5.0,0.0,0.0,5.0,1.0,0.0,14.0,0.0,1.0,5.0,0.0,0.0,18.0,2.0,2.0,52.0
부산광역시교육청,부산광역시서부교육지원청,부산광역시 영도구,S020001478,영도초등학교,2,공립,N,,0.0,2.0,43.0,0.0,1.0,55.0,1.0,1.0,52.0,0.0,3.0,53.0,1.0,1.0,65.0,0.0,1.0,52.0,2.0,9.0,320.0
부산광역시교육청,부산광역시서부교육지원청,부산광역시 사하구,S020001480,옥천초등학교,2,공립,N,,2.0,4.0,83.0,4.0,3.0,98.0,1.0,5.0,124.0,2.0,6.0,106.0,4.0,2.0,102.0,4.0,2.0,118.0,17.0,22.0,631.0
부산광역시교육청,부산광역시서부교육지원청,부산광역시 사하구,S020001481,응봉초등학교,2,공립,N,,2.0,1.0,30.0,0.0,3.0,35.0,1.0,1.0,48.0,1.0,3.0,45.0,2.0,1.0,47.0,1.0,1.0,51.0,7.0,10.0,256.0
부산광역시교육청,부산광역시서부교육지원청,부산광역시 사하구,S020001482,장림초등학교,2,공립,N,,4.0,7.0,96.0,2.0,9.0,105.0,4.0,11.0,119.0,2.0,10.0,129.0,1.0,7.0,111.0,3.0,10.0,114.0,16.0,54.0,674.0
부산광역시교육청,부산광역시서부교육지원청,부산광역시 영도구,S020001483,절영초등학교,2,공립,N,,0.0,0.0,10.0,1.0,3.0,13.0,1.0,0.0,13.0,0.0,2.0,11.0,0.0,3.0,9.0,0.0,1.0,9.0,2.0,9.0,65.0
부산광역시교육청,부산광역시서부교육지원청,부산광역시 영도구,S020001484,중리초등학교,2,공립,N,,7.0,5.0,101.0,7.0,6.0,102.0,8.0,10.0,124.0,9.0,4.0,116.0,6.0,8.0,135.0,3.0,1.0,109.0,40.0,34.0,687.0
부산광역시교육청,부산광역시서부교육지원청,부산광역시 사하구,S020001486,중현초등학교,2,공립,N,,3.0,5.0,74.0,2.0,15.0,87.0,4.0,9.0,89.0,0.0,10.0,94.0,2.0,7.0,83.0,2.0,2.0,93.0,13.0,48.0,520.0
부산광역시교육청,부산광역시서부교육지원청,부산광역시 서구,S020001487,천마초등학교,2,공립,N,,0.0,0.0,18.0,0.0,1.0,12.0,1.0,0.0,29.0,0.0,0.0,25.0,1.0,1.0,16.0,1.0,3.0,26.0,3.0,5.0,126.0
부산광역시교육청,부산광역시서부교육지원청,부산광역시 영도구,S020001488,청동초등학교,2,공립,N,,0.0,0.0,79.0,2.0,6.0,93.0,0.0,3.0,97.0,0.0,3.0,108.0,0.0,4.0,96.0,0.0,2.0,95.0,2.0,18.0,568.0
부산광역시교육청,부산광역시서부교육지원청,부산광역시 영도구,S020001489,청학초등학교,2,공립,N,,0.0,0.0,34.0,1.0,4.0,44.0,3.0,5.0,43.0,5.0,2.0,48.0,4.0,1.0,43.0,1.0,4.0,44.0,14.0,16.0,256.0
부산광역시교육청,부산광역시서부교육지원청,부산광역시 영도구,S020001491,태종대초등학교,2,공립,N,,0.0,1.0,16.0,1.0,2.0,15.0,0.0,0.0,6.0,1.0,1.0,10.0,1.0,1.0,10.0,0.0,0.0,5.0,3.0,5.0,62.0
부산광역시교육청,부산광역시서부교육지원청,부산광역시 서구,S020001492,토성초등학교,2,공립,N,,2.0,1.0,88.0,4.0,1.0,70.0,2.0,0.0,83.0,2.0,1.0,67.0,0.0,5.0,91.0,0.0,3.0,76.0,10.0,11.0,475.0
부산광역시교육청,부산광역시서부교육지원청,부산광역시 사하구,S020001493,하남초등학교,2,공립,N,,5.0,3.0,115.0,3.0,2.0,109.0,6.0,7.0,122.0,1.0,10.0,136.0,5.0,4.0,139.0,3.0,4.0,138.0,23.0,30.0,759.0
부산광역시교육청,부산광역시서부교육지원청,부산광역시 사하구,S020001494,하단초등학교,2,공립,N,,1.0,5.0,49.0,5.0,1.0,66.0,3.0,6.0,69.0,1.0,1.0,62.0,1.0,4.0,60.0,2.0,1.0,64.0,13.0,18.0,370.0
부산광역시교육청,부산광역시서부교육지원청,부산광역시 서구,S020001495,화랑초등학교,2,공립,N,,2.0,0.0,27.0,4.0,0.0,21.0,8.0,1.0,29.0,5.0,0.0,21.0,3.0,0.0,27.0,3.0,2.0,30.0,25.0,3.0,155.0
부산광역시교육청,부산광역시서부교육지원청,부산광역시 사하구,S020001496,효림초등학교,2,공립,N,,2.0,7.0,131.0,5.0,9.0,97.0,5.0,13.0,146.0,3.0,13.0,134.0,2.0,7.0,139.0,1.0,14.0,133.0,18.0,63.0,780.0
부산광역시교육청,부산광역시해운대교육지원청,부산광역시 해운대구,S020001645,강동초등학교,2,공립,N,,2.0,0.0,142.0,2.0,0.0,119.0,0.0,3.0,144.0,3.0,2.0,127.0,4.0,0.0,114.0,1.0,0.0,113.0,12.0,5.0,759.0
부산광역시교육청,부산광역시해운대교육지원청,부산광역시 수영구,S020001646,광남초등학교,2,공립,N,,5.0,4.0,97.0,7.0,7.0,107.0,7.0,8.0,131.0,7.0,9.0,130.0,7.0,4.0,111.0,4.0,4.0,106.0,37.0,36.0,682.0
부산광역시교육청,부산광역시해운대교육지원청,부산광역시 수영구,S020001647,광안초등학교,2,공립,N,,0.0,3.0,128.0,6.0,13.0,134.0,5.0,10.0,144.0,3.0,9.0,141.0,2.0,6.0,144.0,10.0,6.0,135.0,26.0,47.0,826.0
부산광역시교육청,부산광역시해운대교육지원청,부산광역시 기장군,S020001648,교리초등학교,2,공립,N,,4.0,3.0,113.0,5.0,18.0,106.0,9.0,20.0,113.0,3.0,19.0,121.0,3.0,15.0,131.0,2.0,14.0,107.0,26.0,89.0,691.0
부산광역시교육청,부산광역시해운대교육지원청,부산광역시 기장군,S020001649,기장초등학교,2,공립,N,,5.0,1.0,76.0,6.0,9.0,101.0,7.0,12.0,104.0,4.0,18.0,101.0,1.0,12.0,122.0,6.0,14.0,112.0,29.0,66.0,616.0
부산광역시교육청,부산광역시해운대교육지원청,부산광역시 수영구,S020001650,남천초등학교,2,공립,N,,1.0,3.0,98.0,5.0,3.0,86.0,3.0,8.0,87.0,4.0,5.0,115.0,6.0,3.0,87.0,3.0,4.0,101.0,22.0,26.0,574.0
부산광역시교육청,부산광역시해운대교육지원청,부산광역시 기장군,S020001651,용암초등학교,2,공립,N,,0.0,0.0,9.0,0.0,1.0,12.0,0.0,1.0,13.0,0.0,0.0,11.0,0.0,3.0,12.0,0.0,1.0,15.0,0.0,6.0,72.0
부산광역시교육청,부산광역시해운대교육지원청,부산광역시 기장군,S020001652,대청초등학교,2,공립,N,,1.0,8.0,74.0,4.0,9.0,92.0,7.0,8.0,90.0,5.0,8.0,94.0,5.0,11.0,105.0,9.0,8.0,84.0,31.0,52.0,539.0
부산광역시교육청,부산광역시해운대교육지원청,부산광역시 해운대구,S020001653,동백초등학교,2,공립,N,,7.0,6.0,143.0,12.0,7.0,107.0,9.0,16.0,136.0,13.0,6.0,116.0,7.0,10.0,122.0,5.0,6.0,69.0,53.0,51.0,693.0
부산광역시교육청,부산광역시해운대교육지원청,부산광역시 수영구,S020001654,망미초등학교,2,공립,N,,3.0,0.0,84.0,5.0,13.0,90.0,3.0,4.0,101.0,3.0,4.0,124.0,2.0,6.0,94.0,1.0,6.0,105.0,17.0,33.0,598.0
부산광역시교육청,부산광역시해운대교육지원청,부산광역시 수영구,S020001655,민락초등학교,2,공립,N,,2.0,2.0,123.0,1.0,8.0,92.0,8.0,7.0,122.0,3.0,4.0,101.0,6.0,5.0,89.0,1.0,5.0,112.0,21.0,31.0,639.0
부산광역시교육청,부산광역시해운대교육지원청,부산광역시 수영구,S020001656,민안초등학교,2,공립,N,,1.0,8.0,83.0,2.0,9.0,71.0,2.0,2.0,67.0,4.0,5.0,74.0,1.0,7.0,56.0,4.0,0.0,50.0,14.0,31.0,401.0
부산광역시교육청,부산광역시해운대교육지원청,부산광역시 해운대구,S020001657,반산초등학교,2,공립,N,,2.0,2.0,60.0,1.0,4.0,86.0,5.0,4.0,90.0,5.0,3.0,66.0,3.0,5.0,89.0,0.0,0.0,87.0,16.0,18.0,478.0
부산광역시교육청,부산광역시해운대교육지원청,부산광역시 해운대구,S020001658,반석초등학교,2,공립,N,,1.0,0.0,12.0,1.0,1.0,10.0,0.0,2.0,20.0,0.0,1.0,14.0,0.0,1.0,15.0,0.0,1.0,19.0,2.0,6.0,90.0
부산광역시교육청,부산광역시해운대교육지원청,부산광역시 해운대구,S020001659,반송초등학교,2,공립,N,,1.0,3.0,34.0,0.0,4.0,24.0,1.0,6.0,38.0,1.0,4.0,34.0,1.0,2.0,39.0,0.0,2.0,42.0,4.0,21.0,211.0
부산광역시교육청,부산광역시해운대교육지원청,부산광역시 해운대구,S020001660,반안초등학교,2,공립,N,,3.0,1.0,87.0,7.0,2.0,113.0,9.0,0.0,104.0,2.0,1.0,108.0,11.0,0.0,112.0,0.0,0.0,106.0,32.0,4.0,630.0
부산광역시교육청,부산광역시해운대교육지원청,부산광역시 해운대구,S020001661,반여초등학교,2,공립,N,,4.0,1.0,40.0,2.0,3.0,34.0,3.0,3.0,66.0,1.0,3.0,65.0,3.0,4.0,69.0,2.0,4.0,57.0,15.0,18.0,331.0
부산광역시교육청,부산광역시해운대교육지원청,부산광역시 수영구,S020001662,배산초등학교,2,공립,N,,4.0,5.0,95.0,5.0,3.0,88.0,3.0,5.0,93.0,9.0,1.0,91.0,7.0,4.0,86.0,6.0,1.0,74.0,34.0,19.0,527.0
부산광역시교육청,부산광역시해운대교육지원청,부산광역시 해운대구,S020001663,부흥초등학교,2,공립,N,,3.0,7.0,144.0,5.0,9.0,113.0,18.0,6.0,183.0,16.0,10.0,140.0,10.0,1.0,152.0,12.0,3.0,189.0,64.0,36.0,921.0
부산광역시교육청,부산광역시해운대교육지원청,부산광역시 해운대구,S020001664,상당초등학교,2,공립,N,,1.0,3.0,115.0,11.0,7.0,132.0,10.0,7.0,140.0,11.0,6.0,126.0,8.0,3.0,142.0,8.0,3.0,152.0,49.0,29.0,807.0
부산광역시교육청,부산광역시해운대교육지원청,부산광역시 해운대구,S020001665,송운초등학교,2,공립,N,,1.0,6.0,59.0,2.0,4.0,62.0,4.0,13.0,69.0,3.0,2.0,71.0,2.0,6.0,74.0,1.0,5.0,60.0,13.0,36.0,395.0
부산광역시교육청,부산광역시해운대교육지원청,부산광역시 해운대구,S020001666,송정초등학교,2,공립,N,,1.0,1.0,51.0,4.0,5.0,53.0,5.0,4.0,56.0,4.0,3.0,43.0,0.0,0.0,48.0,2.0,5.0,39.0,16.0,18.0,290.0
부산광역시교육청,부산광역시해운대교육지원청,부산광역시 수영구,S020001667,수미초등학교,2,공립,N,,1.0,1.0,74.0,4.0,3.0,85.0,3.0,7.0,93.0,1.0,6.0,103.0,2.0,3.0,98.0,3.0,5.0,72.0,14.0,25.0,525.0
부산광역시교육청,부산광역시해운대교육지원청,부산광역시 수영구,S020001668,수영초등학교,2,공립,N,,0.0,4.0,142.0,2.0,0.0,149.0,10.0,7.0,158.0,12.0,0.0,145.0,0.0,6.0,146.0,0.0,3.0,150.0,24.0,20.0,890.0
부산광역시교육청,부산광역시해운대교육지원청,부산광역시 해운대구,S020001669,신곡초등학교,2,공립,N,,0.0,0.0,89.0,1.0,2.0,88.0,0.0,2.0,119.0,0.0,3.0,110.0,2.0,1.0,103.0,3.0,0.0,109.0,6.0,8.0,618.0
부산광역시교육청,부산광역시해운대교육지원청,부산광역시 해운대구,S020001670,신도초등학교,2,공립,N,,8.0,3.0,82.0,5.0,12.0,107.0,4.0,11.0,125.0,11.0,6.0,114.0,12.0,8.0,113.0,13.0,6.0,91.0,53.0,46.0,632.0
부산광역시교육청,부산광역시해운대교육지원청,부산광역시 해운대구,S020001671,신재초등학교,2,공립,N,,2.0,6.0,57.0,0.0,6.0,81.0,3.0,14.0,72.0,1.0,5.0,92.0,3.0,11.0,88.0,2.0,3.0,85.0,11.0,45.0,475.0
부산광역시교육청,부산광역시해운대교육지원청,부산광역시 기장군,S020001672,신진초등학교,2,공립,N,,0.0,2.0,38.0,2.0,2.0,33.0,0.0,2.0,39.0,3.0,2.0,36.0,1.0,2.0,46.0,2.0,1.0,27.0,8.0,11.0,219.0
부산광역시교육청,부산광역시해운대교육지원청,부산광역시 해운대구,S020001673,양운초등학교,2,공립,N,,0.0,3.0,69.0,7.0,5.0,85.0,6.0,7.0,67.0,7.0,4.0,99.0,0.0,1.0,86.0,4.0,5.0,97.0,24.0,25.0,503.0
부산광역시교육청,부산광역시해운대교육지원청,부산광역시 해운대구,S020001674,운봉초등학교,2,공립,N,,0.0,0.0,30.0,1.0,1.0,28.0,1.0,2.0,35.0,2.0,1.0,36.0,0.0,2.0,36.0,1.0,2.0,55.0,5.0,8.0,220.0
부산광역시교육청,부산광역시해운대교육지원청,부산광역시 해운대구,S020001675,운송초등학교,2,공립,N,,1.0,1.0,15.0,1.0,1.0,13.0,0.0,1.0,17.0,0.0,3.0,26.0,0.0,3.0,27.0,0.0,2.0,16.0,2.0,11.0,114.0
부산광역시교육청,부산광역시해운대교육지원청,부산광역시 기장군,S020001676,월내초등학교,2,공립,N,,4.0,1.0,31.0,4.0,7.0,27.0,4.0,5.0,30.0,0.0,4.0,30.0,1.0,2.0,12.0,0.0,3.0,20.0,13.0,22.0,150.0
부산광역시교육청,부산광역시해운대교육지원청,부산광역시 기장군,S020001677,월평초등학교,2,공립,N,,0.0,1.0,14.0,0.0,2.0,20.0,1.0,3.0,18.0,0.0,1.0,15.0,0.0,0.0,15.0,0.0,1.0,17.0,1.0,8.0,99.0
부산광역시교육청,부산광역시해운대교육지원청,부산광역시 해운대구,S020001680,장산초등학교,2,공립,N,,4.0,1.0,133.0,9.0,10.0,136.0,3.0,0.0,139.0,11.0,4.0,152.0,7.0,7.0,136.0,2.0,12.0,163.0,36.0,34.0,859.0
부산광역시교육청,부산광역시해운대교육지원청,부산광역시 기장군,S020001681,장안초등학교,2,공립,N,,1.0,0.0,11.0,0.0,0.0,12.0,0.0,0.0,8.0,0.0,0.0,9.0,0.0,0.0,8.0,0.0,0.0,13.0,1.0,0.0,61.0
부산광역시교육청,부산광역시해운대교육지원청,부산광역시 해운대구,S020001682,재송초등학교,2,공립,N,,0.0,3.0,77.0,2.0,0.0,76.0,1.0,0.0,102.0,2.0,0.0,91.0,3.0,0.0,108.0,0.0,1.0,88.0,8.0,4.0,542.0
부산광역시교육청,부산광역시해운대교육지원청,부산광역시 기장군,S020001683,정관초등학교,2,공립,N,,10.0,11.0,245.0,17.0,18.0,231.0,18.0,8.0,222.0,11.0,16.0,220.0,6.0,12.0,225.0,6.0,20.0,221.0,68.0,85.0,1364.0
부산광역시교육청,부산광역시해운대교육지원청,부산광역시 해운대구,S020001684,좌동초등학교,2,공립,N,,4.0,4.0,82.0,4.0,7.0,96.0,4.0,2.0,108.0,2.0,8.0,111.0,0.0,0.0,96.0,5.0,5.0,89.0,19.0,26.0,582.0
부산광역시교육청,부산광역시해운대교육지원청,부산광역시 해운대구,S020001685,좌산초등학교,2,공립,N,,2.0,3.0,77.0,6.0,3.0,97.0,8.0,4.0,82.0,6.0,3.0,106.0,7.0,3.0,112.0,2.0,2.0,80.0,31.0,18.0,554.0
부산광역시교육청,부산광역시해운대교육지원청,부산광역시 기장군,S020001686,좌천초등학교,2,공립,N,,0.0,1.0,10.0,1.0,0.0,4.0,1.0,0.0,12.0,0.0,0.0,10.0,1.0,0.0,6.0,0.0,0.0,10.0,3.0,1.0,52.0
부산광역시교육청,부산광역시해운대교육지원청,부산광역시 기장군,S020001687,죽성초등학교,2,공립,N,,1.0,1.0,20.0,0.0,0.0,6.0,0.0,1.0,10.0,0.0,0.0,15.0,0.0,2.0,12.0,0.0,0.0,11.0,1.0,4.0,74.0
부산광역시교육청,부산광역시해운대교육지원청,부산광역시 기장군,S020001688,철마초등학교,2,공립,N,,0.0,0.0,21.0,2.0,0.0,12.0,2.0,1.0,21.0,1.0,0.0,12.0,1.0,1.0,18.0,0.0,0.0,7.0,6.0,2.0,91.0
부산광역시교육청,부산광역시해운대교육지원청,부산광역시 기장군,S020001689,칠암초등학교,2,공립,N,,0.0,1.0,14.0,1.0,1.0,9.0,0.0,3.0,12.0,0.0,0.0,12.0,0.0,0.0,11.0,0.0,2.0,22.0,1.0,7.0,80.0
부산광역시교육청,부산광역시해운대교육지원청,부산광역시 해운대구,S020001690,해강초등학교,2,공립,N,,0.0,0.0,130.0,0.0,0.0,129.0,0.0,0.0,138.0,0.0,0.0,140.0,0.0,0.0,138.0,6.0,0.0,147.0,6.0,0.0,822.0
부산광역시교육청,부산광역시해운대교육지원청,부산광역시 해운대구,S020001691,해동초등학교,2,공립,N,,3.0,1.0,57.0,5.0,4.0,64.0,5.0,4.0,74.0,8.0,4.0,80.0,5.0,4.0,77.0,5.0,6.0,72.0,31.0,23.0,424.0
부산광역시교육청,부산광역시해운대교육지원청,부산광역시 해운대구,S020001692,해림초등학교,2,공립,N,,0.0,0.0,164.0,0.0,0.0,187.0,0.0,0.0,188.0,0.0,0.0,155.0,0.0,0.0,157.0,1.0,0.0,161.0,1.0,0.0,1012.0
부산광역시교육청,부산광역시해운대교육지원청,부산광역시 해운대구,S020001693,해송초등학교,2,공립,N,,5.0,4.0,115.0,6.0,6.0,116.0,9.0,8.0,121.0,2.0,8.0,120.0,5.0,7.0,121.0,6.0,1.0,112.0,33.0,34.0,705.0
부산광역시교육청,부산광역시해운대교육지원청,부산광역시 해운대구,S020001694,해운대초등학교,2,공립,N,,21.0,6.0,147.0,18.0,6.0,122.0,20.0,4.0,123.0,18.0,7.0,129.0,18.0,7.0,105.0,8.0,12.0,118.0,103.0,42.0,744.0
부산광역시교육청,부산광역시해운대교육지원청,부산광역시 수영구,S020001695,호암초등학교,2,공립,N,,3.0,3.0,93.0,12.0,0.0,63.0,13.0,5.0,87.0,6.0,2.0,54.0,8.0,1.0,70.0,7.0,0.0,76.0,49.0,11.0,443.0
부산광역시교육청,부산광역시동래교육지원청,부산광역시 동래구,S020001814,충렬초등학교,2,공립,N,,1.0,2.0,27.0,2.0,1.0,24.0,0.0,0.0,33.0,0.0,2.0,28.0,1.0,3.0,62.0,1.0,1.0,37.0,5.0,9.0,211.0
부산광역시교육청,부산광역시북부교육지원청,부산광역시 북구,S020001826,금명초등학교,2,공립,N,,5.0,3.0,90.0,6.0,9.0,103.0,6.0,6.0,96.0,7.0,2.0,121.0,7.0,2.0,118.0,4.0,5.0,116.0,35.0,27.0,644.0
부산광역시교육청,부산광역시북부교육지원청,부산광역시 북구,S020001840,명진초등학교,2,공립,N,,7.0,3.0,113.0,5.0,6.0,93.0,12.0,4.0,122.0,5.0,4.0,111.0,4.0,5.0,118.0,5.0,5.0,105.0,38.0,27.0,662.0
부산광역시교육청,부산광역시북부교육지원청,부산광역시 북구,S020001841,학사초등학교,2,공립,N,,0.0,3.0,96.0,3.0,4.0,97.0,5.0,4.0,78.0,3.0,2.0,90.0,6.0,3.0,99.0,2.0,2.0,91.0,19.0,18.0,551.0
부산광역시교육청,부산광역시북부교육지원청,부산광역시 북구,S020001842,화잠초등학교,2,공립,N,,1.0,4.0,82.0,5.0,6.0,72.0,5.0,4.0,82.0,1.0,9.0,82.0,4.0,6.0,65.0,5.0,3.0,85.0,21.0,32.0,468.0
부산광역시교육청,부산광역시해운대교육지원청,부산광역시 해운대구,S020001843,인지초등학교,2,공립,N,,3.0,2.0,89.0,8.0,6.0,127.0,12.0,11.0,120.0,6.0,7.0,126.0,8.0,9.0,142.0,3.0,4.0,103.0,40.0,39.0,707.0
부산광역시교육청,부산광역시남부교육지원청,부산광역시 남구,S020001867,용문초등학교,2,공립,N,,4.0,0.0,142.0,9.0,5.0,153.0,6.0,9.0,183.0,7.0,1.0,176.0,6.0,4.0,193.0,5.0,8.0,194.0,37.0,27.0,1041.0
부산광역시교육청,부산광역시서부교육지원청,부산광역시 사하구,S020001870,을숙도초등학교,2,공립,N,,4.0,2.0,111.0,3.0,7.0,112.0,6.0,3.0,123.0,6.0,5.0,120.0,2.0,0.0,104.0,2.0,8.0,152.0,23.0,25.0,722.0
부산광역시교육청,부산광역시동래교육지원청,부산광역시 금정구,S020001872,금샘초등학교,2,공립,N,,1.0,4.0,29.0,1.0,0.0,31.0,2.0,0.0,37.0,0.0,1.0,44.0,4.0,5.0,66.0,1.0,2.0,52.0,9.0,12.0,259.0
부산광역시교육청,부산광역시북부교육지원청,부산광역시 북구,S020001873,신덕초등학교,2,공립,N,,1.0,3.0,49.0,1.0,2.0,40.0,2.0,5.0,65.0,2.0,2.0,63.0,1.0,5.0,78.0,2.0,1.0,59.0,9.0,18.0,354.0
부산광역시교육청,부산광역시북부교육지원청,부산광역시 북구,S020001874,상학초등학교,2,공립,N,,17.0,1.0,29.0,22.0,1.0,18.0,22.0,0.0,10.0,24.0,2.0,16.0,16.0,0.0,9.0,17.0,1.0,10.0,118.0,5.0,92.0
부산광역시교육청,부산광역시남부교육지원청,부산광역시 부산진구,S020001890,동양초등학교,2,공립,N,,0.0,0.0,33.0,1.0,1.0,40.0,0.0,5.0,60.0,3.0,1.0,50.0,0.0,5.0,63.0,2.0,3.0,61.0,6.0,15.0,307.0
부산광역시교육청,부산광역시서부교육지원청,부산광역시 사하구,S020001891,보림초등학교,2,공립,N,,2.0,7.0,102.0,5.0,5.0,91.0,3.0,10.0,120.0,3.0,9.0,92.0,2.0,4.0,99.0,3.0,7.0,100.0,18.0,42.0,604.0
부산광역시교육청,부산광역시해운대교육지원청,부산광역시 해운대구,S020001892,무정초등학교,2,공립,N,,1.0,2.0,62.0,2.0,4.0,49.0,0.0,5.0,72.0,2.0,2.0,76.0,0.0,3.0,76.0,3.0,5.0,53.0,8.0,21.0,388.0
부산광역시교육청,부산광역시동래교육지원청,부산광역시 금정구,S020001902,두실초등학교,2,공립,N,,3.0,2.0,137.0,7.0,5.0,144.0,5.0,5.0,143.0,7.0,4.0,148.0,5.0,4.0,147.0,6.0,3.0,153.0,33.0,23.0,872.0
부산광역시교육청,부산광역시동래교육지원청,부산광역시 동래구,S020001903,안진초등학교,2,공립,N,,3.0,3.0,78.0,3.0,5.0,62.0,4.0,9.0,93.0,5.0,3.0,75.0,2.0,6.0,73.0,3.0,1.0,77.0,20.0,27.0,458.0
부산광역시교육청,부산광역시해운대교육지원청,부산광역시 해운대구,S020001904,삼어초등학교,2,공립,N,,0.0,3.0,64.0,0.0,3.0,62.0,2.0,5.0,60.0,0.0,0.0,54.0,2.0,0.0,51.0,1.0,0.0,48.0,5.0,11.0,339.0
부산광역시교육청,부산광역시해운대교육지원청,부산광역시 해운대구,S020001905,센텀초등학교,2,공립,N,,6.0,3.0,239.0,16.0,13.0,222.0,29.0,21.0,283.0,23.0,14.0,278.0,30.0,15.0,289.0,25.0,8.0,313.0,129.0,74.0,1624.0
부산광역시교육청,부산광역시해운대교육지원청,부산광역시 해운대구,S020001906,송수초등학교,2,공립,N,,5.0,8.0,183.0,4.0,8.0,182.0,12.0,12.0,162.0,5.0,8.0,178.0,5.0,8.0,166.0,3.0,9.0,155.0,34.0,53.0,1026.0
부산광역시교육청,부산광역시북부교육지원청,부산광역시 사상구,S020001912,주양초등학교,2,공립,N,,3.0,6.0,57.0,4.0,3.0,59.0,3.0,3.0,69.0,2.0,3.0,69.0,3.0,4.0,76.0,0.0,0.0,87.0,15.0,19.0,417.0
부산광역시교육청,부산광역시동래교육지원청,부산광역시 동래구,S020001917,예원초등학교,2,공립,N,,5.0,2.0,135.0,18.0,6.0,142.0,24.0,4.0,193.0,15.0,6.0,181.0,11.0,1.0,190.0,6.0,3.0,152.0,79.0,22.0,993.0
부산광역시교육청,부산광역시서부교육지원청,부산광역시 사하구,S020001997,몰운대초등학교,2,공립,N,,0.0,4.0,160.0,0.0,6.0,159.0,0.0,3.0,176.0,0.0,0.0,182.0,0.0,0.0,170.0,0.0,0.0,139.0,0.0,13.0,986.0
부산광역시교육청,부산광역시남부교육지원청,부산광역시 남구,S020002001,오륙도초등학교,2,공립,N,,0.0,3.0,90.0,6.0,6.0,97.0,7.0,6.0,109.0,4.0,6.0,112.0,7.0,6.0,116.0,6.0,8.0,96.0,30.0,35.0,620.0
부산광역시교육청,부산광역시해운대교육지원청,부산광역시 기장군,S020002003,내리초등학교,2,공립,N,,0.0,2.0,38.0,0.0,2.0,32.0,2.0,4.0,25.0,0.0,1.0,28.0,2.0,0.0,18.0,2.0,0.0,15.0,6.0,9.0,156.0
부산광역시교육청,부산광역시북부교육지원청,부산광역시 강서구,S020002006,명호초등학교,2,공립,N,,10.0,4.0,274.0,15.0,16.0,278.0,11.0,25.0,298.0,16.0,17.0,304.0,8.0,17.0,268.0,10.0,7.0,267.0,70.0,86.0,1689.0
부산광역시교육청,부산광역시해운대교육지원청,부산광역시 기장군,S020002010,신정초등학교,2,공립,N,,9.0,8.0,129.0,11.0,1.0,118.0,11.0,6.0,161.0,11.0,3.0,132.0,8.0,4.0,146.0,4.0,4.0,135.0,54.0,26.0,821.0
부산광역시교육청,부산광역시해운대교육지원청,부산광역시 기장군,S020002016,달산초등학교,2,공립,N,,4.0,12.0,122.0,8.0,2.0,100.0,12.0,11.0,133.0,8.0,8.0,126.0,2.0,4.0,101.0,4.0,4.0,97.0,38.0,41.0,679.0
부산광역시교육청,부산광역시북부교육지원청,부산광역시 강서구,S020002041,남명초등학교,2,공립,N,,4.0,3.0,146.0,11.0,6.0,128.0,9.0,8.0,142.0,10.0,8.0,151.0,7.0,5.0,151.0,4.0,4.0,103.0,45.0,34.0,821.0
부산광역시교육청,부산광역시남부교육지원청,부산광역시 남구,S020002045,용소초등학교,2,공립,N,,4.0,8.0,197.0,8.0,14.0,208.0,13.0,16.0,223.0,18.0,10.0,206.0,6.0,11.0,227.0,6.0,5.0,186.0,55.0,64.0,1247.0
부산광역시교육청,부산광역시해운대교육지원청,부산광역시 기장군,S020002053,방곡초등학교,2,공립,N,,11.0,14.0,217.0,12.0,22.0,191.0,11.0,14.0,213.0,11.0,26.0,228.0,11.0,9.0,155.0,14.0,2.0,135.0,70.0,87.0,1139.0
부산광역시교육청,부산광역시북부교육지원청,부산광역시 강서구,S020002054,녹산초등학교,2,공립,N,,15.0,18.0,219.0,24.0,21.0,213.0,17.0,22.0,215.0,10.0,31.0,195.0,12.0,17.0,165.0,4.0,12.0,114.0,82.0,121.0,1121.0
부산광역시교육청,부산광역시해운대교육지원청,부산광역시 해운대구,S020002055,해원초등학교,2,공립,N,,12.0,0.0,184.0,9.0,1.0,174.0,5.0,0.0,198.0,7.0,0.0,175.0,11.0,0.0,167.0,0.0,0.0,143.0,44.0,1.0,1041.0
부산광역시교육청,부산광역시동래교육지원청,부산광역시 동래구,S020002066,온샘초등학교,2,공립,N,,0.0,0.0,0.0,0.0,0.0,0.0,0.0,0.0,0.0,0.0,0.0,0.0,0.0,0.0,0.0,0.0,0.0,0.0,0.0,0.0,0.0
부산광역시교육청,부산광역시해운대교육지원청,부산광역시 기장군,S020002071,정원초등학교,2,공립,N,,9.0,15.0,217.0,19.0,20.0,223.0,11.0,14.0,251.0,14.0,23.0,266.0,10.0,8.0,238.0,10.0,14.0,203.0,73.0,94.0,1398.0
부산광역시교육청,부산광역시서부교육지원청,부산광역시 서구,S020002091,부산알로이시오초등학교,2,사립,N,,0.0,0.0,6.0,1.0,0.0,5.0,0.0,0.0,6.0,1.0,0.0,24.0,0.0,0.0,19.0,0.0,0.0,12.0,2.0,0.0,72.0
부산광역시교육청,부산광역시동래교육지원청,부산광역시 금정구,S020002149,금빛초등학교,2,공립,N,,4.0,6.0,124.0,7.0,10.0,130.0,7.0,9.0,152.0,4.0,9.0,172.0,6.0,7.0,141.0,3.0,8.0,159.0,31.0,49.0,878.0
부산광역시교육청,부산광역시북부교육지원청,부산광역시 북구,S020002177,화정초등학교,2,공립,N,,6.0,0.0,134.0,7.0,13.0,128.0,6.0,7.0,139.0,4.0,8.0,121.0,5.0,5.0,145.0,3.0,5.0,125.0,31.0,38.0,792.0
부산광역시교육청,부산광역시해운대교육지원청,부산광역시 기장군,S020002182,모전초등학교,2,공립,N,,7.0,10.0,309.0,13.0,22.0,301.0,14.0,30.0,302.0,12.0,20.0,274.0,13.0,21.0,269.0,3.0,11.0,215.0,62.0,114.0,1670.0
부산광역시교육청,부산광역시해운대교육지원청,부산광역시 기장군,S020002198,가동초등학교,2,공립,N,,8.0,6.0,211.0,18.0,13.0,215.0,10.0,18.0,206.0,17.0,16.0,218.0,9.0,9.0,169.0,7.0,6.0,164.0,69.0,68.0,1183.0
부산광역시교육청,부산광역시북부교육지원청,부산광역시 강서구,S020002202,송정초등학교,2,공립,N,,18.0,4.0,140.0,14.0,8.0,131.0,18.0,7.0,125.0,19.0,5.0,122.0,20.0,6.0,120.0,14.0,5.0,75.0,103.0,35.0,713.0
부산광역시교육청,부산광역시북부교육지원청,부산광역시 강서구,S020002213,오션초등학교,2,공립,N,,5.0,6.0,193.0,11.0,12.0,183.0,7.0,14.0,191.0,9.0,9.0,172.0,5.0,17.0,180.0,5.0,5.0,157.0,42.0,63.0,1076.0
부산광역시교육청,부산광역시북부교육지원청,부산광역시 강서구,S020002232,신명초등학교,2,공립,N,,10.0,4.0,257.0,8.0,32.0,268.0,11.0,22.0,258.0,17.0,22.0,202.0,8.0,21.0,221.0,8.0,6.0,136.0,62.0,107.0,1342.0
부산광역시교육청,부산광역시북부교육지원청,부산광역시 강서구,S020002257,명일초등학교,2,공립,N,,0.0,5.0,163.0,0.0,4.0,133.0,0.0,2.0,115.0,2.0,1.0,86.0,1.0,1.0,57.0,1.0,1.0,43.0,4.0,14.0,597.0
부산광역시교육청,부산광역시북부교육지원청,부산광역시 강서구,S020002276,명원초등학교,2,공립,N,,8.0,12.0,342.0,46.0,19.0,289.0,59.0,16.0,249.0,63.0,12.0,243.0,40.0,12.0,204.0,24.0,9.0,165.0,240.0,80.0,1492.0
부산광역시교육청,부산광역시해운대교육지원청,부산광역시 기장군,S020002277,일광초등학교,2,공립,N,,5.0,4.0,174.0,22.0,7.0,179.0,34.0,7.0,164.0,28.0,4.0,139.0,16.0,5.0,132.0,23.0,5.0,93.0,128.0,32.0,881.0
부산광역시교육청,부산광역시해운대교육지원청,부산광역시 기장군,S020002312,해빛초등학교,2,공립,N,,7.0,3.0,163.0,104.0,4.0,98.0,108.0,1.0,105.0,91.0,2.0,84.0,81.0,1.0,76.0,56.0,1.0,51.0,447.0,12.0,577.0
대구광역시교육청,교육부,대구광역시 중구,S000003493,경북대학교사범대학부설초등학교,2,국립,N,,0.0,0.0,82.0,1.0,1.0,96.0,2.0,2.0,96.0,1.0,6.0,91.0,4.0,4.0,95.0,0.0,0.0,96.0,8.0,13.0,556.0
대구광역시교육청,교육부,대구광역시 달서구,S000003506,대구교육대학교대구부설초등학교,2,국립,N,,0.0,0.0,73.0,0.0,0.0,73.0,0.0,0.0,72.0,0.0,0.0,74.0,0.0,1.0,74.0,0.0,0.0,71.0,0.0,1.0,437.0
대구광역시교육청,대구광역시남부교육지원청,대구광역시 남구,S030000406,남대구초등학교,2,공립,N,,0.0,0.0,28.0,1.0,0.0,20.0,3.0,2.0,24.0,0.0,0.0,21.0,2.0,1.0,21.0,0.0,3.0,28.0,6.0,6.0,142.0
대구광역시교육청,대구광역시남부교육지원청,대구광역시 달서구,S030000407,대구감삼초등학교,2,공립,N,,1.0,1.0,37.0,5.0,3.0,39.0,2.0,3.0,34.0,3.0,7.0,39.0,0.0,6.0,47.0,1.0,4.0,31.0,12.0,24.0,227.0
대구광역시교육청,대구광역시남부교육지원청,대구광역시 달서구,S030000408,대구감천초등학교,2,공립,N,,2.0,3.0,53.0,2.0,4.0,49.0,2.0,5.0,64.0,3.0,3.0,50.0,3.0,6.0,70.0,0.0,2.0,64.0,12.0,23.0,350.0
대구광역시교육청,대구광역시남부교육지원청,대구광역시 남구,S030000409,대구남덕초등학교,2,공립,N,,0.0,0.0,38.0,1.0,2.0,59.0,2.0,2.0,38.0,1.0,6.0,47.0,1.0,5.0,43.0,4.0,1.0,24.0,9.0,16.0,249.0
대구광역시교육청,대구광역시남부교육지원청,대구광역시 남구,S030000410,대구남도초등학교,2,공립,N,,1.0,4.0,89.0,1.0,7.0,84.0,7.0,8.0,98.0,4.0,8.0,104.0,7.0,6.0,96.0,2.0,4.0,95.0,22.0,37.0,566.0
대구광역시교육청,대구광역시남부교육지원청,대구광역시 남구,S030000411,대구남명초등학교,2,공립,N,,0.0,3.0,36.0,1.0,5.0,38.0,1.0,3.0,29.0,1.0,1.0,30.0,1.0,3.0,33.0,2.0,0.0,33.0,6.0,15.0,199.0
대구광역시교육청,대구광역시남부교육지원청,대구광역시 달서구,S030000412,대구남부초등학교,2,공립,N,,1.0,2.0,52.0,5.0,4.0,57.0,4.0,2.0,71.0,4.0,2.0,56.0,5.0,8.0,63.0,5.0,1.0,56.0,24.0,19.0,355.0
대구광역시교육청,대구광역시남부교육지원청,대구광역시 달서구,S030000413,대구남송초등학교,2,공립,N,,1.0,2.0,35.0,3.0,4.0,55.0,0.0,5.0,53.0,1.0,6.0,54.0,2.0,2.0,62.0,0.0,1.0,54.0,7.0,20.0,313.0
대구광역시교육청,대구광역시남부교육지원청,대구광역시 달서구,S030000414,대구내당초등학교,2,공립,N,,3.0,1.0,40.0,1.0,4.0,45.0,4.0,2.0,36.0,3.0,1.0,46.0,1.0,1.0,40.0,1.0,1.0,33.0,13.0,10.0,240.0
대구광역시교육청,대구광역시남부교육지원청,대구광역시 달서구,S030000415,대구노전초등학교,2,공립,N,,1.0,4.0,75.0,0.0,3.0,61.0,1.0,7.0,83.0,4.0,5.0,79.0,1.0,3.0,83.0,5.0,4.0,91.0,12.0,26.0,472.0
대구광역시교육청,대구광역시남부교육지원청,대구광역시 달서구,S030000416,대구대곡초등학교,2,공립,N,,1.0,0.0,73.0,0.0,0.0,78.0,3.0,0.0,80.0,0.0,7.0,90.0,0.0,1.0,79.0,0.0,1.0,91.0,4.0,9.0,491.0
대구광역시교육청,대구광역시남부교육지원청,대구광역시 달서구,S030000417,대구대남초등학교,2,공립,N,,3.0,2.0,65.0,3.0,4.0,77.0,4.0,8.0,75.0,6.0,4.0,68.0,2.0,4.0,87.0,2.0,4.0,79.0,20.0,26.0,451.0
대구광역시교육청,대구광역시남부교육지원청,대구광역시 남구,S030000418,대구대덕초등학교,2,공립,N,,2.0,3.0,41.0,2.0,5.0,43.0,2.0,3.0,31.0,2.0,1.0,35.0,4.0,2.0,40.0,1.0,0.0,38.0,13.0,14.0,228.0
대구광역시교육청,대구광역시남부교육지원청,대구광역시 남구,S030000419,대구대명초등학교,2,공립,N,,4.0,1.0,84.0,5.0,4.0,96.0,2.0,9.0,95.0,7.0,6.0,111.0,4.0,3.0,80.0,3.0,1.0,81.0,25.0,24.0,547.0
대구광역시교육청,대구광역시남부교육지원청,대구광역시 남구,S030000420,대구대봉초등학교,2,공립,N,,4.0,5.0,80.0,1.0,6.0,78.0,2.0,4.0,89.0,0.0,12.0,104.0,4.0,5.0,97.0,0.0,2.0,83.0,11.0,34.0,531.0
대구광역시교육청,대구광역시남부교육지원청,대구광역시 달서구,S030000421,대구대서초등학교,2,공립,N,,1.0,6.0,87.0,2.0,14.0,96.0,4.0,18.0,142.0,1.0,7.0,98.0,2.0,12.0,110.0,0.0,5.0,109.0,10.0,62.0,642.0
대구광역시교육청,대구광역시남부교육지원청,대구광역시 달서구,S030000422,대구대진초등학교,2,공립,N,,2.0,3.0,74.0,4.0,4.0,72.0,3.0,5.0,86.0,2.0,3.0,84.0,3.0,1.0,93.0,2.0,3.0,79.0,16.0,19.0,488.0
대구광역시교육청,대구광역시남부교육지원청,대구광역시 달서구,S030000423,대구덕인초등학교,2,공립,N,,1.0,13.0,72.0,5.0,2.0,64.0,8.0,2.0,67.0,4.0,4.0,67.0,5.0,5.0,63.0,2.0,2.0,50.0,25.0,28.0,383.0
대구광역시교육청,대구광역시남부교육지원청,대구광역시 달서구,S030000424,대구도원초등학교,2,공립,N,,0.0,4.0,55.0,0.0,4.0,67.0,2.0,4.0,78.0,3.0,5.0,85.0,4.0,3.0,82.0,2.0,2.0,76.0,11.0,22.0,443.0
대구광역시교육청,대구광역시남부교육지원청,대구광역시 달서구,S030000425,대구본리초등학교,2,공립,N,,4.0,4.0,191.0,4.0,13.0,184.0,9.0,13.0,238.0,11.0,7.0,189.0,6.0,9.0,204.0,1.0,3.0,197.0,35.0,49.0,1203.0
대구광역시교육청,대구광역시남부교육지원청,대구광역시 남구,S030000426,대구봉덕초등학교,2,공립,N,,14.0,2.0,112.0,13.0,2.0,94.0,13.0,3.0,102.0,26.0,1.0,106.0,9.0,7.0,100.0,7.0,7.0,122.0,82.0,22.0,636.0
대구광역시교육청,대구광역시남부교육지원청,대구광역시 달서구,S030000427,대구상원초등학교,2,공립,N,,1.0,1.0,49.0,0.0,3.0,56.0,1.0,2.0,59.0,0.0,3.0,45.0,2.0,3.0,53.0,0.0,0.0,59.0,4.0,12.0,321.0
대구광역시교육청,대구광역시남부교육지원청,대구광역시 달서구,S030000428,대구상인초등학교,2,공립,N,,5.0,5.0,79.0,2.0,5.0,82.0,4.0,4.0,90.0,2.0,8.0,78.0,4.0,3.0,77.0,0.0,5.0,75.0,17.0,30.0,481.0
대구광역시교육청,대구광역시남부교육지원청,대구광역시 달서구,S030000429,대구선원초등학교,2,공립,N,,1.0,3.0,39.0,5.0,2.0,58.0,3.0,2.0,49.0,1.0,2.0,45.0,5.0,2.0,70.0,2.0,1.0,48.0,17.0,12.0,309.0
대구광역시교육청,대구광역시남부교육지원청,대구광역시 달서구,S030000430,대구성곡초등학교,2,공립,N,,1.0,1.0,57.0,2.0,1.0,61.0,2.0,5.0,57.0,0.0,5.0,66.0,1.0,4.0,67.0,2.0,0.0,88.0,8.0,16.0,396.0
대구광역시교육청,대구광역시남부교육지원청,대구광역시 달서구,S030000431,대구성남초등학교,2,공립,N,,0.0,0.0,55.0,2.0,6.0,44.0,2.0,3.0,66.0,3.0,2.0,51.0,2.0,0.0,68.0,1.0,1.0,58.0,10.0,12.0,342.0
대구광역시교육청,대구광역시남부교육지원청,대구광역시 달서구,S030000432,대구성당초등학교,2,공립,N,,0.0,2.0,160.0,5.0,6.0,153.0,5.0,8.0,191.0,5.0,11.0,187.0,4.0,11.0,205.0,3.0,13.0,173.0,22.0,51.0,1069.0
대구광역시교육청,대구광역시남부교육지원청,대구광역시 남구,S030000433,대구성명초등학교,2,공립,N,,0.0,0.0,44.0,1.0,4.0,41.0,0.0,2.0,57.0,0.0,4.0,44.0,0.0,5.0,43.0,0.0,2.0,50.0,1.0,17.0,279.0
대구광역시교육청,대구광역시남부교육지원청,대구광역시 달서구,S030000434,대구성산초등학교,2,공립,N,,2.0,3.0,72.0,2.0,4.0,65.0,3.0,1.0,71.0,4.0,2.0,79.0,2.0,4.0,85.0,1.0,1.0,92.0,14.0,15.0,464.0
대구광역시교육청,대구광역시남부교육지원청,대구광역시 달서구,S030000435,대구성서초등학교,2,공립,N,,1.0,4.0,45.0,2.0,2.0,51.0,2.0,3.0,61.0,2.0,3.0,54.0,0.0,2.0,45.0,1.0,0.0,53.0,8.0,14.0,309.0
대구광역시교육청,대구광역시남부교육지원청,대구광역시 달서구,S030000436,대구성지초등학교,2,공립,N,,0.0,4.0,57.0,1.0,3.0,61.0,4.0,2.0,71.0,3.0,3.0,76.0,3.0,3.0,78.0,0.0,2.0,66.0,11.0,17.0,409.0
대구광역시교육청,대구광역시남부교육지원청,대구광역시 달서구,S030000437,대구송일초등학교,2,공립,N,,1.0,5.0,85.0,3.0,7.0,74.0,5.0,7.0,82.0,5.0,0.0,92.0,2.0,9.0,103.0,3.0,1.0,98.0,19.0,29.0,534.0
대구광역시교육청,대구광역시남부교육지원청,대구광역시 달서구,S030000438,대구송현초등학교,2,공립,N,,2.0,7.0,60.0,1.0,2.0,52.0,3.0,10.0,71.0,3.0,2.0,61.0,3.0,3.0,49.0,3.0,0.0,62.0,15.0,24.0,355.0
대구광역시교육청,대구광역시남부교육지원청,대구광역시 달서구,S030000439,대구신당초등학교,2,공립,N,,3.0,3.0,18.0,0.0,4.0,28.0,2.0,1.0,26.0,1.0,1.0,17.0,0.0,2.0,28.0,1.0,3.0,27.0,7.0,14.0,144.0
대구광역시교육청,대구광역시남부교육지원청,대구광역시 달서구,S030000440,대구신서초등학교,2,공립,N,,4.0,2.0,31.0,2.0,1.0,28.0,2.0,2.0,36.0,3.0,2.0,43.0,1.0,4.0,50.0,0.0,0.0,42.0,12.0,11.0,230.0
대구광역시교육청,대구광역시남부교육지원청,대구광역시 달서구,S030000441,대구신흥초등학교,2,공립,N,,2.0,4.0,83.0,1.0,6.0,55.0,8.0,6.0,71.0,9.0,5.0,69.0,5.0,4.0,74.0,2.0,2.0,74.0,27.0,27.0,426.0
대구광역시교육청,대구광역시남부교육지원청,대구광역시 남구,S030000442,대구영선초등학교,2,공립,N,,2.0,1.0,44.0,3.0,5.0,67.0,3.0,5.0,60.0,2.0,2.0,48.0,1.0,5.0,64.0,2.0,3.0,58.0,13.0,21.0,341.0
대구광역시교육청,대구광역시남부교육지원청,대구광역시 달서구,S030000443,대구와룡초등학교,2,공립,N,,1.0,4.0,78.0,3.0,2.0,75.0,3.0,6.0,82.0,5.0,6.0,97.0,1.0,6.0,110.0,2.0,3.0,101.0,15.0,27.0,543.0
대구광역시교육청,대구광역시남부교육지원청,대구광역시 달서구,S030000444,대구용산초등학교,2,공립,N,,2.0,2.0,71.0,3.0,6.0,68.0,3.0,6.0,91.0,0.0,8.0,84.0,2.0,6.0,81.0,2.0,3.0,92.0,12.0,31.0,487.0
대구광역시교육청,대구광역시남부교육지원청,대구광역시 달서구,S030000445,대구용전초등학교,2,공립,N,,0.0,2.0,75.0,3.0,7.0,79.0,0.0,5.0,54.0,2.0,6.0,73.0,1.0,5.0,78.0,0.0,3.0,80.0,6.0,28.0,439.0
대구광역시교육청,대구광역시남부교육지원청,대구광역시 달서구,S030000446,대구월곡초등학교,2,공립,N,,2.0,2.0,19.0,1.0,0.0,26.0,3.0,0.0,15.0,1.0,0.0,24.0,2.0,0.0,22.0,4.0,1.0,31.0,13.0,3.0,137.0
대구광역시교육청,대구광역시남부교육지원청,대구광역시 달서구,S030000447,대구월배초등학교,2,공립,N,,1.0,2.0,75.0,3.0,4.0,66.0,9.0,4.0,91.0,3.0,4.0,86.0,2.0,6.0,93.0,3.0,2.0,83.0,21.0,22.0,494.0
대구광역시교육청,대구광역시남부교육지원청,대구광역시 달서구,S030000448,대구월성초등학교,2,공립,N,,3.0,1.0,38.0,2.0,2.0,27.0,1.0,5.0,35.0,3.0,3.0,40.0,0.0,1.0,30.0,3.0,3.0,43.0,12.0,15.0,213.0
대구광역시교육청,대구광역시남부교육지원청,대구광역시 달서구,S030000449,대구월촌초등학교,2,공립,N,,2.0,4.0,82.0,1.0,4.0,76.0,3.0,8.0,87.0,1.0,3.0,81.0,5.0,6.0,79.0,0.0,9.0,89.0,12.0,34.0,494.0
대구광역시교육청,대구광역시남부교육지원청,대구광역시 달서구,S030000450,대구이곡초등학교,2,공립,N,,1.0,1.0,59.0,2.0,3.0,66.0,2.0,8.0,65.0,3.0,2.0,88.0,1.0,8.0,94.0,2.0,0.0,80.0,11.0,22.0,452.0
대구광역시교육청,대구광역시남부교육지원청,대구광역시 달서구,S030000451,대구장기초등학교,2,공립,N,,1.0,2.0,89.0,2.0,1.0,91.0,5.0,4.0,105.0,2.0,4.0,99.0,1.0,1.0,99.0,1.0,2.0,94.0,12.0,14.0,577.0
대구광역시교육청,대구광역시남부교육지원청,대구광역시 달서구,S030000452,대구장산초등학교,2,공립,N,,4.0,1.0,77.0,2.0,0.0,85.0,2.0,6.0,114.0,6.0,2.0,97.0,1.0,1.0,111.0,4.0,2.0,118.0,19.0,12.0,602.0
대구광역시교육청,대구광역시남부교육지원청,대구광역시 달서구,S030000453,대구죽전초등학교,2,공립,N,,2.0,3.0,54.0,3.0,5.0,46.0,1.0,7.0,71.0,1.0,4.0,66.0,1.0,4.0,54.0,1.0,4.0,63.0,9.0,27.0,354.0
대구광역시교육청,대구광역시남부교육지원청,대구광역시 달서구,S030000454,대구진월초등학교,2,공립,N,,0.0,2.0,51.0,2.0,5.0,54.0,2.0,4.0,56.0,3.0,3.0,45.0,0.0,1.0,47.0,2.0,2.0,63.0,9.0,17.0,316.0
대구광역시교육청,대구광역시남부교육지원청,대구광역시 달서구,S030000455,대구진천초등학교,2,공립,N,,0.0,1.0,75.0,4.0,6.0,73.0,4.0,6.0,89.0,2.0,4.0,84.0,1.0,2.0,84.0,1.0,3.0,78.0,12.0,22.0,483.0
대구광역시교육청,대구광역시남부교육지원청,대구광역시 달서구,S030000456,대구파호초등학교,2,공립,N,,1.0,5.0,51.0,0.0,1.0,47.0,2.0,3.0,43.0,4.0,6.0,46.0,1.0,5.0,49.0,0.0,3.0,43.0,8.0,23.0,279.0
대구광역시교육청,대구광역시남부교육지원청,대구광역시 달서구,S030000457,대구학산초등학교,2,공립,N,,1.0,0.0,14.0,3.0,3.0,23.0,4.0,0.0,20.0,0.0,1.0,25.0,3.0,1.0,25.0,0.0,0.0,18.0,11.0,5.0,125.0
대구광역시교육청,대구광역시남부교육지원청,대구광역시 남구,S030000458,대구효명초등학교,2,공립,N,,1.0,1.0,61.0,3.0,2.0,78.0,6.0,4.0,82.0,6.0,3.0,60.0,8.0,0.0,67.0,2.0,1.0,73.0,26.0,11.0,421.0
대구광역시교육청,대구광역시남부교육지원청,대구광역시 달서구,S030000459,효성초등학교,2,사립,N,,0.0,0.0,90.0,6.0,6.0,90.0,5.0,4.0,91.0,3.0,3.0,90.0,1.0,1.0,92.0,0.0,3.0,97.0,15.0,17.0,550.0
대구광역시교육청,대구광역시달성교육지원청,대구광역시 달성군,S030000565,대구가창초등학교,2,공립,N,,2.0,0.0,40.0,2.0,4.0,24.0,6.0,1.0,28.0,1.0,1.0,34.0,1.0,2.0,22.0,1.0,0.0,17.0,13.0,8.0,165.0
대구광역시교육청,대구광역시달성교육지원청,대구광역시 달성군,S030000567,대구구지초등학교,2,공립,N,,6.0,4.0,84.0,24.0,5.0,76.0,39.0,10.0,94.0,27.0,7.0,73.0,21.0,4.0,88.0,11.0,2.0,56.0,128.0,32.0,471.0
대구광역시교육청,대구광역시달성교육지원청,대구광역시 달성군,S030000568,대구금계초등학교,2,공립,N,,0.0,4.0,30.0,1.0,2.0,24.0,2.0,1.0,26.0,4.0,1.0,25.0,3.0,3.0,34.0,1.0,0.0,21.0,11.0,11.0,160.0
대구광역시교육청,대구광역시달성교육지원청,대구광역시 달성군,S030000569,대구금포초등학교,2,공립,N,,1.0,2.0,17.0,2.0,3.0,18.0,2.0,3.0,13.0,2.0,3.0,13.0,1.0,0.0,14.0,1.0,0.0,12.0,9.0,11.0,87.0
대구광역시교육청,대구광역시달성교육지원청,대구광역시 달성군,S030000570,대구남동초등학교,2,공립,N,,0.0,2.0,38.0,2.0,6.0,34.0,0.0,8.0,29.0,0.0,2.0,33.0,1.0,3.0,62.0,1.0,2.0,31.0,4.0,23.0,227.0
대구광역시교육청,대구광역시달성교육지원청,대구광역시 달성군,S030000571,대구다사초등학교,2,공립,N,,8.0,3.0,132.0,4.0,5.0,107.0,11.0,6.0,129.0,6.0,8.0,150.0,5.0,7.0,155.0,3.0,4.0,119.0,37.0,33.0,792.0
대구광역시교육청,대구광역시달성교육지원청,대구광역시 달성군,S030000573,대구동곡초등학교,2,공립,N,,1.0,0.0,11.0,3.0,0.0,11.0,2.0,0.0,10.0,1.0,1.0,11.0,1.0,0.0,9.0,0.0,0.0,8.0,8.0,1.0,60.0
대구광역시교육청,대구광역시달성교육지원청,대구광역시 달성군,S030000574,대구반송초등학교,2,공립,N,,2.0,2.0,16.0,1.0,0.0,10.0,1.0,5.0,14.0,1.0,2.0,16.0,0.0,0.0,4.0,0.0,2.0,15.0,5.0,11.0,75.0
대구광역시교육청,대구광역시달성교육지원청,대구광역시 달성군,S030000575,대구북동초등학교,2,공립,N,,1.0,2.0,32.0,2.0,3.0,45.0,2.0,5.0,49.0,3.0,8.0,54.0,2.0,4.0,56.0,1.0,5.0,56.0,11.0,27.0,292.0
대구광역시교육청,대구광역시달성교육지원청,대구광역시 달성군,S030000577,대구서재초등학교,2,공립,N,,0.0,5.0,115.0,3.0,8.0,107.0,6.0,6.0,144.0,1.0,11.0,153.0,4.0,8.0,123.0,2.0,5.0,129.0,16.0,43.0,771.0
대구광역시교육청,대구광역시달성교육지원청,대구광역시 달성군,S030000579,대구옥포초등학교,2,공립,N,,0.0,6.0,53.0,2.0,9.0,44.0,1.0,2.0,51.0,1.0,6.0,60.0,1.0,3.0,46.0,0.0,2.0,37.0,5.0,28.0,291.0
대구광역시교육청,대구광역시달성교육지원청,대구광역시 달성군,S030000580,대구용계초등학교,2,공립,N,,0.0,0.0,58.0,4.0,6.0,71.0,1.0,7.0,81.0,1.0,3.0,55.0,3.0,7.0,86.0,0.0,2.0,59.0,9.0,25.0,410.0
대구광역시교육청,대구광역시달성교육지원청,대구광역시 달성군,S030000582,대구유가초등학교,2,공립,N,,0.0,5.0,290.0,0.0,6.0,273.0,1.0,9.0,286.0,0.0,4.0,299.0,0.0,8.0,299.0,1.0,0.0,227.0,2.0,32.0,1674.0
대구광역시교육청,대구광역시달성교육지원청,대구광역시 달성군,S030000585,대구하빈초등학교,2,공립,N,,3.0,0.0,19.0,1.0,3.0,15.0,1.0,2.0,14.0,2.0,1.0,3.0,0.0,3.0,15.0,0.0,1.0,9.0,7.0,10.0,75.0
대구광역시교육청,대구광역시달성교육지원청,대구광역시 달성군,S030000588,대구현풍초등학교,2,공립,N,,1.0,1.0,50.0,6.0,5.0,48.0,8.0,5.0,42.0,3.0,4.0,34.0,4.0,3.0,40.0,2.0,2.0,30.0,24.0,20.0,244.0
대구광역시교육청,대구광역시달성교육지원청,대구광역시 달성군,S030000590,대구화남초등학교,2,공립,N,,1.0,4.0,77.0,1.0,5.0,76.0,0.0,2.0,78.0,2.0,3.0,66.0,0.0,8.0,110.0,0.0,1.0,75.0,4.0,23.0,482.0
대구광역시교육청,대구광역시달성교육지원청,대구광역시 달성군,S030000591,대구화원초등학교,2,공립,N,,2.0,4.0,67.0,7.0,3.0,54.0,9.0,14.0,83.0,8.0,6.0,69.0,6.0,7.0,70.0,5.0,9.0,72.0,37.0,43.0,415.0
대구광역시교육청,대구광역시동부교육지원청,대구광역시 중구,S030000658,계성초등학교,2,사립,N,,5.0,4.0,127.0,2.0,2.0,128.0,9.0,9.0,128.0,2.0,13.0,111.0,3.0,4.0,129.0,0.0,3.0,116.0,21.0,35.0,739.0
대구광역시교육청,대구광역시동부교육지원청,대구광역시 수성구,S030000659,대구경동초등학교,2,공립,N,,16.0,4.0,223.0,22.0,7.0,232.0,59.0,11.0,331.0,34.0,8.0,335.0,51.0,6.0,390.0,43.0,3.0,405.0,225.0,39.0,1916.0
대구광역시교육청,대구광역시동부교육지원청,대구광역시 수성구,S030000660,대구고산초등학교,2,공립,N,,8.0,13.0,160.0,14.0,17.0,127.0,13.0,5.0,140.0,12.0,8.0,125.0,9.0,8.0,140.0,8.0,9.0,144.0,64.0,60.0,836.0
대구광역시교육청,대구광역시동부교육지원청,대구광역시 동구,S030000661,대구공산초등학교,2,공립,N,,0.0,2.0,22.0,3.0,1.0,16.0,0.0,0.0,20.0,2.0,1.0,14.0,0.0,1.0,12.0,2.0,0.0,17.0,7.0,5.0,101.0
대구광역시교육청,대구광역시동부교육지원청,대구광역시 중구,S030000662,대구남산초등학교,2,공립,N,,27.0,3.0,182.0,21.0,6.0,144.0,21.0,15.0,173.0,21.0,11.0,167.0,15.0,6.0,130.0,4.0,6.0,123.0,109.0,47.0,919.0
대구광역시교육청,대구광역시동부교육지원청,대구광역시 수성구,S030000663,대구노변초등학교,2,공립,N,,21.0,1.0,92.0,29.0,5.0,84.0,19.0,5.0,95.0,26.0,5.0,124.0,17.0,7.0,110.0,12.0,3.0,106.0,124.0,26.0,611.0
대구광역시교육청,대구광역시동부교육지원청,대구광역시 수성구,S030000664,대구대청초등학교,2,공립,N,,4.0,0.0,142.0,21.0,0.0,199.0,18.0,0.0,209.0,18.0,0.0,230.0,28.0,0.0,250.0,20.0,0.0,288.0,109.0,0.0,1318.0
대구광역시교육청,대구광역시동부교육지원청,대구광역시 동구,S030000665,대구덕성초등학교,2,공립,N,,1.0,0.0,39.0,4.0,4.0,41.0,1.0,3.0,30.0,0.0,3.0,32.0,1.0,3.0,43.0,1.0,2.0,31.0,8.0,15.0,216.0
대구광역시교육청,대구광역시동부교육지원청,대구광역시 중구,S030000666,대구동덕초등학교,2,공립,N,,0.0,1.0,42.0,2.0,3.0,41.0,2.0,4.0,45.0,4.0,4.0,47.0,3.0,5.0,44.0,1.0,2.0,30.0,12.0,19.0,249.0
대구광역시교육청,대구광역시동부교육지원청,대구광역시 수성구,S030000667,대구동도초등학교,2,공립,N,,18.0,4.0,208.0,41.0,16.0,244.0,45.0,8.0,195.0,41.0,7.0,240.0,26.0,14.0,233.0,21.0,6.0,196.0,192.0,55.0,1316.0
대구광역시교육청,대구광역시동부교육지원청,대구광역시 수성구,S030000668,대구동문초등학교,2,공립,N,,0.0,1.0,29.0,4.0,0.0,18.0,3.0,4.0,43.0,1.0,2.0,29.0,0.0,3.0,32.0,0.0,2.0,37.0,8.0,12.0,188.0
대구광역시교육청,대구광역시동부교육지원청,대구광역시 동구,S030000669,대구동부초등학교,2,공립,N,,11.0,2.0,29.0,9.0,3.0,20.0,4.0,2.0,23.0,6.0,2.0,13.0,5.0,3.0,26.0,1.0,0.0,23.0,36.0,12.0,134.0
대구광역시교육청,대구광역시동부교육지원청,대구광역시 수성구,S030000670,대구동산초등학교,2,공립,N,,1.0,5.0,51.0,2.0,1.0,64.0,3.0,8.0,64.0,4.0,6.0,76.0,4.0,5.0,77.0,1.0,2.0,76.0,15.0,27.0,408.0
대구광역시교육청,대구광역시동부교육지원청,대구광역시 수성구,S030000671,대구동성초등학교,2,공립,N,,3.0,6.0,135.0,11.0,2.0,144.0,12.0,7.0,166.0,9.0,10.0,181.0,11.0,12.0,187.0,5.0,10.0,172.0,51.0,47.0,985.0
대구광역시교육청,대구광역시동부교육지원청,대구광역시 동구,S030000672,대구동신초등학교,2,공립,N,,1.0,1.0,120.0,3.0,7.0,109.0,0.0,8.0,126.0,1.0,8.0,135.0,0.0,5.0,128.0,1.0,4.0,109.0,6.0,33.0,727.0
대구광역시교육청,대구광역시동부교육지원청,대구광역시 수성구,S030000673,대구동원초등학교,2,공립,N,,6.0,2.0,75.0,13.0,10.0,57.0,14.0,8.0,94.0,10.0,12.0,74.0,11.0,7.0,68.0,4.0,7.0,91.0,58.0,46.0,459.0
대구광역시교육청,대구광역시동부교육지원청,대구광역시 중구,S030000674,대구동인초등학교,2,공립,N,,1.0,2.0,37.0,0.0,4.0,45.0,2.0,3.0,34.0,3.0,2.0,63.0,4.0,5.0,63.0,0.0,0.0,44.0,10.0,16.0,286.0
대구광역시교육청,대구광역시동부교육지원청,대구광역시 수성구,S030000675,대구동일초등학교,2,공립,N,,2.0,2.0,101.0,5.0,5.0,106.0,6.0,5.0,110.0,7.0,9.0,109.0,4.0,11.0,140.0,6.0,2.0,137.0,30.0,34.0,703.0
대구광역시교육청,대구광역시동부교육지원청,대구광역시 수성구,S030000676,대구동천초등학교,2,공립,N,,7.0,6.0,250.0,12.0,16.0,245.0,17.0,12.0,277.0,16.0,7.0,246.0,12.0,9.0,216.0,4.0,6.0,181.0,68.0,56.0,1415.0
대구광역시교육청,대구광역시동부교육지원청,대구광역시 동구,S030000677,대구동촌초등학교,2,공립,N,,2.0,3.0,80.0,4.0,6.0,93.0,6.0,5.0,100.0,5.0,7.0,86.0,8.0,8.0,97.0,4.0,3.0,75.0,29.0,32.0,531.0
대구광역시교육청,대구광역시동부교육지원청,대구광역시 수성구,S030000678,대구두산초등학교,2,공립,N,,0.0,1.0,57.0,0.0,1.0,57.0,0.0,1.0,59.0,3.0,1.0,60.0,1.0,1.0,57.0,2.0,1.0,59.0,6.0,6.0,349.0
대구광역시교육청,대구광역시동부교육지원청,대구광역시 수성구,S030000679,대구만촌초등학교,2,공립,N,,3.0,0.0,43.0,7.0,10.0,61.0,6.0,9.0,48.0,12.0,7.0,61.0,4.0,9.0,50.0,4.0,5.0,64.0,36.0,40.0,327.0
대구광역시교육청,대구광역시동부교육지원청,대구광역시 수성구,S030000680,대구매호초등학교,2,공립,N,,1.0,1.0,84.0,2.0,4.0,91.0,6.0,9.0,105.0,1.0,6.0,120.0,6.0,2.0,102.0,3.0,8.0,121.0,19.0,30.0,623.0
대구광역시교육청,대구광역시동부교육지원청,대구광역시 중구,S030000681,대구명덕초등학교,2,공립,N,,0.0,3.0,63.0,0.0,9.0,49.0,2.0,8.0,62.0,2.0,3.0,66.0,1.0,8.0,59.0,0.0,1.0,56.0,5.0,32.0,355.0
대구광역시교육청,대구광역시동부교육지원청,대구광역시 동구,S030000682,대구반야월초등학교,2,공립,N,,5.0,7.0,117.0,6.0,17.0,143.0,4.0,7.0,143.0,11.0,8.0,109.0,5.0,9.0,163.0,2.0,7.0,127.0,33.0,55.0,802.0
대구광역시교육청,대구광역시동부교육지원청,대구광역시 동구,S030000683,대구방촌초등학교,2,공립,N,,5.0,1.0,62.0,8.0,4.0,59.0,5.0,6.0,54.0,8.0,1.0,53.0,1.0,3.0,61.0,8.0,2.0,49.0,35.0,17.0,338.0
대구광역시교육청,대구광역시동부교육지원청,대구광역시 수성구,S030000684,대구범물초등학교,2,공립,N,,1.0,1.0,27.0,1.0,1.0,25.0,0.0,1.0,33.0,1.0,0.0,29.0,1.0,2.0,36.0,0.0,2.0,45.0,4.0,7.0,195.0
대구광역시교육청,대구광역시동부교육지원청,대구광역시 수성구,S030000685,대구범어초등학교,2,공립,N,,3.0,2.0,105.0,19.0,5.0,82.0,36.0,7.0,104.0,28.0,4.0,123.0,36.0,6.0,142.0,31.0,3.0,117.0,153.0,27.0,673.0
대구광역시교육청,대구광역시동부교육지원청,대구광역시 수성구,S030000686,대구범일초등학교,2,공립,N,,0.0,0.0,110.0,0.0,3.0,118.0,6.0,8.0,145.0,3.0,3.0,135.0,4.0,10.0,119.0,4.0,5.0,147.0,17.0,29.0,774.0
대구광역시교육청,대구광역시동부교육지원청,대구광역시 수성구,S030000687,대구복명초등학교,2,공립,N,,2.0,1.0,51.0,12.0,0.0,45.0,15.0,3.0,44.0,8.0,3.0,34.0,11.0,0.0,37.0,3.0,0.0,21.0,51.0,7.0,232.0
대구광역시교육청,대구광역시동부교육지원청,대구광역시 동구,S030000688,대구불로초등학교,2,공립,N,,1.0,2.0,45.0,2.0,5.0,49.0,2.0,0.0,58.0,1.0,2.0,45.0,3.0,1.0,58.0,0.0,0.0,51.0,9.0,10.0,306.0
대구광역시교육청,대구광역시동부교육지원청,대구광역시 중구,S030000689,대구삼덕초등학교,2,공립,N,,0.0,0.0,73.0,6.0,10.0,77.0,1.0,2.0,78.0,3.0,3.0,78.0,8.0,4.0,81.0,3.0,2.0,68.0,21.0,21.0,455.0
대구광역시교육청,대구광역시동부교육지원청,대구광역시 동구,S030000690,대구서촌초등학교,2,공립,N,,2.0,0.0,6.0,0.0,1.0,8.0,0.0,1.0,6.0,1.0,2.0,9.0,0.0,1.0,15.0,1.0,0.0,19.0,4.0,5.0,63.0
대구광역시교육청,대구광역시동부교육지원청,대구광역시 수성구,S030000691,대구성동초등학교,2,공립,N,,6.0,2.0,254.0,23.0,12.0,233.0,22.0,16.0,291.0,23.0,12.0,278.0,16.0,4.0,281.0,11.0,10.0,296.0,101.0,56.0,1633.0
대구광역시교육청,대구광역시동부교육지원청,대구광역시 동구,S030000692,대구송정초등학교,2,공립,N,,5.0,9.0,160.0,7.0,6.0,139.0,6.0,14.0,138.0,6.0,10.0,155.0,6.0,14.0,147.0,8.0,8.0,118.0,38.0,61.0,857.0
대구광역시교육청,대구광역시동부교육지원청,대구광역시 수성구,S030000694,대구수성초등학교,2,공립,N,,4.0,7.0,94.0,7.0,10.0,106.0,7.0,13.0,114.0,5.0,6.0,97.0,6.0,7.0,104.0,5.0,5.0,112.0,34.0,48.0,627.0
대구광역시교육청,대구광역시동부교육지원청,대구광역시 중구,S030000695,대구수창초등학교,2,공립,N,,2.0,10.0,75.0,7.0,10.0,49.0,3.0,6.0,59.0,1.0,6.0,40.0,2.0,3.0,22.0,0.0,1.0,28.0,15.0,36.0,273.0
대구광역시교육청,대구광역시동부교육지원청,대구광역시 동구,S030000696,대구숙천초등학교,2,공립,N,,5.0,10.0,151.0,2.0,9.0,102.0,3.0,8.0,113.0,4.0,8.0,107.0,1.0,8.0,71.0,1.0,3.0,58.0,16.0,46.0,602.0
대구광역시교육청,대구광역시동부교육지원청,대구광역시 수성구,S030000697,대구시지초등학교,2,공립,N,,0.0,1.0,28.0,1.0,2.0,43.0,4.0,1.0,62.0,4.0,3.0,53.0,3.0,3.0,76.0,4.0,2.0,67.0,16.0,12.0,329.0
대구광역시교육청,대구광역시동부교육지원청,대구광역시 수성구,S030000698,대구신매초등학교,2,공립,N,,8.0,2.0,76.0,5.0,7.0,90.0,17.0,9.0,113.0,11.0,3.0,106.0,9.0,2.0,112.0,6.0,2.0,109.0,56.0,25.0,606.0
대구광역시교육청,대구광역시동부교육지원청,대구광역시 동구,S030000699,대구신성초등학교,2,공립,N,,0.0,2.0,58.0,3.0,5.0,56.0,4.0,4.0,72.0,2.0,7.0,67.0,3.0,7.0,54.0,0.0,2.0,57.0,12.0,27.0,364.0
대구광역시교육청,대구광역시동부교육지원청,대구광역시 동구,S030000700,대구신천초등학교,2,공립,N,,1.0,6.0,118.0,4.0,7.0,146.0,4.0,11.0,158.0,4.0,11.0,145.0,1.0,13.0,139.0,2.0,5.0,128.0,16.0,53.0,834.0
대구광역시교육청,대구광역시동부교육지원청,대구광역시 동구,S030000701,대구아양초등학교,2,공립,N,,0.0,1.0,38.0,0.0,2.0,47.0,2.0,7.0,49.0,2.0,5.0,44.0,1.0,4.0,51.0,2.0,3.0,54.0,7.0,22.0,283.0
대구광역시교육청,대구광역시동부교육지원청,대구광역시 동구,S030000702,대구안일초등학교,2,공립,N,,1.0,6.0,116.0,5.0,6.0,102.0,7.0,11.0,101.0,4.0,11.0,120.0,3.0,5.0,84.0,1.0,6.0,79.0,21.0,45.0,602.0
대구광역시교육청,대구광역시동부교육지원청,대구광역시 수성구,S030000703,대구용지초등학교,2,공립,N,,5.0,3.0,126.0,6.0,5.0,137.0,7.0,9.0,136.0,7.0,4.0,120.0,7.0,7.0,147.0,3.0,3.0,134.0,35.0,31.0,800.0
대구광역시교육청,대구광역시동부교육지원청,대구광역시 동구,S030000704,대구용호초등학교,2,공립,N,,2.0,2.0,86.0,4.0,2.0,75.0,4.0,5.0,81.0,1.0,6.0,77.0,1.0,7.0,92.0,1.0,8.0,68.0,13.0,30.0,479.0
대구광역시교육청,대구광역시동부교육지원청,대구광역시 수성구,S030000705,대구욱수초등학교,2,공립,N,,3.0,1.0,92.0,19.0,2.0,95.0,8.0,2.0,93.0,15.0,5.0,117.0,14.0,5.0,132.0,11.0,7.0,136.0,70.0,22.0,665.0
대구광역시교육청,대구광역시동부교육지원청,대구광역시 동구,S030000706,대구율하초등학교,2,공립,N,,0.0,0.0,36.0,3.0,4.0,42.0,5.0,5.0,48.0,8.0,3.0,57.0,11.0,3.0,44.0,3.0,3.0,48.0,30.0,18.0,275.0
대구광역시교육청,대구광역시동부교육지원청,대구광역시 동구,S030000707,대구입석초등학교,2,공립,N,,0.0,1.0,51.0,1.0,5.0,50.0,4.0,7.0,43.0,2.0,6.0,48.0,3.0,4.0,49.0,1.0,2.0,47.0,11.0,25.0,288.0
대구광역시교육청,대구광역시동부교육지원청,대구광역시 중구,S030000708,대구종로초등학교,2,공립,N,,0.0,0.0,15.0,3.0,0.0,12.0,2.0,2.0,14.0,3.0,0.0,13.0,1.0,1.0,15.0,4.0,0.0,26.0,13.0,3.0,95.0
대구광역시교육청,대구광역시동부교육지원청,대구광역시 동구,S030000709,대구지묘초등학교,2,공립,N,,0.0,1.0,39.0,5.0,23.0,52.0,7.0,17.0,59.0,3.0,27.0,52.0,5.0,16.0,57.0,2.0,17.0,55.0,22.0,101.0,314.0
대구광역시교육청,대구광역시동부교육지원청,대구광역시 수성구,S030000711,대구지봉초등학교,2,공립,N,,0.0,1.0,31.0,0.0,3.0,47.0,0.0,2.0,32.0,2.0,2.0,44.0,0.0,1.0,35.0,1.0,0.0,53.0,3.0,9.0,242.0
대구광역시교육청,대구광역시동부교육지원청,대구광역시 수성구,S030000712,대구지산초등학교,2,공립,N,,0.0,4.0,33.0,2.0,3.0,36.0,5.0,3.0,40.0,2.0,2.0,38.0,1.0,2.0,44.0,3.0,6.0,53.0,13.0,20.0,244.0
대구광역시교육청,대구광역시동부교육지원청,대구광역시 중구,S030000713,대구초등학교,2,공립,N,,2.0,7.0,66.0,1.0,4.0,37.0,1.0,4.0,60.0,1.0,4.0,54.0,0.0,3.0,46.0,3.0,2.0,48.0,8.0,24.0,311.0
대구광역시교육청,대구광역시동부교육지원청,대구광역시 수성구,S030000714,대구파동초등학교,2,공립,N,,0.0,1.0,42.0,2.0,6.0,47.0,0.0,7.0,59.0,0.0,3.0,43.0,0.0,10.0,49.0,0.0,3.0,46.0,2.0,30.0,286.0
대구광역시교육청,대구광역시동부교육지원청,대구광역시 동구,S030000715,대구해서초등학교,2,공립,N,,1.0,4.0,71.0,7.0,4.0,80.0,2.0,11.0,98.0,6.0,4.0,62.0,6.0,5.0,72.0,1.0,0.0,80.0,23.0,28.0,463.0
대구광역시교육청,대구광역시동부교육지원청,대구광역시 동구,S030000716,대구해안초등학교,2,공립,N,,1.0,4.0,26.0,4.0,7.0,23.0,4.0,8.0,17.0,2.0,10.0,14.0,3.0,8.0,26.0,0.0,4.0,17.0,14.0,41.0,123.0
대구광역시교육청,대구광역시동부교육지원청,대구광역시 수성구,S030000717,대구황금초등학교,2,공립,N,,3.0,2.0,99.0,5.0,3.0,99.0,6.0,4.0,121.0,8.0,6.0,95.0,6.0,0.0,112.0,4.0,1.0,96.0,32.0,16.0,622.0
대구광역시교육청,대구광역시동부교육지원청,대구광역시 동구,S030000718,대구효동초등학교,2,공립,N,,1.0,4.0,17.0,1.0,2.0,14.0,2.0,1.0,27.0,1.0,1.0,11.0,1.0,1.0,21.0,1.0,1.0,12.0,7.0,10.0,102.0
대구광역시교육청,대구광역시동부교육지원청,대구광역시 동구,S030000719,대구효목초등학교,2,공립,N,,0.0,2.0,57.0,2.0,1.0,62.0,2.0,2.0,80.0,2.0,0.0,65.0,2.0,0.0,78.0,1.0,1.0,82.0,9.0,6.0,424.0
대구광역시교육청,대구광역시동부교육지원청,대구광역시 동구,S030000720,대구효신초등학교,2,공립,N,,5.0,3.0,19.0,6.0,2.0,23.0,3.0,8.0,27.0,4.0,2.0,32.0,4.0,4.0,27.0,0.0,5.0,41.0,22.0,24.0,169.0
대구광역시교육청,대구광역시동부교육지원청,대구광역시 동구,S030000721,동대구초등학교,2,공립,N,,16.0,5.0,118.0,19.0,8.0,103.0,15.0,8.0,96.0,15.0,7.0,66.0,11.0,6.0,84.0,1.0,3.0,62.0,77.0,37.0,529.0
대구광역시교육청,대구광역시동부교육지원청,대구광역시 수성구,S030000722,대구삼육초등학교,2,사립,N,,0.0,0.0,40.0,2.0,4.0,40.0,4.0,4.0,40.0,6.0,3.0,40.0,1.0,1.0,30.0,3.0,3.0,35.0,16.0,15.0,225.0
대구광역시교육청,대구광역시동부교육지원청,대구광역시 동구,S030000723,영신초등학교,2,사립,N,,6.0,6.0,128.0,9.0,9.0,131.0,10.0,7.0,131.0,2.0,8.0,119.0,2.0,6.0,112.0,1.0,2.0,102.0,30.0,38.0,723.0
대구광역시교육청,대구광역시서부교육지원청,대구광역시 북구,S030000863,대구강북초등학교,2,공립,N,,4.0,6.0,123.0,8.0,3.0,130.0,9.0,6.0,153.0,15.0,6.0,157.0,10.0,4.0,167.0,6.0,2.0,146.0,52.0,27.0,876.0
대구광역시교육청,대구광역시서부교육지원청,대구광역시 서구,S030000864,대구경운초등학교,2,공립,N,,2.0,3.0,48.0,4.0,2.0,83.0,3.0,7.0,115.0,2.0,3.0,77.0,2.0,7.0,84.0,1.0,2.0,100.0,14.0,24.0,507.0
대구광역시교육청,대구광역시서부교육지원청,대구광역시 북구,S030000865,대구경진초등학교,2,공립,N,,2.0,2.0,17.0,3.0,1.0,16.0,1.0,1.0,17.0,1.0,3.0,19.0,1.0,0.0,19.0,0.0,1.0,14.0,8.0,8.0,102.0
대구광역시교육청,대구광역시서부교육지원청,대구광역시 북구,S030000866,대구관남초등학교,2,공립,N,,1.0,1.0,53.0,3.0,4.0,61.0,3.0,4.0,66.0,1.0,8.0,76.0,2.0,6.0,62.0,0.0,5.0,60.0,10.0,28.0,378.0
대구광역시교육청,대구광역시서부교육지원청,대구광역시 북구,S030000867,대구관음초등학교,2,공립,N,,1.0,3.0,43.0,1.0,4.0,43.0,1.0,8.0,42.0,4.0,1.0,61.0,3.0,2.0,54.0,0.0,1.0,33.0,10.0,19.0,276.0
대구광역시교육청,대구광역시서부교육지원청,대구광역시 북구,S030000868,대구관천초등학교,2,공립,N,,2.0,1.0,29.0,1.0,2.0,21.0,3.0,3.0,40.0,4.0,3.0,31.0,2.0,2.0,46.0,2.0,2.0,30.0,14.0,13.0,197.0
대구광역시교육청,대구광역시서부교육지원청,대구광역시 북구,S030000869,대구교동초등학교,2,공립,N,,5.0,0.0,35.0,2.0,2.0,29.0,2.0,4.0,42.0,4.0,4.0,39.0,2.0,1.0,39.0,0.0,1.0,40.0,15.0,12.0,224.0
대구광역시교육청,대구광역시서부교육지원청,대구광역시 북구,S030000870,대구구암초등학교,2,공립,N,,2.0,2.0,68.0,3.0,7.0,49.0,4.0,1.0,68.0,3.0,4.0,60.0,3.0,0.0,66.0,3.0,2.0,71.0,18.0,16.0,382.0
대구광역시교육청,대구광역시서부교육지원청,대구광역시 서구,S030000871,대구내서초등학교,2,공립,N,,0.0,2.0,38.0,1.0,3.0,46.0,1.0,2.0,35.0,1.0,3.0,42.0,1.0,1.0,36.0,0.0,3.0,38.0,4.0,14.0,235.0
대구광역시교육청,대구광역시서부교육지원청,대구광역시 북구,S030000872,대구달산초등학교,2,공립,N,,0.0,3.0,170.0,7.0,4.0,142.0,11.0,10.0,194.0,7.0,3.0,161.0,10.0,6.0,171.0,4.0,4.0,144.0,39.0,30.0,982.0
대구광역시교육청,대구광역시서부교육지원청,대구광역시 서구,S030000873,대구달서초등학교,2,공립,N,,4.0,5.0,128.0,4.0,8.0,134.0,5.0,8.0,146.0,5.0,3.0,137.0,4.0,7.0,131.0,2.0,6.0,116.0,24.0,37.0,792.0
대구광역시교육청,대구광역시서부교육지원청,대구광역시 서구,S030000874,대구달성초등학교,2,공립,N,,2.0,1.0,46.0,2.0,4.0,48.0,3.0,3.0,69.0,1.0,4.0,58.0,3.0,1.0,60.0,2.0,1.0,52.0,13.0,14.0,333.0
대구광역시교육청,대구광역시서부교육지원청,대구광역시 북구,S030000876,대구대산초등학교,2,공립,N,,1.0,2.0,21.0,2.0,1.0,23.0,2.0,2.0,29.0,1.0,2.0,28.0,2.0,1.0,33.0,1.0,0.0,22.0,9.0,8.0,156.0
대구광역시교육청,대구광역시서부교육지원청,대구광역시 서구,S030000877,대구대성초등학교,2,공립,N,,2.0,1.0,34.0,1.0,0.0,28.0,0.0,3.0,28.0,0.0,1.0,27.0,1.0,1.0,37.0,0.0,0.0,28.0,4.0,6.0,182.0
대구광역시교육청,대구광역시서부교육지원청,대구광역시 북구,S030000878,대구대천초등학교,2,공립,N,,1.0,1.0,65.0,0.0,2.0,46.0,1.0,6.0,57.0,2.0,2.0,83.0,3.0,3.0,60.0,2.0,1.0,56.0,9.0,15.0,367.0
대구광역시교육청,대구광역시서부교육지원청,대구광역시 북구,S030000879,대구도남초등학교,2,공립,N,,12.0,4.0,70.0,18.0,9.0,65.0,13.0,12.0,76.0,10.0,8.0,70.0,8.0,8.0,72.0,8.0,3.0,80.0,69.0,44.0,433.0
대구광역시교육청,대구광역시서부교육지원청,대구광역시 북구,S030000880,대구동평초등학교,2,공립,N,,2.0,2.0,124.0,8.0,3.0,165.0,12.0,15.0,152.0,9.0,9.0,177.0,5.0,13.0,184.0,5.0,4.0,190.0,41.0,46.0,992.0
대구광역시교육청,대구광역시서부교육지원청,대구광역시 서구,S030000881,대구두류초등학교,2,공립,N,,1.0,2.0,16.0,0.0,3.0,9.0,0.0,1.0,17.0,1.0,2.0,24.0,2.0,3.0,17.0,0.0,1.0,19.0,4.0,12.0,102.0
대구광역시교육청,대구광역시서부교육지원청,대구광역시 북구,S030000882,대구매천초등학교,2,공립,N,,3.0,3.0,56.0,3.0,4.0,57.0,4.0,4.0,66.0,4.0,4.0,61.0,7.0,4.0,64.0,3.0,2.0,68.0,24.0,21.0,372.0
대구광역시교육청,대구광역시서부교육지원청,대구광역시 북구,S030000883,대구문성초등학교,2,공립,N,,4.0,1.0,89.0,2.0,4.0,79.0,1.0,6.0,90.0,8.0,4.0,86.0,3.0,2.0,106.0,4.0,1.0,100.0,22.0,18.0,550.0
대구광역시교육청,대구광역시서부교육지원청,대구광역시 북구,S030000884,대구복현초등학교,2,공립,N,,6.0,3.0,162.0,21.0,10.0,145.0,26.0,8.0,175.0,24.0,7.0,145.0,17.0,2.0,144.0,18.0,2.0,164.0,112.0,32.0,935.0
대구광역시교육청,대구광역시서부교육지원청,대구광역시 북구,S030000885,대구북부초등학교,2,공립,N,,0.0,5.0,44.0,2.0,2.0,40.0,6.0,3.0,58.0,4.0,4.0,61.0,2.0,3.0,51.0,0.0,3.0,60.0,14.0,20.0,314.0
대구광역시교육청,대구광역시서부교육지원청,대구광역시 서구,S030000886,대구북비산초등학교,2,공립,N,,2.0,2.0,19.0,3.0,0.0,30.0,0.0,0.0,23.0,3.0,2.0,41.0,1.0,3.0,37.0,0.0,0.0,29.0,9.0,7.0,179.0
대구광역시교육청,대구광역시서부교육지원청,대구광역시 서구,S030000887,대구비봉초등학교,2,공립,N,,1.0,1.0,13.0,4.0,3.0,26.0,0.0,0.0,20.0,3.0,0.0,21.0,1.0,0.0,25.0,0.0,0.0,14.0,9.0,4.0,119.0
대구광역시교육청,대구광역시서부교육지원청,대구광역시 서구,S030000888,대구비산초등학교,2,공립,N,,1.0,3.0,63.0,3.0,3.0,51.0,3.0,9.0,56.0,3.0,2.0,55.0,1.0,1.0,52.0,1.0,1.0,56.0,12.0,19.0,333.0
대구광역시교육청,대구광역시서부교육지원청,대구광역시 북구,S030000889,대구산격초등학교,2,공립,N,,4.0,7.0,55.0,4.0,7.0,48.0,5.0,9.0,70.0,5.0,6.0,56.0,3.0,5.0,92.0,0.0,4.0,70.0,21.0,38.0,391.0
대구광역시교육청,대구광역시서부교육지원청,대구광역시 서구,S030000891,대구서도초등학교,2,공립,N,,3.0,3.0,50.0,5.0,1.0,47.0,2.0,4.0,74.0,1.0,3.0,48.0,1.0,2.0,41.0,1.0,2.0,65.0,13.0,15.0,325.0
대구광역시교육청,대구광역시서부교육지원청,대구광역시 서구,S030000892,대구서부초등학교,2,공립,N,,1.0,1.0,52.0,0.0,4.0,46.0,2.0,0.0,59.0,1.0,2.0,51.0,2.0,2.0,46.0,0.0,1.0,63.0,6.0,10.0,317.0
대구광역시교육청,대구광역시서부교육지원청,대구광역시 서구,S030000893,대구서평초등학교,2,공립,N,,0.0,2.0,13.0,0.0,3.0,14.0,1.0,4.0,10.0,2.0,4.0,25.0,2.0,3.0,17.0,0.0,0.0,12.0,5.0,16.0,91.0
대구광역시교육청,대구광역시서부교육지원청,대구광역시 북구,S030000894,대구성북초등학교,2,공립,N,,2.0,3.0,69.0,1.0,56.0,57.0,2.0,36.0,76.0,1.0,39.0,82.0,2.0,37.0,64.0,4.0,28.0,58.0,12.0,199.0,406.0
대구광역시교육청,대구광역시서부교육지원청,대구광역시 북구,S030000895,대구신암초등학교,2,공립,N,,2.0,5.0,133.0,1.0,7.0,128.0,2.0,8.0,135.0,3.0,8.0,136.0,3.0,11.0,128.0,0.0,6.0,98.0,11.0,45.0,758.0
대구광역시교육청,대구광역시서부교육지원청,대구광역시 북구,S030000896,대구옥산초등학교,2,공립,N,,4.0,5.0,125.0,4.0,7.0,139.0,4.0,10.0,120.0,11.0,9.0,121.0,5.0,8.0,122.0,5.0,1.0,115.0,33.0,40.0,742.0
대구광역시교육청,대구광역시서부교육지원청,대구광역시 서구,S030000897,대구이현초등학교,2,공립,N,,1.0,0.0,7.0,0.0,1.0,6.0,1.0,1.0,24.0,0.0,1.0,22.0,1.0,2.0,25.0,1.0,1.0,17.0,4.0,6.0,101.0
대구광역시교육청,대구광역시서부교육지원청,대구광역시 서구,S030000898,대구인지초등학교,2,공립,N,,3.0,3.0,65.0,4.0,7.0,70.0,1.0,3.0,74.0,2.0,4.0,70.0,1.0,6.0,73.0,2.0,0.0,81.0,13.0,23.0,433.0
대구광역시교육청,대구광역시서부교육지원청,대구광역시 북구,S030000899,대구서변초등학교조야분교장,2,공립,N,,0.0,0.0,8.0,0.0,0.0,4.0,0.0,1.0,7.0,0.0,2.0,8.0,0.0,0.0,3.0,0.0,1.0,10.0,0.0,4.0,40.0
대구광역시교육청,대구광역시서부교육지원청,대구광역시 서구,S030000900,대구중리초등학교,2,공립,N,,2.0,1.0,22.0,2.0,4.0,24.0,2.0,2.0,15.0,1.0,1.0,13.0,0.0,1.0,23.0,0.0,2.0,15.0,7.0,11.0,112.0
대구광역시교육청,대구광역시서부교육지원청,대구광역시 북구,S030000901,대구칠곡초등학교,2,공립,N,,4.0,2.0,74.0,8.0,12.0,94.0,11.0,10.0,103.0,11.0,7.0,89.0,4.0,4.0,102.0,4.0,5.0,83.0,42.0,40.0,545.0
대구광역시교육청,대구광역시서부교육지원청,대구광역시 북구,S030000902,대구칠성초등학교,2,공립,N,,4.0,7.0,257.0,4.0,14.0,242.0,13.0,17.0,249.0,9.0,11.0,270.0,10.0,9.0,264.0,7.0,11.0,250.0,47.0,69.0,1532.0
대구광역시교육청,대구광역시서부교육지원청,대구광역시 북구,S030000903,대구침산초등학교,2,공립,N,,3.0,2.0,217.0,6.0,13.0,197.0,8.0,19.0,199.0,7.0,12.0,176.0,3.0,10.0,163.0,4.0,9.0,149.0,31.0,65.0,1101.0
대구광역시교육청,대구광역시서부교육지원청,대구광역시 북구,S030000904,대구태암초등학교,2,공립,N,,3.0,4.0,97.0,1.0,0.0,83.0,10.0,7.0,89.0,4.0,6.0,87.0,1.0,2.0,79.0,1.0,10.0,102.0,20.0,29.0,537.0
대구광역시교육청,대구광역시서부교육지원청,대구광역시 북구,S030000905,대구태전초등학교,2,공립,N,,2.0,1.0,35.0,2.0,2.0,39.0,1.0,3.0,45.0,0.0,6.0,41.0,3.0,1.0,52.0,0.0,6.0,42.0,8.0,19.0,254.0
대구광역시교육청,대구광역시서부교육지원청,대구광역시 북구,S030000906,대구태현초등학교,2,공립,N,,2.0,1.0,47.0,4.0,3.0,62.0,2.0,5.0,61.0,1.0,3.0,78.0,2.0,5.0,71.0,1.0,1.0,64.0,12.0,18.0,383.0
대구광역시교육청,대구광역시서부교육지원청,대구광역시 북구,S030000907,대구팔달초등학교,2,공립,N,,1.0,4.0,46.0,0.0,4.0,43.0,1.0,2.0,56.0,0.0,4.0,53.0,5.0,2.0,54.0,0.0,3.0,45.0,7.0,19.0,297.0
대구광역시교육청,대구광역시서부교육지원청,대구광역시 서구,S030000908,대구평리초등학교,2,공립,N,,2.0,6.0,166.0,5.0,5.0,167.0,4.0,10.0,170.0,2.0,5.0,178.0,6.0,5.0,149.0,2.0,3.0,121.0,21.0,34.0,951.0
대구광역시교육청,대구광역시서부교육지원청,대구광역시 북구,S030000909,북대구초등학교,2,공립,N,,1.0,1.0,72.0,2.0,9.0,75.0,1.0,10.0,74.0,3.0,3.0,97.0,2.0,9.0,77.0,2.0,6.0,65.0,11.0,38.0,460.0
대구광역시교육청,대구광역시서부교육지원청,대구광역시 서구,S030000910,서대구초등학교,2,공립,N,,1.0,2.0,24.0,3.0,2.0,26.0,3.0,2.0,33.0,1.0,2.0,26.0,2.0,3.0,17.0,0.0,0.0,19.0,10.0,11.0,145.0
대구광역시교육청,대구광역시서부교육지원청,대구광역시 북구,S030001638,대구학남초등학교,2,공립,N,,6.0,7.0,123.0,0.0,13.0,114.0,3.0,14.0,134.0,4.0,7.0,125.0,1.0,11.0,125.0,3.0,7.0,109.0,17.0,59.0,730.0
대구광역시교육청,대구광역시동부교육지원청,대구광역시 수성구,S030001650,대구중앙초등학교,2,공립,N,,7.0,11.0,143.0,13.0,12.0,137.0,14.0,16.0,180.0,13.0,26.0,176.0,8.0,22.0,152.0,4.0,8.0,154.0,59.0,95.0,942.0
대구광역시교육청,대구광역시서부교육지원청,대구광역시 북구,S030001651,대구운암초등학교,2,공립,N,,0.0,4.0,95.0,6.0,5.0,95.0,4.0,9.0,109.0,4.0,7.0,117.0,1.0,2.0,99.0,1.0,4.0,104.0,16.0,31.0,619.0
대구광역시교육청,대구광역시남부교육지원청,대구광역시 달서구,S030001652,대구장동초등학교,2,공립,N,,3.0,1.0,172.0,6.0,12.0,142.0,9.0,13.0,178.0,3.0,6.0,140.0,2.0,5.0,147.0,1.0,6.0,118.0,24.0,43.0,897.0
대구광역시교육청,대구광역시달성교육지원청,대구광역시 달성군,S030001653,대구죽곡초등학교,2,공립,N,,6.0,4.0,120.0,5.0,13.0,138.0,6.0,9.0,113.0,11.0,7.0,144.0,5.0,6.0,117.0,3.0,4.0,107.0,36.0,43.0,739.0
대구광역시교육청,대구광역시달성교육지원청,대구광역시 달성군,S030001654,대구명곡초등학교,2,공립,N,,2.0,1.0,28.0,1.0,1.0,55.0,1.0,3.0,42.0,4.0,3.0,41.0,0.0,2.0,40.0,0.0,1.0,58.0,8.0,11.0,264.0
대구광역시교육청,대구광역시달성교육지원청,대구광역시 달성군,S030001655,대구천내초등학교,2,공립,N,,4.0,1.0,29.0,1.0,1.0,19.0,1.0,2.0,28.0,1.0,3.0,29.0,3.0,2.0,44.0,0.0,1.0,38.0,10.0,10.0,187.0
대구광역시교육청,대구광역시남부교육지원청,대구광역시 달서구,S030001675,대구장성초등학교,2,공립,N,,1.0,2.0,31.0,0.0,1.0,33.0,2.0,5.0,38.0,0.0,6.0,40.0,0.0,0.0,34.0,0.0,0.0,37.0,3.0,14.0,213.0
대구광역시교육청,대구광역시달성교육지원청,대구광역시 달성군,S030001676,대구논공초등학교,2,공립,N,,5.0,0.0,28.0,2.0,0.0,31.0,3.0,1.0,37.0,2.0,0.0,36.0,1.0,0.0,39.0,2.0,1.0,25.0,15.0,2.0,196.0
대구광역시교육청,대구광역시달성교육지원청,대구광역시 달성군,S030001677,대구도림초등학교,2,공립,N,,0.0,1.0,63.0,6.0,0.0,50.0,4.0,3.0,66.0,3.0,2.0,76.0,3.0,3.0,69.0,3.0,1.0,77.0,19.0,10.0,401.0
대구광역시교육청,대구광역시동부교육지원청,대구광역시 동구,S030001682,대구강동초등학교,2,공립,N,,6.0,6.0,159.0,13.0,9.0,151.0,14.0,15.0,183.0,18.0,13.0,203.0,9.0,9.0,190.0,8.0,10.0,202.0,68.0,62.0,1088.0
대구광역시교육청,대구광역시동부교육지원청,대구광역시 동구,S030001683,대구동호초등학교,2,공립,N,,1.0,11.0,90.0,0.0,9.0,84.0,2.0,6.0,86.0,0.0,9.0,101.0,4.0,6.0,94.0,4.0,6.0,89.0,11.0,47.0,544.0
대구광역시교육청,대구광역시서부교육지원청,대구광역시 북구,S030001684,대구함지초등학교,2,공립,N,,0.0,2.0,58.0,3.0,8.0,68.0,3.0,2.0,83.0,1.0,3.0,75.0,2.0,4.0,84.0,4.0,1.0,94.0,13.0,20.0,462.0
대구광역시교육청,대구광역시서부교육지원청,대구광역시 북구,S030001685,대구동변초등학교,2,공립,N,,3.0,2.0,100.0,7.0,12.0,122.0,7.0,22.0,116.0,4.0,17.0,147.0,3.0,16.0,102.0,1.0,10.0,137.0,25.0,79.0,724.0
대구광역시교육청,대구광역시서부교육지원청,대구광역시 북구,S030001686,대구서변초등학교,2,공립,N,,1.0,3.0,75.0,1.0,8.0,66.0,2.0,24.0,79.0,3.0,12.0,85.0,1.0,17.0,92.0,4.0,10.0,74.0,12.0,74.0,471.0
대구광역시교육청,대구광역시달성교육지원청,대구광역시 달성군,S030001715,대구화동초등학교,2,공립,N,,1.0,1.0,45.0,5.0,4.0,52.0,0.0,3.0,44.0,1.0,2.0,57.0,1.0,1.0,43.0,0.0,0.0,40.0,8.0,11.0,281.0
대구광역시교육청,대구광역시동부교육지원청,대구광역시 수성구,S030001725,대구청림초등학교,2,공립,N,,1.0,0.0,46.0,0.0,2.0,36.0,2.0,3.0,41.0,2.0,4.0,54.0,2.0,2.0,49.0,0.0,2.0,32.0,7.0,13.0,258.0
대구광역시교육청,대구광역시남부교육지원청,대구광역시 달서구,S030001740,대구월서초등학교,2,공립,N,,3.0,2.0,157.0,8.0,4.0,167.0,13.0,11.0,202.0,13.0,6.0,222.0,12.0,4.0,207.0,4.0,3.0,212.0,53.0,30.0,1167.0
대구광역시교육청,대구광역시동부교육지원청,대구광역시 수성구,S030001758,대구사월초등학교,2,공립,N,,2.0,2.0,200.0,8.0,14.0,188.0,17.0,11.0,227.0,5.0,13.0,203.0,11.0,14.0,226.0,8.0,7.0,199.0,51.0,61.0,1243.0
대구광역시교육청,대구광역시남부교육지원청,대구광역시 달서구,S030001762,대구호산초등학교,2,공립,N,,2.0,0.0,66.0,3.0,4.0,47.0,2.0,6.0,58.0,1.0,2.0,60.0,1.0,4.0,60.0,1.0,2.0,50.0,10.0,18.0,341.0
대구광역시교육청,대구광역시서부교육지원청,대구광역시 북구,S030001767,대구학정초등학교,2,공립,N,,1.0,4.0,85.0,7.0,8.0,111.0,2.0,10.0,130.0,5.0,12.0,128.0,3.0,6.0,120.0,1.0,7.0,136.0,19.0,47.0,710.0
대구광역시교육청,대구광역시달성교육지원청,대구광역시 달성군,S030001809,대구왕선초등학교,2,공립,N,,6.0,8.0,127.0,4.0,8.0,95.0,8.0,5.0,149.0,7.0,9.0,147.0,11.0,7.0,133.0,2.0,4.0,112.0,38.0,41.0,763.0
대구광역시교육청,대구광역시남부교육지원청,대구광역시 달서구,S030001811,대구유천초등학교,2,공립,N,,1.0,6.0,172.0,1.0,11.0,142.0,4.0,19.0,164.0,3.0,16.0,148.0,4.0,2.0,142.0,2.0,4.0,125.0,15.0,58.0,893.0
대구광역시교육청,대구광역시남부교육지원청,대구광역시 달서구,S030001812,대구신월초등학교,2,공립,N,,2.0,5.0,177.0,6.0,10.0,198.0,13.0,13.0,245.0,25.0,4.0,254.0,13.0,7.0,227.0,14.0,3.0,230.0,73.0,42.0,1331.0
대구광역시교육청,대구광역시동부교육지원청,대구광역시 수성구,S030001813,대구매동초등학교,2,공립,N,,0.0,2.0,57.0,6.0,2.0,58.0,3.0,1.0,79.0,1.0,7.0,55.0,3.0,4.0,69.0,0.0,3.0,87.0,13.0,19.0,405.0
대구광역시교육청,대구광역시남부교육지원청,대구광역시 달서구,S030001814,대구조암초등학교,2,공립,N,,4.0,1.0,94.0,10.0,5.0,96.0,9.0,2.0,98.0,7.0,3.0,109.0,3.0,5.0,144.0,4.0,1.0,101.0,37.0,17.0,642.0
대구광역시교육청,대구광역시달성교육지원청,대구광역시 달성군,S030001818,대구매곡초등학교,2,공립,N,,2.0,2.0,72.0,4.0,1.0,90.0,2.0,2.0,100.0,2.0,4.0,102.0,1.0,0.0,92.0,1.0,5.0,83.0,12.0,14.0,539.0
대구광역시교육청,대구광역시서부교육지원청,대구광역시 북구,S030001819,대구관문초등학교,2,공립,N,,2.0,5.0,179.0,3.0,8.0,179.0,5.0,4.0,181.0,3.0,6.0,172.0,3.0,7.0,184.0,5.0,4.0,180.0,21.0,34.0,1075.0
대구광역시교육청,대구광역시남부교육지원청,대구광역시 달서구,S030001820,대구용천초등학교,2,공립,N,,30.0,0.0,196.0,28.0,13.0,201.0,32.0,6.0,192.0,8.0,12.0,189.0,15.0,9.0,150.0,0.0,3.0,135.0,113.0,43.0,1063.0
대구광역시교육청,대구광역시동부교육지원청,대구광역시 동구,S030001821,대구율원초등학교,2,공립,N,,5.0,8.0,170.0,11.0,11.0,154.0,10.0,19.0,169.0,8.0,12.0,164.0,5.0,12.0,176.0,5.0,11.0,151.0,44.0,73.0,984.0
대구광역시교육청,대구광역시남부교육지원청,대구광역시 달서구,S030001825,대구월암초등학교,2,공립,N,,3.0,4.0,189.0,13.0,7.0,198.0,14.0,10.0,251.0,15.0,12.0,233.0,7.0,5.0,244.0,6.0,2.0,254.0,58.0,40.0,1369.0
대구광역시교육청,대구광역시남부교육지원청,대구광역시 달서구,S030001826,대구한샘초등학교,2,공립,N,,4.0,4.0,211.0,5.0,7.0,206.0,11.0,12.0,210.0,13.0,12.0,219.0,5.0,7.0,189.0,3.0,7.0,210.0,41.0,49.0,1245.0
대구광역시교육청,대구광역시동부교육지원청,대구광역시 수성구,S030001827,대구들안길초등학교,2,공립,N,,3.0,5.0,63.0,4.0,6.0,46.0,7.0,13.0,73.0,4.0,5.0,79.0,2.0,7.0,62.0,7.0,4.0,69.0,27.0,40.0,392.0
대구광역시교육청,대구광역시서부교육지원청,대구광역시 북구,S030001845,대구사수초등학교,2,공립,N,,1.0,7.0,176.0,6.0,15.0,182.0,8.0,11.0,159.0,7.0,10.0,141.0,5.0,7.0,113.0,4.0,6.0,111.0,31.0,56.0,882.0
대구광역시교육청,대구광역시남부교육지원청,대구광역시 달서구,S030001849,대구한솔초등학교,2,공립,N,,3.0,7.0,154.0,7.0,11.0,153.0,8.0,16.0,193.0,5.0,11.0,195.0,5.0,11.0,180.0,2.0,9.0,117.0,30.0,65.0,992.0
대구광역시교육청,대구광역시동부교육지원청,대구광역시 동구,S030001853,대구봉무초등학교,2,공립,N,,4.0,2.0,159.0,7.0,8.0,150.0,8.0,12.0,206.0,8.0,18.0,200.0,3.0,11.0,182.0,0.0,6.0,197.0,30.0,57.0,1094.0
대구광역시교육청,대구광역시동부교육지원청,대구광역시 동구,S030001857,대구율금초등학교,2,공립,N,,0.0,6.0,134.0,5.0,15.0,112.0,5.0,16.0,146.0,3.0,12.0,135.0,1.0,13.0,110.0,3.0,10.0,106.0,17.0,72.0,743.0
대구광역시교육청,대구광역시동부교육지원청,대구광역시 동구,S030001858,대구새론초등학교,2,공립,N,,1.0,11.0,205.0,6.0,10.0,211.0,10.0,15.0,233.0,5.0,23.0,190.0,9.0,14.0,160.0,1.0,13.0,165.0,32.0,86.0,1164.0
대구광역시교육청,대구광역시달성교육지원청,대구광역시 달성군,S030001913,대구대실초등학교,2,공립,N,,5.0,6.0,223.0,8.0,24.0,225.0,10.0,6.0,243.0,7.0,8.0,195.0,8.0,4.0,198.0,9.0,3.0,170.0,47.0,51.0,1254.0
대구광역시교육청,대구광역시달성교육지원청,대구광역시 달성군,S030001915,대구세천초등학교,2,공립,N,,3.0,20.0,299.0,10.0,21.0,263.0,5.0,15.0,219.0,9.0,24.0,222.0,5.0,18.0,187.0,2.0,13.0,109.0,34.0,111.0,1299.0
대구광역시교육청,대구광역시달성교육지원청,대구광역시 달성군,S030002063,대구비슬초등학교,2,공립,N,,5.0,10.0,252.0,9.0,18.0,231.0,9.0,19.0,224.0,13.0,13.0,227.0,11.0,11.0,178.0,4.0,14.0,189.0,51.0,85.0,1301.0
대구광역시교육청,대구광역시달성교육지원청,대구광역시 달성군,S030002064,대구강림초등학교,2,공립,N,,1.0,5.0,155.0,8.0,12.0,138.0,7.0,12.0,170.0,6.0,8.0,119.0,10.0,8.0,141.0,2.0,5.0,99.0,34.0,50.0,822.0
대구광역시교육청,대구광역시달성교육지원청,대구광역시 달성군,S030002081,대구포산초등학교,2,공립,N,,4.0,8.0,173.0,11.0,10.0,147.0,14.0,22.0,196.0,3.0,19.0,129.0,7.0,9.0,129.0,4.0,1.0,97.0,43.0,69.0,871.0
대구광역시교육청,대구광역시서부교육지원청,대구광역시 북구,S030002090,대구삼영초등학교,2,공립,N,,1.0,5.0,103.0,4.0,9.0,118.0,3.0,12.0,104.0,2.0,2.0,77.0,2.0,4.0,69.0,1.0,2.0,41.0,13.0,34.0,512.0
대구광역시교육청,대구광역시달성교육지원청,대구광역시 달성군,S030002095,대구서동초등학교,2,공립,N,,4.0,2.0,164.0,2.0,8.0,154.0,2.0,4.0,138.0,2.0,10.0,104.0,5.0,3.0,98.0,3.0,3.0,68.0,18.0,30.0,726.0
대구광역시교육청,대구광역시달성교육지원청,대구광역시 달성군,S030002096,대구세현초등학교,2,공립,N,,44.0,3.0,182.0,49.0,6.0,137.0,63.0,12.0,128.0,45.0,10.0,126.0,31.0,6.0,115.0,20.0,7.0,72.0,252.0,44.0,760.0
대구광역시교육청,대구광역시서부교육지원청,대구광역시 북구,S030002126,대구연경초등학교,2,공립,N,,4.0,3.0,126.0,91.0,0.0,89.0,94.0,3.0,94.0,77.0,2.0,76.0,80.0,0.0,77.0,58.0,0.0,57.0,404.0,8.0,519.0
대구광역시교육청,대구광역시동부교육지원청,대구광역시 동구,S030002138,대구팔공초등학교,2,공립,N,,11.0,0.0,66.0,37.0,0.0,35.0,52.0,0.0,49.0,53.0,0.0,52.0,42.0,0.0,39.0,40.0,0.0,39.0,235.0,0.0,280.0
대구광역시교육청,대구광역시서부교육지원청,대구광역시 북구,S030002150,대구국우초등학교,2,공립,Y,본교는 해당항목에 대해서 통계자료가 없으므로 제외함.,,,,,,,,,,,,,,,,,,,,,
대구광역시교육청,대구광역시남부교육지원청,대구광역시 달서구,S030002151,대구한실초등학교,2,공립,N,,4.0,5.0,134.0,9.0,9.0,96.0,4.0,3.0,100.0,12.0,3.0,82.0,4.0,5.0,54.0,5.0,1.0,53.0,38.0,26.0,519.0
인천광역시교육청,교육부,인천광역시 계양구,S000003564,경인교육대학교부설초등학교,2,국립,N,,0.0,0.0,99.0,0.0,0.0,96.0,1.0,0.0,96.0,0.0,0.0,96.0,0.0,4.0,95.0,0.0,0.0,97.0,1.0,4.0,579.0
인천광역시교육청,인천광역시강화교육지원청,인천광역시 강화군,S040000330,갑룡초등학교,2,공립,N,,5.0,0.0,83.0,8.0,6.0,82.0,11.0,6.0,106.0,3.0,5.0,87.0,7.0,7.0,91.0,5.0,1.0,107.0,39.0,25.0,556.0
인천광역시교육청,인천광역시강화교육지원청,인천광역시 강화군,S040000331,강화초등학교,2,공립,N,,0.0,0.0,40.0,3.0,3.0,49.0,2.0,1.0,49.0,3.0,3.0,59.0,4.0,0.0,72.0,5.0,0.0,73.0,17.0,7.0,342.0
인천광역시교육청,인천광역시강화교육지원청,인천광역시 강화군,S040000333,교동초등학교,2,공립,N,,0.0,0.0,9.0,1.0,1.0,4.0,0.0,1.0,5.0,1.0,1.0,7.0,0.0,3.0,8.0,1.0,0.0,11.0,3.0,6.0,44.0
인천광역시교육청,인천광역시강화교육지원청,인천광역시 강화군,S040000334,길상초등학교,2,공립,N,,1.0,1.0,32.0,3.0,4.0,29.0,4.0,1.0,27.0,1.0,1.0,40.0,2.0,2.0,47.0,0.0,2.0,37.0,11.0,11.0,212.0
인천광역시교육청,인천광역시강화교육지원청,인천광역시 강화군,S040000338,내가초등학교,2,공립,N,,0.0,1.0,8.0,1.0,1.0,10.0,1.0,0.0,3.0,0.0,0.0,6.0,0.0,0.0,4.0,0.0,2.0,8.0,2.0,4.0,39.0
인천광역시교육청,인천광역시강화교육지원청,인천광역시 강화군,S040000342,대월초등학교,2,공립,N,,2.0,0.0,21.0,4.0,1.0,19.0,3.0,0.0,17.0,0.0,1.0,20.0,2.0,1.0,20.0,0.0,0.0,18.0,11.0,3.0,115.0
인천광역시교육청,인천광역시강화교육지원청,인천광역시 강화군,S040000345,명신초등학교,2,공립,N,,0.0,0.0,12.0,1.0,1.0,14.0,2.0,0.0,7.0,0.0,1.0,11.0,0.0,1.0,6.0,0.0,0.0,3.0,3.0,3.0,53.0
인천광역시교육청,인천광역시강화교육지원청,인천광역시 강화군,S040000349,불은초등학교,2,공립,N,,0.0,3.0,10.0,3.0,0.0,9.0,1.0,0.0,23.0,0.0,3.0,13.0,3.0,0.0,15.0,0.0,1.0,16.0,7.0,7.0,86.0
인천광역시교육청,인천광역시강화교육지원청,인천광역시 강화군,S040000350,삼산초등학교,2,공립,N,,0.0,0.0,0.0,1.0,0.0,3.0,2.0,0.0,1.0,1.0,1.0,3.0,0.0,1.0,2.0,0.0,0.0,3.0,4.0,2.0,12.0
인천광역시교육청,인천광역시강화교육지원청,인천광역시 강화군,S040000354,삼성초등학교,2,공립,N,,1.0,1.0,8.0,1.0,0.0,6.0,1.0,1.0,7.0,1.0,1.0,7.0,0.0,0.0,3.0,1.0,0.0,9.0,5.0,3.0,40.0
인천광역시교육청,인천광역시강화교육지원청,인천광역시 강화군,S040000355,서도초등학교,2,공립,N,,0.0,0.0,0.0,0.0,0.0,1.0,0.0,0.0,2.0,0.0,0.0,2.0,0.0,0.0,0.0,0.0,0.0,1.0,0.0,0.0,6.0
인천광역시교육청,인천광역시강화교육지원청,인천광역시 강화군,S040000360,선원초등학교,2,공립,N,,0.0,3.0,31.0,4.0,3.0,44.0,3.0,2.0,50.0,4.0,2.0,43.0,6.0,5.0,49.0,2.0,0.0,36.0,19.0,15.0,253.0
인천광역시교육청,인천광역시강화교육지원청,인천광역시 강화군,S040000364,송해초등학교,2,공립,N,,0.0,0.0,11.0,3.0,1.0,6.0,2.0,1.0,7.0,1.0,4.0,7.0,1.0,0.0,5.0,0.0,0.0,12.0,7.0,6.0,48.0
인천광역시교육청,인천광역시강화교육지원청,인천광역시 강화군,S040000367,양도초등학교,2,공립,N,,2.0,0.0,9.0,0.0,1.0,9.0,3.0,0.0,14.0,0.0,1.0,10.0,1.0,0.0,8.0,0.0,0.0,16.0,6.0,2.0,66.0
인천광역시교육청,인천광역시강화교육지원청,인천광역시 강화군,S040000368,양사초등학교,2,공립,N,,1.0,0.0,8.0,0.0,0.0,7.0,1.0,2.0,4.0,0.0,0.0,10.0,0.0,1.0,6.0,0.0,0.0,7.0,2.0,3.0,42.0
인천광역시교육청,인천광역시강화교육지원청,인천광역시 강화군,S040000371,조산초등학교,2,공립,N,,2.0,1.0,5.0,3.0,0.0,8.0,1.0,3.0,6.0,2.0,1.0,11.0,1.0,0.0,7.0,0.0,0.0,8.0,9.0,5.0,45.0
인천광역시교육청,인천광역시강화교육지원청,인천광역시 강화군,S040000373,하점초등학교,2,공립,N,,0.0,1.0,11.0,0.0,1.0,4.0,2.0,0.0,14.0,0.0,0.0,8.0,2.0,0.0,7.0,0.0,0.0,8.0,4.0,2.0,52.0
인천광역시교육청,인천광역시강화교육지원청,인천광역시 강화군,S040000374,합일초등학교,2,공립,N,,2.0,1.0,23.0,2.0,0.0,25.0,1.0,1.0,24.0,2.0,2.0,38.0,0.0,1.0,33.0,0.0,1.0,32.0,7.0,6.0,175.0
인천광역시교육청,인천광역시강화교육지원청,인천광역시 강화군,S040000375,해명초등학교,2,공립,N,,0.0,0.0,3.0,0.0,0.0,5.0,0.0,0.0,6.0,0.0,0.0,5.0,0.0,0.0,5.0,0.0,0.0,1.0,0.0,0.0,25.0
인천광역시교육청,인천광역시강화교육지원청,인천광역시 강화군,S040000378,화도초등학교,2,공립,N,,0.0,0.0,16.0,0.0,1.0,12.0,0.0,0.0,16.0,0.0,1.0,15.0,0.0,2.0,26.0,0.0,1.0,18.0,0.0,5.0,103.0
인천광역시교육청,인천광역시남부교육지원청,인천광역시 옹진군,S040000448,대청초등학교,2,공립,N,,0.0,1.0,2.0,0.0,1.0,7.0,0.0,0.0,5.0,0.0,1.0,8.0,0.0,0.0,6.0,0.0,0.0,5.0,0.0,3.0,33.0
인천광역시교육청,인천광역시남부교육지원청,인천광역시 옹진군,S040000450,덕적초등학교,2,공립,N,,1.0,1.0,5.0,1.0,0.0,3.0,2.0,0.0,5.0,0.0,0.0,4.0,0.0,0.0,6.0,0.0,0.0,10.0,4.0,1.0,33.0
인천광역시교육청,인천광역시남부교육지원청,인천광역시 옹진군,S040000455,백령초등학교,2,공립,N,,0.0,2.0,9.0,3.0,1.0,8.0,1.0,3.0,12.0,0.0,1.0,17.0,1.0,0.0,7.0,0.0,1.0,13.0,5.0,8.0,66.0
인천광역시교육청,인천광역시남부교육지원청,인천광역시 옹진군,S040000457,북포초등학교,2,공립,N,,5.0,8.0,20.0,1.0,9.0,21.0,7.0,6.0,29.0,5.0,6.0,16.0,1.0,5.0,20.0,3.0,0.0,12.0,22.0,34.0,118.0
인천광역시교육청,인천광역시남부교육지원청,인천광역시 옹진군,S040000462,연평초등학교,2,공립,N,,0.0,0.0,11.0,0.0,0.0,6.0,0.0,0.0,4.0,0.0,0.0,9.0,0.0,0.0,8.0,0.0,1.0,10.0,0.0,1.0,48.0
인천광역시교육청,인천광역시남부교육지원청,인천광역시 동구,S040000464,영화초등학교,2,사립,N,,5.0,2.0,75.0,9.0,9.0,54.0,2.0,0.0,32.0,6.0,5.0,30.0,6.0,6.0,27.0,0.0,2.0,28.0,28.0,24.0,246.0
인천광역시교육청,인천광역시남부교육지원청,인천광역시 옹진군,S040000465,영흥초등학교,2,공립,N,,5.0,0.0,26.0,2.0,1.0,37.0,4.0,4.0,33.0,1.0,1.0,37.0,2.0,1.0,49.0,2.0,2.0,37.0,16.0,9.0,219.0
인천광역시교육청,인천광역시남부교육지원청,인천광역시 중구,S040000470,인성초등학교,2,사립,N,,2.0,3.0,84.0,3.0,1.0,84.0,9.0,2.0,80.0,4.0,4.0,78.0,2.0,2.0,63.0,1.0,0.0,55.0,21.0,12.0,444.0
인천광역시교육청,인천광역시남부교육지원청,인천광역시 중구,S040000471,인천공항초등학교,2,공립,N,,4.0,5.0,72.0,7.0,3.0,79.0,7.0,6.0,70.0,4.0,9.0,88.0,5.0,4.0,98.0,2.0,7.0,108.0,29.0,34.0,515.0
인천광역시교육청,인천광역시남부교육지원청,인천광역시 미추홀구,S040000472,인천관교초등학교,2,공립,N,,0.0,4.0,102.0,0.0,3.0,99.0,1.0,3.0,117.0,9.0,0.0,118.0,0.0,7.0,112.0,0.0,0.0,117.0,10.0,17.0,665.0
인천광역시교육청,인천광역시남부교육지원청,인천광역시 미추홀구,S040000474,인천남부초등학교,2,공립,N,,4.0,6.0,56.0,3.0,6.0,106.0,6.0,13.0,112.0,1.0,6.0,101.0,3.0,10.0,124.0,2.0,3.0,107.0,19.0,44.0,606.0
인천광역시교육청,인천광역시남부교육지원청,인천광역시 미추홀구,S040000475,인천대화초등학교,2,공립,N,,0.0,1.0,68.0,0.0,5.0,83.0,0.0,1.0,90.0,0.0,2.0,92.0,0.0,4.0,92.0,0.0,4.0,104.0,0.0,17.0,529.0
인천광역시교육청,인천광역시남부교육지원청,인천광역시 미추홀구,S040000476,인천도화초등학교,2,공립,N,,9.0,15.0,176.0,16.0,19.0,165.0,13.0,15.0,162.0,12.0,11.0,147.0,12.0,15.0,147.0,3.0,9.0,164.0,65.0,84.0,961.0
인천광역시교육청,인천광역시남부교육지원청,인천광역시 동구,S040000478,인천동명초등학교,2,사립,N,,0.0,0.0,84.0,7.0,0.0,72.0,13.0,0.0,56.0,14.0,0.0,32.0,0.0,10.0,44.0,0.0,1.0,28.0,34.0,11.0,316.0
인천광역시교육청,인천광역시남부교육지원청,인천광역시 동구,S040000479,인천만석초등학교,2,공립,N,,3.0,4.0,61.0,5.0,7.0,60.0,4.0,9.0,88.0,2.0,3.0,76.0,1.0,10.0,88.0,2.0,2.0,66.0,17.0,35.0,439.0
인천광역시교육청,인천광역시남부교육지원청,인천광역시 미추홀구,S040000480,인천문학초등학교,2,공립,N,,13.0,5.0,118.0,9.0,6.0,105.0,9.0,9.0,124.0,11.0,7.0,117.0,15.0,6.0,135.0,5.0,5.0,134.0,62.0,38.0,733.0
인천광역시교육청,인천광역시남부교육지원청,인천광역시 미추홀구,S040000482,인천백학초등학교,2,공립,N,,2.0,0.0,46.0,3.0,2.0,41.0,6.0,5.0,49.0,4.0,6.0,53.0,4.0,5.0,61.0,2.0,3.0,82.0,21.0,21.0,332.0
인천광역시교육청,인천광역시남부교육지원청,인천광역시 동구,S040000483,인천서림초등학교,2,공립,N,,16.0,9.0,90.0,9.0,7.0,90.0,13.0,9.0,110.0,9.0,16.0,109.0,9.0,14.0,120.0,7.0,6.0,110.0,63.0,61.0,629.0
인천광역시교육청,인천광역시남부교육지원청,인천광역시 미추홀구,S040000484,인천서화초등학교,2,공립,N,,7.0,3.0,254.0,53.0,9.0,225.0,60.0,6.0,240.0,69.0,7.0,220.0,39.0,4.0,163.0,26.0,3.0,129.0,254.0,32.0,1231.0
인천광역시교육청,인천광역시남부교육지원청,인천광역시 동구,S040000485,인천서흥초등학교,2,공립,N,,2.0,3.0,85.0,0.0,13.0,72.0,2.0,10.0,114.0,0.0,2.0,99.0,0.0,3.0,111.0,0.0,1.0,112.0,4.0,32.0,593.0
인천광역시교육청,인천광역시남부교육지원청,인천광역시 미추홀구,S040000486,인천석암초등학교,2,공립,N,,9.0,13.0,159.0,20.0,18.0,144.0,10.0,19.0,148.0,9.0,6.0,137.0,10.0,13.0,139.0,13.0,9.0,119.0,71.0,78.0,846.0
인천광역시교육청,인천광역시남부교육지원청,인천광역시 동구,S040000487,인천송림초등학교,2,공립,N,,2.0,6.0,59.0,3.0,5.0,61.0,2.0,5.0,64.0,0.0,3.0,40.0,5.0,5.0,53.0,1.0,1.0,57.0,13.0,25.0,334.0
인천광역시교육청,인천광역시남부교육지원청,인천광역시 중구,S040000488,인천송월초등학교,2,공립,N,,2.0,5.0,38.0,1.0,3.0,37.0,1.0,1.0,40.0,0.0,0.0,37.0,0.0,4.0,42.0,0.0,1.0,43.0,4.0,14.0,237.0
인천광역시교육청,인천광역시남부교육지원청,인천광역시 동구,S040000489,인천송현초등학교,2,공립,N,,1.0,2.0,88.0,2.0,8.0,89.0,4.0,11.0,115.0,4.0,14.0,136.0,4.0,9.0,104.0,3.0,5.0,117.0,18.0,49.0,649.0
인천광역시교육청,인천광역시남부교육지원청,인천광역시 미추홀구,S040000490,인천숭의초등학교,2,공립,N,,15.0,13.0,198.0,17.0,14.0,202.0,21.0,25.0,242.0,17.0,8.0,234.0,17.0,15.0,215.0,7.0,8.0,199.0,94.0,83.0,1290.0
인천광역시교육청,인천광역시남부교육지원청,인천광역시 미추홀구,S040000491,인천승학초등학교,2,공립,N,,2.0,3.0,78.0,2.0,3.0,85.0,9.0,5.0,80.0,2.0,8.0,94.0,2.0,3.0,86.0,4.0,6.0,73.0,21.0,28.0,496.0
인천광역시교육청,인천광역시남부교육지원청,인천광역시 중구,S040000492,인천신광초등학교,2,공립,N,,7.0,8.0,126.0,4.0,11.0,111.0,10.0,7.0,135.0,6.0,13.0,120.0,8.0,9.0,122.0,3.0,5.0,106.0,38.0,53.0,720.0
인천광역시교육청,인천광역시남부교육지원청,인천광역시 중구,S040000493,인천신선초등학교,2,공립,N,,0.0,5.0,54.0,1.0,7.0,50.0,4.0,15.0,68.0,2.0,11.0,67.0,1.0,14.0,48.0,3.0,9.0,70.0,11.0,61.0,357.0
인천광역시교육청,인천광역시남부교육지원청,인천광역시 중구,S040000494,인천신흥초등학교,2,공립,N,,2.0,2.0,50.0,3.0,6.0,45.0,7.0,9.0,80.0,5.0,5.0,85.0,3.0,4.0,69.0,2.0,7.0,71.0,22.0,33.0,400.0
인천광역시교육청,인천광역시남부교육지원청,인천광역시 중구,S040000496,인천연안초등학교,2,공립,N,,2.0,0.0,26.0,0.0,1.0,34.0,0.0,1.0,28.0,1.0,3.0,33.0,1.0,1.0,23.0,0.0,2.0,26.0,4.0,8.0,170.0
인천광역시교육청,인천광역시남부교육지원청,인천광역시 중구,S040000497,인천영종초등학교,2,공립,N,,8.0,10.0,151.0,12.0,14.0,211.0,14.0,24.0,229.0,8.0,22.0,234.0,9.0,25.0,242.0,6.0,6.0,190.0,57.0,101.0,1257.0
인천광역시교육청,인천광역시남부교육지원청,인천광역시 중구,S040000500,인천용유초등학교,2,공립,N,,0.0,0.0,4.0,1.0,0.0,11.0,0.0,0.0,11.0,0.0,2.0,5.0,2.0,0.0,7.0,0.0,0.0,4.0,3.0,2.0,42.0
인천광역시교육청,인천광역시남부교육지원청,인천광역시 미추홀구,S040000502,인천용일초등학교,2,공립,N,,2.0,6.0,60.0,5.0,4.0,82.0,7.0,8.0,101.0,11.0,10.0,87.0,9.0,8.0,112.0,4.0,3.0,100.0,38.0,39.0,542.0
인천광역시교육청,인천광역시남부교육지원청,인천광역시 미추홀구,S040000503,인천용정초등학교,2,공립,N,,3.0,1.0,34.0,4.0,3.0,38.0,6.0,7.0,52.0,5.0,3.0,30.0,2.0,3.0,34.0,1.0,0.0,31.0,21.0,17.0,219.0
인천광역시교육청,인천광역시남부교육지원청,인천광역시 미추홀구,S040000504,인천용현남초등학교,2,공립,N,,10.0,4.0,153.0,12.0,5.0,181.0,25.0,7.0,188.0,17.0,9.0,212.0,18.0,8.0,192.0,10.0,1.0,191.0,92.0,34.0,1117.0
인천광역시교육청,인천광역시남부교육지원청,인천광역시 미추홀구,S040000506,인천용현초등학교,2,공립,N,,7.0,10.0,197.0,12.0,9.0,187.0,11.0,12.0,194.0,12.0,14.0,234.0,15.0,6.0,188.0,8.0,6.0,179.0,65.0,57.0,1179.0
인천광역시교육청,인천광역시남부교육지원청,인천광역시 중구,S040000507,인천운서초등학교,2,공립,N,,19.0,0.0,42.0,23.0,6.0,38.0,16.0,5.0,40.0,25.0,1.0,36.0,21.0,3.0,41.0,11.0,0.0,32.0,115.0,15.0,229.0
인천광역시교육청,인천광역시남부교육지원청,인천광역시 미추홀구,S040000509,인천인주초등학교,2,공립,N,,1.0,3.0,115.0,5.0,11.0,82.0,6.0,9.0,140.0,5.0,13.0,104.0,3.0,6.0,119.0,1.0,3.0,138.0,21.0,45.0,698.0
인천광역시교육청,인천광역시남부교육지원청,인천광역시 미추홀구,S040000510,인천주안남초등학교,2,공립,N,,1.0,6.0,95.0,3.0,8.0,101.0,3.0,12.0,101.0,3.0,7.0,126.0,2.0,8.0,112.0,5.0,5.0,98.0,17.0,46.0,633.0
인천광역시교육청,인천광역시남부교육지원청,인천광역시 미추홀구,S040000511,인천주안북초등학교,2,공립,N,,4.0,2.0,51.0,7.0,7.0,75.0,10.0,6.0,53.0,4.0,11.0,65.0,6.0,2.0,55.0,1.0,3.0,84.0,32.0,31.0,383.0
인천광역시교육청,인천광역시남부교육지원청,인천광역시 미추홀구,S040000512,인천주안초등학교,2,공립,N,,7.0,3.0,97.0,10.0,7.0,105.0,12.0,10.0,128.0,10.0,9.0,116.0,2.0,9.0,115.0,3.0,5.0,103.0,44.0,43.0,664.0
인천광역시교육청,인천광역시남부교육지원청,인천광역시 동구,S040000513,인천창영초등학교,2,공립,N,,0.0,0.0,22.0,4.0,6.0,18.0,2.0,2.0,32.0,7.0,6.0,26.0,9.0,7.0,34.0,3.0,6.0,33.0,25.0,27.0,165.0
인천광역시교육청,인천광역시남부교육지원청,인천광역시 미추홀구,S040000515,인천연학초등학교,2,공립,N,,1.0,1.0,39.0,1.0,4.0,33.0,5.0,4.0,33.0,3.0,4.0,44.0,2.0,2.0,36.0,2.0,5.0,38.0,14.0,20.0,223.0
인천광역시교육청,인천광역시남부교육지원청,인천광역시 미추홀구,S040000516,인천학익초등학교,2,공립,N,,2.0,1.0,76.0,3.0,6.0,82.0,6.0,7.0,88.0,6.0,6.0,107.0,3.0,7.0,92.0,4.0,3.0,76.0,24.0,30.0,521.0
인천광역시교육청,인천광역시동부교육지원청,인천광역시 남동구,S040000639,상인천초등학교,2,공립,N,,5.0,8.0,77.0,5.0,7.0,87.0,6.0,11.0,105.0,9.0,13.0,103.0,5.0,8.0,113.0,4.0,9.0,118.0,34.0,56.0,603.0
인천광역시교육청,인천광역시동부교육지원청,인천광역시 남동구,S040000641,인천간석초등학교,2,공립,N,,8.0,4.0,74.0,7.0,7.0,70.0,5.0,5.0,78.0,1.0,4.0,101.0,3.0,11.0,93.0,5.0,1.0,68.0,29.0,32.0,484.0
인천광역시교육청,인천광역시동부교육지원청,인천광역시 남동구,S040000642,인천구월서초등학교,2,공립,N,,7.0,13.0,137.0,6.0,15.0,158.0,8.0,9.0,137.0,6.0,9.0,168.0,7.0,12.0,136.0,6.0,4.0,152.0,40.0,62.0,888.0
인천광역시교육청,인천광역시동부교육지원청,인천광역시 남동구,S040000643,인천구월초등학교,2,공립,N,,4.0,4.0,63.0,9.0,5.0,59.0,8.0,5.0,78.0,7.0,4.0,86.0,2.0,3.0,95.0,3.0,1.0,83.0,33.0,22.0,464.0
인천광역시교육청,인천광역시동부교육지원청,인천광역시 남동구,S040000644,인천남동초등학교,2,공립,N,,3.0,5.0,78.0,5.0,11.0,78.0,4.0,6.0,92.0,3.0,13.0,108.0,2.0,9.0,94.0,2.0,9.0,108.0,19.0,53.0,558.0
인천광역시교육청,인천광역시동부교육지원청,인천광역시 남동구,S040000645,인천남촌초등학교,2,공립,N,,7.0,8.0,67.0,3.0,3.0,62.0,2.0,12.0,66.0,1.0,4.0,88.0,2.0,6.0,87.0,1.0,4.0,78.0,16.0,37.0,448.0
인천광역시교육청,인천광역시동부교육지원청,인천광역시 남동구,S040000646,인천논곡초등학교,2,공립,N,,5.0,5.0,118.0,2.0,5.0,132.0,4.0,9.0,129.0,4.0,5.0,113.0,7.0,4.0,122.0,1.0,3.0,108.0,23.0,31.0,722.0
인천광역시교육청,인천광역시동부교육지원청,인천광역시 남동구,S040000647,인천논현초등학교,2,공립,N,,5.0,4.0,88.0,7.0,4.0,131.0,10.0,5.0,134.0,3.0,7.0,123.0,2.0,4.0,122.0,4.0,5.0,159.0,31.0,29.0,757.0
인천광역시교육청,인천광역시동부교육지원청,인천광역시 연수구,S040000648,인천능허대초등학교,2,공립,N,,1.0,8.0,153.0,3.0,11.0,152.0,3.0,16.0,161.0,3.0,6.0,160.0,2.0,14.0,147.0,5.0,9.0,127.0,17.0,64.0,900.0
인천광역시교육청,인천광역시동부교육지원청,인천광역시 남동구,S040000649,인천담방초등학교,2,공립,N,,2.0,7.0,84.0,6.0,7.0,88.0,6.0,4.0,92.0,5.0,3.0,80.0,2.0,5.0,117.0,2.0,1.0,99.0,23.0,27.0,560.0
인천광역시교육청,인천광역시동부교육지원청,인천광역시 남동구,S040000650,인천도림초등학교,2,공립,N,,0.0,3.0,91.0,3.0,8.0,73.0,4.0,14.0,104.0,2.0,9.0,90.0,2.0,4.0,94.0,2.0,6.0,91.0,13.0,44.0,543.0
인천광역시교육청,인천광역시동부교육지원청,인천광역시 연수구,S040000651,인천동막초등학교,2,공립,N,,1.0,3.0,72.0,2.0,10.0,80.0,3.0,8.0,86.0,2.0,8.0,102.0,5.0,8.0,99.0,3.0,6.0,102.0,16.0,43.0,541.0
인천광역시교육청,인천광역시동부교육지원청,인천광역시 남동구,S040000652,인천동부초등학교,2,공립,N,,4.0,4.0,82.0,4.0,10.0,83.0,8.0,7.0,119.0,4.0,8.0,77.0,3.0,7.0,77.0,2.0,4.0,75.0,25.0,40.0,513.0
인천광역시교육청,인천광역시동부교육지원청,인천광역시 연수구,S040000653,인천동춘초등학교,2,공립,N,,3.0,1.0,87.0,5.0,3.0,93.0,8.0,4.0,110.0,5.0,3.0,114.0,4.0,6.0,116.0,5.0,3.0,117.0,30.0,20.0,637.0
인천광역시교육청,인천광역시동부교육지원청,인천광역시 남동구,S040000654,인천만수북초등학교,2,공립,N,,5.0,11.0,122.0,7.0,8.0,146.0,7.0,12.0,171.0,8.0,23.0,159.0,11.0,13.0,172.0,4.0,5.0,150.0,42.0,72.0,920.0
인천광역시교육청,인천광역시동부교육지원청,인천광역시 남동구,S040000655,인천만수초등학교,2,공립,N,,1.0,3.0,50.0,3.0,3.0,33.0,4.0,1.0,46.0,1.0,6.0,45.0,2.0,5.0,44.0,2.0,1.0,49.0,13.0,19.0,267.0
인천광역시교육청,인천광역시동부교육지원청,인천광역시 남동구,S040000656,인천만월초등학교,2,공립,N,,5.0,11.0,214.0,8.0,13.0,241.0,11.0,13.0,246.0,7.0,17.0,262.0,6.0,15.0,233.0,5.0,16.0,190.0,42.0,85.0,1386.0
인천광역시교육청,인천광역시동부교육지원청,인천광역시 연수구,S040000657,인천문남초등학교,2,공립,N,,0.0,0.0,93.0,0.0,0.0,103.0,0.0,0.0,90.0,0.0,0.0,88.0,0.0,0.0,90.0,0.0,0.0,92.0,0.0,0.0,556.0
인천광역시교육청,인천광역시동부교육지원청,인천광역시 연수구,S040000658,인천박문초등학교,2,사립,N,,2.0,2.0,84.0,6.0,4.0,84.0,4.0,8.0,84.0,7.0,7.0,76.0,2.0,3.0,63.0,0.0,4.0,63.0,21.0,28.0,454.0
인천광역시교육청,인천광역시동부교육지원청,인천광역시 남동구,S040000659,인천석정초등학교,2,공립,N,,16.0,5.0,150.0,15.0,11.0,139.0,24.0,13.0,140.0,13.0,8.0,148.0,12.0,7.0,138.0,4.0,3.0,135.0,84.0,47.0,850.0
인천광역시교육청,인천광역시동부교육지원청,인천광역시 남동구,S040000660,인천석천초등학교,2,공립,N,,4.0,4.0,183.0,17.0,13.0,174.0,13.0,13.0,206.0,25.0,7.0,163.0,11.0,6.0,170.0,9.0,10.0,170.0,79.0,53.0,1066.0
인천광역시교육청,인천광역시동부교육지원청,인천광역시 연수구,S040000661,인천선학초등학교,2,공립,N,,2.0,6.0,92.0,3.0,7.0,115.0,3.0,5.0,92.0,6.0,9.0,101.0,6.0,8.0,115.0,4.0,2.0,80.0,24.0,37.0,595.0
인천광역시교육청,인천광역시동부교육지원청,인천광역시 남동구,S040000663,인천성리초등학교,2,공립,N,,4.0,11.0,123.0,7.0,12.0,117.0,9.0,16.0,154.0,8.0,10.0,131.0,5.0,4.0,128.0,3.0,7.0,124.0,36.0,60.0,777.0
인천광역시교육청,인천광역시동부교육지원청,인천광역시 남동구,S040000664,인천소래초등학교,2,공립,N,,5.0,4.0,110.0,3.0,3.0,81.0,9.0,7.0,92.0,6.0,6.0,90.0,2.0,3.0,94.0,2.0,4.0,65.0,27.0,27.0,532.0
인천광역시교육청,인천광역시동부교육지원청,인천광역시 연수구,S040000665,인천송도초등학교,2,공립,N,,2.0,4.0,54.0,4.0,3.0,71.0,3.0,8.0,68.0,5.0,5.0,71.0,2.0,1.0,57.0,3.0,1.0,66.0,19.0,22.0,387.0
인천광역시교육청,인천광역시동부교육지원청,인천광역시 남동구,S040000666,인천약산초등학교,2,공립,N,,10.0,6.0,84.0,6.0,9.0,94.0,5.0,10.0,107.0,5.0,8.0,107.0,4.0,4.0,105.0,2.0,3.0,97.0,32.0,40.0,594.0
인천광역시교육청,인천광역시동부교육지원청,인천광역시 연수구,S040000667,인천연성초등학교,2,공립,N,,0.0,2.0,163.0,5.0,4.0,137.0,3.0,0.0,171.0,4.0,0.0,159.0,4.0,0.0,204.0,1.0,1.0,166.0,17.0,7.0,1000.0
인천광역시교육청,인천광역시동부교육지원청,인천광역시 연수구,S040000668,인천연수초등학교,2,공립,N,,2.0,1.0,50.0,4.0,3.0,63.0,1.0,4.0,65.0,1.0,5.0,68.0,2.0,3.0,54.0,0.0,2.0,60.0,10.0,18.0,360.0
인천광역시교육청,인천광역시동부교육지원청,인천광역시 연수구,S040000669,인천연화초등학교,2,공립,N,,1.0,6.0,120.0,4.0,12.0,113.0,3.0,9.0,120.0,9.0,3.0,111.0,5.0,10.0,116.0,3.0,7.0,110.0,25.0,47.0,690.0
인천광역시교육청,인천광역시동부교육지원청,인천광역시 연수구,S040000670,인천옥련초등학교,2,공립,N,,1.0,6.0,129.0,4.0,16.0,149.0,9.0,14.0,154.0,8.0,8.0,160.0,3.0,11.0,157.0,6.0,8.0,173.0,31.0,63.0,922.0
인천광역시교육청,인천광역시동부교육지원청,인천광역시 남동구,S040000671,인천인동초등학교,2,공립,N,,3.0,2.0,151.0,1.0,5.0,165.0,1.0,15.0,184.0,0.0,15.0,194.0,1.0,12.0,187.0,0.0,3.0,166.0,6.0,52.0,1047.0
인천광역시교육청,인천광역시동부교육지원청,인천광역시 남동구,S040000673,인천인수초등학교,2,공립,N,,2.0,6.0,77.0,4.0,12.0,59.0,3.0,6.0,60.0,3.0,4.0,65.0,5.0,3.0,48.0,0.0,2.0,44.0,17.0,33.0,353.0
인천광역시교육청,인천광역시동부교육지원청,인천광역시 남동구,S040000674,인천장수초등학교,2,공립,N,,0.0,1.0,32.0,1.0,0.0,29.0,0.0,4.0,33.0,2.0,4.0,41.0,1.0,1.0,29.0,2.0,4.0,38.0,6.0,14.0,202.0
인천광역시교육청,인천광역시동부교육지원청,인천광역시 남동구,S040000675,인천조동초등학교,2,공립,N,,3.0,3.0,79.0,4.0,7.0,95.0,4.0,7.0,101.0,4.0,4.0,115.0,4.0,5.0,120.0,2.0,6.0,106.0,21.0,32.0,616.0
인천광역시교육청,인천광역시동부교육지원청,인천광역시 남동구,S040000676,인천주원초등학교,2,공립,N,,4.0,2.0,40.0,5.0,5.0,45.0,4.0,5.0,39.0,4.0,3.0,41.0,6.0,7.0,43.0,0.0,2.0,40.0,23.0,24.0,248.0
인천광역시교육청,인천광역시동부교육지원청,인천광역시 연수구,S040000677,인천중앙초등학교,2,공립,N,,2.0,3.0,51.0,3.0,8.0,65.0,4.0,4.0,48.0,2.0,3.0,73.0,1.0,7.0,67.0,0.0,5.0,55.0,12.0,30.0,359.0
인천광역시교육청,인천광역시동부교육지원청,인천광역시 연수구,S040000678,인천청량초등학교,2,공립,N,,1.0,3.0,93.0,6.0,9.0,95.0,8.0,8.0,111.0,10.0,5.0,123.0,7.0,1.0,149.0,8.0,12.0,143.0,40.0,38.0,714.0
인천광역시교육청,인천광역시동부교육지원청,인천광역시 연수구,S040000679,인천청학초등학교,2,공립,N,,3.0,4.0,93.0,5.0,4.0,66.0,3.0,8.0,84.0,2.0,4.0,88.0,1.0,7.0,101.0,2.0,4.0,86.0,16.0,31.0,518.0
인천광역시교육청,인천광역시동부교육지원청,인천광역시 연수구,S040000680,인천함박초등학교,2,공립,N,,7.0,6.0,70.0,3.0,8.0,92.0,6.0,6.0,86.0,4.0,11.0,80.0,8.0,7.0,86.0,1.0,7.0,92.0,29.0,45.0,506.0
인천광역시교육청,인천광역시서부교육지원청,인천광역시 서구,S040000802,인천가림초등학교,2,공립,N,,7.0,1.0,34.0,5.0,3.0,35.0,5.0,7.0,78.0,1.0,8.0,57.0,2.0,4.0,49.0,3.0,12.0,82.0,23.0,35.0,335.0
인천광역시교육청,인천광역시서부교육지원청,인천광역시 서구,S040000803,인천가석초등학교,2,공립,N,,4.0,4.0,57.0,1.0,10.0,48.0,3.0,5.0,48.0,1.0,6.0,66.0,1.0,3.0,56.0,0.0,4.0,64.0,10.0,32.0,339.0
인천광역시교육청,인천광역시서부교육지원청,인천광역시 서구,S040000804,인천가정초등학교,2,공립,N,,2.0,10.0,132.0,7.0,12.0,137.0,4.0,15.0,118.0,7.0,10.0,122.0,4.0,8.0,135.0,3.0,4.0,96.0,27.0,59.0,740.0
인천광역시교육청,인천광역시서부교육지원청,인천광역시 서구,S040000805,인천가좌초등학교,2,공립,N,,0.0,2.0,71.0,3.0,7.0,84.0,1.0,5.0,89.0,1.0,2.0,102.0,0.0,8.0,101.0,1.0,3.0,107.0,6.0,27.0,554.0
인천광역시교육청,인천광역시서부교육지원청,인천광역시 서구,S040000806,인천가현초등학교,2,공립,N,,36.0,12.0,217.0,52.0,8.0,173.0,47.0,12.0,179.0,32.0,10.0,196.0,28.0,11.0,173.0,9.0,7.0,136.0,204.0,60.0,1074.0
인천광역시교육청,인천광역시북부교육지원청,인천광역시 부평구,S040000807,인천갈산초등학교,2,공립,N,,4.0,7.0,65.0,4.0,7.0,33.0,2.0,7.0,50.0,5.0,1.0,40.0,2.0,2.0,47.0,0.0,1.0,40.0,17.0,25.0,275.0
인천광역시교육청,인천광역시북부교육지원청,인천광역시 부평구,S040000808,인천갈월초등학교,2,공립,N,,2.0,4.0,96.0,2.0,10.0,92.0,5.0,8.0,119.0,7.0,10.0,101.0,2.0,3.0,116.0,3.0,8.0,115.0,21.0,43.0,639.0
인천광역시교육청,인천광역시북부교육지원청,인천광역시 부평구,S040000809,인천개흥초등학교,2,공립,N,,4.0,6.0,62.0,2.0,10.0,66.0,3.0,8.0,57.0,5.0,12.0,71.0,5.0,8.0,67.0,6.0,5.0,64.0,25.0,49.0,387.0
인천광역시교육청,인천광역시서부교육지원청,인천광역시 서구,S040000810,인천건지초등학교,2,공립,N,,4.0,1.0,54.0,3.0,5.0,47.0,3.0,1.0,38.0,0.0,4.0,49.0,0.0,3.0,49.0,1.0,0.0,54.0,11.0,14.0,291.0
인천광역시교육청,인천광역시서부교육지원청,인천광역시 서구,S040000811,인천검단초등학교,2,공립,N,,5.0,9.0,135.0,12.0,15.0,111.0,9.0,17.0,142.0,9.0,14.0,157.0,5.0,10.0,126.0,2.0,9.0,144.0,42.0,74.0,815.0
인천광역시교육청,인천광역시서부교육지원청,인천광역시 계양구,S040000812,인천계산초등학교,2,공립,N,,1.0,4.0,24.0,2.0,3.0,43.0,3.0,3.0,36.0,2.0,2.0,35.0,1.0,1.0,48.0,1.0,1.0,36.0,10.0,14.0,222.0
인천광역시교육청,인천광역시서부교육지원청,인천광역시 계양구,S040000813,인천계양초등학교,2,공립,N,,7.0,11.0,96.0,2.0,11.0,92.0,4.0,9.0,91.0,3.0,7.0,80.0,5.0,9.0,73.0,2.0,0.0,67.0,23.0,47.0,499.0
인천광역시교육청,인천광역시북부교육지원청,인천광역시 부평구,S040000815,인천구산초등학교,2,공립,N,,1.0,7.0,75.0,6.0,9.0,60.0,4.0,13.0,81.0,0.0,7.0,76.0,3.0,5.0,102.0,3.0,10.0,101.0,17.0,51.0,495.0
인천광역시교육청,인천광역시서부교육지원청,인천광역시 서구,S040000816,인천금곡초등학교,2,공립,N,,1.0,5.0,45.0,8.0,5.0,45.0,3.0,6.0,70.0,2.0,3.0,63.0,4.0,0.0,49.0,2.0,0.0,58.0,20.0,19.0,330.0
인천광역시교육청,인천광역시서부교육지원청,인천광역시 계양구,S040000817,인천길주초등학교,2,공립,N,,3.0,0.0,97.0,6.0,20.0,103.0,2.0,16.0,109.0,5.0,15.0,124.0,3.0,8.0,95.0,3.0,4.0,102.0,22.0,63.0,630.0
인천광역시교육청,인천광역시서부교육지원청,인천광역시 서구,S040000818,인천단봉초등학교,2,공립,N,,12.0,12.0,148.0,15.0,13.0,131.0,18.0,11.0,167.0,8.0,12.0,151.0,7.0,7.0,144.0,3.0,9.0,136.0,63.0,64.0,877.0
인천광역시교육청,인천광역시서부교육지원청,인천광역시 서구,S040000819,인천당하초등학교,2,공립,N,,5.0,12.0,141.0,8.0,17.0,156.0,20.0,20.0,197.0,9.0,15.0,182.0,10.0,18.0,207.0,7.0,20.0,190.0,59.0,102.0,1073.0
인천광역시교육청,인천광역시북부교육지원청,인천광역시 부평구,S040000820,인천대정초등학교,2,공립,N,,0.0,8.0,94.0,5.0,7.0,117.0,2.0,15.0,154.0,5.0,4.0,124.0,4.0,6.0,139.0,2.0,1.0,145.0,18.0,41.0,773.0
인천광역시교육청,인천광역시북부교육지원청,인천광역시 부평구,S040000821,인천동수초등학교,2,공립,N,,3.0,4.0,119.0,8.0,7.0,102.0,5.0,9.0,118.0,11.0,13.0,111.0,4.0,10.0,100.0,3.0,7.0,89.0,34.0,50.0,639.0
인천광역시교육청,인천광역시북부교육지원청,인천광역시 부평구,S040000822,인천동암초등학교,2,공립,N,,1.0,3.0,53.0,6.0,7.0,67.0,5.0,2.0,72.0,3.0,10.0,74.0,6.0,2.0,72.0,5.0,6.0,65.0,26.0,30.0,403.0
인천광역시교육청,인천광역시북부교육지원청,인천광역시 부평구,S040000823,인천마곡초등학교,2,공립,N,,0.0,0.0,13.0,0.0,3.0,10.0,0.0,1.0,14.0,0.0,5.0,18.0,0.0,0.0,14.0,0.0,0.0,20.0,0.0,9.0,89.0
인천광역시교육청,인천광역시북부교육지원청,인천광역시 부평구,S040000824,인천마장초등학교,2,공립,N,,0.0,12.0,113.0,3.0,4.0,106.0,1.0,11.0,119.0,2.0,4.0,112.0,1.0,6.0,111.0,1.0,7.0,130.0,8.0,44.0,691.0
인천광역시교육청,인천광역시서부교육지원청,인천광역시 서구,S040000825,인천마전초등학교,2,공립,N,,6.0,4.0,129.0,11.0,11.0,152.0,7.0,5.0,128.0,5.0,5.0,140.0,11.0,8.0,152.0,3.0,5.0,151.0,43.0,38.0,852.0
인천광역시교육청,인천광역시서부교육지원청,인천광역시 계양구,S040000826,인천명현초등학교,2,공립,N,,0.0,4.0,54.0,2.0,1.0,59.0,4.0,2.0,51.0,1.0,6.0,63.0,3.0,2.0,59.0,1.0,3.0,79.0,11.0,18.0,365.0
인천광역시교육청,인천광역시서부교육지원청,인천광역시 서구,S040000827,인천목향초등학교,2,공립,N,,6.0,8.0,88.0,8.0,9.0,97.0,4.0,16.0,133.0,8.0,6.0,122.0,1.0,11.0,125.0,6.0,8.0,127.0,33.0,58.0,692.0
인천광역시교육청,인천광역시북부교육지원청,인천광역시 부평구,S040000828,인천미산초등학교,2,공립,N,,0.0,0.0,47.0,5.0,4.0,44.0,2.0,2.0,64.0,7.0,3.0,59.0,5.0,2.0,56.0,1.0,2.0,62.0,20.0,13.0,332.0
인천광역시교육청,인천광역시서부교육지원청,인천광역시 서구,S040000829,인천백석초등학교,2,공립,N,,10.0,8.0,156.0,9.0,26.0,190.0,12.0,17.0,181.0,17.0,24.0,182.0,6.0,10.0,151.0,9.0,12.0,147.0,63.0,97.0,1007.0
인천광역시교육청,인천광역시북부교육지원청,인천광역시 부평구,S040000830,인천백운초등학교,2,공립,N,,2.0,4.0,96.0,1.0,6.0,81.0,1.0,12.0,85.0,1.0,6.0,92.0,3.0,5.0,79.0,2.0,5.0,83.0,10.0,38.0,516.0
인천광역시교육청,인천광역시서부교육지원청,인천광역시 계양구,S040000831,인천병방초등학교,2,공립,N,,3.0,4.0,64.0,3.0,11.0,67.0,6.0,6.0,73.0,3.0,8.0,72.0,0.0,4.0,79.0,1.0,2.0,87.0,16.0,35.0,442.0
인천광역시교육청,인천광역시서부교육지원청,인천광역시 서구,S040000832,인천봉수초등학교,2,공립,N,,4.0,3.0,23.0,1.0,3.0,34.0,2.0,0.0,26.0,2.0,6.0,33.0,3.0,0.0,30.0,1.0,4.0,27.0,13.0,16.0,173.0
인천광역시교육청,인천광역시북부교육지원청,인천광역시 부평구,S040000833,인천부개서초등학교,2,공립,N,,7.0,9.0,146.0,10.0,15.0,140.0,11.0,17.0,157.0,7.0,11.0,152.0,4.0,16.0,158.0,7.0,10.0,120.0,46.0,78.0,873.0
인천광역시교육청,인천광역시북부교육지원청,인천광역시 부평구,S040000834,인천부개초등학교,2,공립,N,,4.0,1.0,48.0,2.0,2.0,43.0,2.0,4.0,45.0,3.0,3.0,57.0,3.0,0.0,50.0,1.0,0.0,44.0,15.0,10.0,287.0
인천광역시교육청,인천광역시북부교육지원청,인천광역시 부평구,S040000835,인천부곡초등학교,2,공립,N,,7.0,6.0,177.0,7.0,12.0,197.0,8.0,11.0,238.0,4.0,7.0,206.0,5.0,10.0,206.0,3.0,2.0,222.0,34.0,48.0,1246.0
인천광역시교육청,인천광역시북부교육지원청,인천광역시 부평구,S040000836,인천부광초등학교,2,공립,N,,3.0,6.0,65.0,2.0,12.0,87.0,5.0,14.0,84.0,4.0,7.0,61.0,2.0,4.0,64.0,4.0,6.0,63.0,20.0,49.0,424.0
인천광역시교육청,인천광역시북부교육지원청,인천광역시 부평구,S040000837,인천부내초등학교,2,공립,N,,7.0,4.0,110.0,2.0,6.0,113.0,10.0,13.0,116.0,3.0,9.0,133.0,8.0,7.0,120.0,8.0,2.0,166.0,38.0,41.0,758.0
인천광역시교육청,인천광역시북부교육지원청,인천광역시 부평구,S040000838,인천부마초등학교,2,공립,N,,0.0,0.0,128.0,0.0,2.0,109.0,0.0,3.0,141.0,4.0,4.0,129.0,2.0,0.0,134.0,2.0,7.0,128.0,8.0,16.0,769.0
인천광역시교육청,인천광역시북부교육지원청,인천광역시 부평구,S040000839,인천부원초등학교,2,공립,N,,0.0,8.0,125.0,6.0,10.0,120.0,0.0,10.0,125.0,3.0,4.0,122.0,6.0,4.0,132.0,4.0,8.0,128.0,19.0,44.0,752.0
인천광역시교육청,인천광역시북부교육지원청,인천광역시 부평구,S040000840,인천부일초등학교,2,공립,N,,3.0,3.0,55.0,2.0,1.0,51.0,1.0,0.0,56.0,4.0,5.0,76.0,3.0,5.0,65.0,3.0,2.0,85.0,16.0,16.0,388.0
인천광역시교육청,인천광역시북부교육지원청,인천광역시 부평구,S040000841,인천부평남초등학교,2,공립,N,,2.0,6.0,145.0,6.0,11.0,124.0,5.0,11.0,156.0,4.0,11.0,166.0,7.0,9.0,142.0,3.0,11.0,164.0,27.0,59.0,897.0
인천광역시교육청,인천광역시북부교육지원청,인천광역시 부평구,S040000842,인천부평동초등학교,2,공립,N,,5.0,9.0,160.0,7.0,14.0,153.0,14.0,13.0,171.0,5.0,10.0,161.0,11.0,10.0,152.0,4.0,7.0,150.0,46.0,63.0,947.0
인천광역시교육청,인천광역시북부교육지원청,인천광역시 부평구,S040000843,인천부평북초등학교,2,공립,N,,1.0,5.0,70.0,4.0,5.0,52.0,3.0,9.0,84.0,4.0,5.0,58.0,3.0,4.0,71.0,3.0,4.0,49.0,18.0,32.0,384.0
인천광역시교육청,인천광역시북부교육지원청,인천광역시 부평구,S040000844,인천부평서초등학교,2,공립,N,,2.0,7.0,126.0,2.0,8.0,125.0,7.0,9.0,138.0,6.0,11.0,125.0,6.0,9.0,128.0,0.0,2.0,142.0,23.0,46.0,784.0
인천광역시교육청,인천광역시서부교육지원청,인천광역시 계양구,S040000845,인천부평초등학교,2,공립,N,,4.0,4.0,48.0,5.0,7.0,68.0,4.0,8.0,55.0,1.0,10.0,66.0,9.0,5.0,74.0,0.0,7.0,75.0,23.0,41.0,386.0
인천광역시교육청,인천광역시서부교육지원청,인천광역시 계양구,S040000846,인천부현동초등학교,2,공립,N,,6.0,5.0,79.0,3.0,9.0,106.0,10.0,9.0,119.0,1.0,6.0,114.0,5.0,5.0,147.0,5.0,4.0,135.0,30.0,38.0,700.0
인천광역시교육청,인천광역시서부교육지원청,인천광역시 계양구,S040000847,인천부현초등학교,2,공립,N,,1.0,3.0,61.0,4.0,8.0,75.0,6.0,7.0,100.0,2.0,4.0,81.0,2.0,5.0,100.0,2.0,5.0,105.0,17.0,32.0,522.0
인천광역시교육청,인천광역시북부교육지원청,인천광역시 부평구,S040000848,인천부흥초등학교,2,공립,N,,6.0,16.0,193.0,10.0,15.0,164.0,11.0,18.0,175.0,8.0,9.0,158.0,14.0,8.0,147.0,2.0,10.0,144.0,51.0,76.0,981.0
인천광역시교육청,인천광역시서부교육지원청,인천광역시 서구,S040000849,인천불로초등학교,2,공립,N,,4.0,7.0,125.0,11.0,9.0,104.0,10.0,12.0,133.0,6.0,12.0,130.0,10.0,15.0,152.0,3.0,9.0,123.0,44.0,64.0,767.0
인천광역시교육청,인천광역시북부교육지원청,인천광역시 부평구,S040000850,인천산곡남초등학교,2,공립,N,,1.0,4.0,98.0,2.0,7.0,95.0,2.0,7.0,85.0,5.0,7.0,98.0,3.0,4.0,96.0,5.0,2.0,111.0,18.0,31.0,583.0
인천광역시교육청,인천광역시북부교육지원청,인천광역시 부평구,S040000851,인천산곡북초등학교,2,공립,N,,1.0,2.0,61.0,5.0,5.0,53.0,0.0,1.0,62.0,8.0,11.0,65.0,4.0,9.0,60.0,4.0,0.0,77.0,22.0,28.0,378.0
인천광역시교육청,인천광역시북부교육지원청,인천광역시 부평구,S040000852,인천산곡초등학교,2,공립,N,,1.0,7.0,41.0,3.0,1.0,30.0,1.0,2.0,52.0,4.0,4.0,45.0,4.0,3.0,39.0,6.0,1.0,49.0,19.0,18.0,256.0
인천광역시교육청,인천광역시북부교육지원청,인천광역시 부평구,S040000853,인천삼산초등학교,2,공립,N,,5.0,5.0,92.0,1.0,5.0,76.0,7.0,6.0,93.0,5.0,4.0,103.0,3.0,5.0,96.0,4.0,4.0,115.0,25.0,29.0,575.0
인천광역시교육청,인천광역시북부교육지원청,인천광역시 부평구,S040000854,인천상정초등학교,2,공립,N,,12.0,1.0,49.0,17.0,4.0,37.0,14.0,3.0,46.0,15.0,1.0,30.0,11.0,2.0,35.0,10.0,0.0,46.0,79.0,11.0,243.0
인천광역시교육청,인천광역시서부교육지원청,인천광역시 서구,S040000855,인천서곶초등학교,2,공립,N,,11.0,11.0,104.0,5.0,4.0,91.0,9.0,8.0,102.0,3.0,6.0,104.0,10.0,9.0,126.0,3.0,5.0,96.0,41.0,43.0,623.0
인천광역시교육청,인천광역시서부교육지원청,인천광역시 계양구,S040000856,인천서운초등학교,2,공립,N,,4.0,4.0,106.0,38.0,4.0,84.0,36.0,2.0,76.0,35.0,1.0,79.0,28.0,5.0,77.0,25.0,3.0,87.0,166.0,19.0,509.0
인천광역시교육청,인천광역시서부교육지원청,인천광역시 서구,S040000857,인천석남서초등학교,2,공립,N,,3.0,3.0,74.0,3.0,7.0,80.0,5.0,6.0,93.0,2.0,7.0,78.0,4.0,7.0,102.0,2.0,4.0,66.0,19.0,34.0,493.0
인천광역시교육청,인천광역시서부교육지원청,인천광역시 서구,S040000858,인천석남초등학교,2,공립,N,,7.0,8.0,88.0,2.0,10.0,93.0,6.0,7.0,103.0,10.0,5.0,111.0,4.0,6.0,113.0,2.0,3.0,100.0,31.0,39.0,608.0
인천광역시교육청,인천광역시서부교육지원청,인천광역시 계양구,S040000859,인천성지초등학교,2,공립,N,,2.0,4.0,65.0,8.0,6.0,68.0,2.0,7.0,58.0,5.0,7.0,65.0,4.0,5.0,72.0,6.0,9.0,78.0,27.0,38.0,406.0
인천광역시교육청,인천광역시서부교육지원청,인천광역시 계양구,S040000860,인천소양초등학교,2,공립,N,,0.0,7.0,77.0,3.0,9.0,59.0,1.0,7.0,59.0,0.0,7.0,85.0,4.0,6.0,84.0,1.0,4.0,64.0,9.0,40.0,428.0
인천광역시교육청,인천광역시서부교육지원청,인천광역시 계양구,S040000862,인천신대초등학교,2,공립,N,,4.0,4.0,122.0,6.0,9.0,115.0,7.0,10.0,129.0,6.0,5.0,129.0,6.0,3.0,132.0,11.0,4.0,150.0,40.0,35.0,777.0
인천광역시교육청,인천광역시서부교육지원청,인천광역시 서구,S040000863,인천신석초등학교,2,공립,N,,0.0,6.0,62.0,8.0,7.0,69.0,4.0,5.0,66.0,3.0,5.0,85.0,8.0,2.0,87.0,2.0,4.0,61.0,25.0,29.0,430.0
인천광역시교육청,인천광역시북부교육지원청,인천광역시 부평구,S040000864,인천신촌초등학교,2,공립,N,,5.0,2.0,52.0,4.0,4.0,43.0,6.0,5.0,57.0,5.0,3.0,49.0,1.0,2.0,55.0,1.0,1.0,53.0,22.0,17.0,309.0
인천광역시교육청,인천광역시서부교육지원청,인천광역시 서구,S040000865,인천신현북초등학교,2,공립,N,,10.0,7.0,70.0,6.0,7.0,89.0,12.0,8.0,103.0,10.0,9.0,106.0,6.0,8.0,102.0,6.0,2.0,99.0,50.0,41.0,569.0
인천광역시교육청,인천광역시서부교육지원청,인천광역시 서구,S040000867,인천신현초등학교,2,공립,N,,4.0,4.0,56.0,5.0,3.0,61.0,5.0,2.0,83.0,2.0,5.0,88.0,2.0,3.0,83.0,2.0,2.0,67.0,20.0,19.0,438.0
인천광역시교육청,인천광역시서부교육지원청,인천광역시 서구,S040000868,인천심곡초등학교,2,공립,N,,2.0,4.0,42.0,2.0,4.0,43.0,2.0,7.0,54.0,3.0,5.0,57.0,1.0,4.0,61.0,2.0,2.0,56.0,12.0,26.0,313.0
인천광역시교육청,인천광역시북부교육지원청,인천광역시 부평구,S040000869,인천십정초등학교,2,공립,N,,2.0,4.0,52.0,3.0,2.0,37.0,3.0,4.0,52.0,1.0,2.0,39.0,3.0,4.0,52.0,1.0,1.0,48.0,13.0,17.0,280.0
인천광역시교육청,인천광역시서부교육지원청,인천광역시 계양구,S040000870,인천안남초등학교,2,공립,N,,3.0,9.0,72.0,4.0,9.0,71.0,2.0,6.0,85.0,4.0,12.0,84.0,3.0,13.0,87.0,2.0,7.0,81.0,18.0,56.0,480.0
인천광역시교육청,인천광역시서부교육지원청,인천광역시 계양구,S040000871,인천안산초등학교,2,공립,N,,1.0,4.0,48.0,3.0,5.0,53.0,2.0,5.0,69.0,8.0,4.0,68.0,4.0,3.0,85.0,6.0,4.0,80.0,24.0,25.0,403.0
인천광역시교육청,인천광역시서부교육지원청,인천광역시 서구,S040000872,인천양지초등학교,2,공립,N,,0.0,2.0,65.0,0.0,2.0,57.0,0.0,1.0,48.0,0.0,6.0,57.0,3.0,1.0,56.0,1.0,2.0,56.0,4.0,14.0,339.0
인천광역시교육청,인천광역시북부교육지원청,인천광역시 부평구,S040000874,인천용마초등학교,2,공립,N,,13.0,2.0,96.0,9.0,7.0,103.0,17.0,7.0,79.0,4.0,4.0,93.0,4.0,5.0,85.0,1.0,1.0,73.0,48.0,26.0,529.0
인천광역시교육청,인천광역시북부교육지원청,인천광역시 부평구,S040000875,인천일신초등학교,2,공립,N,,1.0,3.0,64.0,3.0,6.0,68.0,4.0,9.0,79.0,6.0,10.0,81.0,0.0,3.0,63.0,0.0,2.0,59.0,14.0,33.0,414.0
인천광역시교육청,인천광역시서부교육지원청,인천광역시 계양구,S040000876,인천작동초등학교,2,공립,N,,5.0,6.0,94.0,4.0,9.0,74.0,6.0,6.0,92.0,6.0,10.0,96.0,8.0,6.0,100.0,3.0,4.0,86.0,32.0,41.0,542.0
인천광역시교육청,인천광역시서부교육지원청,인천광역시 계양구,S040000877,인천작전초등학교,2,공립,N,,1.0,12.0,79.0,3.0,6.0,82.0,5.0,3.0,90.0,2.0,13.0,98.0,1.0,6.0,69.0,1.0,13.0,90.0,13.0,53.0,508.0
인천광역시교육청,인천광역시서부교육지원청,인천광역시 서구,S040000878,인천창신초등학교,2,공립,N,,4.0,19.0,100.0,15.0,16.0,87.0,7.0,17.0,115.0,7.0,10.0,103.0,9.0,23.0,109.0,11.0,6.0,100.0,53.0,91.0,614.0
인천광역시교육청,인천광역시서부교육지원청,인천광역시 서구,S040000879,인천천마초등학교,2,공립,N,,2.0,4.0,38.0,3.0,4.0,27.0,5.0,5.0,38.0,4.0,1.0,46.0,4.0,4.0,42.0,4.0,0.0,41.0,22.0,18.0,232.0
인천광역시교육청,인천광역시북부교육지원청,인천광역시 부평구,S040000880,인천청천초등학교,2,공립,N,,3.0,5.0,70.0,6.0,6.0,51.0,4.0,6.0,68.0,6.0,6.0,72.0,3.0,1.0,63.0,0.0,1.0,55.0,22.0,25.0,379.0
인천광역시교육청,인천광역시북부교육지원청,인천광역시 부평구,S040000881,인천하정초등학교,2,공립,N,,2.0,4.0,20.0,3.0,1.0,19.0,0.0,1.0,16.0,4.0,0.0,27.0,1.0,1.0,24.0,1.0,0.0,23.0,11.0,7.0,129.0
인천광역시교육청,인천광역시북부교육지원청,인천광역시 부평구,S040000882,인천한길초등학교,2,공립,N,,2.0,0.0,105.0,0.0,6.0,109.0,0.0,4.0,120.0,1.0,7.0,126.0,1.0,3.0,119.0,0.0,5.0,115.0,4.0,25.0,694.0
인천광역시교육청,인천광역시서부교육지원청,인천광역시 계양구,S040000883,인천화전초등학교,2,공립,N,,8.0,11.0,141.0,9.0,9.0,143.0,8.0,4.0,163.0,4.0,9.0,166.0,4.0,10.0,167.0,4.0,10.0,158.0,37.0,53.0,938.0
인천광역시교육청,인천광역시서부교육지원청,인천광역시 계양구,S040000884,인천효성남초등학교,2,공립,N,,17.0,3.0,92.0,23.0,8.0,73.0,10.0,4.0,96.0,17.0,7.0,101.0,8.0,3.0,103.0,1.0,4.0,106.0,76.0,29.0,571.0
인천광역시교육청,인천광역시서부교육지원청,인천광역시 계양구,S040000885,인천효성동초등학교,2,공립,N,,0.0,2.0,36.0,2.0,2.0,36.0,2.0,1.0,40.0,4.0,0.0,47.0,1.0,1.0,47.0,1.0,0.0,45.0,10.0,6.0,251.0
인천광역시교육청,인천광역시서부교육지원청,인천광역시 계양구,S040000886,인천효성서초등학교,2,공립,N,,4.0,1.0,85.0,6.0,4.0,83.0,4.0,8.0,98.0,6.0,4.0,101.0,1.0,10.0,109.0,2.0,2.0,81.0,23.0,29.0,557.0
인천광역시교육청,인천광역시서부교육지원청,인천광역시 계양구,S040000887,인천효성초등학교,2,공립,N,,4.0,5.0,55.0,5.0,3.0,54.0,4.0,5.0,63.0,4.0,2.0,76.0,2.0,3.0,73.0,2.0,4.0,49.0,21.0,22.0,370.0
인천광역시교육청,인천광역시북부교육지원청,인천광역시 부평구,S040000888,한일초등학교,2,사립,N,,1.0,2.0,56.0,5.0,5.0,57.0,7.0,3.0,48.0,3.0,5.0,36.0,0.0,4.0,33.0,2.0,2.0,39.0,18.0,21.0,269.0
인천광역시교육청,인천광역시동부교육지원청,인천광역시 연수구,S040001041,인천축현초등학교,2,공립,N,,5.0,4.0,58.0,2.0,4.0,57.0,4.0,5.0,60.0,4.0,4.0,75.0,6.0,5.0,58.0,2.0,10.0,79.0,23.0,32.0,387.0
인천광역시교육청,인천광역시서부교육지원청,인천광역시 계양구,S040001385,인천계양초등학교상야분교장,2,공립,N,,0.0,0.0,2.0,0.0,0.0,0.0,0.0,0.0,2.0,0.0,1.0,2.0,0.0,0.0,3.0,0.0,0.0,2.0,0.0,1.0,11.0
인천광역시교육청,인천광역시남부교육지원청,인천광역시 옹진군,S040001386,인천남부초등학교이작분교장,2,공립,N,,0.0,0.0,0.0,1.0,0.0,2.0,0.0,0.0,0.0,1.0,0.0,4.0,0.0,0.0,0.0,0.0,0.0,0.0,2.0,0.0,6.0
인천광역시교육청,인천광역시남부교육지원청,인천광역시 옹진군,S040001466,인천용현남초등학교자월분교장,2,공립,N,,0.0,0.0,0.0,1.0,0.0,4.0,0.0,0.0,0.0,0.0,0.0,1.0,0.0,0.0,0.0,0.0,0.0,3.0,1.0,0.0,8.0
인천광역시교육청,인천광역시남부교육지원청,인천광역시 중구,S040001467,인천용유초등학교무의분교장,2,공립,N,,0.0,0.0,0.0,0.0,0.0,0.0,0.0,0.0,1.0,0.0,0.0,2.0,0.0,0.0,1.0,0.0,0.0,1.0,0.0,0.0,5.0
인천광역시교육청,인천광역시남부교육지원청,인천광역시 중구,S040001545,인천영종초등학교금산분교장,2,공립,N,,0.0,0.0,13.0,0.0,0.0,11.0,0.0,0.0,20.0,0.0,0.0,13.0,0.0,0.0,8.0,0.0,0.0,8.0,0.0,0.0,73.0
인천광역시교육청,인천광역시남부교육지원청,인천광역시 옹진군,S040001633,인천삼목초등학교장봉분교장,2,공립,N,,0.0,0.0,2.0,0.0,0.0,2.0,0.0,0.0,2.0,0.0,1.0,3.0,0.0,0.0,2.0,0.0,0.0,1.0,0.0,1.0,12.0
인천광역시교육청,인천광역시동부교육지원청,인천광역시 연수구,S040001635,인천서면초등학교,2,공립,N,,2.0,2.0,77.0,7.0,6.0,69.0,3.0,9.0,101.0,5.0,4.0,85.0,7.0,4.0,99.0,4.0,5.0,86.0,28.0,30.0,517.0
인천광역시교육청,인천광역시남부교육지원청,인천광역시 옹진군,S040001664,인천공항초등학교신도분교장,2,공립,N,,0.0,0.0,1.0,0.0,0.0,0.0,0.0,0.0,6.0,0.0,0.0,3.0,0.0,0.0,1.0,0.0,0.0,2.0,0.0,0.0,13.0
인천광역시교육청,인천광역시동부교육지원청,인천광역시 남동구,S040001719,인천신월초등학교,2,공립,N,,1.0,7.0,50.0,8.0,11.0,70.0,5.0,6.0,55.0,3.0,3.0,67.0,6.0,8.0,66.0,3.0,1.0,66.0,26.0,36.0,374.0
인천광역시교육청,인천광역시동부교육지원청,인천광역시 남동구,S040001720,인천새말초등학교,2,공립,N,,3.0,5.0,78.0,5.0,1.0,79.0,9.0,7.0,93.0,6.0,4.0,66.0,3.0,6.0,81.0,2.0,4.0,95.0,28.0,27.0,492.0
인천광역시교육청,인천광역시동부교육지원청,인천광역시 남동구,S040001721,인천서창초등학교,2,공립,N,,5.0,7.0,172.0,3.0,10.0,139.0,5.0,18.0,201.0,6.0,11.0,207.0,5.0,18.0,202.0,1.0,5.0,194.0,25.0,69.0,1115.0
인천광역시교육청,인천광역시남부교육지원청,인천광역시 중구,S040001725,인천삼목초등학교,2,공립,N,,10.0,5.0,102.0,15.0,9.0,97.0,13.0,7.0,106.0,9.0,6.0,147.0,13.0,4.0,124.0,2.0,7.0,162.0,62.0,38.0,738.0
인천광역시교육청,인천광역시서부교육지원청,인천광역시 서구,S040001726,인천봉화초등학교,2,공립,N,,2.0,9.0,59.0,9.0,6.0,58.0,4.0,3.0,55.0,4.0,4.0,69.0,4.0,1.0,52.0,1.0,0.0,56.0,24.0,23.0,349.0
인천광역시교육청,인천광역시서부교육지원청,인천광역시 서구,S040001727,인천검암초등학교,2,공립,N,,1.0,6.0,48.0,1.0,4.0,52.0,1.0,11.0,58.0,5.0,5.0,41.0,3.0,7.0,48.0,3.0,2.0,28.0,14.0,35.0,275.0
인천광역시교육청,인천광역시서부교육지원청,인천광역시 서구,S040001728,인천은지초등학교,2,공립,N,,7.0,6.0,88.0,6.0,12.0,84.0,10.0,8.0,110.0,3.0,5.0,98.0,6.0,8.0,98.0,2.0,5.0,100.0,34.0,44.0,578.0
인천광역시교육청,인천광역시북부교육지원청,인천광역시 부평구,S040001729,인천진산초등학교,2,공립,N,,5.0,3.0,49.0,4.0,3.0,42.0,1.0,3.0,46.0,5.0,1.0,64.0,2.0,2.0,71.0,4.0,5.0,71.0,21.0,17.0,343.0
인천광역시교육청,인천광역시북부교육지원청,인천광역시 부평구,S040001730,인천굴포초등학교,2,공립,N,,2.0,3.0,115.0,4.0,7.0,168.0,8.0,9.0,165.0,8.0,4.0,187.0,7.0,4.0,175.0,10.0,3.0,164.0,39.0,30.0,974.0
인천광역시교육청,인천광역시서부교육지원청,인천광역시 서구,S040001732,인천간재울초등학교,2,공립,N,,11.0,8.0,212.0,15.0,17.0,240.0,9.0,13.0,220.0,16.0,20.0,205.0,12.0,13.0,199.0,6.0,16.0,194.0,69.0,87.0,1270.0
인천광역시교육청,인천광역시북부교육지원청,인천광역시 부평구,S040001733,인천후정초등학교,2,공립,N,,1.0,4.0,89.0,3.0,9.0,74.0,3.0,7.0,79.0,8.0,7.0,85.0,2.0,9.0,79.0,1.0,1.0,82.0,18.0,37.0,488.0
인천광역시교육청,인천광역시서부교육지원청,인천광역시 서구,S040001734,인천발산초등학교,2,공립,N,,4.0,10.0,104.0,17.0,17.0,129.0,8.0,15.0,132.0,13.0,7.0,150.0,9.0,12.0,131.0,3.0,3.0,123.0,54.0,64.0,769.0
인천광역시교육청,인천광역시서부교육지원청,인천광역시 계양구,S040001735,인천해서초등학교,2,공립,N,,0.0,5.0,36.0,0.0,3.0,33.0,1.0,4.0,41.0,2.0,7.0,41.0,3.0,3.0,50.0,1.0,6.0,52.0,7.0,28.0,253.0
인천광역시교육청,인천광역시동부교육지원청,인천광역시 연수구,S040001789,인천먼우금초등학교,2,공립,N,,6.0,3.0,127.0,9.0,12.0,131.0,17.0,12.0,129.0,16.0,13.0,139.0,24.0,16.0,169.0,12.0,9.0,158.0,84.0,65.0,853.0
인천광역시교육청,인천광역시서부교육지원청,인천광역시 서구,S040001791,인천경서초등학교,2,공립,N,,7.0,10.0,124.0,5.0,8.0,110.0,6.0,17.0,138.0,4.0,17.0,127.0,5.0,10.0,115.0,2.0,9.0,122.0,29.0,71.0,736.0
인천광역시교육청,인천광역시서부교육지원청,인천광역시 서구,S040001792,인천왕길초등학교,2,공립,N,,6.0,5.0,98.0,7.0,10.0,98.0,11.0,10.0,138.0,9.0,12.0,119.0,3.0,10.0,124.0,8.0,9.0,106.0,44.0,56.0,683.0
인천광역시교육청,인천광역시서부교육지원청,인천광역시 계양구,S040001793,인천귤현초등학교,2,공립,N,,0.0,5.0,142.0,0.0,2.0,112.0,0.0,7.0,135.0,0.0,12.0,126.0,0.0,12.0,144.0,0.0,3.0,84.0,0.0,41.0,743.0
인천광역시교육청,인천광역시서부교육지원청,인천광역시 서구,S040001795,인천원당초등학교,2,공립,N,,8.0,7.0,71.0,8.0,11.0,75.0,17.0,10.0,98.0,9.0,16.0,103.0,4.0,7.0,88.0,4.0,6.0,92.0,50.0,57.0,527.0
인천광역시교육청,인천광역시서부교육지원청,인천광역시 서구,S040001796,인천능내초등학교,2,공립,N,,2.0,9.0,107.0,7.0,10.0,111.0,7.0,13.0,105.0,16.0,14.0,140.0,11.0,9.0,148.0,7.0,2.0,115.0,50.0,57.0,726.0
인천광역시교육청,인천광역시서부교육지원청,인천광역시 서구,S040001797,인천완정초등학교,2,공립,N,,4.0,6.0,93.0,12.0,16.0,105.0,10.0,12.0,94.0,9.0,12.0,114.0,4.0,14.0,123.0,8.0,7.0,115.0,47.0,67.0,644.0
인천광역시교육청,인천광역시서부교육지원청,인천광역시 계양구,S040001800,인천당산초등학교,2,공립,N,,2.0,11.0,172.0,1.0,14.0,171.0,4.0,24.0,232.0,5.0,23.0,224.0,4.0,18.0,201.0,2.0,16.0,202.0,18.0,106.0,1202.0
인천광역시교육청,인천광역시서부교육지원청,인천광역시 서구,S040001803,인천청라초등학교,2,공립,N,,17.0,12.0,229.0,20.0,12.0,210.0,25.0,17.0,242.0,23.0,22.0,257.0,25.0,19.0,263.0,19.0,13.0,234.0,129.0,95.0,1435.0
인천광역시교육청,인천광역시서부교육지원청,인천광역시 계양구,S040001804,인천양촌초등학교,2,공립,N,,5.0,4.0,53.0,3.0,2.0,37.0,2.0,3.0,43.0,0.0,2.0,55.0,3.0,4.0,47.0,0.0,3.0,50.0,13.0,18.0,285.0
인천광역시교육청,인천광역시북부교육지원청,인천광역시 부평구,S040001815,인천영선초등학교,2,공립,N,,1.0,3.0,108.0,6.0,15.0,122.0,5.0,10.0,153.0,11.0,5.0,134.0,7.0,5.0,136.0,6.0,8.0,156.0,36.0,46.0,809.0
인천광역시교육청,인천광역시동부교육지원청,인천광역시 남동구,S040001841,인천동방초등학교,2,공립,N,,3.0,8.0,98.0,3.0,6.0,119.0,1.0,13.0,152.0,5.0,15.0,160.0,5.0,12.0,142.0,2.0,4.0,133.0,19.0,58.0,804.0
인천광역시교육청,인천광역시동부교육지원청,인천광역시 남동구,S040001842,인천장도초등학교,2,공립,N,,3.0,7.0,57.0,4.0,6.0,44.0,2.0,7.0,76.0,6.0,4.0,66.0,4.0,7.0,65.0,2.0,3.0,56.0,21.0,34.0,364.0
인천광역시교육청,인천광역시동부교육지원청,인천광역시 연수구,S040001843,인천신송초등학교,2,공립,N,,7.0,6.0,95.0,6.0,12.0,105.0,15.0,14.0,109.0,11.0,7.0,124.0,13.0,9.0,131.0,13.0,1.0,143.0,65.0,49.0,707.0
인천광역시교육청,인천광역시북부교육지원청,인천광역시 부평구,S040001845,인천금마초등학교,2,공립,N,,6.0,9.0,65.0,4.0,12.0,60.0,4.0,8.0,55.0,4.0,2.0,67.0,3.0,7.0,55.0,0.0,10.0,52.0,21.0,48.0,354.0
인천광역시교육청,인천광역시동부교육지원청,인천광역시 남동구,S040001858,인천은봉초등학교,2,공립,N,,5.0,4.0,81.0,10.0,1.0,70.0,6.0,5.0,90.0,4.0,7.0,90.0,8.0,3.0,84.0,2.0,2.0,96.0,35.0,22.0,511.0
인천광역시교육청,인천광역시동부교육지원청,인천광역시 연수구,S040001859,인천해송초등학교,2,공립,N,,3.0,5.0,99.0,12.0,7.0,130.0,8.0,8.0,147.0,15.0,6.0,138.0,10.0,8.0,158.0,9.0,6.0,163.0,57.0,40.0,835.0
인천광역시교육청,인천광역시동부교육지원청,인천광역시 남동구,S040001870,인천정각초등학교,2,공립,N,,3.0,5.0,193.0,11.0,15.0,219.0,8.0,16.0,232.0,9.0,11.0,211.0,8.0,10.0,210.0,6.0,9.0,263.0,45.0,66.0,1328.0
인천광역시교육청,인천광역시남부교육지원청,인천광역시 미추홀구,S040001951,인천경원초등학교,2,공립,N,,5.0,10.0,202.0,4.0,14.0,225.0,6.0,14.0,201.0,4.0,22.0,234.0,4.0,7.0,211.0,4.0,19.0,188.0,27.0,86.0,1261.0
인천광역시교육청,인천광역시남부교육지원청,인천광역시 미추홀구,S040001953,인천학산초등학교,2,공립,N,,6.0,0.0,138.0,10.0,8.0,138.0,12.0,10.0,179.0,10.0,7.0,160.0,11.0,6.0,185.0,8.0,5.0,163.0,57.0,36.0,963.0
인천광역시교육청,인천광역시동부교육지원청,인천광역시 남동구,S040001954,인천상아초등학교,2,공립,N,,1.0,4.0,147.0,3.0,6.0,141.0,5.0,7.0,158.0,3.0,9.0,130.0,4.0,7.0,180.0,0.0,8.0,124.0,16.0,41.0,880.0
인천광역시교육청,인천광역시동부교육지원청,인천광역시 남동구,S040001958,인천고잔초등학교,2,공립,N,,5.0,3.0,158.0,14.0,8.0,163.0,16.0,11.0,188.0,9.0,9.0,170.0,4.0,6.0,166.0,6.0,11.0,145.0,54.0,48.0,990.0
인천광역시교육청,인천광역시서부교육지원청,인천광역시 서구,S040001959,인천공촌초등학교,2,공립,N,,2.0,7.0,51.0,4.0,9.0,46.0,4.0,4.0,72.0,3.0,7.0,89.0,2.0,5.0,72.0,1.0,2.0,71.0,16.0,34.0,401.0
인천광역시교육청,인천광역시동부교육지원청,인천광역시 남동구,S040001961,인천사리울초등학교,2,공립,N,,1.0,7.0,91.0,4.0,5.0,101.0,7.0,7.0,98.0,7.0,7.0,110.0,9.0,5.0,100.0,8.0,3.0,107.0,36.0,34.0,607.0
인천광역시교육청,인천광역시동부교육지원청,인천광역시 남동구,S040001966,인천송천초등학교,2,공립,N,,2.0,6.0,79.0,5.0,10.0,78.0,8.0,11.0,84.0,4.0,5.0,84.0,4.0,6.0,81.0,0.0,3.0,96.0,23.0,41.0,502.0
인천광역시교육청,인천광역시남부교육지원청,인천광역시 중구,S040001968,인천운남초등학교,2,공립,N,,5.0,4.0,60.0,6.0,11.0,54.0,4.0,7.0,78.0,9.0,10.0,75.0,11.0,4.0,69.0,6.0,3.0,85.0,41.0,39.0,421.0
인천광역시교육청,인천광역시동부교육지원청,인천광역시 남동구,S040001971,인천원동초등학교,2,공립,N,,8.0,5.0,175.0,10.0,14.0,205.0,13.0,21.0,253.0,15.0,20.0,243.0,10.0,14.0,232.0,9.0,16.0,242.0,65.0,90.0,1350.0
인천광역시교육청,인천광역시동부교육지원청,인천광역시 연수구,S040002022,인천신정초등학교,2,공립,N,,12.0,7.0,265.0,27.0,22.0,248.0,21.0,22.0,257.0,31.0,19.0,279.0,22.0,19.0,266.0,17.0,7.0,254.0,130.0,96.0,1569.0
인천광역시교육청,인천광역시서부교육지원청,인천광역시 서구,S040002027,인천초은초등학교,2,공립,N,,11.0,13.0,166.0,16.0,16.0,161.0,14.0,29.0,174.0,24.0,11.0,166.0,18.0,22.0,184.0,10.0,6.0,153.0,93.0,97.0,1004.0
인천광역시교육청,인천광역시서부교육지원청,인천광역시 서구,S040002028,인천가원초등학교,2,공립,N,,9.0,12.0,292.0,8.0,23.0,306.0,20.0,17.0,296.0,11.0,20.0,273.0,4.0,14.0,207.0,5.0,8.0,182.0,57.0,94.0,1556.0
인천광역시교육청,인천광역시서부교육지원청,인천광역시 서구,S040002032,인천해든초등학교,2,공립,N,,97.0,0.0,0.0,114.0,0.0,0.0,84.0,1.0,0.0,93.0,1.0,0.0,69.0,0.0,0.0,40.0,0.0,0.0,497.0,2.0,0.0
인천광역시교육청,인천광역시서부교육지원청,인천광역시 서구,S040002035,인천한별초등학교,2,공립,N,,179.0,1.0,0.0,166.0,1.0,0.0,157.0,1.0,0.0,135.0,1.0,0.0,127.0,0.0,0.0,93.0,0.0,0.0,857.0,4.0,0.0
인천광역시교육청,인천광역시서부교육지원청,인천광역시 서구,S040002037,인천청일초등학교,2,공립,N,,6.0,13.0,160.0,9.0,14.0,178.0,10.0,22.0,174.0,5.0,21.0,189.0,5.0,14.0,163.0,3.0,11.0,150.0,38.0,95.0,1014.0
인천광역시교육청,인천광역시서부교육지원청,인천광역시 서구,S040002040,인천도담초등학교,2,공립,N,,2.0,11.0,101.0,8.0,22.0,126.0,8.0,17.0,144.0,10.0,20.0,140.0,4.0,14.0,110.0,2.0,10.0,110.0,34.0,94.0,731.0
인천광역시교육청,인천광역시동부교육지원청,인천광역시 연수구,S040002041,인천새봄초등학교,2,공립,N,,4.0,3.0,101.0,13.0,2.0,77.0,15.0,3.0,74.0,15.0,4.0,48.0,13.0,3.0,52.0,12.0,7.0,51.0,72.0,22.0,403.0
인천광역시교육청,인천광역시동부교육지원청,인천광역시 남동구,S040002045,인천장서초등학교,2,공립,N,,4.0,8.0,295.0,7.0,15.0,247.0,8.0,13.0,253.0,9.0,14.0,236.0,5.0,6.0,185.0,3.0,2.0,154.0,36.0,58.0,1370.0
인천광역시교육청,인천광역시동부교육지원청,인천광역시 남동구,S040002048,인천장아초등학교,2,공립,N,,3.0,3.0,205.0,7.0,10.0,168.0,7.0,5.0,180.0,11.0,9.0,163.0,5.0,5.0,139.0,8.0,3.0,109.0,41.0,35.0,964.0
인천광역시교육청,인천광역시동부교육지원청,인천광역시 연수구,S040002053,인천연송초등학교,2,공립,N,,8.0,6.0,151.0,17.0,15.0,143.0,11.0,13.0,166.0,14.0,14.0,146.0,9.0,10.0,143.0,9.0,10.0,166.0,68.0,68.0,915.0
인천광역시교육청,인천광역시동부교육지원청,인천광역시 연수구,S040002056,인천예송초등학교,2,공립,N,,5.0,5.0,148.0,13.0,75.0,138.0,12.0,62.0,131.0,19.0,77.0,125.0,10.0,37.0,83.0,11.0,42.0,83.0,70.0,298.0,708.0
인천광역시교육청,인천광역시동부교육지원청,인천광역시 연수구,S040002058,인천송일초등학교,2,공립,N,,12.0,12.0,181.0,16.0,16.0,164.0,11.0,21.0,188.0,7.0,22.0,186.0,14.0,14.0,175.0,20.0,7.0,199.0,80.0,92.0,1093.0
인천광역시교육청,인천광역시동부교육지원청,인천광역시 연수구,S040002063,인천첨단초등학교,2,공립,N,,15.0,12.0,298.0,33.0,23.0,322.0,15.0,26.0,321.0,22.0,34.0,303.0,18.0,26.0,283.0,11.0,17.0,242.0,114.0,138.0,1769.0
인천광역시교육청,인천광역시동부교육지원청,인천광역시 연수구,S040002064,인천송명초등학교,2,공립,N,,10.0,9.0,227.0,19.0,25.0,248.0,15.0,23.0,247.0,8.0,21.0,257.0,13.0,18.0,227.0,11.0,11.0,204.0,76.0,107.0,1410.0
인천광역시교육청,인천광역시동부교육지원청,인천광역시 연수구,S040002065,인천송원초등학교,2,공립,N,,2.0,5.0,145.0,6.0,10.0,148.0,12.0,21.0,196.0,11.0,14.0,155.0,14.0,5.0,179.0,12.0,10.0,179.0,57.0,65.0,1002.0
인천광역시교육청,인천광역시서부교육지원청,인천광역시 서구,S040002067,인천청람초등학교,2,공립,N,,8.0,9.0,199.0,8.0,21.0,241.0,23.0,24.0,258.0,11.0,28.0,263.0,15.0,21.0,233.0,9.0,11.0,185.0,74.0,114.0,1379.0
인천광역시교육청,인천광역시서부교육지원청,인천광역시 서구,S040002068,인천경명초등학교,2,공립,N,,5.0,4.0,156.0,16.0,31.0,206.0,19.0,29.0,199.0,19.0,35.0,217.0,8.0,31.0,211.0,5.0,18.0,210.0,72.0,148.0,1199.0
인천광역시교육청,인천광역시서부교육지원청,인천광역시 서구,S040002070,인천해원초등학교,2,공립,N,,14.0,18.0,315.0,20.0,23.0,325.0,31.0,23.0,352.0,27.0,22.0,345.0,29.0,21.0,352.0,27.0,12.0,319.0,148.0,119.0,2008.0
인천광역시교육청,인천광역시동부교육지원청,인천광역시 연수구,S040002071,인천미송초등학교,2,공립,N,,7.0,9.0,289.0,50.0,99.0,272.0,69.0,137.0,269.0,72.0,85.0,262.0,66.0,88.0,191.0,51.0,52.0,165.0,315.0,470.0,1448.0
인천광역시교육청,인천광역시동부교육지원청,인천광역시 연수구,S040002072,인천은송초등학교,2,공립,N,,12.0,9.0,180.0,40.0,3.0,139.0,33.0,3.0,104.0,38.0,3.0,126.0,32.0,6.0,111.0,14.0,4.0,110.0,169.0,28.0,770.0
인천광역시교육청,인천광역시남부교육지원청,인천광역시 중구,S040002081,인천하늘초등학교,2,공립,N,,11.0,13.0,164.0,13.0,11.0,125.0,17.0,16.0,151.0,24.0,10.0,128.0,15.0,6.0,124.0,11.0,8.0,118.0,91.0,64.0,810.0
인천광역시교육청,인천광역시동부교육지원청,인천광역시 연수구,S040002146,인천현송초등학교,2,공립,N,,1.0,0.0,98.0,73.0,5.0,70.0,76.0,2.0,74.0,81.0,2.0,78.0,48.0,1.0,47.0,52.0,3.0,48.0,331.0,13.0,415.0
인천광역시교육청,인천광역시남부교육지원청,인천광역시 미추홀구,S040002154,인천용학초등학교,2,공립,N,,7.0,8.0,188.0,2.0,10.0,213.0,9.0,10.0,222.0,6.0,18.0,205.0,8.0,9.0,190.0,3.0,5.0,158.0,35.0,60.0,1176.0
인천광역시교육청,인천광역시동부교육지원청,인천광역시 연수구,S040002175,인천명선초등학교,2,공립,N,,12.0,2.0,159.0,17.0,10.0,173.0,24.0,8.0,199.0,24.0,7.0,187.0,16.0,7.0,184.0,22.0,11.0,234.0,115.0,45.0,1136.0
인천광역시교육청,인천광역시동부교육지원청,인천광역시 남동구,S040002176,인천한빛초등학교,2,공립,N,,7.0,9.0,194.0,4.0,14.0,216.0,11.0,14.0,209.0,10.0,18.0,218.0,6.0,10.0,186.0,2.0,10.0,159.0,40.0,75.0,1182.0
인천광역시교육청,인천광역시남부교육지원청,인천광역시 중구,S040002283,인천중산초등학교,2,공립,N,,17.0,16.0,285.0,27.0,29.0,291.0,39.0,24.0,293.0,33.0,15.0,276.0,33.0,24.0,279.0,33.0,10.0,213.0,182.0,118.0,1637.0
인천광역시교육청,인천광역시서부교육지원청,인천광역시 서구,S040002289,인천경연초등학교,2,공립,N,,5.0,4.0,125.0,8.0,7.0,127.0,23.0,9.0,124.0,22.0,6.0,80.0,10.0,2.0,79.0,7.0,4.0,69.0,75.0,32.0,604.0
인천광역시교육청,인천광역시남부교육지원청,인천광역시 중구,S040002295,인천별빛초등학교,2,공립,N,,13.0,11.0,155.0,23.0,11.0,124.0,21.0,7.0,97.0,25.0,3.0,85.0,23.0,7.0,57.0,8.0,0.0,31.0,113.0,39.0,549.0
인천광역시교육청,인천광역시동부교육지원청,인천광역시 연수구,S040002304,인천송담초등학교,2,공립,N,,10.0,9.0,176.0,151.0,10.0,143.0,189.0,4.0,183.0,138.0,3.0,129.0,139.0,3.0,134.0,85.0,1.0,70.0,712.0,30.0,835.0
인천광역시교육청,인천광역시서부교육지원청,인천광역시 서구,S040002308,인천청호초등학교,2,공립,N,,5.0,3.0,85.0,39.0,3.0,32.0,33.0,3.0,31.0,42.0,0.0,39.0,34.0,2.0,31.0,18.0,1.0,14.0,171.0,12.0,232.0
광주광역시교육청,교육부,광주광역시 북구,S000003503,광주교육대학교광주부설초등학교,2,국립,N,,0.0,0.0,96.0,0.0,2.0,95.0,0.0,0.0,95.0,1.0,0.0,97.0,0.0,2.0,96.0,0.0,1.0,98.0,1.0,5.0,577.0
광주광역시교육청,광주광역시동부교육지원청,광주광역시 북구,S050000210,각화초등학교,2,공립,N,,1.0,0.0,102.0,3.0,3.0,72.0,2.0,1.0,90.0,1.0,0.0,82.0,4.0,1.0,72.0,0.0,1.0,65.0,11.0,6.0,483.0
광주광역시교육청,광주광역시동부교육지원청,광주광역시 동구,S050000212,광주계림초등학교,2,공립,N,,12.0,2.0,120.0,25.0,6.0,102.0,24.0,3.0,106.0,14.0,3.0,122.0,9.0,12.0,86.0,6.0,23.0,82.0,90.0,49.0,618.0
광주광역시교육청,광주광역시동부교육지원청,광주광역시 동구,S050000213,광주남초등학교,2,공립,N,,0.0,3.0,94.0,2.0,8.0,65.0,5.0,4.0,101.0,1.0,2.0,81.0,2.0,6.0,92.0,3.0,6.0,83.0,13.0,29.0,516.0
광주광역시교육청,광주광역시동부교육지원청,광주광역시 동구,S050000214,광주동산초등학교,2,공립,N,,1.0,0.0,48.0,1.0,6.0,58.0,7.0,2.0,65.0,6.0,0.0,66.0,8.0,0.0,70.0,29.0,1.0,55.0,52.0,9.0,362.0
광주광역시교육청,광주광역시동부교육지원청,광주광역시 북구,S050000215,광주동운초등학교,2,공립,N,,0.0,3.0,47.0,0.0,3.0,50.0,2.0,2.0,39.0,1.0,3.0,36.0,3.0,5.0,44.0,12.0,3.0,51.0,18.0,19.0,267.0
광주광역시교육청,광주광역시동부교육지원청,광주광역시 북구,S050000216,광주동초등학교,2,공립,N,,0.0,0.0,9.0,0.0,0.0,7.0,1.0,0.0,11.0,0.0,0.0,6.0,3.0,1.0,10.0,0.0,1.0,13.0,4.0,2.0,56.0
광주광역시교육청,광주광역시동부교육지원청,광주광역시 북구,S050000218,광주동초등학교충효분교장,2,공립,N,,0.0,0.0,3.0,0.0,0.0,4.0,0.0,0.0,3.0,0.0,0.0,4.0,0.0,0.0,10.0,0.0,0.0,12.0,0.0,0.0,36.0
광주광역시교육청,광주광역시동부교육지원청,광주광역시 북구,S050000219,광주문화초등학교,2,공립,N,,1.0,2.0,67.0,3.0,7.0,84.0,8.0,19.0,120.0,4.0,5.0,104.0,6.0,14.0,122.0,2.0,6.0,105.0,24.0,53.0,602.0
광주광역시교육청,광주광역시동부교육지원청,광주광역시 동구,S050000221,광주산수초등학교,2,공립,N,,1.0,2.0,35.0,2.0,1.0,32.0,0.0,4.0,35.0,0.0,3.0,33.0,4.0,1.0,29.0,2.0,5.0,33.0,9.0,16.0,197.0
광주광역시교육청,광주광역시동부교육지원청,광주광역시 북구,S050000222,광주서림초등학교,2,공립,N,,8.0,3.0,49.0,8.0,4.0,48.0,13.0,4.0,44.0,5.0,2.0,43.0,8.0,6.0,61.0,5.0,14.0,47.0,47.0,33.0,292.0
광주광역시교육청,광주광역시동부교육지원청,광주광역시 북구,S050000223,광주서산초등학교,2,공립,N,,0.0,0.0,54.0,0.0,0.0,37.0,2.0,2.0,55.0,3.0,0.0,47.0,3.0,2.0,63.0,0.0,0.0,40.0,8.0,4.0,296.0
광주광역시교육청,광주광역시동부교육지원청,광주광역시 동구,S050000224,광주서석초등학교,2,공립,N,,2.0,0.0,22.0,1.0,1.0,26.0,3.0,0.0,15.0,5.0,1.0,21.0,2.0,0.0,32.0,7.0,0.0,22.0,20.0,2.0,138.0
광주광역시교육청,광주광역시동부교육지원청,광주광역시 북구,S050000225,광주수창초등학교,2,공립,N,,0.0,2.0,8.0,0.0,3.0,2.0,4.0,0.0,2.0,5.0,3.0,10.0,2.0,1.0,17.0,0.0,3.0,17.0,11.0,12.0,56.0
광주광역시교육청,광주광역시동부교육지원청,광주광역시 북구,S050000226,광주양산초등학교,2,공립,N,,3.0,7.0,79.0,3.0,6.0,87.0,3.0,9.0,92.0,4.0,11.0,84.0,1.0,11.0,86.0,3.0,9.0,90.0,17.0,53.0,518.0
광주광역시교육청,광주광역시동부교육지원청,광주광역시 북구,S050000227,광주용봉초등학교,2,공립,N,,1.0,1.0,25.0,3.0,0.0,24.0,3.0,2.0,28.0,2.0,1.0,30.0,4.0,0.0,28.0,2.0,1.0,34.0,15.0,5.0,169.0
광주광역시교육청,광주광역시동부교육지원청,광주광역시 동구,S050000228,광주용산초등학교,2,공립,N,,3.0,1.0,45.0,5.0,7.0,45.0,6.0,3.0,31.0,3.0,1.0,26.0,1.0,1.0,28.0,3.0,3.0,22.0,21.0,16.0,197.0
광주광역시교육청,광주광역시동부교육지원청,광주광역시 북구,S050000229,광주우산초등학교,2,공립,N,,1.0,1.0,41.0,1.0,2.0,32.0,3.0,7.0,24.0,1.0,1.0,33.0,1.0,2.0,35.0,1.0,2.0,38.0,8.0,15.0,203.0
광주광역시교육청,광주광역시동부교육지원청,광주광역시 북구,S050000230,광주운암초등학교,2,공립,N,,2.0,4.0,147.0,11.0,4.0,125.0,10.0,10.0,140.0,14.0,6.0,176.0,7.0,6.0,139.0,6.0,3.0,161.0,50.0,33.0,888.0
광주광역시교육청,광주광역시동부교육지원청,광주광역시 동구,S050000231,광주장원초등학교,2,공립,N,,5.0,2.0,37.0,2.0,0.0,24.0,4.0,0.0,36.0,2.0,2.0,34.0,3.0,3.0,30.0,2.0,3.0,28.0,18.0,10.0,189.0
광주광역시교육청,광주광역시동부교육지원청,광주광역시 동구,S050000233,광주중앙초등학교,2,공립,N,,0.0,0.0,7.0,0.0,0.0,6.0,0.0,0.0,8.0,0.0,0.0,5.0,0.0,0.0,4.0,2.0,0.0,2.0,2.0,0.0,32.0
광주광역시교육청,광주광역시동부교육지원청,광주광역시 북구,S050000234,광주중흥초등학교,2,공립,N,,4.0,1.0,83.0,4.0,5.0,55.0,11.0,4.0,57.0,3.0,4.0,46.0,5.0,3.0,41.0,3.0,8.0,40.0,30.0,25.0,322.0
광주광역시교육청,광주광역시동부교육지원청,광주광역시 북구,S050000235,광주지산초등학교,2,공립,N,,1.0,1.0,19.0,2.0,1.0,30.0,2.0,0.0,19.0,3.0,0.0,22.0,0.0,0.0,22.0,0.0,0.0,23.0,8.0,2.0,135.0
광주광역시교육청,광주광역시동부교육지원청,광주광역시 북구,S050000239,광주풍향초등학교,2,공립,N,,2.0,1.0,67.0,1.0,3.0,60.0,3.0,4.0,58.0,5.0,5.0,69.0,2.0,4.0,68.0,6.0,9.0,62.0,19.0,26.0,384.0
광주광역시교육청,광주광역시동부교육지원청,광주광역시 동구,S050000240,광주학운초등학교,2,공립,N,,0.0,3.0,70.0,6.0,5.0,65.0,4.0,6.0,94.0,3.0,6.0,82.0,5.0,2.0,75.0,2.0,2.0,79.0,20.0,24.0,465.0
광주광역시교육청,광주광역시동부교육지원청,광주광역시 북구,S050000241,광주효동초등학교,2,공립,N,,3.0,0.0,49.0,2.0,3.0,54.0,2.0,2.0,52.0,0.0,5.0,52.0,3.0,0.0,52.0,16.0,1.0,35.0,26.0,11.0,294.0
광주광역시교육청,광주광역시동부교육지원청,광주광역시 북구,S050000242,대자초등학교,2,공립,N,,5.0,8.0,141.0,10.0,7.0,144.0,8.0,6.0,169.0,10.0,6.0,148.0,9.0,8.0,158.0,10.0,6.0,142.0,52.0,41.0,902.0
광주광역시교육청,광주광역시동부교육지원청,광주광역시 북구,S050000243,동림초등학교,2,공립,N,,2.0,5.0,132.0,5.0,10.0,131.0,3.0,10.0,138.0,4.0,12.0,132.0,0.0,5.0,126.0,2.0,10.0,153.0,16.0,52.0,812.0
광주광역시교육청,광주광역시동부교육지원청,광주광역시 북구,S050000244,두암초등학교,2,공립,N,,1.0,2.0,53.0,2.0,2.0,56.0,4.0,1.0,68.0,4.0,5.0,74.0,2.0,6.0,70.0,0.0,10.0,75.0,13.0,26.0,396.0
광주광역시교육청,광주광역시동부교육지원청,광주광역시 북구,S050000245,매곡초등학교,2,공립,N,,3.0,2.0,58.0,8.0,8.0,60.0,4.0,7.0,54.0,9.0,7.0,74.0,10.0,12.0,77.0,4.0,25.0,88.0,38.0,61.0,411.0
광주광역시교육청,광주광역시동부교육지원청,광주광역시 북구,S050000246,무등초등학교,2,공립,N,,0.0,3.0,43.0,4.0,4.0,55.0,2.0,4.0,74.0,3.0,3.0,69.0,5.0,5.0,65.0,4.0,6.0,52.0,18.0,25.0,358.0
광주광역시교육청,광주광역시동부교육지원청,광주광역시 북구,S050000247,문산초등학교,2,공립,N,,1.0,1.0,91.0,4.0,0.0,108.0,2.0,1.0,100.0,2.0,0.0,108.0,2.0,3.0,117.0,0.0,0.0,112.0,11.0,5.0,636.0
광주광역시교육청,광주광역시동부교육지원청,광주광역시 북구,S050000248,문정초등학교,2,공립,N,,3.0,2.0,29.0,2.0,4.0,56.0,3.0,4.0,52.0,6.0,5.0,53.0,5.0,4.0,43.0,6.0,2.0,54.0,25.0,21.0,287.0
광주광역시교육청,광주광역시동부교육지원청,광주광역시 북구,S050000249,문흥중앙초등학교,2,공립,N,,1.0,0.0,68.0,2.0,5.0,63.0,7.0,8.0,83.0,1.0,5.0,82.0,3.0,5.0,85.0,8.0,6.0,79.0,22.0,29.0,460.0
광주광역시교육청,광주광역시동부교육지원청,광주광역시 북구,S050000250,문흥초등학교,2,공립,N,,1.0,1.0,32.0,1.0,5.0,42.0,3.0,2.0,40.0,2.0,5.0,48.0,3.0,6.0,44.0,4.0,6.0,51.0,14.0,25.0,257.0
광주광역시교육청,광주광역시서부교육지원청,광주광역시 서구,S050000252,살레시오초등학교,2,사립,N,,1.0,0.0,84.0,2.0,2.0,84.0,4.0,4.0,84.0,2.0,3.0,84.0,0.0,2.0,91.0,0.0,0.0,88.0,9.0,11.0,515.0
광주광역시교육청,광주광역시동부교육지원청,광주광역시 북구,S050000253,삼각초등학교,2,공립,N,,4.0,2.0,96.0,6.0,5.0,83.0,3.0,6.0,142.0,5.0,2.0,128.0,9.0,8.0,148.0,11.0,8.0,114.0,38.0,31.0,711.0
광주광역시교육청,광주광역시동부교육지원청,광주광역시 북구,S050000254,삼정초등학교,2,공립,N,,2.0,1.0,9.0,1.0,0.0,14.0,2.0,1.0,9.0,1.0,0.0,10.0,0.0,2.0,12.0,1.0,0.0,10.0,7.0,4.0,64.0
광주광역시교육청,광주광역시동부교육지원청,광주광역시 북구,S050000255,서일초등학교,2,공립,N,,1.0,1.0,72.0,5.0,4.0,68.0,5.0,1.0,85.0,8.0,1.0,96.0,8.0,4.0,82.0,10.0,4.0,73.0,37.0,15.0,476.0
광주광역시교육청,광주광역시동부교육지원청,광주광역시 북구,S050000256,오정초등학교,2,공립,N,,0.0,2.0,37.0,2.0,5.0,51.0,3.0,2.0,44.0,1.0,7.0,55.0,1.0,2.0,40.0,1.0,2.0,53.0,8.0,20.0,280.0
광주광역시교육청,광주광역시동부교육지원청,광주광역시 북구,S050000257,오치초등학교,2,공립,N,,1.0,2.0,26.0,3.0,3.0,32.0,1.0,2.0,19.0,2.0,3.0,31.0,2.0,1.0,28.0,2.0,3.0,33.0,11.0,14.0,169.0
광주광역시교육청,광주광역시동부교육지원청,광주광역시 북구,S050000258,용두초등학교,2,공립,N,,1.0,7.0,163.0,7.0,13.0,150.0,4.0,8.0,164.0,9.0,15.0,153.0,7.0,14.0,150.0,4.0,1.0,116.0,32.0,58.0,896.0
광주광역시교육청,광주광역시동부교육지원청,광주광역시 북구,S050000260,용주초등학교,2,공립,N,,3.0,4.0,66.0,1.0,2.0,55.0,4.0,8.0,65.0,4.0,4.0,62.0,4.0,4.0,71.0,2.0,4.0,65.0,18.0,26.0,384.0
광주광역시교육청,광주광역시동부교육지원청,광주광역시 동구,S050000262,율곡초등학교,2,공립,N,,3.0,1.0,52.0,4.0,3.0,49.0,3.0,4.0,53.0,3.0,1.0,65.0,3.0,5.0,70.0,1.0,10.0,53.0,17.0,24.0,342.0
광주광역시교육청,광주광역시동부교육지원청,광주광역시 북구,S050000263,일곡초등학교,2,공립,N,,1.0,4.0,79.0,3.0,10.0,109.0,8.0,13.0,108.0,11.0,10.0,114.0,7.0,14.0,96.0,8.0,7.0,126.0,38.0,58.0,632.0
광주광역시교육청,광주광역시동부교육지원청,광주광역시 북구,S050000264,일동초등학교,2,공립,N,,2.0,4.0,79.0,4.0,2.0,58.0,5.0,5.0,90.0,6.0,4.0,87.0,5.0,1.0,92.0,9.0,1.0,93.0,31.0,17.0,499.0
광주광역시교육청,광주광역시동부교육지원청,광주광역시 북구,S050000265,일신초등학교,2,공립,N,,1.0,2.0,73.0,4.0,2.0,73.0,9.0,2.0,78.0,9.0,2.0,82.0,5.0,5.0,91.0,13.0,0.0,114.0,41.0,13.0,511.0
광주광역시교육청,광주광역시동부교육지원청,광주광역시 북구,S050000266,태봉초등학교,2,공립,N,,5.0,7.0,181.0,13.0,16.0,184.0,15.0,13.0,203.0,12.0,14.0,201.0,11.0,11.0,183.0,17.0,5.0,190.0,73.0,66.0,1142.0
광주광역시교육청,광주광역시서부교육지원청,광주광역시 서구,S050000411,광주광천초등학교,2,공립,N,,0.0,0.0,76.0,3.0,1.0,91.0,2.0,2.0,83.0,4.0,2.0,87.0,2.0,4.0,84.0,1.0,0.0,68.0,12.0,9.0,489.0
광주광역시교육청,광주광역시서부교육지원청,광주광역시 서구,S050000412,광주극락초등학교,2,공립,N,,3.0,1.0,32.0,5.0,3.0,24.0,6.0,4.0,33.0,3.0,1.0,33.0,3.0,1.0,29.0,4.0,3.0,35.0,24.0,13.0,186.0
광주광역시교육청,광주광역시서부교육지원청,광주광역시 남구,S050000413,광주농성초등학교,2,공립,N,,3.0,3.0,58.0,1.0,1.0,46.0,3.0,9.0,62.0,4.0,3.0,73.0,3.0,5.0,60.0,1.0,2.0,63.0,15.0,23.0,362.0
광주광역시교육청,광주광역시서부교육지원청,광주광역시 남구,S050000414,광주대성초등학교,2,공립,N,,3.0,3.0,88.0,3.0,9.0,111.0,5.0,13.0,114.0,4.0,9.0,113.0,4.0,8.0,112.0,2.0,22.0,93.0,21.0,64.0,631.0
광주광역시교육청,광주광역시서부교육지원청,광주광역시 남구,S050000415,광주방림초등학교,2,공립,N,,2.0,2.0,103.0,5.0,4.0,83.0,5.0,7.0,104.0,3.0,4.0,91.0,2.0,3.0,107.0,5.0,3.0,78.0,22.0,23.0,566.0
광주광역시교육청,광주광역시서부교육지원청,광주광역시 남구,S050000416,광주백운초등학교,2,공립,N,,1.0,3.0,100.0,5.0,1.0,80.0,11.0,6.0,104.0,5.0,4.0,92.0,8.0,5.0,94.0,3.0,12.0,65.0,33.0,31.0,535.0
광주광역시교육청,광주광역시서부교육지원청,광주광역시 남구,S050000417,광주봉주초등학교,2,공립,N,,2.0,2.0,73.0,2.0,5.0,57.0,1.0,7.0,86.0,1.0,6.0,63.0,0.0,6.0,76.0,0.0,6.0,58.0,6.0,32.0,413.0
광주광역시교육청,광주광역시서부교육지원청,광주광역시 남구,S050000418,광주삼육초등학교,2,사립,N,,0.0,2.0,96.0,7.0,5.0,96.0,5.0,5.0,96.0,4.0,1.0,102.0,6.0,2.0,103.0,5.0,8.0,97.0,27.0,23.0,590.0
광주광역시교육청,광주광역시서부교육지원청,광주광역시 서구,S050000419,광주상무초등학교,2,공립,N,,3.0,0.0,106.0,0.0,8.0,90.0,0.0,7.0,104.0,0.0,3.0,84.0,0.0,1.0,78.0,0.0,13.0,68.0,3.0,32.0,530.0
광주광역시교육청,광주광역시서부교육지원청,광주광역시 서구,S050000420,광주서초등학교,2,공립,N,,0.0,5.0,96.0,6.0,7.0,102.0,2.0,6.0,98.0,6.0,9.0,102.0,5.0,7.0,101.0,5.0,12.0,94.0,24.0,46.0,593.0
광주광역시교육청,광주광역시서부교육지원청,광주광역시 남구,S050000421,광주송원초등학교,2,사립,N,,9.0,4.0,96.0,10.0,9.0,105.0,12.0,13.0,102.0,3.0,10.0,102.0,3.0,3.0,87.0,1.0,1.0,84.0,38.0,40.0,576.0
광주광역시교육청,광주광역시서부교육지원청,광주광역시 서구,S050000422,광주양동초등학교,2,공립,N,,9.0,2.0,10.0,4.0,0.0,15.0,5.0,1.0,13.0,3.0,1.0,9.0,10.0,1.0,14.0,2.0,3.0,12.0,33.0,8.0,73.0
광주광역시교육청,광주광역시서부교육지원청,광주광역시 남구,S050000423,광주월산초등학교,2,공립,N,,0.0,4.0,27.0,2.0,5.0,38.0,3.0,4.0,36.0,2.0,4.0,32.0,5.0,4.0,35.0,1.0,3.0,27.0,13.0,24.0,195.0
광주광역시교육청,광주광역시서부교육지원청,광주광역시 남구,S050000424,광주제석초등학교,2,공립,N,,1.0,4.0,84.0,10.0,3.0,92.0,8.0,7.0,111.0,5.0,6.0,97.0,7.0,5.0,105.0,11.0,1.0,95.0,42.0,26.0,584.0
광주광역시교육청,광주광역시서부교육지원청,광주광역시 남구,S050000425,광주학강초등학교,2,공립,N,,6.0,2.0,106.0,4.0,8.0,85.0,3.0,8.0,113.0,7.0,5.0,124.0,2.0,4.0,101.0,9.0,6.0,94.0,31.0,33.0,623.0
광주광역시교육청,광주광역시서부교육지원청,광주광역시 서구,S050000426,광주화정초등학교,2,공립,N,,2.0,1.0,45.0,5.0,4.0,36.0,12.0,1.0,67.0,10.0,3.0,57.0,3.0,2.0,63.0,4.0,1.0,61.0,36.0,12.0,329.0
광주광역시교육청,광주광역시서부교육지원청,광주광역시 남구,S050000427,광주효덕초등학교,2,공립,N,,5.0,4.0,121.0,13.0,3.0,120.0,17.0,8.0,122.0,12.0,5.0,153.0,10.0,9.0,146.0,47.0,2.0,171.0,104.0,31.0,833.0
광주광역시교육청,광주광역시서부교육지원청,광주광역시 광산구,S050000428,금구초등학교,2,공립,N,,3.0,4.0,81.0,5.0,7.0,59.0,5.0,5.0,84.0,3.0,4.0,91.0,3.0,3.0,96.0,6.0,5.0,96.0,25.0,28.0,507.0
광주광역시교육청,광주광역시서부교육지원청,광주광역시 서구,S050000429,금당초등학교,2,공립,N,,0.0,2.0,39.0,4.0,5.0,36.0,2.0,4.0,37.0,2.0,4.0,56.0,1.0,5.0,45.0,3.0,8.0,53.0,12.0,28.0,266.0
광주광역시교육청,광주광역시서부교육지원청,광주광역시 서구,S050000430,금부초등학교,2,공립,N,,1.0,1.0,63.0,2.0,2.0,78.0,0.0,5.0,79.0,0.0,3.0,77.0,0.0,0.0,80.0,0.0,7.0,71.0,3.0,18.0,448.0
광주광역시교육청,광주광역시서부교육지원청,광주광역시 서구,S050000431,금호초등학교,2,공립,N,,4.0,2.0,29.0,1.0,4.0,46.0,3.0,2.0,35.0,2.0,5.0,43.0,2.0,1.0,33.0,0.0,3.0,37.0,12.0,17.0,223.0
광주광역시교육청,광주광역시서부교육지원청,광주광역시 남구,S050000433,대촌중앙초등학교,2,공립,N,,3.0,2.0,37.0,6.0,1.0,36.0,8.0,5.0,55.0,1.0,3.0,43.0,3.0,4.0,43.0,3.0,1.0,26.0,24.0,16.0,240.0
광주광역시교육청,광주광역시서부교육지원청,광주광역시 광산구,S050000434,동곡초등학교,2,공립,N,,1.0,0.0,8.0,0.0,0.0,19.0,0.0,0.0,7.0,3.0,1.0,11.0,1.0,0.0,12.0,0.0,0.0,8.0,5.0,1.0,65.0
광주광역시교육청,광주광역시서부교육지원청,광주광역시 서구,S050000435,마재초등학교,2,공립,N,,0.0,0.0,49.0,3.0,5.0,48.0,1.0,4.0,81.0,4.0,3.0,53.0,1.0,2.0,71.0,2.0,0.0,79.0,11.0,14.0,381.0
광주광역시교육청,광주광역시서부교육지원청,광주광역시 광산구,S050000436,마지초등학교,2,공립,N,,0.0,2.0,135.0,2.0,5.0,128.0,0.0,4.0,156.0,8.0,0.0,111.0,0.0,12.0,125.0,4.0,1.0,108.0,14.0,24.0,763.0
광주광역시교육청,광주광역시서부교육지원청,광주광역시 남구,S050000437,무학초등학교,2,공립,N,,0.0,2.0,12.0,0.0,0.0,6.0,1.0,1.0,13.0,0.0,2.0,12.0,1.0,1.0,7.0,0.0,1.0,7.0,2.0,7.0,57.0
광주광역시교육청,광주광역시서부교육지원청,광주광역시 광산구,S050000438,미산초등학교,2,공립,N,,2.0,1.0,71.0,3.0,2.0,83.0,4.0,6.0,111.0,3.0,3.0,84.0,4.0,8.0,101.0,4.0,4.0,94.0,20.0,24.0,544.0
광주광역시교육청,광주광역시서부교육지원청,광주광역시 광산구,S050000439,목련초등학교,2,공립,N,,0.0,2.0,19.0,0.0,6.0,32.0,2.0,3.0,34.0,0.0,5.0,39.0,0.0,4.0,42.0,0.0,3.0,38.0,2.0,23.0,204.0
광주광역시교육청,광주광역시서부교육지원청,광주광역시 서구,S050000440,성진초등학교,2,공립,N,,1.0,5.0,55.0,2.0,5.0,86.0,3.0,4.0,70.0,2.0,1.0,66.0,1.0,1.0,73.0,1.0,3.0,60.0,10.0,19.0,410.0
광주광역시교육청,광주광역시서부교육지원청,광주광역시 광산구,S050000443,본량초등학교,2,공립,N,,0.0,1.0,14.0,0.0,0.0,6.0,0.0,2.0,11.0,1.0,1.0,4.0,0.0,1.0,12.0,0.0,1.0,7.0,1.0,6.0,54.0
광주광역시교육청,광주광역시서부교육지원청,광주광역시 남구,S050000445,봉선초등학교,2,공립,N,,2.0,1.0,62.0,0.0,5.0,44.0,5.0,8.0,60.0,4.0,6.0,63.0,5.0,6.0,67.0,1.0,2.0,60.0,17.0,28.0,356.0
광주광역시교육청,광주광역시서부교육지원청,광주광역시 광산구,S050000447,비아초등학교,2,공립,N,,4.0,1.0,52.0,1.0,3.0,54.0,1.0,7.0,70.0,0.0,2.0,52.0,0.0,6.0,64.0,3.0,2.0,56.0,9.0,21.0,348.0
광주광역시교육청,광주광역시서부교육지원청,광주광역시 광산구,S050000448,산월초등학교,2,공립,N,,2.0,2.0,23.0,4.0,4.0,19.0,6.0,3.0,35.0,3.0,4.0,22.0,8.0,3.0,37.0,2.0,1.0,39.0,25.0,17.0,175.0
광주광역시교육청,광주광역시서부교육지원청,광주광역시 광산구,S050000451,삼도초등학교,2,공립,N,,0.0,1.0,7.0,1.0,1.0,12.0,1.0,1.0,9.0,0.0,0.0,9.0,0.0,0.0,9.0,0.0,0.0,4.0,2.0,3.0,50.0
광주광역시교육청,광주광역시서부교육지원청,광주광역시 서구,S050000453,서광초등학교,2,공립,N,,2.0,3.0,75.0,5.0,8.0,80.0,11.0,9.0,74.0,6.0,6.0,67.0,3.0,5.0,68.0,6.0,4.0,74.0,33.0,35.0,438.0
광주광역시교육청,광주광역시서부교육지원청,광주광역시 광산구,S050000454,송우초등학교,2,공립,N,,6.0,6.0,94.0,18.0,3.0,74.0,18.0,10.0,93.0,23.0,4.0,92.0,19.0,4.0,68.0,19.0,4.0,91.0,103.0,31.0,512.0
광주광역시교육청,광주광역시서부교육지원청,광주광역시 광산구,S050000457,송정동초등학교,2,공립,N,,1.0,0.0,73.0,3.0,10.0,72.0,6.0,7.0,66.0,5.0,8.0,82.0,1.0,8.0,89.0,0.0,4.0,78.0,16.0,37.0,460.0
광주광역시교육청,광주광역시서부교육지원청,광주광역시 광산구,S050000460,송정서초등학교,2,공립,N,,4.0,4.0,83.0,1.0,9.0,87.0,4.0,5.0,68.0,3.0,6.0,81.0,3.0,5.0,78.0,0.0,7.0,65.0,15.0,36.0,462.0
광주광역시교육청,광주광역시서부교육지원청,광주광역시 광산구,S050000462,송정중앙초등학교,2,공립,N,,0.0,8.0,55.0,0.0,1.0,54.0,0.0,3.0,74.0,0.0,2.0,57.0,0.0,4.0,64.0,0.0,4.0,70.0,0.0,22.0,374.0
광주광역시교육청,광주광역시서부교육지원청,광주광역시 광산구,S050000464,송정초등학교,2,공립,N,,1.0,6.0,90.0,7.0,4.0,111.0,5.0,7.0,123.0,8.0,13.0,119.0,3.0,11.0,105.0,3.0,5.0,117.0,27.0,46.0,665.0
광주광역시교육청,광주광역시서부교육지원청,광주광역시 서구,S050000465,송학초등학교,2,공립,N,,0.0,1.0,16.0,1.0,0.0,7.0,0.0,1.0,14.0,1.0,0.0,13.0,0.0,0.0,10.0,0.0,1.0,24.0,2.0,3.0,84.0
광주광역시교육청,광주광역시서부교육지원청,광주광역시 서구,S050000467,신암초등학교,2,공립,N,,4.0,1.0,104.0,13.0,12.0,126.0,8.0,14.0,136.0,3.0,8.0,129.0,6.0,7.0,147.0,4.0,6.0,150.0,38.0,48.0,792.0
광주광역시교육청,광주광역시서부교육지원청,광주광역시 광산구,S050000468,어등초등학교,2,공립,N,,1.0,0.0,62.0,2.0,2.0,60.0,0.0,5.0,68.0,0.0,9.0,82.0,0.0,2.0,82.0,0.0,5.0,86.0,3.0,23.0,440.0
광주광역시교육청,광주광역시서부교육지원청,광주광역시 서구,S050000469,염주초등학교,2,공립,N,,2.0,4.0,87.0,3.0,6.0,106.0,4.0,6.0,91.0,3.0,6.0,120.0,3.0,4.0,108.0,5.0,2.0,101.0,20.0,28.0,613.0
광주광역시교육청,광주광역시서부교육지원청,광주광역시 광산구,S050000470,운남초등학교,2,공립,N,,1.0,4.0,103.0,1.0,10.0,116.0,1.0,5.0,106.0,0.0,4.0,126.0,1.0,1.0,99.0,4.0,12.0,128.0,8.0,36.0,678.0
광주광역시교육청,광주광역시서부교육지원청,광주광역시 서구,S050000472,운천초등학교,2,공립,N,,2.0,1.0,97.0,8.0,6.0,130.0,7.0,7.0,126.0,7.0,7.0,114.0,9.0,3.0,107.0,10.0,5.0,122.0,43.0,29.0,696.0
광주광역시교육청,광주광역시서부교육지원청,광주광역시 광산구,S050000474,월계초등학교,2,공립,N,,4.0,4.0,76.0,7.0,4.0,77.0,8.0,7.0,102.0,6.0,4.0,90.0,5.0,4.0,110.0,4.0,8.0,82.0,34.0,31.0,537.0
광주광역시교육청,광주광역시서부교육지원청,광주광역시 광산구,S050000475,월곡초등학교,2,공립,N,,0.0,0.0,140.0,7.0,2.0,113.0,4.0,1.0,138.0,10.0,6.0,132.0,6.0,3.0,119.0,0.0,0.0,117.0,27.0,12.0,759.0
광주광역시교육청,광주광역시서부교육지원청,광주광역시 서구,S050000476,유덕초등학교,2,공립,N,,5.0,9.0,71.0,2.0,4.0,78.0,1.0,6.0,79.0,6.0,6.0,75.0,4.0,4.0,94.0,1.0,4.0,82.0,19.0,33.0,479.0
광주광역시교육청,광주광역시서부교육지원청,광주광역시 남구,S050000477,유안초등학교,2,공립,N,,2.0,3.0,115.0,12.0,5.0,137.0,11.0,3.0,119.0,9.0,7.0,140.0,15.0,8.0,147.0,8.0,6.0,119.0,57.0,32.0,777.0
광주광역시교육청,광주광역시서부교육지원청,광주광역시 서구,S050000478,유촌초등학교,2,공립,N,,1.0,0.0,85.0,2.0,9.0,98.0,5.0,7.0,111.0,6.0,7.0,120.0,7.0,4.0,101.0,6.0,2.0,117.0,27.0,29.0,632.0
광주광역시교육청,광주광역시서부교육지원청,광주광역시 광산구,S050000480,임곡초등학교,2,공립,N,,0.0,1.0,7.0,0.0,1.0,4.0,3.0,1.0,12.0,1.0,0.0,7.0,0.0,0.0,6.0,0.0,1.0,12.0,4.0,4.0,48.0
광주광역시교육청,광주광역시서부교육지원청,광주광역시 남구,S050000482,장산초등학교,2,공립,N,,28.0,3.0,111.0,15.0,4.0,76.0,28.0,6.0,116.0,19.0,4.0,83.0,14.0,9.0,110.0,16.0,19.0,79.0,120.0,45.0,575.0
광주광역시교육청,광주광역시서부교육지원청,광주광역시 광산구,S050000483,정암초등학교,2,공립,N,,4.0,0.0,93.0,5.0,6.0,91.0,14.0,3.0,106.0,5.0,7.0,125.0,5.0,4.0,116.0,3.0,5.0,125.0,36.0,25.0,656.0
광주광역시교육청,광주광역시서부교육지원청,광주광역시 남구,S050000485,조봉초등학교,2,공립,N,,12.0,3.0,136.0,15.0,10.0,131.0,23.0,8.0,157.0,19.0,9.0,158.0,18.0,8.0,168.0,23.0,6.0,178.0,110.0,44.0,928.0
광주광역시교육청,광주광역시서부교육지원청,광주광역시 서구,S050000486,주월초등학교,2,공립,N,,15.0,9.0,219.0,17.0,12.0,205.0,20.0,17.0,233.0,18.0,21.0,254.0,22.0,8.0,225.0,19.0,25.0,228.0,111.0,92.0,1364.0
광주광역시교육청,광주광역시서부교육지원청,광주광역시 광산구,S050000487,진만초등학교,2,공립,N,,0.0,3.0,57.0,1.0,3.0,63.0,1.0,0.0,64.0,5.0,1.0,52.0,3.0,5.0,52.0,1.0,3.0,64.0,11.0,15.0,352.0
광주광역시교육청,광주광역시서부교육지원청,광주광역시 남구,S050000488,진월초등학교,2,공립,N,,3.0,5.0,102.0,8.0,2.0,117.0,16.0,8.0,129.0,9.0,5.0,100.0,13.0,0.0,147.0,37.0,3.0,130.0,86.0,23.0,725.0
광주광역시교육청,광주광역시서부교육지원청,광주광역시 서구,S050000489,치평초등학교,2,공립,N,,3.0,3.0,67.0,5.0,3.0,93.0,4.0,4.0,96.0,2.0,6.0,85.0,5.0,3.0,97.0,8.0,9.0,97.0,27.0,28.0,535.0
광주광역시교육청,광주광역시서부교육지원청,광주광역시 광산구,S050000491,평동초등학교,2,공립,N,,0.0,0.0,9.0,0.0,0.0,14.0,2.0,1.0,10.0,0.0,1.0,10.0,0.0,0.0,11.0,0.0,0.0,16.0,2.0,2.0,70.0
광주광역시교육청,광주광역시서부교육지원청,광주광역시 서구,S050000492,풍암초등학교,2,공립,N,,4.0,4.0,118.0,2.0,10.0,102.0,3.0,9.0,113.0,4.0,9.0,130.0,3.0,5.0,125.0,4.0,8.0,124.0,20.0,45.0,712.0
광주광역시교육청,광주광역시서부교육지원청,광주광역시 광산구,S050000493,풍영초등학교,2,공립,N,,2.0,4.0,115.0,4.0,10.0,108.0,9.0,3.0,138.0,1.0,11.0,104.0,10.0,6.0,113.0,8.0,6.0,133.0,34.0,40.0,711.0
광주광역시교육청,광주광역시서부교육지원청,광주광역시 광산구,S050000498,하남중앙초등학교,2,공립,N,,3.0,2.0,48.0,0.0,8.0,51.0,2.0,5.0,46.0,2.0,4.0,54.0,3.0,6.0,59.0,6.0,3.0,59.0,16.0,28.0,317.0
광주광역시교육청,광주광역시서부교육지원청,광주광역시 광산구,S050000499,하남초등학교,2,공립,N,,2.0,4.0,114.0,12.0,13.0,123.0,9.0,10.0,149.0,11.0,20.0,168.0,6.0,15.0,136.0,6.0,13.0,159.0,46.0,75.0,849.0
광주광역시교육청,광주광역시서부교육지원청,광주광역시 서구,S050000501,화개초등학교,2,공립,N,,2.0,3.0,144.0,4.0,5.0,144.0,7.0,9.0,147.0,9.0,6.0,162.0,8.0,6.0,166.0,4.0,5.0,142.0,34.0,34.0,905.0
광주광역시교육청,광주광역시서부교육지원청,광주광역시 서구,S050000502,화정남초등학교,2,공립,N,,5.0,6.0,99.0,5.0,4.0,99.0,9.0,6.0,99.0,6.0,8.0,95.0,5.0,10.0,107.0,6.0,4.0,87.0,36.0,38.0,586.0
광주광역시교육청,광주광역시서부교육지원청,광주광역시 서구,S050000503,효광초등학교,2,공립,N,,2.0,3.0,64.0,3.0,4.0,43.0,3.0,0.0,52.0,2.0,3.0,48.0,1.0,5.0,42.0,3.0,1.0,47.0,14.0,16.0,296.0
광주광역시교육청,광주광역시서부교육지원청,광주광역시 서구,S050001107,계수초등학교,2,공립,N,,2.0,1.0,57.0,7.0,6.0,43.0,6.0,4.0,56.0,5.0,2.0,52.0,3.0,5.0,65.0,2.0,2.0,51.0,25.0,20.0,324.0
광주광역시교육청,광주광역시서부교육지원청,광주광역시 광산구,S050001114,첨단초등학교,2,공립,N,,2.0,3.0,75.0,7.0,5.0,57.0,3.0,2.0,73.0,10.0,6.0,78.0,5.0,1.0,62.0,3.0,2.0,62.0,30.0,19.0,407.0
광주광역시교육청,광주광역시서부교육지원청,광주광역시 서구,S050001115,운리초등학교,2,공립,N,,2.0,5.0,65.0,8.0,12.0,65.0,9.0,7.0,86.0,4.0,12.0,95.0,6.0,10.0,90.0,15.0,6.0,89.0,44.0,52.0,490.0
광주광역시교육청,광주광역시서부교육지원청,광주광역시 광산구,S050001116,대반초등학교,2,공립,N,,6.0,4.0,67.0,4.0,5.0,70.0,2.0,8.0,99.0,3.0,8.0,82.0,5.0,11.0,107.0,3.0,4.0,93.0,23.0,40.0,518.0
광주광역시교육청,광주광역시서부교육지원청,광주광역시 광산구,S050001124,어룡초등학교,2,공립,N,,9.0,3.0,107.0,8.0,2.0,135.0,15.0,7.0,172.0,7.0,3.0,143.0,12.0,1.0,140.0,15.0,3.0,129.0,66.0,19.0,826.0
광주광역시교육청,광주광역시동부교육지원청,광주광역시 북구,S050001125,문우초등학교,2,공립,N,,0.0,0.0,44.0,1.0,2.0,53.0,0.0,0.0,70.0,0.0,0.0,60.0,0.0,0.0,61.0,1.0,4.0,47.0,2.0,6.0,335.0
광주광역시교육청,광주광역시서부교육지원청,광주광역시 광산구,S050001134,영천초등학교,2,공립,N,,0.0,0.0,54.0,1.0,4.0,54.0,0.0,1.0,50.0,2.0,1.0,54.0,1.0,2.0,59.0,2.0,5.0,57.0,6.0,13.0,328.0
광주광역시교육청,광주광역시서부교육지원청,광주광역시 남구,S050001135,불로초등학교,2,공립,N,,11.0,1.0,151.0,28.0,3.0,158.0,33.0,4.0,146.0,22.0,5.0,145.0,12.0,3.0,153.0,7.0,2.0,139.0,113.0,18.0,892.0
광주광역시교육청,광주광역시서부교육지원청,광주광역시 광산구,S050001144,봉산초등학교,2,공립,N,,4.0,4.0,139.0,7.0,5.0,150.0,8.0,14.0,174.0,7.0,6.0,165.0,11.0,10.0,187.0,7.0,1.0,175.0,44.0,40.0,990.0
광주광역시교육청,광주광역시서부교육지원청,광주광역시 광산구,S050001150,월봉초등학교,2,공립,N,,6.0,6.0,154.0,7.0,9.0,153.0,6.0,6.0,159.0,9.0,4.0,158.0,6.0,4.0,169.0,8.0,6.0,153.0,42.0,35.0,946.0
광주광역시교육청,광주광역시서부교육지원청,광주광역시 광산구,S050001151,선창초등학교,2,공립,N,,0.0,0.0,168.0,0.0,0.0,164.0,0.0,0.0,174.0,0.0,0.0,179.0,0.0,0.0,171.0,0.0,10.0,188.0,0.0,10.0,1044.0
광주광역시교육청,광주광역시서부교육지원청,광주광역시 광산구,S050001152,신창초등학교,2,공립,N,,5.0,8.0,176.0,10.0,17.0,229.0,12.0,14.0,215.0,7.0,10.0,217.0,6.0,11.0,239.0,11.0,6.0,237.0,51.0,66.0,1313.0
광주광역시교육청,광주광역시서부교육지원청,광주광역시 서구,S050001153,만호초등학교,2,공립,N,,6.0,2.0,144.0,9.0,5.0,162.0,7.0,12.0,177.0,9.0,9.0,155.0,4.0,3.0,134.0,9.0,3.0,182.0,44.0,34.0,954.0
광주광역시교육청,광주광역시서부교육지원청,광주광역시 광산구,S050001154,수문초등학교,2,공립,N,,6.0,6.0,138.0,15.0,7.0,140.0,4.0,9.0,147.0,12.0,7.0,154.0,12.0,8.0,156.0,9.0,5.0,156.0,58.0,42.0,891.0
광주광역시교육청,광주광역시동부교육지원청,광주광역시 북구,S050001164,본촌초등학교,2,공립,N,,3.0,14.0,198.0,14.0,18.0,218.0,7.0,12.0,244.0,8.0,13.0,180.0,17.0,18.0,224.0,6.0,12.0,194.0,55.0,87.0,1258.0
광주광역시교육청,광주광역시동부교육지원청,광주광역시 북구,S050001165,연제초등학교,2,공립,N,,11.0,4.0,180.0,8.0,5.0,157.0,14.0,10.0,201.0,5.0,9.0,182.0,9.0,11.0,153.0,10.0,9.0,150.0,57.0,48.0,1023.0
광주광역시교육청,광주광역시동부교육지원청,광주광역시 북구,S050001166,양지초등학교,2,공립,N,,2.0,5.0,117.0,10.0,11.0,106.0,8.0,6.0,137.0,2.0,11.0,114.0,4.0,4.0,106.0,4.0,7.0,113.0,30.0,44.0,693.0
광주광역시교육청,광주광역시서부교육지원청,광주광역시 서구,S050001167,광림초등학교,2,공립,N,,8.0,7.0,81.0,9.0,5.0,108.0,13.0,6.0,127.0,5.0,6.0,117.0,6.0,7.0,130.0,4.0,10.0,118.0,45.0,41.0,681.0
광주광역시교육청,광주광역시서부교육지원청,광주광역시 서구,S050001168,빛고을초등학교,2,공립,N,,4.0,1.0,95.0,6.0,11.0,108.0,6.0,11.0,140.0,7.0,10.0,124.0,4.0,10.0,143.0,5.0,5.0,127.0,32.0,48.0,737.0
광주광역시교육청,광주광역시서부교육지원청,광주광역시 광산구,S050001169,도산초등학교,2,공립,N,,3.0,9.0,38.0,3.0,7.0,35.0,1.0,5.0,44.0,4.0,7.0,42.0,1.0,8.0,55.0,4.0,2.0,35.0,16.0,38.0,249.0
광주광역시교육청,광주광역시동부교육지원청,광주광역시 북구,S050001174,한울초등학교,2,공립,N,,1.0,4.0,94.0,8.0,7.0,99.0,5.0,6.0,94.0,6.0,10.0,107.0,5.0,8.0,88.0,5.0,6.0,93.0,30.0,41.0,575.0
광주광역시교육청,광주광역시동부교육지원청,광주광역시 북구,S050001175,하백초등학교,2,공립,N,,2.0,6.0,146.0,10.0,10.0,138.0,4.0,9.0,153.0,3.0,9.0,129.0,6.0,7.0,149.0,5.0,24.0,129.0,30.0,65.0,844.0
광주광역시교육청,광주광역시서부교육지원청,광주광역시 남구,S050001194,진남초등학교,2,공립,N,,0.0,3.0,91.0,6.0,7.0,72.0,5.0,15.0,108.0,8.0,10.0,86.0,3.0,7.0,114.0,1.0,28.0,118.0,23.0,70.0,589.0
광주광역시교육청,광주광역시서부교육지원청,광주광역시 광산구,S050001229,산정초등학교,2,공립,N,,2.0,6.0,230.0,20.0,18.0,236.0,16.0,14.0,250.0,17.0,25.0,230.0,12.0,25.0,251.0,17.0,12.0,204.0,84.0,100.0,1401.0
광주광역시교육청,광주광역시서부교육지원청,광주광역시 광산구,S050001231,고실초등학교,2,공립,N,,8.0,7.0,164.0,8.0,13.0,187.0,11.0,20.0,226.0,13.0,13.0,203.0,13.0,14.0,252.0,9.0,24.0,225.0,62.0,91.0,1257.0
광주광역시교육청,광주광역시서부교육지원청,광주광역시 광산구,S050001233,장덕초등학교,2,공립,N,,4.0,1.0,139.0,17.0,16.0,158.0,18.0,22.0,180.0,16.0,13.0,160.0,13.0,12.0,204.0,14.0,10.0,180.0,82.0,74.0,1021.0
광주광역시교육청,광주광역시서부교육지원청,광주광역시 광산구,S050001234,수완초등학교,2,공립,N,,3.0,4.0,216.0,22.0,14.0,258.0,30.0,20.0,324.0,20.0,7.0,272.0,22.0,11.0,311.0,35.0,14.0,300.0,132.0,70.0,1681.0
광주광역시교육청,광주광역시서부교육지원청,광주광역시 광산구,S050001235,큰별초등학교,2,공립,N,,5.0,5.0,180.0,13.0,15.0,195.0,12.0,22.0,219.0,7.0,21.0,214.0,8.0,18.0,221.0,10.0,19.0,229.0,55.0,100.0,1258.0
광주광역시교육청,광주광역시서부교육지원청,광주광역시 남구,S050001239,진제초등학교,2,공립,N,,2.0,2.0,80.0,4.0,7.0,77.0,14.0,5.0,111.0,10.0,7.0,130.0,18.0,4.0,121.0,29.0,4.0,122.0,77.0,29.0,641.0
광주광역시교육청,광주광역시서부교육지원청,광주광역시 광산구,S050001246,성덕초등학교,2,공립,N,,6.0,13.0,207.0,11.0,18.0,188.0,13.0,30.0,234.0,13.0,23.0,235.0,14.0,13.0,207.0,14.0,17.0,205.0,71.0,114.0,1276.0
광주광역시교육청,광주광역시서부교육지원청,광주광역시 광산구,S050001276,선운초등학교,2,공립,N,,4.0,6.0,244.0,7.0,14.0,198.0,12.0,25.0,254.0,12.0,14.0,199.0,7.0,19.0,220.0,7.0,8.0,153.0,49.0,86.0,1268.0
광주광역시교육청,광주광역시동부교육지원청,광주광역시 북구,S050001285,신용초등학교,2,공립,N,,2.0,13.0,220.0,11.0,18.0,194.0,8.0,20.0,207.0,12.0,20.0,184.0,5.0,15.0,186.0,4.0,15.0,147.0,42.0,101.0,1138.0
광주광역시교육청,광주광역시동부교육지원청,광주광역시 북구,S050001287,건국초등학교,2,공립,N,,5.0,7.0,215.0,11.0,16.0,201.0,4.0,16.0,201.0,13.0,15.0,223.0,13.0,9.0,195.0,6.0,13.0,186.0,52.0,76.0,1221.0
광주광역시교육청,광주광역시서부교육지원청,광주광역시 남구,S050001288,빛여울초등학교,2,공립,N,,9.0,8.0,183.0,16.0,12.0,175.0,18.0,11.0,142.0,14.0,6.0,130.0,11.0,9.0,119.0,9.0,24.0,109.0,77.0,70.0,858.0
광주광역시교육청,광주광역시서부교육지원청,광주광역시 남구,S050001289,효천초등학교,2,공립,N,,7.0,9.0,211.0,12.0,12.0,208.0,13.0,20.0,199.0,13.0,8.0,195.0,12.0,8.0,153.0,7.0,13.0,136.0,64.0,70.0,1102.0
광주광역시교육청,광주광역시서부교육지원청,광주광역시 광산구,S050001373,은빛초등학교,2,공립,N,,5.0,1.0,125.0,11.0,7.0,126.0,9.0,16.0,153.0,8.0,10.0,148.0,8.0,12.0,144.0,10.0,11.0,120.0,51.0,57.0,816.0
광주광역시교육청,광주광역시서부교육지원청,광주광역시 광산구,S050001416,새별초등학교,2,공립,N,,11.0,3.0,162.0,15.0,13.0,167.0,26.0,16.0,198.0,15.0,14.0,173.0,17.0,11.0,192.0,23.0,10.0,175.0,107.0,67.0,1067.0
광주광역시교육청,광주광역시동부교육지원청,광주광역시 북구,S050001440,광주북초등학교,2,공립,N,,0.0,0.0,7.0,2.0,1.0,12.0,2.0,1.0,12.0,1.0,0.0,16.0,1.0,0.0,16.0,0.0,0.0,23.0,6.0,2.0,86.0
광주광역시교육청,광주광역시동부교육지원청,광주광역시 동구,S050001464,지한초등학교,2,공립,N,,1.0,4.0,94.0,2.0,4.0,73.0,0.0,8.0,63.0,1.0,3.0,50.0,0.0,4.0,40.0,0.0,1.0,22.0,4.0,24.0,342.0
대전광역시교육청,대전광역시동부교육지원청,대전광역시 동구,S060000282,대전가양초등학교,2,공립,N,,3.0,4.0,107.0,8.0,4.0,92.0,5.0,3.0,124.0,4.0,8.0,110.0,2.0,5.0,97.0,2.0,10.0,120.0,24.0,34.0,650.0
대전광역시교육청,대전광역시동부교육지원청,대전광역시 동구,S060000283,대전대동초등학교,2,공립,N,,1.0,2.0,57.0,1.0,2.0,63.0,3.0,7.0,62.0,1.0,4.0,57.0,1.0,4.0,55.0,2.0,1.0,61.0,9.0,20.0,355.0
대전광역시교육청,대전광역시동부교육지원청,대전광역시 동구,S060000284,대전대룡초등학교,2,공립,N,,1.0,5.0,61.0,3.0,9.0,76.0,4.0,8.0,80.0,6.0,6.0,66.0,6.0,3.0,74.0,4.0,1.0,74.0,24.0,32.0,431.0
대전광역시교육청,대전광역시동부교육지원청,대전광역시 중구,S060000285,대전대문초등학교,2,공립,N,,4.0,6.0,47.0,2.0,0.0,39.0,2.0,3.0,59.0,1.0,0.0,51.0,1.0,1.0,47.0,2.0,1.0,40.0,12.0,11.0,283.0
대전광역시교육청,대전광역시동부교육지원청,대전광역시 중구,S060000286,대전대신초등학교,2,공립,N,,2.0,0.0,5.0,0.0,0.0,5.0,2.0,0.0,18.0,0.0,1.0,16.0,2.0,0.0,15.0,0.0,0.0,9.0,6.0,1.0,68.0
대전광역시교육청,대전광역시동부교육지원청,대전광역시 동구,S060000287,대전대암초등학교,2,공립,N,,0.0,2.0,27.0,1.0,5.0,18.0,3.0,3.0,23.0,1.0,5.0,34.0,2.0,0.0,22.0,0.0,3.0,20.0,7.0,18.0,144.0
대전광역시교육청,대전광역시동부교육지원청,대전광역시 대덕구,S060000288,대전대양초등학교,2,공립,N,,1.0,3.0,64.0,2.0,8.0,65.0,3.0,9.0,84.0,4.0,8.0,75.0,2.0,5.0,84.0,2.0,5.0,69.0,14.0,38.0,441.0
대전광역시교육청,대전광역시동부교육지원청,대전광역시 대덕구,S060000289,대전대화초등학교,2,공립,N,,0.0,3.0,32.0,1.0,5.0,28.0,2.0,4.0,42.0,2.0,1.0,38.0,2.0,3.0,38.0,3.0,3.0,43.0,10.0,19.0,221.0
대전광역시교육청,대전광역시동부교육지원청,대전광역시 중구,S060000290,대전대흥초등학교,2,공립,N,,3.0,3.0,89.0,2.0,3.0,88.0,3.0,7.0,104.0,3.0,8.0,98.0,6.0,3.0,115.0,0.0,6.0,83.0,17.0,30.0,577.0
대전광역시교육청,대전광역시동부교육지원청,대전광역시 동구,S060000291,대전동광초등학교,2,공립,N,,1.0,3.0,20.0,3.0,2.0,27.0,1.0,2.0,28.0,3.0,1.0,26.0,3.0,1.0,14.0,0.0,2.0,34.0,11.0,11.0,149.0
대전광역시교육청,대전광역시동부교육지원청,대전광역시 대덕구,S060000292,대전동도초등학교,2,공립,N,,1.0,2.0,19.0,2.0,3.0,26.0,0.0,1.0,25.0,2.0,3.0,27.0,3.0,3.0,20.0,1.0,4.0,28.0,9.0,16.0,145.0
대전광역시교육청,대전광역시동부교육지원청,대전광역시 중구,S060000293,대전동문초등학교,2,공립,N,,0.0,2.0,39.0,3.0,5.0,55.0,3.0,1.0,64.0,4.0,4.0,69.0,2.0,1.0,46.0,1.0,0.0,53.0,13.0,13.0,326.0
대전광역시교육청,대전광역시동부교육지원청,대전광역시 대덕구,S060000294,대전동산초등학교,2,공립,N,,1.0,4.0,46.0,1.0,2.0,61.0,0.0,4.0,47.0,0.0,2.0,53.0,1.0,4.0,50.0,1.0,0.0,55.0,4.0,16.0,312.0
대전광역시교육청,대전광역시동부교육지원청,대전광역시 대덕구,S060000295,대전매봉초등학교,2,공립,N,,1.0,4.0,116.0,1.0,5.0,96.0,4.0,5.0,133.0,4.0,10.0,133.0,6.0,15.0,128.0,1.0,7.0,141.0,17.0,46.0,747.0
대전광역시교육청,대전광역시동부교육지원청,대전광역시 중구,S060000296,대전목동초등학교,2,공립,N,,2.0,2.0,103.0,5.0,5.0,104.0,9.0,2.0,121.0,10.0,9.0,143.0,6.0,5.0,119.0,4.0,3.0,130.0,36.0,26.0,720.0
대전광역시교육청,대전광역시동부교육지원청,대전광역시 대덕구,S060000297,대전목상초등학교,2,공립,N,,1.0,4.0,54.0,2.0,7.0,55.0,2.0,5.0,50.0,1.0,2.0,55.0,0.0,3.0,61.0,3.0,2.0,61.0,9.0,23.0,336.0
대전광역시교육청,대전광역시동부교육지원청,대전광역시 중구,S060000298,대전문성초등학교,2,공립,N,,2.0,1.0,23.0,1.0,1.0,32.0,0.0,3.0,26.0,1.0,1.0,31.0,2.0,3.0,32.0,0.0,4.0,31.0,6.0,13.0,175.0
대전광역시교육청,대전광역시동부교육지원청,대전광역시 중구,S060000299,대전문창초등학교,2,공립,N,,2.0,1.0,24.0,1.0,1.0,22.0,1.0,2.0,36.0,2.0,1.0,27.0,0.0,3.0,34.0,0.0,1.0,40.0,6.0,9.0,183.0
대전광역시교육청,대전광역시동부교육지원청,대전광역시 중구,S060000300,대전문화초등학교,2,공립,N,,2.0,3.0,46.0,2.0,2.0,48.0,2.0,2.0,76.0,4.0,5.0,50.0,10.0,11.0,60.0,5.0,15.0,60.0,25.0,38.0,340.0
대전광역시교육청,대전광역시동부교육지원청,대전광역시 중구,S060000301,대전버드내초등학교,2,공립,N,,4.0,1.0,127.0,5.0,6.0,150.0,8.0,6.0,164.0,4.0,7.0,167.0,5.0,7.0,151.0,0.0,6.0,163.0,26.0,33.0,922.0
대전광역시교육청,대전광역시동부교육지원청,대전광역시 대덕구,S060000302,대전법동초등학교,2,공립,N,,2.0,4.0,61.0,5.0,4.0,57.0,4.0,2.0,64.0,3.0,3.0,59.0,5.0,5.0,72.0,1.0,1.0,69.0,20.0,19.0,382.0
대전광역시교육청,대전광역시동부교육지원청,대전광역시 중구,S060000303,대전보성초등학교,2,공립,N,,1.0,1.0,52.0,1.0,3.0,63.0,1.0,0.0,57.0,1.0,3.0,67.0,1.0,3.0,60.0,1.0,0.0,66.0,6.0,10.0,365.0
대전광역시교육청,대전광역시동부교육지원청,대전광역시 중구,S060000304,대전보운초등학교,2,공립,N,,3.0,1.0,26.0,2.0,3.0,16.0,1.0,1.0,32.0,2.0,1.0,31.0,2.0,2.0,30.0,0.0,3.0,20.0,10.0,11.0,155.0
대전광역시교육청,대전광역시동부교육지원청,대전광역시 중구,S060000305,대전산성초등학교,2,공립,N,,0.0,0.0,88.0,1.0,1.0,91.0,2.0,0.0,112.0,1.0,2.0,110.0,0.0,0.0,120.0,0.0,0.0,104.0,4.0,3.0,625.0
대전광역시교육청,대전광역시동부교육지원청,대전광역시 동구,S060000306,대전삼성초등학교,2,공립,N,,1.0,1.0,30.0,0.0,2.0,22.0,1.0,3.0,30.0,0.0,2.0,26.0,0.0,3.0,27.0,1.0,0.0,28.0,3.0,11.0,163.0
대전광역시교육청,대전광역시동부교육지원청,대전광역시 중구,S060000307,대전석교초등학교,2,공립,N,,3.0,2.0,45.0,4.0,4.0,41.0,1.0,1.0,47.0,1.0,3.0,46.0,1.0,1.0,54.0,3.0,2.0,33.0,13.0,13.0,266.0
대전광역시교육청,대전광역시동부교육지원청,대전광역시 대덕구,S060000308,대전석봉초등학교,2,공립,N,,0.0,6.0,20.0,0.0,0.0,14.0,0.0,0.0,21.0,0.0,0.0,16.0,0.0,0.0,13.0,1.0,0.0,11.0,1.0,6.0,95.0
대전광역시교육청,대전광역시동부교육지원청,대전광역시 중구,S060000309,대전선화초등학교,2,공립,N,,0.0,3.0,35.0,1.0,1.0,42.0,3.0,5.0,36.0,1.0,2.0,29.0,1.0,1.0,37.0,1.0,1.0,27.0,7.0,13.0,206.0
대전광역시교육청,대전광역시동부교육지원청,대전광역시 동구,S060000310,대전성남초등학교,2,공립,N,,2.0,3.0,74.0,2.0,3.0,81.0,6.0,7.0,76.0,2.0,12.0,97.0,0.0,9.0,81.0,1.0,9.0,71.0,13.0,43.0,480.0
대전광역시교육청,대전광역시동부교육지원청,대전광역시 대덕구,S060000311,대전송촌초등학교,2,공립,N,,1.0,1.0,109.0,4.0,3.0,127.0,8.0,6.0,123.0,8.0,6.0,137.0,7.0,7.0,150.0,3.0,4.0,134.0,31.0,27.0,780.0
대전광역시교육청,대전광역시동부교육지원청,대전광역시 중구,S060000312,대전신평초등학교,2,공립,N,,3.0,0.0,75.0,4.0,6.0,79.0,4.0,3.0,82.0,2.0,6.0,72.0,4.0,3.0,70.0,1.0,3.0,75.0,18.0,21.0,453.0
대전광역시교육청,대전광역시동부교육지원청,대전광역시 동구,S060000313,대전신흥초등학교,2,공립,N,,4.0,6.0,208.0,5.0,16.0,164.0,10.0,12.0,200.0,7.0,18.0,167.0,10.0,11.0,166.0,6.0,5.0,140.0,42.0,68.0,1045.0
대전광역시교육청,대전광역시동부교육지원청,대전광역시 대덕구,S060000314,대전양지초등학교,2,공립,N,,0.0,2.0,43.0,3.0,7.0,51.0,1.0,2.0,39.0,1.0,6.0,63.0,0.0,2.0,44.0,2.0,6.0,55.0,7.0,25.0,295.0
대전광역시교육청,대전광역시동부교육지원청,대전광역시 중구,S060000315,대전오류초등학교,2,공립,N,,2.0,4.0,49.0,6.0,4.0,49.0,6.0,5.0,57.0,3.0,4.0,53.0,6.0,3.0,57.0,4.0,3.0,49.0,27.0,23.0,314.0
대전광역시교육청,대전광역시동부교육지원청,대전광역시 중구,S060000316,대전옥계초등학교,2,공립,N,,1.0,4.0,28.0,2.0,3.0,36.0,3.0,1.0,38.0,3.0,2.0,43.0,2.0,3.0,65.0,0.0,2.0,29.0,11.0,15.0,239.0
대전광역시교육청,대전광역시동부교육지원청,대전광역시 동구,S060000317,대전용운초등학교,2,공립,N,,5.0,5.0,92.0,31.0,2.0,77.0,40.0,0.0,81.0,33.0,3.0,81.0,23.0,0.0,58.0,24.0,1.0,60.0,156.0,11.0,449.0
대전광역시교육청,대전광역시동부교육지원청,대전광역시 동구,S060000318,대전용전초등학교,2,공립,N,,3.0,10.0,122.0,6.0,9.0,110.0,8.0,8.0,117.0,8.0,7.0,132.0,6.0,8.0,124.0,6.0,2.0,126.0,37.0,44.0,731.0
대전광역시교육청,대전광역시동부교육지원청,대전광역시 중구,S060000319,대전원평초등학교,2,공립,N,,0.0,4.0,77.0,3.0,2.0,50.0,6.0,6.0,86.0,1.0,4.0,62.0,3.0,7.0,62.0,1.0,2.0,49.0,14.0,25.0,386.0
대전광역시교육청,대전광역시동부교육지원청,대전광역시 중구,S060000320,대전유평초등학교,2,공립,N,,1.0,3.0,50.0,3.0,1.0,63.0,2.0,7.0,61.0,1.0,6.0,70.0,2.0,4.0,58.0,1.0,2.0,71.0,10.0,23.0,373.0
대전광역시교육청,대전광역시동부교육지원청,대전광역시 동구,S060000321,대전자양초등학교,2,공립,N,,2.0,4.0,22.0,2.0,2.0,18.0,1.0,0.0,24.0,1.0,2.0,27.0,2.0,2.0,25.0,3.0,0.0,28.0,11.0,10.0,144.0
대전광역시교육청,대전광역시동부교육지원청,대전광역시 대덕구,S060000322,대전중리초등학교,2,공립,N,,3.0,5.0,86.0,6.0,5.0,83.0,8.0,5.0,76.0,10.0,5.0,78.0,8.0,5.0,76.0,5.0,7.0,85.0,40.0,32.0,484.0
대전광역시교육청,대전광역시동부교육지원청,대전광역시 중구,S060000323,대전중앙초등학교,2,공립,N,,3.0,3.0,53.0,6.0,6.0,50.0,2.0,2.0,71.0,7.0,4.0,83.0,6.0,10.0,87.0,5.0,7.0,91.0,29.0,32.0,435.0
대전광역시교육청,대전광역시동부교육지원청,대전광역시 대덕구,S060000324,대전중원초등학교,2,공립,N,,2.0,3.0,62.0,4.0,3.0,67.0,2.0,3.0,71.0,3.0,4.0,80.0,5.0,3.0,89.0,1.0,4.0,81.0,17.0,20.0,450.0
대전광역시교육청,대전광역시동부교육지원청,대전광역시 중구,S060000325,대전중촌초등학교,2,공립,N,,0.0,1.0,19.0,0.0,1.0,19.0,1.0,3.0,24.0,0.0,1.0,20.0,2.0,2.0,29.0,0.0,1.0,35.0,3.0,9.0,146.0
대전광역시교육청,대전광역시동부교육지원청,대전광역시 동구,S060000326,대전천동초등학교,2,공립,N,,0.0,5.0,150.0,4.0,11.0,127.0,4.0,11.0,170.0,2.0,7.0,171.0,5.0,13.0,178.0,2.0,9.0,162.0,17.0,56.0,958.0
대전광역시교육청,대전광역시동부교육지원청,대전광역시 중구,S060000327,대전태평초등학교,2,공립,N,,2.0,6.0,101.0,3.0,9.0,96.0,3.0,10.0,103.0,5.0,7.0,115.0,3.0,7.0,109.0,1.0,2.0,94.0,17.0,41.0,618.0
대전광역시교육청,대전광역시동부교육지원청,대전광역시 동구,S060000328,대전판암초등학교,2,공립,N,,2.0,1.0,69.0,5.0,4.0,72.0,3.0,7.0,68.0,6.0,3.0,90.0,2.0,4.0,82.0,2.0,3.0,78.0,20.0,22.0,459.0
대전광역시교육청,대전광역시동부교육지원청,대전광역시 동구,S060000329,대전현암초등학교,2,공립,N,,4.0,1.0,40.0,2.0,2.0,31.0,3.0,1.0,24.0,3.0,2.0,33.0,5.0,0.0,44.0,3.0,1.0,34.0,20.0,7.0,206.0
대전광역시교육청,대전광역시동부교육지원청,대전광역시 대덕구,S060000330,대전화정초등학교,2,공립,N,,3.0,1.0,37.0,1.0,3.0,40.0,2.0,3.0,53.0,1.0,3.0,52.0,0.0,5.0,62.0,3.0,3.0,49.0,10.0,18.0,293.0
대전광역시교육청,대전광역시동부교육지원청,대전광역시 동구,S060000331,대전흥룡초등학교,2,공립,N,,1.0,4.0,74.0,3.0,8.0,78.0,2.0,6.0,68.0,7.0,7.0,106.0,6.0,3.0,85.0,3.0,5.0,88.0,22.0,33.0,499.0
대전광역시교육청,대전광역시동부교육지원청,대전광역시 동구,S060000332,동대전초등학교,2,공립,N,,5.0,3.0,99.0,3.0,3.0,82.0,6.0,8.0,106.0,4.0,7.0,99.0,4.0,7.0,132.0,4.0,5.0,116.0,26.0,33.0,634.0
대전광역시교육청,대전광역시동부교육지원청,대전광역시 동구,S060000333,동명초등학교,2,공립,N,,1.0,0.0,7.0,1.0,1.0,6.0,1.0,1.0,4.0,1.0,1.0,10.0,1.0,0.0,8.0,0.0,0.0,5.0,5.0,3.0,40.0
대전광역시교육청,대전광역시동부교육지원청,대전광역시 동구,S060000335,산내초등학교,2,공립,N,,3.0,4.0,87.0,6.0,8.0,109.0,4.0,13.0,124.0,3.0,5.0,119.0,0.0,6.0,132.0,2.0,2.0,132.0,18.0,38.0,703.0
대전광역시교육청,대전광역시동부교육지원청,대전광역시 중구,S060000336,산서초등학교,2,공립,N,,1.0,0.0,15.0,0.0,0.0,8.0,1.0,0.0,9.0,1.0,1.0,9.0,1.0,0.0,15.0,1.0,0.0,13.0,5.0,1.0,69.0
대전광역시교육청,대전광역시동부교육지원청,대전광역시 동구,S060000338,산흥초등학교,2,공립,N,,1.0,0.0,13.0,1.0,1.0,11.0,0.0,1.0,16.0,2.0,2.0,10.0,0.0,1.0,10.0,2.0,0.0,12.0,6.0,5.0,72.0
대전광역시교육청,대전광역시동부교육지원청,대전광역시 대덕구,S060000339,새일초등학교,2,공립,N,,0.0,5.0,43.0,2.0,3.0,40.0,1.0,5.0,51.0,1.0,4.0,67.0,2.0,7.0,57.0,0.0,1.0,66.0,6.0,25.0,324.0
대전광역시교육청,대전광역시동부교육지원청,대전광역시 중구,S060000340,서대전초등학교,2,공립,N,,2.0,2.0,45.0,1.0,3.0,67.0,4.0,1.0,59.0,2.0,3.0,56.0,4.0,1.0,57.0,5.0,1.0,70.0,18.0,11.0,354.0
대전광역시교육청,대전광역시동부교육지원청,대전광역시 중구,S060000341,대전성모초등학교,2,사립,N,,0.0,0.0,120.0,2.0,5.0,120.0,5.0,11.0,116.0,1.0,6.0,107.0,1.0,6.0,107.0,0.0,1.0,106.0,9.0,29.0,676.0
대전광역시교육청,대전광역시동부교육지원청,대전광역시 동구,S060000342,세천초등학교,2,공립,N,,1.0,0.0,5.0,0.0,2.0,8.0,1.0,0.0,6.0,0.0,0.0,6.0,0.0,1.0,9.0,0.0,1.0,6.0,2.0,4.0,40.0
대전광역시교육청,대전광역시동부교육지원청,대전광역시 대덕구,S060000343,신탄진용정초등학교,2,공립,N,,14.0,2.0,38.0,16.0,2.0,49.0,16.0,2.0,57.0,9.0,0.0,57.0,9.0,1.0,57.0,1.0,0.0,40.0,65.0,7.0,298.0
대전광역시교육청,대전광역시동부교육지원청,대전광역시 대덕구,S060000344,신탄진초등학교,2,공립,N,,2.0,2.0,64.0,2.0,8.0,73.0,2.0,1.0,71.0,3.0,4.0,65.0,3.0,6.0,81.0,2.0,4.0,73.0,14.0,25.0,427.0
대전광역시교육청,대전광역시동부교육지원청,대전광역시 대덕구,S060000345,와동초등학교,2,공립,N,,0.0,2.0,31.0,2.0,3.0,29.0,1.0,8.0,45.0,0.0,1.0,35.0,1.0,6.0,41.0,0.0,2.0,52.0,4.0,22.0,233.0
대전광역시교육청,대전광역시동부교육지원청,대전광역시 대덕구,S060000346,장동초등학교,2,공립,N,,0.0,0.0,9.0,0.0,1.0,7.0,0.0,1.0,7.0,0.0,4.0,15.0,0.0,0.0,11.0,0.0,0.0,11.0,0.0,6.0,60.0
대전광역시교육청,대전광역시동부교육지원청,대전광역시 대덕구,S060000347,회덕초등학교,2,공립,N,,0.0,0.0,27.0,2.0,1.0,35.0,0.0,3.0,34.0,1.0,6.0,40.0,0.0,3.0,40.0,0.0,0.0,33.0,3.0,13.0,209.0
대전광역시교육청,대전광역시서부교육지원청,대전광역시 서구,S060000490,가수원초등학교,2,공립,N,,2.0,2.0,57.0,2.0,1.0,86.0,5.0,4.0,100.0,4.0,9.0,98.0,4.0,6.0,80.0,4.0,3.0,88.0,21.0,25.0,509.0
대전광역시교육청,대전광역시서부교육지원청,대전광역시 유성구,S060000491,구즉초등학교,2,공립,N,,0.0,0.0,79.0,0.0,0.0,78.0,0.0,0.0,89.0,0.0,0.0,84.0,0.0,0.0,79.0,0.0,4.0,83.0,0.0,4.0,492.0
대전광역시교육청,대전광역시서부교육지원청,대전광역시 유성구,S060000492,금성초등학교,2,공립,N,,2.0,6.0,76.0,7.0,6.0,82.0,7.0,10.0,106.0,2.0,9.0,85.0,4.0,2.0,123.0,3.0,2.0,87.0,25.0,35.0,559.0
대전광역시교육청,대전광역시서부교육지원청,대전광역시 서구,S060000493,기성초등학교,2,공립,N,,0.0,0.0,8.0,0.0,0.0,8.0,0.0,0.0,5.0,0.0,0.0,9.0,0.0,1.0,8.0,0.0,0.0,11.0,0.0,1.0,49.0
대전광역시교육청,대전광역시서부교육지원청,대전광역시 서구,S060000494,기성초등학교길헌분교장,2,공립,N,,0.0,0.0,2.0,0.0,0.0,1.0,0.0,0.0,0.0,0.0,0.0,4.0,0.0,0.0,1.0,0.0,0.0,6.0,0.0,0.0,14.0
대전광역시교육청,대전광역시서부교육지원청,대전광역시 유성구,S060000497,남선초등학교,2,공립,N,,0.0,0.0,13.0,0.0,0.0,9.0,0.0,1.0,6.0,0.0,0.0,11.0,1.0,0.0,5.0,0.0,0.0,7.0,1.0,1.0,51.0
대전광역시교육청,대전광역시서부교육지원청,대전광역시 유성구,S060000498,대덕초등학교,2,공립,N,,6.0,4.0,113.0,4.0,7.0,91.0,6.0,5.0,103.0,11.0,4.0,103.0,5.0,7.0,92.0,11.0,6.0,101.0,43.0,33.0,603.0
대전광역시교육청,대전광역시서부교육지원청,대전광역시 서구,S060000501,대전가장초등학교,2,공립,N,,2.0,4.0,148.0,5.0,12.0,126.0,9.0,7.0,149.0,8.0,7.0,128.0,4.0,6.0,131.0,2.0,3.0,135.0,30.0,39.0,817.0
대전광역시교육청,대전광역시서부교육지원청,대전광역시 서구,S060000502,대전갈마초등학교,2,공립,N,,2.0,5.0,65.0,1.0,5.0,78.0,7.0,6.0,80.0,3.0,3.0,66.0,4.0,3.0,76.0,4.0,2.0,69.0,21.0,24.0,434.0
대전광역시교육청,대전광역시서부교육지원청,대전광역시 서구,S060000503,대전갑천초등학교,2,공립,N,,2.0,3.0,99.0,3.0,4.0,97.0,6.0,7.0,110.0,3.0,2.0,140.0,5.0,2.0,133.0,1.0,1.0,112.0,20.0,19.0,691.0
대전광역시교육청,대전광역시서부교육지원청,대전광역시 서구,S060000504,대전관저초등학교,2,공립,N,,3.0,4.0,83.0,5.0,6.0,81.0,4.0,6.0,89.0,3.0,2.0,94.0,4.0,4.0,65.0,7.0,2.0,82.0,26.0,24.0,494.0
대전광역시교육청,대전광역시서부교육지원청,대전광역시 서구,S060000505,대전구봉초등학교,2,공립,N,,2.0,9.0,108.0,6.0,11.0,116.0,7.0,13.0,145.0,10.0,11.0,120.0,7.0,3.0,112.0,0.0,4.0,112.0,32.0,51.0,713.0
대전광역시교육청,대전광역시서부교육지원청,대전광역시 서구,S060000506,대전금동초등학교,2,공립,N,,4.0,6.0,136.0,9.0,12.0,123.0,14.0,9.0,130.0,8.0,10.0,113.0,7.0,2.0,88.0,3.0,6.0,113.0,45.0,45.0,703.0
대전광역시교육청,대전광역시서부교육지원청,대전광역시 서구,S060000507,대전내동초등학교,2,공립,N,,5.0,5.0,150.0,8.0,10.0,181.0,9.0,11.0,172.0,7.0,8.0,182.0,2.0,8.0,214.0,2.0,5.0,161.0,33.0,47.0,1060.0
대전광역시교육청,대전광역시서부교육지원청,대전광역시 유성구,S060000508,대전노은초등학교,2,공립,N,,4.0,0.0,179.0,0.0,4.0,176.0,0.0,5.0,191.0,7.0,0.0,206.0,5.0,7.0,168.0,4.0,4.0,176.0,20.0,20.0,1096.0
대전광역시교육청,대전광역시서부교육지원청,대전광역시 서구,S060000509,대전도마초등학교,2,공립,N,,4.0,6.0,97.0,6.0,5.0,114.0,4.0,9.0,105.0,1.0,7.0,106.0,2.0,2.0,114.0,1.0,3.0,110.0,18.0,32.0,646.0
대전광역시교육청,대전광역시서부교육지원청,대전광역시 서구,S060000510,대전둔산초등학교,2,공립,N,,3.0,5.0,104.0,4.0,4.0,97.0,4.0,8.0,121.0,4.0,8.0,91.0,6.0,9.0,102.0,2.0,1.0,75.0,23.0,35.0,590.0
대전광역시교육청,대전광역시서부교육지원청,대전광역시 서구,S060000511,대전둔원초등학교,2,공립,N,,3.0,3.0,109.0,8.0,8.0,135.0,6.0,11.0,163.0,6.0,12.0,135.0,5.0,2.0,140.0,5.0,3.0,136.0,33.0,39.0,818.0
대전광역시교육청,대전광역시서부교육지원청,대전광역시 서구,S060000512,대전둔천초등학교,2,공립,N,,2.0,3.0,51.0,1.0,3.0,37.0,1.0,7.0,51.0,2.0,2.0,44.0,1.0,5.0,46.0,0.0,1.0,30.0,7.0,21.0,259.0
대전광역시교육청,대전광역시서부교육지원청,대전광역시 서구,S060000513,대전만년초등학교,2,공립,N,,3.0,2.0,38.0,2.0,4.0,47.0,0.0,5.0,42.0,1.0,3.0,50.0,1.0,8.0,54.0,2.0,0.0,39.0,9.0,22.0,270.0
대전광역시교육청,대전광역시서부교육지원청,대전광역시 서구,S060000514,대전문정초등학교,2,공립,N,,4.0,3.0,81.0,11.0,5.0,84.0,6.0,7.0,86.0,14.0,3.0,86.0,10.0,4.0,98.0,10.0,4.0,109.0,55.0,26.0,544.0
대전광역시교육청,대전광역시서부교육지원청,대전광역시 서구,S060000515,대전백운초등학교,2,공립,N,,3.0,8.0,115.0,4.0,8.0,101.0,5.0,12.0,102.0,4.0,8.0,103.0,2.0,9.0,112.0,2.0,4.0,90.0,20.0,49.0,623.0
대전광역시교육청,대전광역시서부교육지원청,대전광역시 서구,S060000516,대전변동초등학교,2,공립,N,,2.0,1.0,46.0,0.0,1.0,56.0,0.0,1.0,58.0,1.0,0.0,59.0,1.0,0.0,65.0,1.0,2.0,62.0,5.0,5.0,346.0
대전광역시교육청,대전광역시서부교육지원청,대전광역시 서구,S060000518,대전복수초등학교,2,공립,N,,1.0,2.0,105.0,5.0,7.0,100.0,5.0,7.0,97.0,3.0,11.0,119.0,4.0,3.0,103.0,5.0,5.0,112.0,23.0,35.0,636.0
대전광역시교육청,대전광역시서부교육지원청,대전광역시 서구,S060000519,대전봉산초등학교,2,공립,N,,5.0,1.0,89.0,4.0,5.0,93.0,9.0,3.0,108.0,2.0,9.0,77.0,3.0,7.0,103.0,6.0,4.0,103.0,29.0,29.0,573.0
대전광역시교육청,대전광역시서부교육지원청,대전광역시 서구,S060000520,대전삼육초등학교,2,사립,N,,1.0,1.0,101.0,3.0,9.0,102.0,8.0,12.0,96.0,5.0,7.0,96.0,3.0,4.0,91.0,0.0,3.0,89.0,20.0,36.0,575.0
대전광역시교육청,대전광역시서부교육지원청,대전광역시 서구,S060000521,대전삼천초등학교,2,공립,N,,0.0,0.0,97.0,5.0,1.0,109.0,0.0,4.0,120.0,10.0,0.0,120.0,0.0,23.0,161.0,10.0,0.0,126.0,25.0,28.0,733.0
대전광역시교육청,대전광역시서부교육지원청,대전광역시 유성구,S060000522,대전상지초등학교,2,공립,N,,7.0,2.0,90.0,12.0,5.0,110.0,2.0,10.0,85.0,6.0,4.0,139.0,12.0,5.0,115.0,3.0,7.0,122.0,42.0,33.0,661.0
대전광역시교육청,대전광역시서부교육지원청,대전광역시 서구,S060000523,대전샘머리초등학교,2,공립,N,,7.0,7.0,153.0,11.0,10.0,168.0,4.0,15.0,160.0,4.0,13.0,154.0,5.0,10.0,161.0,1.0,5.0,138.0,32.0,60.0,934.0
대전광역시교육청,대전광역시서부교육지원청,대전광역시 서구,S060000524,대전서부초등학교,2,공립,N,,2.0,4.0,91.0,3.0,5.0,98.0,5.0,7.0,115.0,10.0,4.0,128.0,1.0,4.0,108.0,4.0,3.0,103.0,25.0,27.0,643.0
대전광역시교육청,대전광역시서부교육지원청,대전광역시 서구,S060000525,대전서원초등학교,2,공립,N,,3.0,5.0,88.0,8.0,5.0,97.0,7.0,6.0,114.0,6.0,6.0,113.0,8.0,7.0,129.0,5.0,5.0,146.0,37.0,34.0,687.0
대전광역시교육청,대전광역시서부교육지원청,대전광역시 서구,S060000526,대전선암초등학교,2,공립,N,,0.0,4.0,100.0,5.0,3.0,97.0,3.0,9.0,100.0,2.0,4.0,98.0,5.0,7.0,91.0,1.0,1.0,80.0,16.0,28.0,566.0
대전광역시교육청,대전광역시서부교육지원청,대전광역시 서구,S060000527,대전성룡초등학교,2,공립,N,,3.0,5.0,154.0,8.0,9.0,168.0,7.0,7.0,173.0,12.0,13.0,189.0,5.0,7.0,182.0,1.0,7.0,197.0,36.0,48.0,1063.0
대전광역시교육청,대전광역시서부교육지원청,대전광역시 서구,S060000528,대전성천초등학교,2,공립,N,,1.0,3.0,21.0,0.0,0.0,10.0,2.0,2.0,17.0,2.0,2.0,19.0,2.0,0.0,16.0,1.0,3.0,19.0,8.0,10.0,102.0
대전광역시교육청,대전광역시서부교육지원청,대전광역시 유성구,S060000529,대전송강초등학교,2,공립,N,,2.0,5.0,77.0,1.0,12.0,92.0,4.0,4.0,71.0,3.0,5.0,115.0,3.0,8.0,78.0,3.0,1.0,74.0,16.0,35.0,507.0
대전광역시교육청,대전광역시서부교육지원청,대전광역시 유성구,S060000530,대전자운초등학교,2,공립,N,,30.0,47.0,103.0,36.0,49.0,97.0,30.0,35.0,97.0,11.0,20.0,87.0,19.0,25.0,89.0,8.0,11.0,70.0,134.0,187.0,543.0
대전광역시교육청,대전광역시서부교육지원청,대전광역시 유성구,S060000531,대전어은초등학교,2,공립,N,,2.0,7.0,96.0,4.0,4.0,120.0,3.0,12.0,124.0,3.0,5.0,88.0,1.0,6.0,119.0,4.0,5.0,127.0,17.0,39.0,674.0
대전광역시교육청,대전광역시서부교육지원청,대전광역시 서구,S060000532,대전월평초등학교,2,공립,N,,0.0,2.0,24.0,3.0,4.0,21.0,1.0,1.0,35.0,1.0,5.0,41.0,1.0,5.0,35.0,0.0,0.0,32.0,6.0,17.0,188.0
대전광역시교육청,대전광역시서부교육지원청,대전광역시 서구,S060000533,대전유천초등학교,2,공립,N,,1.0,2.0,59.0,2.0,4.0,64.0,8.0,5.0,51.0,10.0,5.0,67.0,8.0,5.0,68.0,0.0,0.0,77.0,29.0,21.0,386.0
대전광역시교육청,대전광역시서부교육지원청,대전광역시 유성구,S060000534,대전장대초등학교,2,공립,N,,2.0,5.0,83.0,1.0,3.0,71.0,1.0,5.0,65.0,4.0,6.0,59.0,1.0,2.0,56.0,0.0,4.0,48.0,9.0,25.0,382.0
대전광역시교육청,대전광역시서부교육지원청,대전광역시 유성구,S060000535,대전전민초등학교,2,공립,N,,8.0,7.0,181.0,14.0,8.0,198.0,10.0,10.0,196.0,9.0,14.0,226.0,15.0,9.0,186.0,10.0,7.0,192.0,66.0,55.0,1179.0
대전광역시교육청,대전광역시서부교육지원청,대전광역시 서구,S060000536,대전정림초등학교,2,공립,N,,4.0,3.0,95.0,1.0,3.0,108.0,4.0,4.0,106.0,4.0,9.0,137.0,3.0,4.0,114.0,4.0,4.0,104.0,20.0,27.0,664.0
대전광역시교육청,대전광역시서부교육지원청,대전광역시 유성구,S060000537,대전지족초등학교,2,공립,N,,5.0,8.0,93.0,4.0,5.0,84.0,8.0,10.0,88.0,2.0,6.0,116.0,5.0,10.0,104.0,2.0,6.0,98.0,26.0,45.0,583.0
대전광역시교육청,대전광역시서부교육지원청,대전광역시 서구,S060000538,대전탄방초등학교,2,공립,N,,6.0,1.0,123.0,3.0,6.0,120.0,5.0,11.0,136.0,8.0,4.0,150.0,7.0,5.0,149.0,8.0,5.0,134.0,37.0,32.0,812.0
대전광역시교육청,대전광역시서부교육지원청,대전광역시 유성구,S060000539,덕송초등학교,2,공립,N,,4.0,3.0,38.0,7.0,4.0,35.0,2.0,3.0,39.0,2.0,4.0,33.0,2.0,2.0,31.0,3.0,1.0,31.0,20.0,17.0,207.0
대전광역시교육청,대전광역시서부교육지원청,대전광역시 유성구,S060000540,문지초등학교,2,공립,N,,2.0,0.0,69.0,5.0,4.0,86.0,1.0,6.0,88.0,4.0,5.0,91.0,3.0,2.0,83.0,4.0,4.0,80.0,19.0,21.0,497.0
대전광역시교육청,대전광역시서부교육지원청,대전광역시 유성구,S060000541,봉암초등학교,2,공립,N,,1.0,1.0,10.0,0.0,2.0,11.0,1.0,2.0,6.0,0.0,1.0,10.0,2.0,1.0,8.0,0.0,1.0,20.0,4.0,8.0,65.0
대전광역시교육청,대전광역시서부교육지원청,대전광역시 유성구,S060000543,외삼초등학교,2,공립,N,,2.0,9.0,126.0,6.0,5.0,114.0,3.0,10.0,134.0,4.0,9.0,109.0,4.0,6.0,123.0,4.0,6.0,127.0,23.0,45.0,733.0
대전광역시교육청,대전광역시서부교육지원청,대전광역시 유성구,S060000544,유성초등학교,2,공립,N,,4.0,0.0,25.0,1.0,3.0,35.0,3.0,0.0,39.0,1.0,2.0,24.0,0.0,1.0,35.0,3.0,0.0,23.0,12.0,6.0,181.0
대전광역시교육청,대전광역시서부교육지원청,대전광역시 유성구,S060000545,진잠초등학교,2,공립,N,,6.0,4.0,69.0,7.0,11.0,98.0,10.0,3.0,69.0,8.0,8.0,103.0,1.0,7.0,88.0,3.0,2.0,91.0,35.0,35.0,518.0
대전광역시교육청,대전광역시서부교육지원청,대전광역시 유성구,S060000547,학하초등학교,2,공립,N,,1.0,0.0,10.0,1.0,0.0,15.0,3.0,2.0,7.0,1.0,2.0,8.0,0.0,5.0,14.0,0.0,1.0,14.0,6.0,10.0,68.0
대전광역시교육청,대전광역시서부교육지원청,대전광역시 서구,S060000548,한밭초등학교,2,공립,N,,8.0,4.0,224.0,26.0,8.0,242.0,38.0,11.0,320.0,45.0,9.0,312.0,28.0,10.0,343.0,34.0,6.0,337.0,179.0,48.0,1778.0
대전광역시교육청,대전광역시서부교육지원청,대전광역시 유성구,S060000549,흥도초등학교,2,공립,N,,4.0,12.0,167.0,6.0,10.0,156.0,12.0,15.0,161.0,7.0,13.0,167.0,8.0,11.0,153.0,6.0,3.0,138.0,43.0,64.0,942.0
대전광역시교육청,대전광역시서부교육지원청,대전광역시 서구,S060001056,대전수미초등학교,2,공립,N,,0.0,3.0,14.0,4.0,1.0,28.0,0.0,3.0,18.0,4.0,5.0,30.0,2.0,1.0,36.0,3.0,2.0,24.0,13.0,15.0,150.0
대전광역시교육청,대전광역시서부교육지원청,대전광역시 서구,S060001057,대전원앙초등학교,2,공립,N,,2.0,1.0,53.0,3.0,4.0,62.0,4.0,3.0,67.0,4.0,2.0,50.0,4.0,3.0,54.0,1.0,1.0,72.0,18.0,14.0,358.0
대전광역시교육청,대전광역시서부교육지원청,대전광역시 서구,S060001058,대전느리울초등학교,2,공립,N,,3.0,4.0,132.0,4.0,3.0,102.0,10.0,7.0,140.0,6.0,8.0,121.0,5.0,8.0,145.0,1.0,5.0,125.0,29.0,35.0,765.0
대전광역시교육청,대전광역시서부교육지원청,대전광역시 유성구,S060001059,대전두리초등학교,2,공립,N,,0.0,8.0,150.0,4.0,5.0,105.0,3.0,9.0,127.0,2.0,6.0,108.0,7.0,7.0,124.0,2.0,2.0,117.0,18.0,37.0,731.0
대전광역시교육청,대전광역시서부교육지원청,대전광역시 유성구,S060001068,대전대정초등학교,2,공립,N,,1.0,4.0,85.0,4.0,4.0,56.0,3.0,3.0,76.0,1.0,7.0,55.0,5.0,6.0,68.0,0.0,2.0,54.0,14.0,26.0,394.0
대전광역시교육청,대전광역시서부교육지원청,대전광역시 서구,S060001070,대전신계초등학교,2,공립,N,,4.0,4.0,177.0,5.0,9.0,154.0,11.0,7.0,169.0,12.0,5.0,193.0,9.0,4.0,188.0,4.0,2.0,194.0,45.0,31.0,1075.0
대전광역시교육청,대전광역시서부교육지원청,대전광역시 유성구,S060001072,대전하기초등학교,2,공립,N,,3.0,3.0,87.0,2.0,7.0,80.0,6.0,8.0,106.0,6.0,10.0,92.0,2.0,4.0,110.0,4.0,4.0,108.0,23.0,36.0,583.0
대전광역시교육청,대전광역시동부교육지원청,대전광역시 대덕구,S060001081,대전비래초등학교,2,공립,N,,5.0,3.0,55.0,2.0,5.0,57.0,2.0,7.0,65.0,3.0,4.0,80.0,4.0,8.0,69.0,3.0,4.0,89.0,19.0,31.0,415.0
대전광역시교육청,대전광역시동부교육지원청,대전광역시 중구,S060001082,대전목양초등학교,2,공립,N,,4.0,3.0,116.0,5.0,5.0,114.0,2.0,8.0,147.0,3.0,8.0,162.0,3.0,6.0,152.0,1.0,4.0,144.0,18.0,34.0,835.0
대전광역시교육청,대전광역시서부교육지원청,대전광역시 유성구,S060001113,대전동화초등학교,2,공립,N,,2.0,5.0,133.0,7.0,11.0,116.0,8.0,6.0,127.0,14.0,7.0,138.0,7.0,8.0,119.0,4.0,3.0,121.0,42.0,40.0,754.0
대전광역시교육청,대전광역시서부교육지원청,대전광역시 유성구,S060001114,대전반석초등학교,2,공립,N,,4.0,4.0,220.0,6.0,12.0,260.0,10.0,16.0,245.0,8.0,14.0,248.0,10.0,20.0,271.0,2.0,9.0,231.0,40.0,75.0,1475.0
대전광역시교육청,대전광역시서부교육지원청,대전광역시 유성구,S060001115,대전배울초등학교,2,공립,N,,6.0,3.0,123.0,5.0,8.0,86.0,7.0,9.0,131.0,12.0,8.0,119.0,8.0,3.0,120.0,5.0,3.0,122.0,43.0,34.0,701.0
대전광역시교육청,대전광역시동부교육지원청,대전광역시 동구,S060001130,대전가오초등학교,2,공립,N,,6.0,1.0,104.0,11.0,8.0,143.0,12.0,11.0,146.0,12.0,5.0,169.0,6.0,8.0,151.0,5.0,4.0,143.0,52.0,37.0,856.0
대전광역시교육청,대전광역시동부교육지원청,대전광역시 중구,S060001136,대전글꽃초등학교,2,공립,N,,2.0,3.0,157.0,8.0,5.0,183.0,10.0,15.0,172.0,8.0,7.0,187.0,7.0,8.0,178.0,9.0,3.0,199.0,44.0,41.0,1076.0
대전광역시교육청,대전광역시동부교육지원청,대전광역시 동구,S060001138,대전동서초등학교,2,공립,N,,0.0,1.0,37.0,0.0,3.0,62.0,1.0,0.0,42.0,0.0,2.0,39.0,0.0,1.0,59.0,3.0,3.0,53.0,4.0,10.0,292.0
대전광역시교육청,대전광역시동부교육지원청,대전광역시 동구,S060001140,대전은어송초등학교,2,공립,N,,4.0,8.0,154.0,7.0,2.0,152.0,16.0,6.0,169.0,11.0,6.0,155.0,8.0,16.0,181.0,4.0,4.0,148.0,50.0,42.0,959.0
대전광역시교육청,대전광역시서부교육지원청,대전광역시 유성구,S060001142,대전교촌초등학교,2,공립,N,,4.0,6.0,61.0,4.0,3.0,49.0,0.0,4.0,62.0,6.0,3.0,66.0,4.0,2.0,70.0,2.0,1.0,51.0,20.0,19.0,359.0
대전광역시교육청,대전광역시서부교육지원청,대전광역시 유성구,S060001143,대전송림초등학교,2,공립,N,,3.0,0.0,49.0,1.0,3.0,59.0,0.0,2.0,46.0,4.0,2.0,58.0,1.0,2.0,58.0,0.0,4.0,35.0,9.0,13.0,305.0
대전광역시교육청,대전광역시서부교육지원청,대전광역시 유성구,S060001144,대전수정초등학교,2,공립,N,,0.0,2.0,30.0,1.0,3.0,23.0,0.0,1.0,32.0,2.0,3.0,30.0,4.0,5.0,38.0,3.0,1.0,40.0,10.0,15.0,193.0
대전광역시교육청,대전광역시서부교육지원청,대전광역시 유성구,S060001173,대전용산초등학교,2,공립,N,,1.0,1.0,65.0,3.0,1.0,71.0,2.0,6.0,56.0,3.0,7.0,76.0,3.0,3.0,78.0,2.0,2.0,59.0,14.0,20.0,405.0
대전광역시교육청,대전광역시서부교육지원청,대전광역시 유성구,S060001175,대전관평초등학교,2,공립,N,,2.0,2.0,77.0,5.0,3.0,79.0,5.0,4.0,100.0,5.0,5.0,60.0,2.0,4.0,86.0,4.0,3.0,75.0,23.0,21.0,477.0
대전광역시교육청,대전광역시서부교육지원청,대전광역시 유성구,S060001176,대전상대초등학교,2,공립,N,,2.0,1.0,135.0,10.0,6.0,167.0,10.0,9.0,166.0,11.0,6.0,175.0,9.0,9.0,168.0,7.0,2.0,183.0,49.0,33.0,994.0
대전광역시교육청,대전광역시서부교육지원청,대전광역시 유성구,S060001181,대전봉명초등학교,2,공립,N,,3.0,5.0,135.0,7.0,7.0,146.0,12.0,13.0,189.0,13.0,15.0,160.0,3.0,5.0,166.0,3.0,7.0,164.0,41.0,52.0,960.0
대전광역시교육청,대전광역시서부교육지원청,대전광역시 유성구,S060001211,대덕초등학교도룡분교장,2,공립,N,,0.0,0.0,9.0,0.0,0.0,14.0,0.0,1.0,14.0,0.0,1.0,6.0,0.0,0.0,10.0,1.0,0.0,10.0,1.0,2.0,63.0
대전광역시교육청,대전광역시서부교육지원청,대전광역시 유성구,S060001213,대전계산초등학교,2,공립,N,,3.0,3.0,124.0,2.0,5.0,122.0,7.0,7.0,136.0,5.0,8.0,132.0,4.0,2.0,101.0,4.0,6.0,109.0,25.0,31.0,724.0
대전광역시교육청,대전광역시서부교육지원청,대전광역시 유성구,S060001216,대전상원초등학교,2,공립,N,,5.0,3.0,144.0,7.0,7.0,139.0,9.0,13.0,173.0,7.0,11.0,153.0,9.0,7.0,143.0,7.0,10.0,144.0,44.0,51.0,896.0
대전광역시교육청,대전광역시서부교육지원청,대전광역시 유성구,S060001224,대전원신흥초등학교,2,공립,N,,3.0,0.0,70.0,5.0,1.0,52.0,6.0,6.0,58.0,6.0,7.0,70.0,11.0,4.0,46.0,1.0,1.0,59.0,32.0,19.0,355.0
대전광역시교육청,대전광역시서부교육지원청,대전광역시 서구,S060001225,대전도안초등학교,2,공립,N,,11.0,4.0,190.0,6.0,18.0,193.0,9.0,14.0,228.0,12.0,15.0,198.0,13.0,8.0,207.0,4.0,1.0,155.0,55.0,60.0,1171.0
대전광역시교육청,대전광역시서부교육지원청,대전광역시 서구,S060001306,대전도솔초등학교,2,공립,N,,9.0,12.0,232.0,11.0,9.0,239.0,4.0,11.0,232.0,12.0,10.0,219.0,4.0,3.0,202.0,7.0,2.0,201.0,47.0,47.0,1325.0
대전광역시교육청,대전광역시서부교육지원청,대전광역시 유성구,S060001308,대전새미래초등학교,2,공립,N,,4.0,8.0,225.0,4.0,16.0,184.0,5.0,7.0,166.0,3.0,6.0,153.0,2.0,7.0,121.0,3.0,4.0,117.0,21.0,48.0,966.0
대전광역시교육청,대전광역시동부교육지원청,대전광역시 대덕구,S060001312,대전새여울초등학교,2,공립,N,,1.0,3.0,195.0,1.0,3.0,200.0,4.0,2.0,190.0,3.0,0.0,166.0,3.0,0.0,128.0,1.0,1.0,110.0,13.0,9.0,989.0
대전광역시교육청,대전광역시서부교육지원청,대전광역시 유성구,S060001325,대전죽동초등학교,2,공립,N,,0.0,4.0,155.0,0.0,10.0,122.0,0.0,13.0,153.0,0.0,9.0,90.0,0.0,5.0,94.0,0.0,3.0,70.0,0.0,44.0,684.0
대전광역시교육청,대전광역시서부교육지원청,대전광역시 서구,S060001334,대전선유초등학교,2,공립,N,,1.0,8.0,195.0,7.0,10.0,173.0,8.0,11.0,205.0,2.0,12.0,179.0,5.0,5.0,127.0,1.0,3.0,101.0,24.0,49.0,980.0
대전광역시교육청,대전광역시서부교육지원청,대전광역시 유성구,S060001374,대전원신흥초등학교복용분교장,2,공립,N,,0.0,0.0,0.0,0.0,0.0,0.0,0.0,0.0,0.0,0.0,0.0,0.0,0.0,0.0,0.0,0.0,0.0,0.0,0.0,0.0,0.0
대전광역시교육청,대전광역시서부교육지원청,대전광역시 서구,S060001377,대전호수초등학교,2,공립,N,,0.0,0.0,0.0,0.0,0.0,0.0,0.0,0.0,0.0,0.0,0.0,0.0,0.0,0.0,0.0,0.0,0.0,0.0,0.0,0.0,0.0
울산광역시교육청,울산광역시강남교육지원청,울산광역시 남구,S070000152,강남초등학교,2,공립,N,,5.0,4.0,58.0,7.0,5.0,73.0,8.0,4.0,93.0,9.0,5.0,76.0,3.0,3.0,72.0,0.0,3.0,83.0,32.0,24.0,455.0
울산광역시교육청,울산광역시강남교육지원청,울산광역시 남구,S070000153,개운초등학교,2,공립,N,,2.0,1.0,95.0,3.0,6.0,89.0,2.0,2.0,85.0,1.0,9.0,120.0,2.0,9.0,87.0,3.0,2.0,114.0,13.0,29.0,590.0
울산광역시교육청,울산광역시강남교육지원청,울산광역시 남구,S070000155,격동초등학교,2,공립,N,,4.0,1.0,71.0,7.0,2.0,84.0,7.0,3.0,90.0,6.0,4.0,84.0,9.0,7.0,106.0,8.0,4.0,97.0,41.0,21.0,532.0
울산광역시교육청,울산광역시강남교육지원청,울산광역시 울주군,S070000156,구영초등학교,2,공립,N,,4.0,1.0,149.0,4.0,6.0,149.0,4.0,5.0,157.0,10.0,10.0,166.0,7.0,8.0,173.0,10.0,3.0,152.0,39.0,33.0,946.0
울산광역시교육청,울산광역시강남교육지원청,울산광역시 울주군,S070000157,굴화초등학교,2,공립,N,,0.0,1.0,91.0,0.0,4.0,97.0,0.0,0.0,114.0,0.0,7.0,88.0,1.0,1.0,96.0,0.0,5.0,84.0,1.0,18.0,570.0
울산광역시교육청,울산광역시강남교육지원청,울산광역시 울주군,S070000159,상북초등학교소호분교장,2,공립,N,,2.0,0.0,1.0,3.0,0.0,8.0,2.0,0.0,10.0,1.0,0.0,8.0,1.0,1.0,6.0,0.0,0.0,7.0,9.0,1.0,40.0
울산광역시교육청,울산광역시강남교육지원청,울산광역시 남구,S070000164,대현초등학교,2,공립,N,,7.0,3.0,182.0,10.0,9.0,158.0,9.0,8.0,181.0,2.0,7.0,185.0,3.0,8.0,141.0,4.0,6.0,165.0,35.0,41.0,1012.0
울산광역시교육청,울산광역시강남교육지원청,울산광역시 울주군,S070000165,덕신초등학교,2,공립,N,,2.0,2.0,120.0,2.0,3.0,95.0,4.0,7.0,125.0,6.0,7.0,126.0,5.0,11.0,127.0,0.0,6.0,104.0,19.0,36.0,697.0
울산광역시교육청,울산광역시강남교육지원청,울산광역시 남구,S070000167,동백초등학교,2,공립,N,,2.0,3.0,109.0,5.0,6.0,87.0,4.0,4.0,127.0,3.0,1.0,107.0,1.0,3.0,104.0,2.0,5.0,98.0,17.0,22.0,632.0
울산광역시교육청,울산광역시강남교육지원청,울산광역시 남구,S070000168,동평초등학교,2,공립,N,,2.0,1.0,42.0,4.0,3.0,40.0,4.0,1.0,45.0,2.0,3.0,29.0,3.0,2.0,38.0,1.0,3.0,38.0,16.0,13.0,232.0
울산광역시교육청,울산광역시강남교육지원청,울산광역시 울주군,S070000170,두동초등학교,2,공립,N,,3.0,2.0,14.0,1.0,1.0,13.0,1.0,0.0,14.0,3.0,1.0,15.0,1.0,0.0,12.0,1.0,1.0,25.0,10.0,5.0,93.0
울산광역시교육청,울산광역시강남교육지원청,울산광역시 울주군,S070000173,두서초등학교,2,공립,N,,0.0,0.0,7.0,1.0,0.0,6.0,0.0,0.0,1.0,0.0,0.0,6.0,0.0,1.0,5.0,0.0,0.0,6.0,1.0,1.0,31.0
울산광역시교육청,울산광역시강남교육지원청,울산광역시 울주군,S070000178,명산초등학교,2,공립,N,,2.0,0.0,33.0,1.0,1.0,20.0,2.0,0.0,26.0,1.0,0.0,14.0,3.0,0.0,9.0,0.0,0.0,5.0,9.0,1.0,107.0
울산광역시교육청,울산광역시강남교육지원청,울산광역시 울주군,S070000179,무거초등학교,2,공립,N,,2.0,7.0,184.0,7.0,15.0,199.0,5.0,14.0,236.0,4.0,11.0,188.0,4.0,14.0,220.0,4.0,7.0,178.0,26.0,68.0,1205.0
울산광역시교육청,울산광역시강남교육지원청,울산광역시 울주군,S070000181,반곡초등학교,2,공립,N,,2.0,0.0,9.0,1.0,4.0,10.0,1.0,0.0,4.0,1.0,1.0,10.0,1.0,1.0,13.0,0.0,8.0,11.0,6.0,14.0,57.0
울산광역시교육청,울산광역시강남교육지원청,울산광역시 울주군,S070000182,반천초등학교,2,공립,N,,1.0,1.0,19.0,0.0,1.0,27.0,1.0,3.0,17.0,0.0,1.0,21.0,0.0,1.0,27.0,2.0,0.0,16.0,4.0,7.0,127.0
울산광역시교육청,울산광역시강남교육지원청,울산광역시 울주군,S070000183,방기초등학교,2,공립,N,,0.0,0.0,5.0,0.0,0.0,7.0,0.0,1.0,8.0,0.0,1.0,13.0,0.0,1.0,15.0,0.0,1.0,14.0,0.0,4.0,62.0
울산광역시교육청,울산광역시강남교육지원청,울산광역시 남구,S070000184,백합초등학교,2,공립,N,,1.0,1.0,77.0,4.0,9.0,115.0,3.0,7.0,95.0,4.0,5.0,105.0,3.0,4.0,101.0,3.0,8.0,108.0,18.0,34.0,601.0
울산광역시교육청,울산광역시강남교육지원청,울산광역시 울주군,S070000185,범서초등학교,2,공립,N,,4.0,6.0,148.0,8.0,12.0,134.0,10.0,9.0,192.0,10.0,11.0,170.0,4.0,12.0,176.0,6.0,6.0,178.0,42.0,56.0,998.0
울산광역시교육청,울산광역시강남교육지원청,울산광역시 울주군,S070000189,삼동초등학교,2,공립,N,,0.0,2.0,13.0,0.0,3.0,9.0,0.0,3.0,4.0,0.0,3.0,11.0,0.0,0.0,7.0,0.0,0.0,7.0,0.0,11.0,51.0
울산광역시교육청,울산광역시강남교육지원청,울산광역시 남구,S070000191,삼산초등학교,2,공립,N,,2.0,5.0,130.0,1.0,2.0,113.0,3.0,8.0,122.0,2.0,3.0,104.0,3.0,2.0,98.0,1.0,3.0,117.0,12.0,23.0,684.0
울산광역시교육청,울산광역시강남교육지원청,울산광역시 남구,S070000192,삼신초등학교,2,공립,N,,0.0,0.0,153.0,0.0,0.0,154.0,0.0,6.0,182.0,0.0,2.0,172.0,3.0,1.0,177.0,0.0,4.0,174.0,3.0,13.0,1012.0
울산광역시교육청,울산광역시강남교육지원청,울산광역시 울주군,S070000193,삼정초등학교,2,공립,N,,2.0,5.0,54.0,0.0,7.0,57.0,0.0,7.0,65.0,1.0,6.0,68.0,1.0,3.0,57.0,1.0,5.0,62.0,5.0,33.0,363.0
울산광역시교육청,울산광역시강남교육지원청,울산광역시 울주군,S070000194,삼평초등학교,2,공립,N,,0.0,1.0,9.0,1.0,2.0,15.0,0.0,1.0,4.0,0.0,2.0,9.0,1.0,1.0,10.0,0.0,0.0,8.0,2.0,7.0,55.0
울산광역시교육청,울산광역시강남교육지원청,울산광역시 남구,S070000195,삼호초등학교,2,공립,N,,0.0,3.0,40.0,0.0,3.0,45.0,4.0,3.0,46.0,2.0,6.0,44.0,8.0,4.0,56.0,0.0,5.0,52.0,14.0,24.0,283.0
울산광역시교육청,울산광역시강남교육지원청,울산광역시 울주군,S070000196,서생초등학교,2,공립,N,,0.0,2.0,27.0,5.0,1.0,28.0,2.0,3.0,33.0,2.0,2.0,14.0,1.0,3.0,23.0,0.0,1.0,25.0,10.0,12.0,150.0
울산광역시교육청,울산광역시강남교육지원청,울산광역시 남구,S070000198,선암초등학교,2,공립,N,,1.0,2.0,27.0,1.0,2.0,22.0,2.0,4.0,25.0,1.0,7.0,19.0,2.0,0.0,25.0,0.0,0.0,28.0,7.0,15.0,146.0
울산광역시교육청,울산광역시강남교육지원청,울산광역시 울주군,S070000199,성동초등학교,2,공립,N,,1.0,0.0,12.0,0.0,1.0,16.0,0.0,2.0,14.0,2.0,1.0,18.0,1.0,3.0,13.0,0.0,0.0,15.0,4.0,7.0,88.0
울산광역시교육청,울산광역시강남교육지원청,울산광역시 남구,S070000200,수암초등학교,2,공립,N,,3.0,8.0,119.0,5.0,3.0,118.0,1.0,3.0,120.0,6.0,5.0,119.0,3.0,3.0,123.0,2.0,2.0,129.0,20.0,24.0,728.0
울산광역시교육청,울산광역시강남교육지원청,울산광역시 남구,S070000202,신정초등학교,2,공립,N,,2.0,9.0,159.0,11.0,13.0,175.0,12.0,12.0,184.0,6.0,5.0,178.0,8.0,9.0,204.0,4.0,4.0,179.0,43.0,52.0,1079.0
울산광역시교육청,울산광역시강남교육지원청,울산광역시 남구,S070000203,야음초등학교,2,공립,N,,2.0,7.0,54.0,5.0,3.0,33.0,6.0,5.0,51.0,5.0,4.0,40.0,2.0,5.0,37.0,1.0,0.0,51.0,21.0,24.0,266.0
울산광역시교육청,울산광역시강남교육지원청,울산광역시 울주군,S070000204,언양초등학교,2,공립,N,,1.0,3.0,139.0,3.0,0.0,161.0,2.0,7.0,163.0,2.0,2.0,148.0,0.0,7.0,146.0,4.0,0.0,127.0,12.0,19.0,884.0
울산광역시교육청,울산광역시강남교육지원청,울산광역시 남구,S070000205,여천초등학교,2,공립,N,,0.0,1.0,4.0,1.0,3.0,13.0,0.0,2.0,7.0,0.0,1.0,11.0,0.0,1.0,17.0,0.0,0.0,12.0,1.0,8.0,64.0
울산광역시교육청,울산광역시강남교육지원청,울산광역시 남구,S070000206,옥동초등학교,2,공립,N,,2.0,2.0,187.0,8.0,5.0,148.0,15.0,9.0,205.0,14.0,7.0,149.0,23.0,8.0,182.0,14.0,9.0,142.0,76.0,40.0,1013.0
울산광역시교육청,울산광역시강남교육지원청,울산광역시 남구,S070000207,옥산초등학교,2,공립,N,,2.0,0.0,69.0,2.0,2.0,66.0,2.0,2.0,65.0,3.0,1.0,90.0,3.0,5.0,88.0,0.0,1.0,80.0,12.0,11.0,458.0
울산광역시교육청,울산광역시강남교육지원청,울산광역시 남구,S070000208,옥서초등학교,2,공립,N,,4.0,2.0,51.0,1.0,3.0,45.0,6.0,1.0,56.0,4.0,1.0,52.0,5.0,3.0,49.0,5.0,0.0,65.0,25.0,10.0,318.0
울산광역시교육청,울산광역시강남교육지원청,울산광역시 남구,S070000209,옥현초등학교,2,공립,N,,2.0,2.0,53.0,2.0,1.0,36.0,1.0,1.0,69.0,0.0,2.0,50.0,3.0,2.0,48.0,1.0,1.0,35.0,9.0,9.0,291.0
울산광역시교육청,울산광역시강남교육지원청,울산광역시 울주군,S070000210,온남초등학교,2,공립,N,,1.0,10.0,164.0,2.0,3.0,147.0,9.0,11.0,201.0,7.0,2.0,205.0,4.0,10.0,223.0,3.0,3.0,188.0,26.0,39.0,1128.0
울산광역시교육청,울산광역시강남교육지원청,울산광역시 울주군,S070000212,온양초등학교,2,공립,N,,1.0,0.0,80.0,0.0,7.0,81.0,2.0,6.0,104.0,3.0,5.0,87.0,1.0,3.0,88.0,6.0,8.0,99.0,13.0,29.0,539.0
울산광역시교육청,울산광역시강남교육지원청,울산광역시 남구,S070000216,울산남부초등학교,2,공립,N,,1.0,2.0,119.0,1.0,6.0,93.0,3.0,7.0,107.0,2.0,7.0,109.0,1.0,2.0,116.0,0.0,5.0,122.0,8.0,29.0,666.0
울산광역시교육청,울산광역시강남교육지원청,울산광역시 남구,S070000217,울산중앙초등학교,2,공립,N,,1.0,1.0,38.0,5.0,5.0,42.0,5.0,4.0,38.0,2.0,6.0,43.0,2.0,2.0,60.0,4.0,2.0,55.0,19.0,20.0,276.0
울산광역시교육청,울산광역시강남교육지원청,울산광역시 울주군,S070000218,웅촌초등학교,2,공립,N,,4.0,1.0,28.0,4.0,0.0,22.0,1.0,3.0,22.0,0.0,1.0,21.0,2.0,3.0,21.0,1.0,1.0,24.0,12.0,9.0,138.0
울산광역시교육청,울산광역시강남교육지원청,울산광역시 남구,S070000219,월봉초등학교,2,공립,N,,4.0,6.0,150.0,6.0,14.0,158.0,6.0,11.0,151.0,7.0,5.0,137.0,7.0,7.0,139.0,1.0,5.0,115.0,31.0,48.0,850.0
울산광역시교육청,울산광역시강남교육지원청,울산광역시 남구,S070000220,월평초등학교,2,공립,N,,2.0,1.0,19.0,5.0,3.0,22.0,2.0,3.0,29.0,1.0,1.0,31.0,0.0,2.0,24.0,1.0,1.0,28.0,11.0,11.0,153.0
울산광역시교육청,울산광역시강남교육지원청,울산광역시 남구,S070000221,장생포초등학교,2,공립,N,,0.0,1.0,5.0,0.0,1.0,6.0,0.0,0.0,2.0,1.0,0.0,5.0,0.0,0.0,8.0,0.0,0.0,6.0,1.0,2.0,32.0
울산광역시교육청,울산광역시강남교육지원청,울산광역시 울주군,S070000222,중남초등학교,2,공립,N,,1.0,1.0,44.0,1.0,0.0,44.0,2.0,2.0,38.0,0.0,5.0,58.0,5.0,2.0,31.0,0.0,1.0,33.0,9.0,11.0,248.0
울산광역시교육청,울산광역시강남교육지원청,울산광역시 울주군,S070000223,척과초등학교,2,공립,N,,0.0,0.0,7.0,0.0,0.0,8.0,0.0,1.0,10.0,0.0,0.0,7.0,0.0,0.0,2.0,0.0,0.0,11.0,0.0,1.0,45.0
울산광역시교육청,울산광역시강남교육지원청,울산광역시 울주군,S070000225,청량초등학교,2,공립,N,,1.0,1.0,61.0,2.0,0.0,75.0,0.0,3.0,61.0,1.0,0.0,59.0,1.0,0.0,64.0,4.0,0.0,56.0,9.0,4.0,376.0
울산광역시교육청,울산광역시강남교육지원청,울산광역시 울주군,S070000226,문수초등학교,2,공립,N,,1.0,0.0,36.0,0.0,1.0,29.0,0.0,3.0,34.0,0.0,2.0,31.0,0.0,1.0,28.0,0.0,0.0,15.0,1.0,7.0,173.0
울산광역시교육청,울산광역시강북교육지원청,울산광역시 북구,S070000355,강동초등학교,2,공립,N,,1.0,8.0,275.0,2.0,8.0,270.0,0.0,8.0,284.0,0.0,1.0,230.0,0.0,5.0,234.0,0.0,2.0,186.0,3.0,32.0,1479.0
울산광역시교육청,울산광역시강북교육지원청,울산광역시 동구,S070000358,남목초등학교,2,공립,N,,4.0,2.0,98.0,5.0,6.0,96.0,2.0,8.0,119.0,3.0,4.0,125.0,0.0,1.0,109.0,1.0,0.0,125.0,15.0,21.0,672.0
울산광역시교육청,울산광역시강북교육지원청,울산광역시 중구,S070000359,내황초등학교,2,공립,N,,1.0,3.0,120.0,1.0,9.0,106.0,1.0,5.0,118.0,2.0,7.0,104.0,1.0,5.0,92.0,1.0,5.0,103.0,7.0,34.0,643.0
울산광역시교육청,울산광역시강북교육지원청,울산광역시 동구,S070000360,녹수초등학교,2,공립,N,,0.0,5.0,120.0,2.0,6.0,100.0,3.0,5.0,115.0,0.0,3.0,105.0,1.0,3.0,101.0,0.0,1.0,88.0,6.0,23.0,629.0
울산광역시교육청,울산광역시강북교육지원청,울산광역시 북구,S070000361,농서초등학교,2,공립,N,,0.0,0.0,141.0,11.0,4.0,152.0,4.0,2.0,163.0,7.0,6.0,173.0,7.0,5.0,198.0,5.0,5.0,201.0,34.0,22.0,1028.0
울산광역시교육청,울산광역시강북교육지원청,울산광역시 북구,S070000363,농소초등학교,2,공립,N,,2.0,2.0,51.0,2.0,6.0,58.0,4.0,6.0,64.0,1.0,3.0,58.0,1.0,3.0,36.0,2.0,2.0,40.0,12.0,22.0,307.0
울산광역시교육청,울산광역시강북교육지원청,울산광역시 중구,S070000364,다운초등학교,2,공립,N,,0.0,1.0,43.0,1.0,0.0,37.0,2.0,0.0,48.0,3.0,0.0,51.0,0.0,0.0,62.0,2.0,0.0,52.0,8.0,1.0,293.0
울산광역시교육청,울산광역시강북교육지원청,울산광역시 동구,S070000365,동부초등학교,2,공립,N,,2.0,3.0,132.0,3.0,3.0,140.0,2.0,6.0,152.0,2.0,3.0,132.0,2.0,5.0,130.0,0.0,2.0,110.0,11.0,22.0,796.0
울산광역시교육청,울산광역시강북교육지원청,울산광역시 북구,S070000366,동천초등학교,2,공립,N,,3.0,4.0,77.0,3.0,7.0,90.0,5.0,5.0,97.0,4.0,8.0,119.0,5.0,4.0,105.0,4.0,4.0,114.0,24.0,32.0,602.0
울산광역시교육청,울산광역시강북교육지원청,울산광역시 동구,S070000368,명덕초등학교,2,공립,N,,2.0,1.0,96.0,5.0,4.0,95.0,4.0,4.0,107.0,5.0,4.0,103.0,5.0,3.0,90.0,2.0,4.0,105.0,23.0,20.0,596.0
울산광역시교육청,울산광역시강북교육지원청,울산광역시 중구,S070000369,명정초등학교,2,공립,N,,2.0,4.0,102.0,2.0,9.0,122.0,3.0,3.0,118.0,3.0,10.0,123.0,0.0,5.0,125.0,0.0,1.0,129.0,10.0,32.0,719.0
울산광역시교육청,울산광역시강북교육지원청,울산광역시 동구,S070000370,미포초등학교,2,공립,N,,6.0,4.0,169.0,7.0,7.0,128.0,5.0,5.0,150.0,5.0,4.0,136.0,3.0,3.0,129.0,2.0,4.0,112.0,28.0,27.0,824.0
울산광역시교육청,울산광역시강북교육지원청,울산광역시 동구,S070000371,방어진초등학교,2,공립,N,,2.0,0.0,113.0,5.0,1.0,101.0,1.0,0.0,132.0,3.0,2.0,130.0,4.0,0.0,138.0,0.0,3.0,123.0,15.0,6.0,737.0
울산광역시교육청,울산광역시강북교육지원청,울산광역시 중구,S070000372,병영초등학교,2,공립,N,,0.0,3.0,47.0,2.0,2.0,60.0,0.0,5.0,62.0,1.0,4.0,72.0,2.0,2.0,60.0,1.0,4.0,61.0,6.0,20.0,362.0
울산광역시교육청,울산광역시강북교육지원청,울산광역시 중구,S070000373,복산초등학교,2,공립,N,,1.0,4.0,18.0,0.0,1.0,9.0,0.0,3.0,10.0,1.0,0.0,12.0,0.0,1.0,9.0,0.0,0.0,6.0,2.0,9.0,64.0
울산광역시교육청,울산광역시강북교육지원청,울산광역시 중구,S070000374,삼일초등학교,2,공립,N,,3.0,1.0,75.0,5.0,5.0,63.0,1.0,4.0,76.0,2.0,1.0,53.0,3.0,4.0,82.0,3.0,4.0,66.0,17.0,19.0,415.0
울산광역시교육청,울산광역시강북교육지원청,울산광역시 동구,S070000375,상진초등학교,2,공립,N,,0.0,2.0,58.0,4.0,3.0,56.0,2.0,8.0,64.0,7.0,4.0,74.0,2.0,0.0,74.0,1.0,1.0,75.0,16.0,18.0,401.0
울산광역시교육청,울산광역시강북교육지원청,울산광역시 동구,S070000376,서부초등학교,2,공립,N,,0.0,8.0,164.0,6.0,8.0,150.0,16.0,9.0,158.0,7.0,13.0,126.0,6.0,11.0,134.0,28.0,3.0,142.0,63.0,52.0,874.0
울산광역시교육청,울산광역시강북교육지원청,울산광역시 북구,S070000378,송정초등학교,2,공립,N,,4.0,1.0,101.0,2.0,7.0,94.0,4.0,11.0,108.0,5.0,12.0,108.0,3.0,6.0,122.0,2.0,7.0,132.0,20.0,44.0,665.0
울산광역시교육청,울산광역시강북교육지원청,울산광역시 중구,S070000380,약사초등학교,2,공립,N,,2.0,5.0,116.0,7.0,3.0,89.0,12.0,11.0,134.0,5.0,6.0,110.0,6.0,4.0,95.0,7.0,4.0,124.0,39.0,33.0,668.0
울산광역시교육청,울산광역시강북교육지원청,울산광역시 북구,S070000381,약수초등학교,2,공립,N,,1.0,0.0,4.0,1.0,1.0,14.0,0.0,1.0,13.0,0.0,0.0,9.0,1.0,0.0,13.0,0.0,2.0,11.0,3.0,4.0,64.0
울산광역시교육청,울산광역시강북교육지원청,울산광역시 중구,S070000382,양사초등학교,2,공립,N,,1.0,3.0,38.0,1.0,7.0,30.0,1.0,8.0,46.0,1.0,4.0,25.0,3.0,5.0,51.0,1.0,2.0,39.0,8.0,29.0,229.0
울산광역시교육청,울산광역시강북교육지원청,울산광역시 북구,S070000383,연암초등학교,2,공립,N,,8.0,5.0,61.0,3.0,2.0,48.0,6.0,7.0,71.0,6.0,7.0,59.0,5.0,5.0,76.0,1.0,5.0,63.0,29.0,31.0,378.0
울산광역시교육청,울산광역시강북교육지원청,울산광역시 북구,S070000384,염포초등학교,2,공립,N,,4.0,3.0,83.0,0.0,8.0,76.0,3.0,7.0,102.0,2.0,7.0,91.0,2.0,8.0,97.0,1.0,5.0,83.0,12.0,38.0,532.0
울산광역시교육청,울산광역시강북교육지원청,울산광역시 중구,S070000385,옥성초등학교,2,공립,N,,3.0,1.0,29.0,4.0,2.0,37.0,1.0,2.0,31.0,4.0,3.0,39.0,1.0,2.0,57.0,1.0,1.0,36.0,14.0,11.0,229.0
울산광역시교육청,울산광역시강북교육지원청,울산광역시 중구,S070000386,우정초등학교,2,공립,N,,0.0,4.0,120.0,1.0,6.0,119.0,3.0,3.0,119.0,3.0,4.0,136.0,3.0,14.0,135.0,3.0,3.0,123.0,13.0,34.0,752.0
울산광역시교육청,울산광역시강북교육지원청,울산광역시 북구,S070000387,울산양정초등학교,2,공립,N,,0.0,0.0,100.0,1.0,9.0,92.0,3.0,3.0,99.0,0.0,3.0,89.0,6.0,5.0,79.0,1.0,2.0,69.0,11.0,22.0,528.0
울산광역시교육청,울산광역시강북교육지원청,울산광역시 중구,S070000388,울산초등학교,2,공립,N,,7.0,4.0,167.0,9.0,8.0,192.0,8.0,2.0,218.0,4.0,18.0,220.0,6.0,6.0,216.0,6.0,7.0,166.0,40.0,45.0,1179.0
울산광역시교육청,울산광역시강북교육지원청,울산광역시 동구,S070000390,일산초등학교,2,공립,N,,1.0,2.0,47.0,1.0,3.0,43.0,0.0,2.0,33.0,0.0,1.0,38.0,1.0,2.0,37.0,2.0,1.0,32.0,5.0,11.0,230.0
울산광역시교육청,울산광역시강북교육지원청,울산광역시 동구,S070000391,전하초등학교,2,공립,N,,4.0,8.0,178.0,5.0,12.0,174.0,4.0,11.0,189.0,4.0,8.0,170.0,5.0,5.0,181.0,2.0,8.0,155.0,24.0,52.0,1047.0
울산광역시교육청,울산광역시강북교육지원청,울산광역시 동구,S070000392,주전초등학교,2,공립,N,,0.0,2.0,15.0,1.0,1.0,14.0,0.0,3.0,9.0,3.0,1.0,11.0,2.0,1.0,12.0,0.0,0.0,11.0,6.0,8.0,72.0
울산광역시교육청,울산광역시강북교육지원청,울산광역시 중구,S070000394,태화초등학교,2,공립,N,,1.0,3.0,156.0,7.0,5.0,139.0,3.0,7.0,150.0,4.0,3.0,148.0,2.0,4.0,137.0,2.0,6.0,145.0,19.0,28.0,875.0
울산광역시교육청,울산광역시강북교육지원청,울산광역시 중구,S070000395,평산초등학교,2,공립,N,,1.0,6.0,75.0,2.0,3.0,64.0,4.0,5.0,73.0,7.0,3.0,75.0,3.0,3.0,70.0,4.0,4.0,68.0,21.0,24.0,425.0
울산광역시교육청,울산광역시강북교육지원청,울산광역시 중구,S070000396,학성초등학교,2,공립,N,,2.0,2.0,66.0,6.0,6.0,75.0,1.0,1.0,70.0,3.0,6.0,85.0,7.0,5.0,68.0,5.0,6.0,102.0,24.0,26.0,466.0
울산광역시교육청,울산광역시강북교육지원청,울산광역시 중구,S070000397,함월초등학교,2,공립,N,,2.0,1.0,55.0,8.0,1.0,54.0,5.0,3.0,62.0,5.0,1.0,72.0,5.0,2.0,59.0,2.0,1.0,64.0,27.0,9.0,366.0
울산광역시교육청,울산광역시강북교육지원청,울산광역시 북구,S070000398,호계초등학교,2,공립,N,,1.0,0.0,27.0,7.0,3.0,26.0,1.0,3.0,41.0,1.0,5.0,36.0,1.0,1.0,32.0,1.0,2.0,48.0,12.0,14.0,210.0
울산광역시교육청,울산광역시강북교육지원청,울산광역시 동구,S070000399,화암초등학교,2,공립,N,,1.0,4.0,135.0,4.0,10.0,121.0,4.0,5.0,159.0,4.0,6.0,136.0,3.0,6.0,152.0,0.0,3.0,134.0,16.0,34.0,837.0
울산광역시교육청,울산광역시강북교육지원청,울산광역시 동구,S070000400,화정초등학교,2,공립,N,,2.0,4.0,91.0,3.0,5.0,107.0,6.0,6.0,105.0,2.0,8.0,110.0,2.0,5.0,113.0,1.0,5.0,94.0,16.0,33.0,620.0
울산광역시교육청,울산광역시강북교육지원청,울산광역시 동구,S070000401,화진초등학교,2,공립,N,,8.0,2.0,184.0,8.0,13.0,193.0,12.0,9.0,192.0,10.0,9.0,163.0,4.0,10.0,166.0,4.0,3.0,132.0,46.0,46.0,1030.0
울산광역시교육청,울산광역시강남교육지원청,울산광역시 울주군,S070000533,온산초등학교,2,공립,N,,1.0,4.0,73.0,4.0,4.0,65.0,2.0,5.0,75.0,3.0,6.0,72.0,2.0,4.0,64.0,1.0,2.0,69.0,13.0,25.0,418.0
울산광역시교육청,울산광역시강남교육지원청,울산광역시 남구,S070000534,도산초등학교,2,공립,N,,4.0,1.0,55.0,3.0,5.0,50.0,7.0,9.0,54.0,1.0,5.0,67.0,2.0,1.0,54.0,3.0,2.0,62.0,20.0,23.0,342.0
울산광역시교육청,울산광역시강북교육지원청,울산광역시 중구,S070000535,성안초등학교,2,공립,N,,8.0,7.0,107.0,2.0,9.0,128.0,4.0,7.0,120.0,3.0,7.0,116.0,6.0,5.0,123.0,2.0,3.0,103.0,25.0,38.0,697.0
울산광역시교육청,울산광역시강북교육지원청,울산광역시 동구,S070000536,양지초등학교,2,공립,N,,1.0,5.0,62.0,5.0,4.0,58.0,2.0,4.0,73.0,5.0,7.0,60.0,0.0,0.0,82.0,1.0,2.0,58.0,14.0,22.0,393.0
울산광역시교육청,울산광역시강북교육지원청,울산광역시 북구,S070000537,명촌초등학교,2,공립,N,,0.0,0.0,151.0,3.0,3.0,151.0,5.0,6.0,163.0,4.0,4.0,108.0,0.0,4.0,132.0,0.0,0.0,88.0,12.0,17.0,793.0
울산광역시교육청,울산광역시강남교육지원청,울산광역시 울주군,S070000551,천상초등학교,2,공립,N,,0.0,4.0,77.0,3.0,5.0,81.0,3.0,6.0,93.0,3.0,8.0,104.0,3.0,7.0,123.0,2.0,0.0,121.0,14.0,30.0,599.0
울산광역시교육청,울산광역시강남교육지원청,울산광역시 울주군,S070000556,영화초등학교,2,공립,N,,0.0,0.0,127.0,0.0,1.0,148.0,0.0,0.0,174.0,0.0,0.0,183.0,0.0,1.0,159.0,0.0,0.0,179.0,0.0,2.0,970.0
울산광역시교육청,울산광역시강북교육지원청,울산광역시 북구,S070000557,이화초등학교,2,공립,N,,2.0,8.0,59.0,3.0,2.0,58.0,3.0,9.0,73.0,7.0,6.0,81.0,4.0,5.0,100.0,1.0,2.0,72.0,20.0,32.0,443.0
울산광역시교육청,울산광역시강남교육지원청,울산광역시 남구,S070000567,용연초등학교,2,공립,N,,0.0,3.0,188.0,9.0,11.0,169.0,12.0,9.0,185.0,6.0,7.0,148.0,10.0,6.0,144.0,6.0,7.0,121.0,43.0,43.0,955.0
울산광역시교육청,울산광역시강남교육지원청,울산광역시 남구,S070000570,월계초등학교,2,공립,N,,0.0,2.0,54.0,1.0,4.0,67.0,3.0,7.0,63.0,3.0,2.0,54.0,1.0,0.0,58.0,3.0,1.0,69.0,11.0,16.0,365.0
울산광역시교육청,울산광역시강남교육지원청,울산광역시 남구,S070000600,남산초등학교,2,공립,N,,3.0,2.0,63.0,10.0,6.0,76.0,5.0,4.0,92.0,6.0,1.0,88.0,5.0,4.0,85.0,6.0,3.0,127.0,35.0,20.0,531.0
울산광역시교육청,울산광역시강남교육지원청,울산광역시 남구,S070000601,신복초등학교,2,공립,N,,4.0,0.0,60.0,4.0,5.0,66.0,3.0,5.0,76.0,4.0,3.0,77.0,4.0,3.0,73.0,2.0,5.0,69.0,21.0,21.0,421.0
울산광역시교육청,울산광역시강북교육지원청,울산광역시 중구,S070000602,무룡초등학교,2,공립,N,,1.0,3.0,95.0,3.0,2.0,88.0,3.0,6.0,106.0,5.0,2.0,92.0,0.0,3.0,78.0,1.0,1.0,77.0,13.0,17.0,536.0
울산광역시교육청,울산광역시강북교육지원청,울산광역시 북구,S070000603,신천초등학교,2,공립,N,,3.0,3.0,70.0,7.0,6.0,89.0,3.0,6.0,88.0,5.0,7.0,102.0,6.0,5.0,96.0,1.0,3.0,87.0,25.0,30.0,532.0
울산광역시교육청,울산광역시강북교육지원청,울산광역시 북구,S070000604,천곡초등학교,2,공립,N,,7.0,5.0,130.0,3.0,5.0,130.0,6.0,9.0,148.0,7.0,9.0,144.0,5.0,9.0,136.0,2.0,1.0,173.0,30.0,38.0,861.0
울산광역시교육청,울산광역시강북교육지원청,울산광역시 동구,S070000610,문현초등학교,2,공립,N,,6.0,4.0,107.0,2.0,6.0,78.0,7.0,6.0,110.0,2.0,7.0,106.0,6.0,5.0,114.0,3.0,1.0,108.0,26.0,29.0,623.0
울산광역시교육청,울산광역시강북교육지원청,울산광역시 중구,S070000616,남외초등학교,2,공립,N,,2.0,4.0,139.0,11.0,7.0,158.0,5.0,6.0,147.0,5.0,6.0,150.0,5.0,2.0,127.0,2.0,10.0,129.0,30.0,35.0,850.0
울산광역시교육청,울산광역시강북교육지원청,울산광역시 북구,S070000617,상안초등학교,2,공립,N,,4.0,7.0,91.0,2.0,8.0,119.0,8.0,5.0,141.0,3.0,5.0,123.0,5.0,14.0,164.0,5.0,3.0,142.0,27.0,42.0,780.0
울산광역시교육청,울산광역시강북교육지원청,울산광역시 북구,S070000622,매곡초등학교,2,공립,N,,16.0,5.0,121.0,22.0,3.0,125.0,16.0,8.0,173.0,25.0,10.0,167.0,16.0,5.0,152.0,6.0,5.0,161.0,101.0,36.0,899.0
울산광역시교육청,울산광역시강북교육지원청,울산광역시 중구,S070000623,백양초등학교,2,공립,N,,5.0,4.0,126.0,6.0,7.0,124.0,8.0,5.0,143.0,6.0,8.0,157.0,8.0,8.0,130.0,6.0,4.0,127.0,39.0,36.0,807.0
울산광역시교육청,울산광역시강남교육지원청,울산광역시 남구,S070000625,청솔초등학교,2,공립,N,,3.0,4.0,127.0,6.0,6.0,136.0,5.0,8.0,153.0,4.0,3.0,146.0,2.0,4.0,135.0,1.0,2.0,128.0,21.0,27.0,825.0
울산광역시교육청,울산광역시강남교육지원청,울산광역시 울주군,S070000626,호연초등학교,2,공립,N,,0.0,2.0,90.0,6.0,5.0,95.0,5.0,3.0,107.0,9.0,4.0,100.0,10.0,5.0,90.0,7.0,5.0,107.0,37.0,24.0,589.0
울산광역시교육청,울산광역시강북교육지원청,울산광역시 중구,S070000655,다전초등학교,2,공립,N,,0.0,2.0,39.0,0.0,4.0,41.0,2.0,2.0,45.0,0.0,3.0,46.0,1.0,4.0,54.0,2.0,3.0,46.0,5.0,18.0,271.0
울산광역시교육청,울산광역시강남교육지원청,울산광역시 울주군,S070000657,울주명지초등학교,2,공립,N,,0.0,0.0,109.0,4.0,6.0,117.0,1.0,4.0,127.0,4.0,3.0,128.0,4.0,4.0,151.0,2.0,0.0,149.0,15.0,17.0,781.0
울산광역시교육청,울산광역시강북교육지원청,울산광역시 북구,S070000660,화봉초등학교,2,공립,N,,4.0,6.0,106.0,5.0,7.0,126.0,9.0,6.0,99.0,5.0,5.0,106.0,4.0,7.0,94.0,5.0,3.0,105.0,32.0,34.0,636.0
울산광역시교육청,울산광역시강북교육지원청,울산광역시 북구,S070000661,동대초등학교,2,공립,N,,1.0,2.0,107.0,6.0,7.0,79.0,9.0,4.0,96.0,6.0,3.0,94.0,5.0,7.0,110.0,5.0,4.0,86.0,32.0,27.0,572.0
울산광역시교육청,울산광역시강북교육지원청,울산광역시 북구,S070000694,매산초등학교,2,공립,N,,6.0,9.0,174.0,13.0,9.0,170.0,10.0,12.0,195.0,11.0,12.0,197.0,7.0,10.0,166.0,6.0,7.0,187.0,53.0,59.0,1089.0
울산광역시교육청,울산광역시강남교육지원청,울산광역시 울주군,S070000716,상북초등학교,2,공립,N,,1.0,0.0,35.0,2.0,4.0,21.0,2.0,5.0,30.0,0.0,6.0,26.0,1.0,5.0,30.0,0.0,1.0,42.0,6.0,21.0,184.0
울산광역시교육청,울산광역시강북교육지원청,울산광역시 중구,S070000718,외솔초등학교,2,공립,N,,3.0,1.0,125.0,8.0,7.0,164.0,5.0,9.0,178.0,7.0,5.0,148.0,5.0,6.0,128.0,1.0,5.0,120.0,29.0,33.0,863.0
울산광역시교육청,울산광역시강북교육지원청,울산광역시 북구,S070000741,중산초등학교,2,공립,N,,15.0,14.0,286.0,14.0,17.0,244.0,19.0,22.0,270.0,10.0,12.0,214.0,9.0,9.0,218.0,9.0,4.0,157.0,76.0,78.0,1389.0
울산광역시교육청,울산광역시강북교육지원청,울산광역시 북구,S070000751,은월초등학교,2,공립,N,,5.0,6.0,246.0,10.0,13.0,208.0,10.0,11.0,168.0,8.0,6.0,168.0,7.0,5.0,108.0,3.0,5.0,95.0,43.0,46.0,993.0
울산광역시교육청,울산광역시강북교육지원청,울산광역시 북구,S070000762,고헌초등학교,2,공립,N,,12.0,13.0,272.0,16.0,10.0,252.0,18.0,8.0,209.0,19.0,10.0,175.0,19.0,9.0,185.0,10.0,7.0,113.0,94.0,57.0,1206.0
울산광역시교육청,울산광역시강남교육지원청,울산광역시 울주군,S070000763,삼남초등학교,2,공립,N,,3.0,4.0,61.0,7.0,2.0,42.0,5.0,2.0,23.0,13.0,1.0,39.0,5.0,2.0,9.0,2.0,0.0,13.0,35.0,11.0,187.0
울산광역시교육청,울산광역시강남교육지원청,울산광역시 남구,S070000798,두왕초등학교,2,공립,N,,1.0,1.0,29.0,1.0,0.0,35.0,1.0,1.0,24.0,2.0,1.0,18.0,2.0,0.0,14.0,1.0,1.0,12.0,8.0,4.0,132.0
세종특별자치시교육청,세종특별자치시교육청,세종특별자치시 세종특별자치시,S080000041,의랑초등학교,2,공립,N,,2.0,0.0,11.0,2.0,0.0,9.0,2.0,0.0,13.0,0.0,0.0,7.0,3.0,0.0,8.0,1.0,0.0,10.0,10.0,0.0,58.0
세종특별자치시교육청,세종특별자치시교육청,세종특별자치시 세종특별자치시,S080000042,장기초등학교,2,공립,N,,1.0,2.0,17.0,4.0,2.0,14.0,1.0,0.0,22.0,0.0,2.0,19.0,3.0,0.0,17.0,0.0,2.0,21.0,9.0,8.0,110.0
세종특별자치시교육청,세종특별자치시교육청,세종특별자치시 세종특별자치시,S080000043,감성초등학교,2,공립,N,,0.0,3.0,16.0,1.0,1.0,20.0,4.0,2.0,18.0,1.0,3.0,17.0,0.0,3.0,9.0,0.0,0.0,17.0,6.0,12.0,97.0
세종특별자치시교육청,세종특별자치시교육청,세종특별자치시 세종특별자치시,S080000044,금남초등학교,2,공립,N,,3.0,3.0,34.0,4.0,5.0,28.0,4.0,4.0,35.0,4.0,2.0,30.0,2.0,4.0,36.0,1.0,2.0,40.0,18.0,20.0,203.0
세종특별자치시교육청,세종특별자치시교육청,세종특별자치시 세종특별자치시,S080000045,소정초등학교,2,공립,N,,0.0,1.0,9.0,0.0,1.0,8.0,0.0,2.0,16.0,0.0,1.0,17.0,0.0,0.0,12.0,0.0,1.0,18.0,0.0,6.0,80.0
세종특별자치시교육청,세종특별자치시교육청,세종특별자치시 세종특별자치시,S080000046,수왕초등학교,2,공립,N,,0.0,0.0,13.0,0.0,0.0,14.0,0.0,0.0,13.0,0.0,1.0,13.0,2.0,1.0,11.0,0.0,0.0,12.0,2.0,2.0,76.0
세종특별자치시교육청,세종특별자치시교육청,세종특별자치시 세종특별자치시,S080000047,쌍류초등학교,2,공립,N,,1.0,1.0,12.0,0.0,0.0,10.0,0.0,4.0,16.0,0.0,0.0,7.0,0.0,1.0,15.0,0.0,0.0,7.0,1.0,6.0,67.0
세종특별자치시교육청,세종특별자치시교육청,세종특별자치시 세종특별자치시,S080000048,연남초등학교,2,공립,N,,0.0,1.0,12.0,0.0,1.0,9.0,0.0,4.0,21.0,0.0,1.0,8.0,0.0,5.0,13.0,0.0,0.0,5.0,0.0,12.0,68.0
세종특별자치시교육청,세종특별자치시교육청,세종특별자치시 세종특별자치시,S080000049,연동초등학교,2,공립,N,,0.0,1.0,8.0,0.0,1.0,12.0,0.0,3.0,12.0,0.0,0.0,4.0,0.0,0.0,10.0,0.0,1.0,12.0,0.0,6.0,58.0
세종특별자치시교육청,세종특별자치시교육청,세종특별자치시 세종특별자치시,S080000050,연봉초등학교,2,공립,N,,1.0,1.0,20.0,3.0,2.0,24.0,4.0,5.0,31.0,3.0,3.0,22.0,1.0,3.0,22.0,2.0,2.0,25.0,14.0,16.0,144.0
세종특별자치시교육청,세종특별자치시교육청,세종특별자치시 세종특별자치시,S080000051,연서초등학교,2,공립,N,,2.0,0.0,30.0,0.0,4.0,30.0,3.0,2.0,28.0,0.0,2.0,25.0,2.0,1.0,35.0,0.0,0.0,12.0,7.0,9.0,160.0
세종특별자치시교육청,세종특별자치시교육청,세종특별자치시 세종특별자치시,S080000052,전동초등학교,2,공립,N,,0.0,0.0,13.0,0.0,0.0,9.0,0.0,2.0,10.0,0.0,2.0,7.0,0.0,0.0,13.0,0.0,0.0,4.0,0.0,4.0,56.0
세종특별자치시교육청,세종특별자치시교육청,세종특별자치시 세종특별자치시,S080000053,전의초등학교,2,공립,N,,1.0,0.0,20.0,0.0,0.0,29.0,0.0,1.0,30.0,0.0,3.0,19.0,1.0,0.0,39.0,0.0,0.0,25.0,2.0,4.0,162.0
세종특별자치시교육청,세종특별자치시교육청,세종특별자치시 세종특별자치시,S080000054,조치원교동초등학교,2,공립,N,,0.0,0.0,31.0,9.0,5.0,40.0,2.0,4.0,44.0,4.0,3.0,44.0,2.0,3.0,47.0,3.0,2.0,41.0,20.0,17.0,247.0
세종특별자치시교육청,세종특별자치시교육청,세종특별자치시 세종특별자치시,S080000055,조치원대동초등학교,2,공립,N,,2.0,2.0,118.0,0.0,4.0,114.0,2.0,1.0,133.0,3.0,2.0,138.0,0.0,4.0,134.0,1.0,2.0,136.0,8.0,15.0,773.0
세종특별자치시교육청,세종특별자치시교육청,세종특별자치시 세종특별자치시,S080000056,조치원명동초등학교,2,공립,N,,0.0,0.0,17.0,4.0,3.0,16.0,0.0,16.0,31.0,4.0,0.0,28.0,0.0,5.0,31.0,1.0,1.0,28.0,9.0,25.0,151.0
세종특별자치시교육청,세종특별자치시교육청,세종특별자치시 세종특별자치시,S080000057,조치원신봉초등학교,2,공립,N,,2.0,0.0,61.0,3.0,2.0,45.0,3.0,0.0,58.0,1.0,2.0,57.0,2.0,3.0,61.0,1.0,1.0,58.0,12.0,8.0,340.0
세종특별자치시교육청,세종특별자치시교육청,세종특별자치시 세종특별자치시,S080000058,세종도원초등학교,2,공립,N,,1.0,5.0,119.0,5.0,5.0,107.0,6.0,9.0,149.0,14.0,9.0,116.0,5.0,6.0,144.0,5.0,3.0,111.0,36.0,37.0,746.0
세종특별자치시교육청,세종특별자치시교육청,세종특별자치시 세종특별자치시,S080000059,참샘초등학교,2,공립,N,,2.0,0.0,91.0,0.0,5.0,92.0,0.0,7.0,100.0,0.0,9.0,115.0,0.0,4.0,89.0,0.0,3.0,124.0,2.0,28.0,611.0
세종특별자치시교육청,세종특별자치시교육청,세종특별자치시 세종특별자치시,S080000074,부강초등학교,2,공립,N,,3.0,3.0,41.0,0.0,4.0,35.0,3.0,9.0,47.0,1.0,3.0,37.0,1.0,6.0,40.0,0.0,2.0,31.0,8.0,27.0,231.0
세종특별자치시교육청,세종특별자치시교육청,세종특별자치시 세종특별자치시,S080000103,한솔초등학교,2,공립,N,,3.0,3.0,99.0,10.0,12.0,106.0,4.0,4.0,107.0,6.0,12.0,122.0,9.0,12.0,120.0,5.0,2.0,124.0,37.0,45.0,678.0
세종특별자치시교육청,세종특별자치시교육청,세종특별자치시 세종특별자치시,S080000104,양지초등학교,2,공립,N,,8.0,15.0,103.0,10.0,11.0,98.0,8.0,11.0,106.0,10.0,12.0,102.0,5.0,11.0,88.0,3.0,6.0,96.0,44.0,66.0,593.0
세종특별자치시교육청,세종특별자치시교육청,세종특별자치시 세종특별자치시,S080000109,연양초등학교,2,공립,N,,5.0,2.0,197.0,7.0,0.0,183.0,1.0,1.0,175.0,0.0,10.0,204.0,14.0,0.0,187.0,0.0,0.0,176.0,27.0,13.0,1122.0
세종특별자치시교육청,세종특별자치시교육청,세종특별자치시 세종특별자치시,S080000110,아름초등학교,2,공립,N,,12.0,10.0,178.0,19.0,6.0,159.0,11.0,17.0,218.0,26.0,17.0,227.0,20.0,15.0,251.0,3.0,6.0,215.0,91.0,71.0,1248.0
세종특별자치시교육청,세종특별자치시교육청,세종특별자치시 세종특별자치시,S080000111,나래초등학교,2,공립,N,,13.0,11.0,166.0,5.0,24.0,184.0,15.0,17.0,196.0,17.0,27.0,208.0,8.0,25.0,193.0,7.0,12.0,180.0,65.0,116.0,1127.0
세종특별자치시교육청,세종특별자치시교육청,세종특별자치시 세종특별자치시,S080000117,도담초등학교,2,공립,N,,4.0,7.0,186.0,19.0,17.0,212.0,26.0,26.0,244.0,26.0,30.0,241.0,16.0,27.0,255.0,21.0,12.0,247.0,112.0,119.0,1385.0
세종특별자치시교육청,세종특별자치시교육청,세종특별자치시 세종특별자치시,S080000122,미르초등학교,2,공립,N,,7.0,8.0,93.0,11.0,17.0,123.0,17.0,17.0,127.0,12.0,15.0,119.0,8.0,7.0,139.0,4.0,16.0,152.0,59.0,80.0,753.0
세종특별자치시교육청,세종특별자치시교육청,세종특별자치시 세종특별자치시,S080000127,두루초등학교,2,공립,N,,9.0,8.0,218.0,16.0,16.0,205.0,20.0,12.0,245.0,18.0,14.0,196.0,13.0,12.0,203.0,7.0,5.0,167.0,83.0,67.0,1234.0
세종특별자치시교육청,세종특별자치시교육청,세종특별자치시 세종특별자치시,S080000129,가락초등학교,2,공립,N,,0.0,5.0,114.0,0.0,2.0,90.0,3.0,4.0,110.0,0.0,0.0,83.0,3.0,0.0,102.0,4.0,0.0,94.0,10.0,11.0,593.0
세종특별자치시교육청,세종특별자치시교육청,세종특별자치시 세종특별자치시,S080000131,으뜸초등학교,2,공립,N,,0.0,1.0,91.0,4.0,3.0,91.0,0.0,5.0,95.0,1.0,0.0,85.0,2.0,7.0,72.0,3.0,1.0,68.0,10.0,17.0,502.0
세종특별자치시교육청,세종특별자치시교육청,세종특별자치시 세종특별자치시,S080000133,고운초등학교,2,공립,N,,13.0,9.0,172.0,15.0,18.0,135.0,10.0,24.0,180.0,13.0,19.0,180.0,10.0,16.0,153.0,4.0,8.0,158.0,65.0,94.0,978.0
세종특별자치시교육청,세종특별자치시교육청,세종특별자치시 세종특별자치시,S080000134,온빛초등학교,2,공립,N,,0.0,0.0,130.0,0.0,0.0,165.0,0.0,0.0,170.0,0.0,0.0,175.0,0.0,0.0,180.0,0.0,3.0,184.0,0.0,3.0,1004.0
세종특별자치시교육청,세종특별자치시교육청,세종특별자치시 세종특별자치시,S080000136,종촌초등학교,2,공립,N,,8.0,8.0,150.0,13.0,15.0,187.0,7.0,13.0,147.0,11.0,12.0,173.0,9.0,9.0,147.0,7.0,14.0,169.0,55.0,71.0,973.0
세종특별자치시교육청,세종특별자치시교육청,세종특별자치시 세종특별자치시,S080000141,늘봄초등학교,2,공립,N,,6.0,7.0,78.0,7.0,9.0,62.0,4.0,12.0,85.0,9.0,7.0,74.0,7.0,13.0,86.0,4.0,8.0,71.0,37.0,56.0,456.0
세종특별자치시교육청,세종특별자치시교육청,세종특별자치시 세종특별자치시,S080000153,연세초등학교,2,공립,N,,4.0,12.0,89.0,9.0,13.0,100.0,7.0,16.0,109.0,7.0,15.0,79.0,2.0,15.0,93.0,7.0,2.0,85.0,36.0,73.0,555.0
세종특별자치시교육청,세종특별자치시교육청,세종특별자치시 세종특별자치시,S080000157,다빛초등학교,2,공립,N,,7.0,8.0,81.0,4.0,4.0,76.0,4.0,16.0,93.0,6.0,5.0,77.0,4.0,5.0,87.0,5.0,6.0,82.0,30.0,44.0,496.0
세종특별자치시교육청,세종특별자치시교육청,세종특별자치시 세종특별자치시,S080000166,소담초등학교,2,공립,N,,11.0,12.0,199.0,11.0,14.0,191.0,12.0,23.0,205.0,12.0,20.0,216.0,9.0,18.0,186.0,10.0,3.0,155.0,65.0,90.0,1152.0
세종특별자치시교육청,세종특별자치시교육청,세종특별자치시 세종특별자치시,S080000167,보람초등학교,2,공립,N,,6.0,15.0,202.0,10.0,23.0,209.0,16.0,17.0,229.0,11.0,19.0,240.0,9.0,25.0,213.0,8.0,10.0,224.0,60.0,109.0,1317.0
세종특별자치시교육청,세종특별자치시교육청,세종특별자치시 세종특별자치시,S080000168,여울초등학교,2,공립,N,,2.0,6.0,109.0,11.0,13.0,139.0,3.0,10.0,142.0,11.0,6.0,125.0,2.0,10.0,104.0,7.0,5.0,92.0,36.0,50.0,711.0
세종특별자치시교육청,세종특별자치시교육청,세종특별자치시 세종특별자치시,S080000169,가득초등학교,2,공립,N,,8.0,7.0,100.0,5.0,13.0,120.0,8.0,7.0,120.0,6.0,5.0,132.0,5.0,6.0,107.0,3.0,3.0,102.0,35.0,41.0,681.0
세종특별자치시교육청,세종특별자치시교육청,세종특별자치시 세종특별자치시,S080000171,새뜸초등학교,2,공립,N,,3.0,7.0,96.0,12.0,5.0,126.0,12.0,12.0,113.0,15.0,10.0,110.0,5.0,5.0,110.0,5.0,2.0,112.0,52.0,41.0,667.0
세종특별자치시교육청,세종특별자치시교육청,세종특별자치시 세종특별자치시,S080000172,새롬초등학교,2,공립,N,,26.0,17.0,225.0,23.0,20.0,235.0,31.0,25.0,226.0,23.0,24.0,236.0,21.0,25.0,227.0,18.0,13.0,234.0,142.0,124.0,1383.0
세종특별자치시교육청,세종특별자치시교육청,세종특별자치시 세종특별자치시,S080000181,글벗초등학교,2,공립,N,,6.0,7.0,163.0,11.0,15.0,140.0,15.0,16.0,148.0,14.0,8.0,128.0,18.0,16.0,159.0,8.0,6.0,113.0,72.0,68.0,851.0
세종특별자치시교육청,세종특별자치시교육청,세종특별자치시 세종특별자치시,S080000206,나성초등학교,2,공립,N,,159.0,0.0,58.0,145.0,0.0,34.0,189.0,0.0,37.0,161.0,0.0,29.0,180.0,0.0,41.0,89.0,0.0,31.0,923.0,0.0,230.0
세종특별자치시교육청,세종특별자치시교육청,세종특별자치시 세종특별자치시,S080000207,솔빛초등학교,2,공립,N,,25.0,6.0,48.0,24.0,3.0,39.0,26.0,2.0,24.0,23.0,2.0,24.0,13.0,0.0,28.0,3.0,2.0,21.0,114.0,15.0,184.0
세종특별자치시교육청,세종특별자치시교육청,세종특별자치시 세종특별자치시,S080000208,반곡초등학교,2,공립,N,,6.0,11.0,187.0,13.0,14.0,171.0,16.0,7.0,133.0,12.0,13.0,144.0,10.0,7.0,127.0,3.0,4.0,108.0,60.0,56.0,870.0
세종특별자치시교육청,세종특별자치시교육청,세종특별자치시 세종특별자치시,S080000209,대평초등학교,2,공립,N,,6.0,6.0,145.0,9.0,8.0,154.0,22.0,13.0,141.0,7.0,6.0,129.0,9.0,9.0,110.0,8.0,11.0,110.0,61.0,53.0,789.0
세종특별자치시교육청,세종특별자치시교육청,세종특별자치시 세종특별자치시,S080000210,새움초등학교,2,공립,N,,9.0,6.0,87.0,8.0,7.0,75.0,8.0,3.0,96.0,12.0,8.0,81.0,11.0,4.0,74.0,5.0,0.0,72.0,53.0,28.0,485.0
세종특별자치시교육청,세종특별자치시교육청,세종특별자치시 세종특별자치시,S080000211,다정초등학교,2,공립,N,,11.0,14.0,244.0,15.0,12.0,238.0,15.0,10.0,253.0,15.0,18.0,224.0,13.0,11.0,193.0,2.0,11.0,174.0,71.0,76.0,1326.0
세종특별자치시교육청,세종특별자치시교육청,세종특별자치시 세종특별자치시,S080000212,한결초등학교,2,공립,N,,11.0,12.0,195.0,12.0,17.0,187.0,14.0,16.0,200.0,15.0,14.0,165.0,8.0,10.0,164.0,5.0,8.0,140.0,65.0,77.0,1051.0
세종특별자치시교육청,세종특별자치시교육청,세종특별자치시 세종특별자치시,S080000226,해밀초등학교,2,공립,N,,9.0,5.0,192.0,20.0,4.0,144.0,18.0,3.0,165.0,13.0,0.0,137.0,25.0,0.0,138.0,4.0,1.0,118.0,89.0,13.0,894.0
세종특별자치시교육청,세종특별자치시교육청,세종특별자치시 세종특별자치시,S080000238,집현초등학교,2,공립,N,,0.0,0.0,0.0,0.0,0.0,0.0,0.0,0.0,0.0,0.0,0.0,0.0,0.0,0.0,0.0,0.0,0.0,0.0,0.0,0.0,0.0
경기도교육청,경기도가평교육지원청,경기도 가평군,S090000881,가평마장초등학교,2,공립,N,,0.0,1.0,16.0,2.0,1.0,7.0,4.0,2.0,18.0,0.0,2.0,16.0,2.0,0.0,9.0,0.0,0.0,15.0,8.0,6.0,81.0
경기도교육청,경기도가평교육지원청,경기도 가평군,S090000882,가평초등학교,2,공립,N,,6.0,0.0,98.0,9.0,8.0,108.0,12.0,5.0,139.0,6.0,7.0,129.0,8.0,2.0,132.0,5.0,4.0,122.0,46.0,26.0,728.0
경기도교육청,경기도가평교육지원청,경기도 가평군,S090000885,대성초등학교,2,공립,N,,0.0,0.0,12.0,1.0,0.0,15.0,1.0,0.0,14.0,2.0,0.0,16.0,0.0,1.0,15.0,0.0,0.0,14.0,4.0,1.0,86.0
경기도교육청,경기도가평교육지원청,경기도 가평군,S090000890,목동초등학교,2,공립,N,,2.0,1.0,14.0,3.0,0.0,5.0,0.0,2.0,18.0,1.0,2.0,15.0,1.0,0.0,13.0,0.0,3.0,18.0,7.0,8.0,83.0
경기도교육청,경기도가평교육지원청,경기도 가평군,S090000892,목동초등학교명지분교장,2,공립,N,,0.0,0.0,0.0,0.0,0.0,0.0,0.0,1.0,2.0,0.0,0.0,1.0,0.0,1.0,2.0,0.0,1.0,3.0,0.0,3.0,8.0
경기도교육청,경기도가평교육지원청,경기도 가평군,S090000895,미원초등학교,2,공립,N,,2.0,0.0,39.0,2.0,3.0,35.0,4.0,1.0,47.0,2.0,2.0,44.0,5.0,2.0,47.0,2.0,0.0,50.0,17.0,8.0,262.0
경기도교육청,경기도가평교육지원청,경기도 가평군,S090000899,미원초등학교위곡분교장,2,공립,N,,0.0,2.0,8.0,0.0,0.0,1.0,0.0,0.0,6.0,2.0,0.0,4.0,0.0,1.0,4.0,0.0,1.0,4.0,2.0,4.0,27.0
경기도교육청,경기도가평교육지원청,경기도 가평군,S090000900,미원초등학교장락분교장,2,공립,N,,0.0,0.0,0.0,0.0,0.0,5.0,1.0,0.0,2.0,0.0,1.0,1.0,0.0,0.0,1.0,1.0,0.0,6.0,2.0,1.0,15.0
경기도교육청,경기도가평교육지원청,경기도 가평군,S090000901,방일초등학교,2,공립,N,,0.0,2.0,7.0,2.0,2.0,11.0,0.0,2.0,12.0,1.0,1.0,9.0,0.0,0.0,6.0,0.0,1.0,7.0,3.0,8.0,52.0
경기도교육청,경기도가평교육지원청,경기도 가평군,S090000905,상면초등학교,2,공립,N,,0.0,0.0,8.0,1.0,0.0,12.0,0.0,2.0,9.0,1.0,2.0,11.0,0.0,1.0,15.0,1.0,1.0,14.0,3.0,6.0,69.0
경기도교육청,경기도가평교육지원청,경기도 가평군,S090000906,상색초등학교,2,공립,N,,1.0,2.0,9.0,1.0,0.0,6.0,2.0,2.0,11.0,2.0,0.0,12.0,2.0,0.0,6.0,1.0,0.0,6.0,9.0,4.0,50.0
경기도교육청,경기도가평교육지원청,경기도 가평군,S090000908,상천초등학교,2,공립,N,,0.0,0.0,10.0,0.0,1.0,12.0,2.0,0.0,2.0,2.0,1.0,10.0,2.0,0.0,9.0,0.0,0.0,10.0,6.0,2.0,53.0
경기도교육청,경기도가평교육지원청,경기도 가평군,S090000910,연하초등학교,2,공립,N,,2.0,2.0,19.0,1.0,4.0,17.0,4.0,4.0,20.0,1.0,2.0,18.0,2.0,3.0,19.0,0.0,1.0,6.0,10.0,16.0,99.0
경기도교육청,경기도가평교육지원청,경기도 가평군,S090000914,율길초등학교,2,공립,N,,1.0,2.0,12.0,0.0,1.0,9.0,5.0,2.0,10.0,0.0,0.0,1.0,0.0,2.0,9.0,3.0,1.0,9.0,9.0,8.0,50.0
경기도교육청,경기도가평교육지원청,경기도 가평군,S090000916,조종초등학교,2,공립,N,,1.0,4.0,46.0,3.0,5.0,52.0,8.0,2.0,74.0,3.0,7.0,56.0,5.0,3.0,59.0,0.0,0.0,58.0,20.0,21.0,345.0
경기도교육청,경기도가평교육지원청,경기도 가평군,S090000920,청평초등학교,2,공립,N,,2.0,1.0,32.0,5.0,3.0,52.0,3.0,6.0,59.0,7.0,7.0,60.0,4.0,7.0,74.0,3.0,3.0,60.0,24.0,27.0,337.0
경기도교육청,경기도고양교육지원청,경기도 고양시 덕양구,S090000974,가람초등학교,2,공립,N,,4.0,3.0,66.0,2.0,8.0,77.0,6.0,9.0,71.0,4.0,11.0,91.0,3.0,7.0,89.0,3.0,6.0,83.0,22.0,44.0,477.0
경기도교육청,경기도고양교육지원청,경기도 고양시 일산서구,S090000975,강선초등학교,2,공립,N,,6.0,3.0,100.0,5.0,5.0,97.0,4.0,7.0,127.0,3.0,7.0,124.0,6.0,5.0,115.0,4.0,1.0,136.0,28.0,28.0,699.0
경기도교육청,경기도고양교육지원청,경기도 고양시 일산동구,S090000976,고봉초등학교,2,공립,N,,4.0,8.0,71.0,4.0,6.0,68.0,7.0,4.0,46.0,7.0,6.0,59.0,2.0,2.0,53.0,4.0,1.0,71.0,28.0,27.0,368.0
경기도교육청,경기도고양교육지원청,경기도 고양시 일산동구,S090000977,고양백석초등학교,2,공립,N,,2.0,9.0,93.0,4.0,10.0,87.0,9.0,11.0,115.0,7.0,4.0,107.0,7.0,8.0,119.0,2.0,1.0,113.0,31.0,43.0,634.0
경기도교육청,경기도고양교육지원청,경기도 고양시 일산서구,S090000978,고양신일초등학교,2,공립,N,,8.0,5.0,132.0,16.0,10.0,131.0,19.0,13.0,150.0,26.0,12.0,138.0,19.0,6.0,182.0,9.0,5.0,175.0,97.0,51.0,908.0
경기도교육청,경기도고양교육지원청,경기도 고양시 덕양구,S090000979,고양용현초등학교,2,공립,N,,1.0,3.0,47.0,3.0,4.0,62.0,2.0,0.0,56.0,1.0,5.0,53.0,0.0,3.0,53.0,3.0,4.0,63.0,10.0,19.0,334.0
경기도교육청,경기도고양교육지원청,경기도 고양시 덕양구,S090000980,고양초등학교,2,공립,N,,9.0,10.0,83.0,9.0,2.0,75.0,9.0,10.0,88.0,6.0,7.0,98.0,4.0,6.0,85.0,0.0,3.0,99.0,37.0,38.0,528.0
경기도교육청,경기도고양교육지원청,경기도 고양시 덕양구,S090000981,고양화수초등학교,2,공립,N,,2.0,5.0,78.0,2.0,6.0,83.0,2.0,7.0,108.0,1.0,7.0,125.0,3.0,6.0,138.0,5.0,6.0,123.0,15.0,37.0,655.0
경기도교육청,경기도고양교육지원청,경기도 고양시 덕양구,S090000982,고양화정초등학교,2,공립,N,,1.0,9.0,177.0,9.0,10.0,193.0,21.0,16.0,215.0,11.0,6.0,230.0,8.0,11.0,225.0,6.0,10.0,210.0,56.0,62.0,1250.0
경기도교육청,경기도고양교육지원청,경기도 고양시 일산동구,S090000983,금계초등학교,2,공립,N,,3.0,7.0,101.0,7.0,14.0,85.0,8.0,9.0,101.0,10.0,6.0,81.0,5.0,9.0,89.0,2.0,1.0,79.0,35.0,46.0,536.0
경기도교육청,경기도고양교육지원청,경기도 고양시 일산동구,S090000984,낙민초등학교,2,공립,N,,5.0,3.0,113.0,12.0,6.0,108.0,15.0,6.0,118.0,6.0,8.0,126.0,12.0,7.0,137.0,7.0,3.0,150.0,57.0,33.0,752.0
경기도교육청,경기도고양교육지원청,경기도 고양시 덕양구,S090000985,내유초등학교,2,공립,N,,7.0,7.0,151.0,7.0,18.0,159.0,6.0,4.0,171.0,11.0,3.0,139.0,12.0,9.0,144.0,7.0,3.0,135.0,50.0,44.0,899.0
경기도교육청,경기도고양교육지원청,경기도 고양시 일산동구,S090000986,냉천초등학교,2,공립,N,,0.0,0.0,64.0,2.0,1.0,66.0,0.0,2.0,67.0,0.0,0.0,62.0,1.0,1.0,66.0,0.0,2.0,62.0,3.0,6.0,387.0
경기도교육청,경기도고양교육지원청,경기도 고양시 덕양구,S090000987,능곡초등학교,2,공립,N,,3.0,7.0,86.0,4.0,5.0,82.0,2.0,12.0,112.0,3.0,4.0,99.0,4.0,6.0,93.0,1.0,6.0,94.0,17.0,40.0,566.0
경기도교육청,경기도고양교육지원청,경기도 고양시 덕양구,S090000988,대곡초등학교,2,공립,N,,0.0,0.0,21.0,1.0,1.0,15.0,2.0,4.0,19.0,0.0,2.0,21.0,0.0,2.0,25.0,0.0,0.0,26.0,3.0,9.0,127.0
경기도교육청,경기도고양교육지원청,경기도 고양시 일산서구,S090000989,대화초등학교,2,공립,N,,4.0,4.0,75.0,6.0,8.0,72.0,9.0,6.0,102.0,3.0,3.0,86.0,5.0,0.0,98.0,5.0,3.0,91.0,32.0,24.0,524.0
경기도교육청,경기도고양교육지원청,경기도 고양시 덕양구,S090000990,덕은초등학교,2,공립,N,,2.0,3.0,45.0,3.0,6.0,33.0,2.0,7.0,53.0,4.0,4.0,40.0,6.0,6.0,38.0,1.0,5.0,30.0,18.0,31.0,239.0
경기도교육청,경기도고양교육지원청,경기도 고양시 일산서구,S090000991,덕이초등학교,2,공립,N,,2.0,7.0,56.0,0.0,4.0,50.0,4.0,5.0,48.0,0.0,4.0,53.0,1.0,2.0,44.0,2.0,5.0,45.0,9.0,27.0,296.0
경기도교육청,경기도고양교육지원청,경기도 고양시 덕양구,S090000992,무원초등학교,2,공립,N,,3.0,6.0,123.0,7.0,7.0,115.0,5.0,11.0,138.0,7.0,11.0,152.0,2.0,9.0,155.0,3.0,7.0,140.0,27.0,51.0,823.0
경기도교육청,경기도고양교육지원청,경기도 고양시 일산서구,S090000993,문촌초등학교,2,공립,N,,1.0,3.0,55.0,4.0,7.0,69.0,1.0,7.0,70.0,7.0,3.0,69.0,0.0,4.0,76.0,1.0,1.0,62.0,14.0,25.0,401.0
경기도교육청,경기도고양교육지원청,경기도 고양시 일산서구,S090000994,문화초등학교,2,공립,N,,6.0,4.0,82.0,7.0,4.0,123.0,14.0,7.0,125.0,10.0,10.0,156.0,18.0,5.0,168.0,8.0,7.0,172.0,63.0,37.0,826.0
경기도교육청,경기도고양교육지원청,경기도 고양시 일산동구,S090000995,백마초등학교,2,공립,N,,4.0,4.0,78.0,6.0,3.0,69.0,17.0,9.0,113.0,14.0,3.0,122.0,10.0,4.0,138.0,7.0,4.0,114.0,58.0,27.0,634.0
경기도교육청,경기도고양교육지원청,경기도 고양시 일산동구,S090000998,백신초등학교,2,공립,N,,6.0,6.0,82.0,3.0,9.0,77.0,6.0,3.0,82.0,11.0,8.0,81.0,6.0,8.0,90.0,2.0,4.0,80.0,34.0,38.0,492.0
경기도교육청,경기도고양교육지원청,경기도 고양시 덕양구,S090000999,백양초등학교,2,공립,N,,1.0,0.0,42.0,2.0,5.0,39.0,2.0,5.0,48.0,3.0,7.0,48.0,0.0,2.0,47.0,0.0,3.0,49.0,8.0,22.0,273.0
경기도교육청,경기도고양교육지원청,경기도 고양시 일산동구,S090001000,벽제초등학교,2,공립,N,,2.0,9.0,59.0,1.0,1.0,42.0,4.0,9.0,52.0,4.0,10.0,61.0,4.0,10.0,47.0,2.0,4.0,62.0,17.0,43.0,323.0
경기도교육청,경기도고양교육지원청,경기도 고양시 덕양구,S090001001,삼송초등학교,2,공립,N,,10.0,7.0,175.0,12.0,21.0,208.0,9.0,18.0,206.0,10.0,21.0,208.0,9.0,14.0,189.0,4.0,11.0,160.0,54.0,92.0,1146.0
경기도교육청,경기도고양교육지원청,경기도 고양시 일산서구,S090001002,상탄초등학교,2,공립,N,,10.0,15.0,153.0,12.0,23.0,142.0,11.0,25.0,170.0,19.0,27.0,162.0,18.0,20.0,170.0,13.0,20.0,164.0,83.0,130.0,961.0
경기도교육청,경기도고양교육지원청,경기도 고양시 덕양구,S090001003,성라초등학교,2,공립,N,,1.0,2.0,85.0,2.0,4.0,73.0,6.0,4.0,76.0,3.0,4.0,91.0,1.0,8.0,77.0,2.0,4.0,82.0,15.0,26.0,484.0
경기도교육청,경기도고양교육지원청,경기도 고양시 덕양구,S090001004,성사초등학교,2,공립,N,,3.0,4.0,114.0,9.0,12.0,127.0,10.0,16.0,156.0,9.0,13.0,142.0,5.0,15.0,138.0,6.0,6.0,152.0,42.0,66.0,829.0
경기도교육청,경기도고양교육지원청,경기도 고양시 일산동구,S090001005,성석초등학교,2,공립,N,,0.0,3.0,16.0,0.0,1.0,14.0,1.0,1.0,16.0,0.0,4.0,22.0,2.0,0.0,21.0,1.0,3.0,15.0,4.0,12.0,104.0
경기도교육청,경기도고양교육지원청,경기도 고양시 덕양구,S090001006,성신초등학교,2,공립,N,,0.0,4.0,76.0,4.0,9.0,85.0,5.0,7.0,127.0,1.0,7.0,98.0,7.0,6.0,116.0,1.0,2.0,103.0,18.0,35.0,605.0
경기도교육청,경기도고양교육지원청,경기도 고양시 일산서구,S090001007,성저초등학교,2,공립,N,,4.0,2.0,53.0,7.0,7.0,59.0,6.0,6.0,68.0,7.0,7.0,58.0,6.0,6.0,64.0,4.0,1.0,65.0,34.0,29.0,367.0
경기도교육청,경기도고양교육지원청,경기도 고양시 덕양구,S090001008,소만초등학교,2,공립,N,,2.0,5.0,56.0,0.0,4.0,52.0,3.0,5.0,60.0,3.0,1.0,72.0,0.0,2.0,63.0,0.0,4.0,76.0,8.0,21.0,379.0
경기도교육청,경기도고양교육지원청,경기도 고양시 일산서구,S090001009,송포초등학교,2,공립,N,,3.0,4.0,67.0,4.0,6.0,86.0,4.0,7.0,99.0,5.0,4.0,85.0,2.0,7.0,89.0,2.0,3.0,86.0,20.0,31.0,512.0
경기도교육청,경기도고양교육지원청,경기도 고양시 일산동구,S090001010,일산은행초등학교,2,공립,N,,4.0,2.0,51.0,2.0,5.0,41.0,4.0,4.0,54.0,1.0,2.0,50.0,2.0,5.0,52.0,1.0,3.0,48.0,14.0,21.0,296.0
경기도교육청,경기도고양교육지원청,경기도 고양시 덕양구,S090001011,신능초등학교,2,공립,N,,1.0,1.0,33.0,3.0,1.0,32.0,1.0,7.0,39.0,0.0,3.0,41.0,0.0,1.0,35.0,0.0,3.0,36.0,5.0,16.0,216.0
경기도교육청,경기도고양교육지원청,경기도 고양시 덕양구,S090001012,신원초등학교,2,공립,N,,5.0,12.0,254.0,19.0,19.0,242.0,16.0,27.0,259.0,18.0,19.0,260.0,12.0,14.0,216.0,15.0,11.0,216.0,85.0,102.0,1447.0
경기도교육청,경기도고양교육지원청,경기도 고양시 일산서구,S090001014,신촌초등학교,2,공립,N,,9.0,3.0,69.0,3.0,2.0,60.0,8.0,9.0,94.0,12.0,0.0,88.0,5.0,8.0,127.0,3.0,2.0,117.0,40.0,24.0,555.0
경기도교육청,경기도고양교육지원청,경기도 고양시 일산동구,S090001015,안곡초등학교,2,공립,N,,6.0,5.0,91.0,7.0,12.0,79.0,6.0,8.0,90.0,6.0,13.0,70.0,6.0,15.0,105.0,2.0,6.0,80.0,33.0,59.0,515.0
경기도교육청,경기도고양교육지원청,경기도 고양시 일산서구,S090001016,오마초등학교,2,공립,N,,23.0,5.0,156.0,14.0,8.0,173.0,35.0,5.0,246.0,25.0,6.0,229.0,18.0,8.0,234.0,10.0,10.0,269.0,125.0,42.0,1307.0
경기도교육청,경기도고양교육지원청,경기도 고양시 덕양구,S090001017,용두초등학교,2,공립,N,,0.0,0.0,11.0,1.0,1.0,4.0,3.0,3.0,8.0,2.0,0.0,12.0,0.0,2.0,5.0,1.0,2.0,6.0,7.0,8.0,46.0
경기도교육청,경기도고양교육지원청,경기도 고양시 덕양구,S090001018,용정초등학교,2,공립,N,,0.0,0.0,23.0,2.0,4.0,22.0,2.0,1.0,40.0,2.0,2.0,24.0,2.0,0.0,33.0,1.0,1.0,36.0,9.0,8.0,178.0
경기도교육청,경기도고양교육지원청,경기도 고양시 덕양구,S090001019,원당초등학교,2,공립,N,,1.0,2.0,72.0,5.0,8.0,64.0,0.0,7.0,89.0,2.0,9.0,82.0,3.0,8.0,93.0,5.0,9.0,103.0,16.0,43.0,503.0
경기도교육청,경기도고양교육지원청,경기도 고양시 일산동구,S090001020,원중초등학교,2,공립,N,,7.0,7.0,194.0,20.0,12.0,184.0,13.0,7.0,185.0,15.0,6.0,172.0,14.0,10.0,215.0,7.0,6.0,211.0,76.0,48.0,1161.0
경기도교육청,경기도고양교육지원청,경기도 고양시 일산동구,S090001021,율동초등학교,2,공립,N,,3.0,2.0,39.0,4.0,3.0,48.0,6.0,2.0,48.0,6.0,7.0,49.0,4.0,2.0,54.0,2.0,7.0,72.0,25.0,23.0,310.0
경기도교육청,경기도고양교육지원청,경기도 고양시 일산서구,S090001023,일산초등학교,2,공립,N,,1.0,3.0,47.0,1.0,2.0,50.0,4.0,5.0,43.0,3.0,3.0,53.0,2.0,5.0,54.0,2.0,0.0,58.0,13.0,18.0,305.0
경기도교육청,경기도고양교육지원청,경기도 고양시 일산서구,S090001024,장성초등학교,2,공립,N,,6.0,6.0,43.0,1.0,3.0,54.0,6.0,8.0,62.0,6.0,8.0,62.0,4.0,5.0,51.0,2.0,5.0,74.0,25.0,35.0,346.0
경기도교육청,경기도고양교육지원청,경기도 고양시 일산서구,S090001025,장촌초등학교,2,공립,N,,4.0,1.0,48.0,3.0,1.0,41.0,3.0,1.0,36.0,1.0,1.0,47.0,2.0,2.0,46.0,2.0,2.0,31.0,15.0,8.0,249.0
경기도교육청,경기도고양교육지원청,경기도 고양시 일산동구,S090001026,저동초등학교,2,공립,N,,3.0,6.0,49.0,4.0,7.0,73.0,10.0,10.0,77.0,3.0,5.0,71.0,5.0,4.0,86.0,7.0,7.0,93.0,32.0,39.0,449.0
경기도교육청,경기도고양교육지원청,경기도 고양시 일산동구,S090001027,정발초등학교,2,공립,N,,11.0,5.0,145.0,10.0,6.0,161.0,18.0,9.0,187.0,25.0,5.0,185.0,18.0,13.0,220.0,17.0,8.0,202.0,99.0,46.0,1100.0
경기도교육청,경기도고양교육지원청,경기도 고양시 일산서구,S090001028,주엽초등학교,2,공립,N,,3.0,3.0,56.0,1.0,6.0,57.0,6.0,7.0,81.0,9.0,8.0,86.0,2.0,5.0,102.0,3.0,4.0,95.0,24.0,33.0,477.0
경기도교육청,경기도고양교육지원청,경기도 고양시 일산동구,S090001029,중산초등학교,2,공립,N,,4.0,3.0,74.0,10.0,6.0,67.0,5.0,4.0,77.0,8.0,4.0,91.0,7.0,5.0,77.0,1.0,6.0,78.0,35.0,28.0,464.0
경기도교육청,경기도고양교육지원청,경기도 고양시 덕양구,S090001030,지도초등학교,2,공립,N,,3.0,7.0,113.0,2.0,12.0,113.0,3.0,14.0,123.0,5.0,4.0,116.0,3.0,12.0,141.0,1.0,6.0,119.0,17.0,55.0,725.0
경기도교육청,경기도고양교육지원청,경기도 고양시 덕양구,S090001032,토당초등학교,2,공립,N,,1.0,0.0,51.0,0.0,4.0,38.0,1.0,5.0,34.0,7.0,7.0,56.0,2.0,2.0,49.0,3.0,3.0,49.0,14.0,21.0,277.0
경기도교육청,경기도고양교육지원청,경기도 고양시 일산동구,S090001033,풍산초등학교,2,공립,N,,7.0,3.0,114.0,7.0,10.0,126.0,5.0,4.0,155.0,7.0,10.0,150.0,5.0,6.0,177.0,4.0,6.0,136.0,35.0,39.0,858.0
경기도교육청,경기도고양교육지원청,경기도 고양시 일산서구,S090001034,한수초등학교,2,공립,N,,3.0,6.0,73.0,8.0,6.0,92.0,10.0,7.0,106.0,11.0,5.0,110.0,8.0,7.0,113.0,1.0,3.0,117.0,41.0,34.0,611.0
경기도교육청,경기도고양교육지원청,경기도 고양시 덕양구,S090001035,행남초등학교,2,공립,N,,1.0,5.0,45.0,2.0,4.0,37.0,0.0,3.0,40.0,1.0,3.0,36.0,0.0,2.0,30.0,0.0,1.0,35.0,4.0,18.0,223.0
경기도교육청,경기도고양교육지원청,경기도 고양시 덕양구,S090001036,행신초등학교,2,공립,N,,1.0,1.0,67.0,3.0,9.0,64.0,0.0,10.0,50.0,2.0,12.0,56.0,6.0,5.0,62.0,1.0,6.0,90.0,13.0,43.0,389.0
경기도교육청,경기도고양교육지원청,경기도 고양시 덕양구,S090001037,행주초등학교,2,공립,N,,1.0,2.0,9.0,1.0,3.0,14.0,0.0,1.0,8.0,0.0,1.0,11.0,0.0,1.0,14.0,1.0,0.0,9.0,3.0,8.0,65.0
경기도교육청,경기도고양교육지원청,경기도 고양시 일산서구,S090001038,현산초등학교,2,공립,N,,4.0,11.0,118.0,3.0,14.0,140.0,11.0,15.0,138.0,11.0,6.0,144.0,9.0,9.0,148.0,2.0,11.0,136.0,40.0,66.0,824.0
경기도교육청,경기도고양교육지원청,경기도 고양시 일산서구,S090001039,호곡초등학교,2,공립,N,,10.0,6.0,191.0,9.0,11.0,213.0,10.0,14.0,253.0,11.0,14.0,216.0,8.0,6.0,210.0,7.0,11.0,182.0,55.0,62.0,1265.0
경기도교육청,경기도고양교육지원청,경기도 고양시 일산동구,S090001040,호수초등학교,2,공립,N,,3.0,6.0,64.0,9.0,7.0,68.0,4.0,12.0,90.0,7.0,5.0,79.0,4.0,9.0,87.0,3.0,3.0,77.0,30.0,42.0,465.0
경기도교육청,경기도고양교육지원청,경기도 고양시 덕양구,S090001041,화중초등학교,2,공립,N,,3.0,1.0,65.0,2.0,3.0,74.0,6.0,8.0,82.0,4.0,2.0,93.0,5.0,3.0,83.0,5.0,5.0,87.0,25.0,22.0,484.0
경기도교육청,경기도고양교육지원청,경기도 고양시 일산서구,S090001042,황룡초등학교,2,공립,N,,0.0,2.0,47.0,7.0,2.0,57.0,4.0,3.0,85.0,4.0,4.0,69.0,2.0,4.0,75.0,2.0,2.0,63.0,19.0,17.0,396.0
경기도교육청,경기도고양교육지원청,경기도 고양시 덕양구,S090001043,흥도초등학교,2,공립,N,,4.0,5.0,257.0,4.0,11.0,235.0,12.0,12.0,259.0,7.0,13.0,266.0,7.0,17.0,228.0,7.0,12.0,202.0,41.0,70.0,1447.0
경기도교육청,경기도광명교육지원청,경기도 광명시,S090001199,가림초등학교,2,공립,N,,2.0,10.0,98.0,1.0,7.0,76.0,3.0,12.0,103.0,2.0,6.0,94.0,1.0,7.0,84.0,2.0,12.0,77.0,11.0,54.0,532.0
경기도교육청,경기도광명교육지원청,경기도 광명시,S090001201,광명광덕초등학교,2,공립,N,,11.0,6.0,116.0,22.0,2.0,100.0,22.0,8.0,137.0,14.0,11.0,97.0,18.0,11.0,126.0,16.0,7.0,105.0,103.0,45.0,681.0
경기도교육청,경기도광명교육지원청,경기도 광명시,S090001202,광명광성초등학교,2,공립,N,,8.0,4.0,114.0,8.0,10.0,121.0,9.0,17.0,154.0,9.0,13.0,169.0,1.0,7.0,135.0,5.0,14.0,150.0,40.0,65.0,843.0
경기도교육청,경기도광명교육지원청,경기도 광명시,S090001203,광명남초등학교,2,공립,N,,16.0,12.0,97.0,19.0,1.0,47.0,20.0,4.0,59.0,16.0,8.0,78.0,14.0,2.0,53.0,12.0,0.0,78.0,97.0,27.0,412.0
경기도교육청,경기도광명교육지원청,경기도 광명시,S090001204,광명동초등학교,2,공립,N,,0.0,0.0,8.0,0.0,5.0,17.0,0.0,2.0,17.0,0.0,13.0,28.0,1.0,2.0,32.0,0.0,7.0,32.0,1.0,29.0,134.0
경기도교육청,경기도광명교육지원청,경기도 광명시,S090001205,광명북초등학교,2,공립,N,,2.0,5.0,101.0,3.0,17.0,130.0,0.0,23.0,163.0,2.0,17.0,159.0,3.0,19.0,146.0,0.0,15.0,158.0,10.0,96.0,857.0
경기도교육청,경기도광명교육지원청,경기도 광명시,S090001206,광명서초등학교,2,공립,N,,4.0,4.0,118.0,3.0,7.0,101.0,8.0,11.0,119.0,7.0,14.0,94.0,3.0,5.0,110.0,4.0,6.0,96.0,29.0,47.0,638.0
경기도교육청,경기도광명교육지원청,경기도 광명시,S090001207,광명초등학교,2,공립,N,,3.0,6.0,70.0,1.0,6.0,65.0,3.0,11.0,80.0,7.0,8.0,85.0,4.0,10.0,89.0,0.0,4.0,103.0,18.0,45.0,492.0
경기도교육청,경기도광명교육지원청,경기도 광명시,S090001208,광문초등학교,2,공립,N,,3.0,6.0,112.0,8.0,9.0,130.0,5.0,4.0,126.0,4.0,5.0,122.0,3.0,8.0,106.0,6.0,4.0,121.0,29.0,36.0,717.0
경기도교육청,경기도광명교육지원청,경기도 광명시,S090001210,광일초등학교,2,공립,N,,3.0,6.0,101.0,7.0,4.0,84.0,4.0,5.0,122.0,10.0,5.0,118.0,3.0,8.0,112.0,3.0,3.0,110.0,30.0,31.0,647.0
경기도교육청,경기도광명교육지원청,경기도 광명시,S090001212,서면초등학교,2,공립,N,,1.0,7.0,95.0,3.0,9.0,83.0,5.0,5.0,95.0,1.0,9.0,101.0,7.0,8.0,108.0,3.0,5.0,80.0,20.0,43.0,562.0
경기도교육청,경기도광명교육지원청,경기도 광명시,S090001213,소하초등학교,2,공립,N,,6.0,10.0,157.0,8.0,3.0,145.0,12.0,8.0,194.0,12.0,15.0,181.0,8.0,15.0,169.0,11.0,6.0,173.0,57.0,57.0,1019.0
경기도교육청,경기도광명교육지원청,경기도 광명시,S090001214,안서초등학교,2,공립,N,,0.0,2.0,15.0,0.0,0.0,8.0,0.0,1.0,11.0,0.0,0.0,3.0,0.0,0.0,10.0,0.0,0.0,9.0,0.0,3.0,56.0
경기도교육청,경기도광명교육지원청,경기도 광명시,S090001215,연서초등학교,2,공립,N,,1.0,3.0,64.0,2.0,6.0,72.0,7.0,5.0,69.0,3.0,4.0,76.0,3.0,2.0,71.0,5.0,4.0,61.0,21.0,24.0,413.0
경기도교육청,경기도광명교육지원청,경기도 광명시,S090001216,온신초등학교,2,공립,N,,0.0,1.0,7.0,0.0,0.0,10.0,0.0,0.0,9.0,2.0,0.0,7.0,0.0,0.0,6.0,1.0,0.0,6.0,3.0,1.0,45.0
경기도교육청,경기도광명교육지원청,경기도 광명시,S090001217,철산초등학교,2,공립,N,,15.0,3.0,230.0,17.0,16.0,248.0,19.0,26.0,306.0,19.0,9.0,268.0,10.0,17.0,267.0,11.0,13.0,262.0,91.0,84.0,1581.0
경기도교육청,경기도광명교육지원청,경기도 광명시,S090001218,하안남초등학교,2,공립,N,,1.0,2.0,52.0,3.0,3.0,46.0,2.0,5.0,60.0,4.0,6.0,69.0,2.0,4.0,65.0,3.0,12.0,88.0,15.0,32.0,380.0
경기도교육청,경기도광명교육지원청,경기도 광명시,S090001219,하안북초등학교,2,공립,N,,3.0,2.0,52.0,4.0,10.0,56.0,1.0,3.0,66.0,4.0,10.0,79.0,5.0,2.0,76.0,2.0,4.0,52.0,19.0,31.0,381.0
경기도교육청,경기도광명교육지원청,경기도 광명시,S090001220,하안초등학교,2,공립,N,,1.0,3.0,61.0,4.0,9.0,64.0,1.0,11.0,67.0,0.0,5.0,78.0,5.0,10.0,83.0,3.0,5.0,72.0,14.0,43.0,425.0
경기도교육청,경기도광명교육지원청,경기도 광명시,S090001221,하일초등학교,2,공립,N,,4.0,4.0,54.0,3.0,3.0,57.0,0.0,8.0,58.0,2.0,9.0,71.0,6.0,4.0,74.0,1.0,6.0,66.0,16.0,34.0,380.0
경기도교육청,경기도광주하남교육지원청,경기도 광주시,S090001279,경안초등학교,2,공립,N,,4.0,6.0,79.0,3.0,8.0,73.0,2.0,12.0,85.0,5.0,13.0,98.0,3.0,5.0,91.0,1.0,2.0,98.0,18.0,46.0,524.0
경기도교육청,경기도광주하남교육지원청,경기도 하남시,S090001280,고골초등학교,2,공립,N,,1.0,0.0,7.0,0.0,2.0,13.0,0.0,1.0,12.0,0.0,1.0,11.0,0.0,0.0,15.0,0.0,0.0,12.0,1.0,4.0,70.0
경기도교육청,경기도광주하남교육지원청,경기도 광주시,S090001281,곤지암초등학교,2,공립,N,,1.0,5.0,74.0,7.0,6.0,65.0,5.0,2.0,96.0,3.0,5.0,93.0,6.0,4.0,96.0,2.0,3.0,72.0,24.0,25.0,496.0
경기도교육청,경기도광주하남교육지원청,경기도 광주시,S090001282,광남초등학교,2,공립,N,,6.0,11.0,179.0,2.0,18.0,173.0,5.0,16.0,215.0,6.0,13.0,178.0,7.0,15.0,189.0,2.0,10.0,148.0,28.0,83.0,1082.0
경기도교육청,경기도광주하남교육지원청,경기도 광주시,S090001284,광주광명초등학교,2,공립,N,,9.0,22.0,274.0,15.0,145.0,253.0,15.0,124.0,272.0,21.0,112.0,249.0,13.0,81.0,196.0,18.0,68.0,181.0,91.0,552.0,1425.0
경기도교육청,경기도광주하남교육지원청,경기도 광주시,S090001285,광주매곡초등학교,2,공립,N,,8.0,17.0,228.0,18.0,15.0,201.0,27.0,24.0,252.0,15.0,14.0,228.0,12.0,18.0,236.0,11.0,6.0,217.0,91.0,94.0,1362.0
경기도교육청,경기도광주하남교육지원청,경기도 광주시,S090001286,광주초등학교,2,공립,N,,53.0,13.0,114.0,46.0,61.0,127.0,60.0,69.0,160.0,50.0,47.0,159.0,44.0,22.0,188.0,7.0,21.0,165.0,260.0,233.0,913.0
경기도교육청,경기도광주하남교육지원청,경기도 광주시,S090001288,광지원초등학교,2,공립,N,,0.0,0.0,12.0,0.0,1.0,8.0,0.0,1.0,7.0,0.0,3.0,10.0,0.0,1.0,8.0,0.0,0.0,7.0,0.0,6.0,52.0
경기도교육청,경기도광주하남교육지원청,경기도 광주시,S090001289,남한산초등학교,2,공립,N,,0.0,0.0,15.0,0.0,0.0,15.0,1.0,0.0,21.0,0.0,3.0,15.0,0.0,2.0,16.0,0.0,1.0,24.0,1.0,6.0,106.0
경기도교육청,경기도광주하남교육지원청,경기도 하남시,S090001290,덕풍초등학교,2,공립,N,,4.0,13.0,101.0,8.0,14.0,74.0,2.0,20.0,98.0,5.0,15.0,88.0,2.0,11.0,105.0,3.0,6.0,76.0,24.0,79.0,542.0
경기도교육청,경기도광주하남교육지원청,경기도 광주시,S090001291,도곡초등학교,2,공립,N,,8.0,17.0,201.0,15.0,15.0,163.0,11.0,12.0,200.0,11.0,18.0,211.0,14.0,4.0,181.0,14.0,14.0,205.0,73.0,80.0,1161.0
경기도교육청,경기도광주하남교육지원청,경기도 광주시,S090001292,도궁초등학교,2,공립,N,,3.0,1.0,12.0,1.0,3.0,13.0,0.0,1.0,10.0,2.0,1.0,16.0,0.0,4.0,18.0,1.0,0.0,16.0,7.0,10.0,85.0
경기도교육청,경기도광주하남교육지원청,경기도 광주시,S090001293,도수초등학교,2,공립,N,,12.0,3.0,125.0,15.0,5.0,92.0,8.0,8.0,121.0,16.0,4.0,126.0,10.0,17.0,99.0,8.0,5.0,107.0,69.0,42.0,670.0
경기도교육청,경기도구리남양주교육지원청,경기도 남양주시,S090001294,도심초등학교,2,공립,N,,2.0,3.0,64.0,2.0,3.0,57.0,3.0,6.0,79.0,3.0,5.0,78.0,0.0,6.0,98.0,4.0,4.0,92.0,14.0,27.0,468.0
경기도교육청,경기도광주하남교육지원청,경기도 광주시,S090001295,도척초등학교,2,공립,N,,1.0,4.0,28.0,3.0,2.0,38.0,1.0,4.0,45.0,2.0,5.0,49.0,1.0,3.0,47.0,1.0,0.0,44.0,9.0,18.0,251.0
경기도교육청,경기도광주하남교육지원청,경기도 하남시,S090001296,동부초등학교,2,공립,N,,4.0,11.0,101.0,9.0,13.0,107.0,4.0,12.0,98.0,4.0,14.0,105.0,7.0,16.0,87.0,1.0,7.0,81.0,29.0,73.0,579.0
경기도교육청,경기도광주하남교육지원청,경기도 광주시,S090001298,만선초등학교,2,공립,N,,1.0,0.0,12.0,0.0,1.0,11.0,5.0,0.0,18.0,0.0,2.0,13.0,1.0,0.0,9.0,0.0,0.0,16.0,7.0,3.0,79.0
경기도교육청,경기도광주하남교육지원청,경기도 하남시,S090001299,망월초등학교,2,공립,N,,8.0,14.0,286.0,21.0,32.0,317.0,26.0,18.0,349.0,15.0,19.0,315.0,11.0,22.0,306.0,10.0,13.0,217.0,91.0,118.0,1790.0
경기도교육청,경기도광주하남교육지원청,경기도 광주시,S090001301,번천초등학교,2,공립,N,,0.0,1.0,14.0,0.0,0.0,20.0,0.0,1.0,15.0,2.0,5.0,12.0,2.0,0.0,13.0,1.0,1.0,12.0,5.0,8.0,86.0
경기도교육청,경기도광주하남교육지원청,경기도 광주시,S090001302,분원초등학교,2,공립,N,,1.0,0.0,27.0,0.0,3.0,18.0,1.0,1.0,20.0,0.0,1.0,22.0,2.0,2.0,13.0,1.0,0.0,15.0,5.0,7.0,115.0
경기도교육청,경기도광주하남교육지원청,경기도 하남시,S090001305,산곡초등학교,2,공립,N,,0.0,1.0,20.0,0.0,4.0,11.0,1.0,5.0,27.0,0.0,0.0,11.0,1.0,0.0,16.0,0.0,0.0,21.0,2.0,10.0,106.0
경기도교육청,경기도광주하남교육지원청,경기도 광주시,S090001306,삼리초등학교,2,공립,N,,7.0,3.0,89.0,4.0,11.0,100.0,2.0,11.0,104.0,5.0,7.0,98.0,0.0,7.0,98.0,1.0,0.0,99.0,19.0,39.0,588.0
경기도교육청,경기도광주하남교육지원청,경기도 하남시,S090001307,서부초등학교,2,공립,N,,0.0,0.0,8.0,0.0,1.0,12.0,1.0,2.0,8.0,0.0,0.0,5.0,2.0,3.0,7.0,0.0,0.0,6.0,3.0,6.0,46.0
경기도교육청,경기도광주하남교육지원청,경기도 광주시,S090001308,선동초등학교,2,공립,N,,1.0,2.0,6.0,2.0,1.0,6.0,1.0,2.0,6.0,0.0,0.0,8.0,1.0,2.0,13.0,0.0,1.0,12.0,5.0,8.0,51.0
경기도교육청,경기도광주하남교육지원청,경기도 하남시,S090001309,신장초등학교,2,공립,N,,31.0,8.0,107.0,33.0,5.0,78.0,29.0,6.0,73.0,18.0,8.0,67.0,22.0,7.0,75.0,12.0,8.0,75.0,145.0,42.0,475.0
경기도교육청,경기도광주하남교육지원청,경기도 광주시,S090001310,쌍령초등학교,2,공립,N,,0.0,5.0,72.0,4.0,5.0,87.0,3.0,14.0,102.0,2.0,14.0,97.0,1.0,12.0,107.0,1.0,7.0,110.0,11.0,57.0,575.0
경기도교육청,경기도광주하남교육지원청,경기도 광주시,S090001311,오포초등학교,2,공립,N,,6.0,14.0,137.0,3.0,13.0,111.0,11.0,9.0,131.0,3.0,7.0,119.0,4.0,5.0,122.0,3.0,6.0,112.0,30.0,54.0,732.0
경기도교육청,경기도광주하남교육지원청,경기도 하남시,S090001312,창우초등학교,2,공립,N,,6.0,8.0,67.0,6.0,25.0,98.0,4.0,17.0,108.0,4.0,14.0,80.0,2.0,12.0,77.0,1.0,5.0,79.0,23.0,81.0,509.0
경기도교육청,경기도광주하남교육지원청,경기도 광주시,S090001314,초월초등학교,2,공립,N,,2.0,7.0,28.0,1.0,6.0,28.0,2.0,2.0,37.0,2.0,1.0,40.0,0.0,1.0,35.0,1.0,1.0,22.0,8.0,18.0,190.0
경기도교육청,경기도광주하남교육지원청,경기도 광주시,S090001315,탄벌초등학교,2,공립,N,,7.0,14.0,236.0,12.0,58.0,235.0,19.0,52.0,300.0,12.0,62.0,307.0,21.0,57.0,309.0,7.0,49.0,309.0,78.0,292.0,1696.0
경기도교육청,경기도광주하남교육지원청,경기도 광주시,S090001316,태전초등학교,2,공립,N,,3.0,7.0,106.0,9.0,11.0,106.0,17.0,14.0,172.0,5.0,16.0,138.0,6.0,13.0,135.0,4.0,11.0,163.0,44.0,72.0,820.0
경기도교육청,경기도광주하남교육지원청,경기도 하남시,S090001317,하남천현초등학교,2,공립,N,,3.0,8.0,39.0,2.0,9.0,49.0,1.0,6.0,54.0,3.0,1.0,49.0,7.0,2.0,46.0,2.0,3.0,50.0,18.0,29.0,287.0
경기도교육청,경기도광주하남교육지원청,경기도 하남시,S090001318,하남초등학교,2,공립,N,,6.0,3.0,79.0,4.0,11.0,89.0,8.0,8.0,88.0,6.0,9.0,101.0,6.0,14.0,119.0,4.0,8.0,95.0,34.0,53.0,571.0
경기도교육청,경기도군포의왕교육지원청,경기도 의왕시,S090001380,갈뫼초등학교,2,공립,N,,3.0,8.0,86.0,11.0,15.0,95.0,4.0,7.0,81.0,3.0,1.0,77.0,9.0,8.0,110.0,4.0,8.0,85.0,34.0,47.0,534.0
경기도교육청,경기도군포의왕교육지원청,경기도 의왕시,S090001381,고천초등학교,2,공립,N,,1.0,6.0,63.0,2.0,4.0,60.0,1.0,6.0,67.0,2.0,6.0,65.0,1.0,2.0,59.0,3.0,0.0,49.0,10.0,24.0,363.0
경기도교육청,경기도군포의왕교육지원청,경기도 군포시,S090001382,곡란초등학교,2,공립,N,,1.0,9.0,65.0,1.0,6.0,61.0,1.0,10.0,65.0,1.0,6.0,44.0,1.0,9.0,57.0,1.0,6.0,47.0,6.0,46.0,339.0
경기도교육청,경기도군포의왕교육지원청,경기도 군포시,S090001383,관모초등학교,2,공립,N,,2.0,5.0,43.0,3.0,5.0,34.0,3.0,8.0,43.0,2.0,1.0,32.0,1.0,4.0,45.0,1.0,4.0,30.0,12.0,27.0,227.0
경기도교육청,경기도군포의왕교육지원청,경기도 군포시,S090001384,광정초등학교,2,공립,N,,4.0,2.0,85.0,2.0,7.0,94.0,4.0,10.0,99.0,5.0,15.0,105.0,3.0,4.0,89.0,2.0,6.0,81.0,20.0,44.0,553.0
경기도교육청,경기도군포의왕교육지원청,경기도 군포시,S090001385,군포양정초등학교,2,공립,N,,3.0,6.0,125.0,7.0,13.0,122.0,5.0,10.0,122.0,7.0,6.0,157.0,10.0,9.0,124.0,6.0,13.0,135.0,38.0,57.0,785.0
경기도교육청,경기도군포의왕교육지원청,경기도 군포시,S090001386,군포옥천초등학교,2,공립,N,,1.0,2.0,50.0,5.0,5.0,50.0,3.0,4.0,39.0,4.0,3.0,42.0,2.0,4.0,47.0,1.0,4.0,49.0,16.0,22.0,277.0
경기도교육청,경기도군포의왕교육지원청,경기도 군포시,S090001387,군포초등학교,2,공립,N,,9.0,10.0,136.0,4.0,10.0,135.0,14.0,14.0,140.0,7.0,12.0,146.0,8.0,18.0,190.0,5.0,6.0,172.0,47.0,70.0,919.0
경기도교육청,경기도군포의왕교육지원청,경기도 군포시,S090001388,군포화산초등학교,2,공립,N,,0.0,3.0,46.0,0.0,5.0,40.0,0.0,4.0,46.0,1.0,3.0,54.0,1.0,0.0,50.0,0.0,3.0,52.0,2.0,18.0,288.0
경기도교육청,경기도군포의왕교육지원청,경기도 군포시,S090001389,궁내초등학교,2,공립,N,,4.0,1.0,99.0,12.0,6.0,102.0,10.0,4.0,86.0,14.0,11.0,111.0,6.0,4.0,95.0,5.0,12.0,126.0,51.0,38.0,619.0
경기도교육청,경기도군포의왕교육지원청,경기도 군포시,S090001390,금정초등학교,2,공립,N,,6.0,7.0,84.0,6.0,7.0,72.0,5.0,8.0,112.0,6.0,7.0,90.0,5.0,6.0,106.0,3.0,9.0,90.0,31.0,44.0,554.0
경기도교육청,경기도군포의왕교육지원청,경기도 의왕시,S090001391,내손초등학교,2,공립,N,,1.0,2.0,26.0,1.0,4.0,26.0,1.0,7.0,28.0,3.0,7.0,33.0,2.0,9.0,25.0,1.0,2.0,46.0,9.0,31.0,184.0
경기도교육청,경기도군포의왕교육지원청,경기도 군포시,S090001392,능내초등학교,2,공립,N,,3.0,3.0,97.0,5.0,5.0,102.0,5.0,8.0,94.0,3.0,2.0,78.0,3.0,6.0,116.0,6.0,4.0,86.0,25.0,28.0,573.0
경기도교육청,경기도군포의왕교육지원청,경기도 의왕시,S090001393,덕장초등학교,2,공립,N,,2.0,4.0,90.0,9.0,7.0,82.0,4.0,8.0,72.0,6.0,5.0,74.0,3.0,10.0,91.0,6.0,6.0,85.0,30.0,40.0,494.0
경기도교육청,경기도군포의왕교육지원청,경기도 군포시,S090001394,도장초등학교,2,공립,N,,0.0,1.0,19.0,1.0,5.0,21.0,0.0,5.0,15.0,1.0,4.0,19.0,0.0,7.0,26.0,0.0,1.0,31.0,2.0,23.0,131.0
경기도교육청,경기도군포의왕교육지원청,경기도 군포시,S090001395,둔대초등학교,2,공립,N,,0.0,1.0,21.0,0.0,2.0,41.0,1.0,2.0,35.0,2.0,1.0,42.0,1.0,3.0,49.0,0.0,2.0,41.0,4.0,11.0,229.0
경기도교육청,경기도군포의왕교육지원청,경기도 군포시,S090001396,둔전초등학교,2,공립,N,,2.0,6.0,117.0,1.0,10.0,132.0,6.0,6.0,130.0,1.0,14.0,150.0,3.0,7.0,140.0,4.0,3.0,136.0,17.0,46.0,805.0
경기도교육청,경기도군포의왕교육지원청,경기도 의왕시,S090001397,백운초등학교,2,공립,N,,5.0,5.0,125.0,7.0,8.0,144.0,6.0,8.0,123.0,6.0,15.0,113.0,4.0,10.0,127.0,3.0,10.0,99.0,31.0,56.0,731.0
경기도교육청,경기도군포의왕교육지원청,경기도 군포시,S090001399,산본초등학교,2,공립,N,,3.0,3.0,111.0,3.0,10.0,112.0,4.0,6.0,127.0,2.0,8.0,138.0,2.0,8.0,114.0,2.0,5.0,105.0,16.0,40.0,707.0
경기도교육청,경기도군포의왕교육지원청,경기도 군포시,S090001400,수리초등학교,2,공립,N,,2.0,2.0,30.0,3.0,0.0,31.0,6.0,8.0,37.0,3.0,3.0,42.0,3.0,3.0,47.0,4.0,1.0,28.0,21.0,17.0,215.0
경기도교육청,경기도군포의왕교육지원청,경기도 군포시,S090001401,신흥초등학교,2,공립,N,,3.0,11.0,70.0,5.0,9.0,68.0,2.0,8.0,82.0,3.0,5.0,78.0,0.0,1.0,73.0,3.0,3.0,64.0,16.0,37.0,435.0
경기도교육청,경기도군포의왕교육지원청,경기도 군포시,S090001403,오금초등학교,2,공립,N,,3.0,6.0,59.0,0.0,13.0,65.0,4.0,6.0,67.0,5.0,11.0,56.0,0.0,5.0,54.0,2.0,4.0,63.0,14.0,45.0,364.0
경기도교육청,경기도군포의왕교육지원청,경기도 의왕시,S090001404,오전초등학교,2,공립,N,,0.0,10.0,43.0,3.0,4.0,40.0,3.0,3.0,48.0,2.0,5.0,43.0,1.0,2.0,72.0,2.0,3.0,58.0,11.0,27.0,304.0
경기도교육청,경기도군포의왕교육지원청,경기도 의왕시,S090001405,왕곡초등학교,2,공립,N,,4.0,0.0,69.0,3.0,3.0,57.0,3.0,3.0,65.0,4.0,9.0,57.0,1.0,2.0,68.0,0.0,7.0,59.0,15.0,24.0,375.0
경기도교육청,경기도군포의왕교육지원청,경기도 군포시,S090001406,용호초등학교,2,공립,N,,0.0,2.0,48.0,1.0,4.0,54.0,2.0,6.0,60.0,2.0,5.0,51.0,2.0,5.0,50.0,3.0,1.0,54.0,10.0,23.0,317.0
경기도교육청,경기도군포의왕교육지원청,경기도 의왕시,S090001407,의왕덕성초등학교,2,공립,N,,9.0,7.0,147.0,8.0,10.0,166.0,8.0,6.0,152.0,5.0,7.0,132.0,2.0,5.0,107.0,2.0,2.0,122.0,34.0,37.0,826.0
경기도교육청,경기도군포의왕교육지원청,경기도 의왕시,S090001408,의왕부곡초등학교,2,공립,N,,0.0,3.0,57.0,4.0,6.0,81.0,4.0,7.0,73.0,5.0,2.0,93.0,4.0,5.0,76.0,1.0,4.0,106.0,18.0,27.0,486.0
경기도교육청,경기도군포의왕교육지원청,경기도 의왕시,S090001409,의왕초등학교,2,공립,N,,24.0,2.0,128.0,21.0,7.0,127.0,30.0,9.0,166.0,20.0,3.0,138.0,16.0,11.0,160.0,18.0,9.0,167.0,129.0,41.0,886.0
경기도교육청,경기도군포의왕교육지원청,경기도 군포시,S090001410,태을초등학교,2,공립,N,,3.0,0.0,58.0,2.0,2.0,71.0,4.0,0.0,55.0,0.0,0.0,87.0,4.0,0.0,68.0,2.0,0.0,107.0,15.0,2.0,446.0
경기도교육청,경기도군포의왕교육지원청,경기도 군포시,S090001413,흥진초등학교,2,공립,N,,1.0,8.0,110.0,2.0,12.0,92.0,2.0,7.0,130.0,6.0,13.0,101.0,1.0,7.0,93.0,2.0,11.0,90.0,14.0,58.0,616.0
경기도교육청,경기도김포교육지원청,경기도 김포시,S090001498,감정초등학교,2,공립,N,,5.0,0.0,150.0,7.0,0.0,131.0,6.0,6.0,180.0,8.0,9.0,166.0,10.0,10.0,176.0,6.0,6.0,138.0,42.0,31.0,941.0
경기도교육청,경기도김포교육지원청,경기도 김포시,S090001499,개곡초등학교,2,공립,N,,11.0,1.0,12.0,0.0,7.0,18.0,4.0,0.0,16.0,3.0,5.0,17.0,3.0,0.0,14.0,0.0,0.0,9.0,21.0,13.0,86.0
경기도교육청,경기도김포교육지원청,경기도 김포시,S090001501,고창초등학교,2,공립,N,,10.0,5.0,123.0,12.0,11.0,108.0,11.0,17.0,123.0,7.0,7.0,95.0,10.0,8.0,110.0,7.0,5.0,122.0,57.0,53.0,681.0
경기도교육청,경기도김포교육지원청,경기도 김포시,S090001502,고촌초등학교,2,공립,N,,6.0,4.0,72.0,4.0,2.0,85.0,8.0,10.0,110.0,9.0,6.0,107.0,5.0,6.0,101.0,2.0,11.0,89.0,34.0,39.0,564.0
경기도교육청,경기도김포교육지원청,경기도 김포시,S090001503,금란초등학교,2,공립,N,,3.0,0.0,21.0,3.0,2.0,24.0,3.0,2.0,31.0,1.0,1.0,17.0,3.0,3.0,29.0,4.0,2.0,24.0,17.0,10.0,146.0
경기도교육청,경기도김포교육지원청,경기도 김포시,S090001504,금성초등학교,2,공립,N,,1.0,1.0,6.0,1.0,1.0,11.0,3.0,3.0,12.0,2.0,1.0,12.0,1.0,3.0,11.0,0.0,1.0,11.0,8.0,10.0,63.0
경기도교육청,경기도김포교육지원청,경기도 김포시,S090001505,금파초등학교,2,공립,N,,1.0,3.0,72.0,2.0,4.0,91.0,7.0,8.0,127.0,6.0,4.0,104.0,6.0,4.0,130.0,8.0,3.0,130.0,30.0,26.0,654.0
경기도교육청,경기도김포교육지원청,경기도 김포시,S090001506,양도초등학교,2,공립,N,,6.0,3.0,106.0,6.0,11.0,109.0,6.0,14.0,155.0,7.0,5.0,138.0,9.0,5.0,140.0,7.0,4.0,152.0,41.0,42.0,800.0
경기도교육청,경기도김포교육지원청,경기도 김포시,S090001507,김포대명초등학교,2,공립,N,,0.0,0.0,9.0,4.0,0.0,9.0,1.0,0.0,9.0,0.0,4.0,6.0,3.0,0.0,13.0,0.0,0.0,9.0,8.0,4.0,55.0
경기도교육청,경기도김포교육지원청,경기도 김포시,S090001508,김포서초등학교,2,공립,N,,1.0,4.0,84.0,5.0,12.0,94.0,4.0,7.0,108.0,7.0,5.0,108.0,2.0,6.0,103.0,4.0,6.0,102.0,23.0,40.0,599.0
경기도교육청,경기도김포교육지원청,경기도 김포시,S090001509,김포초등학교,2,공립,N,,5.0,1.0,45.0,4.0,2.0,35.0,5.0,3.0,74.0,6.0,4.0,51.0,4.0,6.0,49.0,5.0,5.0,48.0,29.0,21.0,302.0
경기도교육청,경기도김포교육지원청,경기도 김포시,S090001512,대곶초등학교,2,공립,N,,2.0,2.0,13.0,4.0,2.0,15.0,3.0,2.0,17.0,3.0,5.0,36.0,7.0,1.0,25.0,1.0,1.0,23.0,20.0,13.0,129.0
경기도교육청,경기도김포교육지원청,경기도 김포시,S090001514,마송초등학교,2,공립,N,,3.0,1.0,32.0,2.0,3.0,33.0,2.0,2.0,21.0,6.0,0.0,35.0,7.0,2.0,38.0,9.0,0.0,32.0,29.0,8.0,191.0
경기도교육청,경기도김포교육지원청,경기도 김포시,S090001516,사우초등학교,2,공립,N,,3.0,5.0,124.0,1.0,3.0,118.0,5.0,7.0,142.0,8.0,6.0,135.0,7.0,10.0,156.0,4.0,4.0,149.0,28.0,35.0,824.0
경기도교육청,경기도김포교육지원청,경기도 김포시,S090001517,서암초등학교,2,공립,N,,3.0,2.0,20.0,2.0,3.0,31.0,6.0,6.0,40.0,0.0,4.0,38.0,2.0,2.0,43.0,0.0,4.0,40.0,13.0,21.0,212.0
경기도교육청,경기도김포교육지원청,경기도 김포시,S090001518,석정초등학교,2,공립,N,,3.0,0.0,12.0,0.0,1.0,7.0,3.0,0.0,14.0,3.0,0.0,10.0,1.0,0.0,12.0,0.0,0.0,11.0,10.0,1.0,66.0
경기도교육청,경기도김포교육지원청,경기도 김포시,S090001519,수남초등학교,2,공립,N,,0.0,2.0,16.0,0.0,0.0,11.0,2.0,2.0,19.0,1.0,3.0,12.0,1.0,1.0,9.0,2.0,0.0,17.0,6.0,8.0,84.0
경기도교육청,경기도김포교육지원청,경기도 김포시,S090001520,양곡초등학교,2,공립,N,,4.0,1.0,64.0,7.0,5.0,63.0,8.0,8.0,76.0,8.0,7.0,71.0,7.0,3.0,68.0,5.0,3.0,57.0,39.0,27.0,399.0
경기도교육청,경기도김포교육지원청,경기도 김포시,S090001521,옹정초등학교,2,공립,N,,1.0,1.0,12.0,0.0,0.0,9.0,2.0,0.0,18.0,0.0,0.0,19.0,1.0,0.0,9.0,0.0,0.0,9.0,4.0,1.0,76.0
경기도교육청,경기도김포교육지원청,경기도 김포시,S090001522,운양초등학교,2,공립,N,,6.0,9.0,214.0,7.0,14.0,242.0,11.0,17.0,224.0,4.0,12.0,212.0,8.0,16.0,200.0,4.0,6.0,184.0,40.0,74.0,1276.0
경기도교육청,경기도김포교육지원청,경기도 김포시,S090001523,월곶초등학교,2,공립,N,,0.0,0.0,14.0,1.0,2.0,16.0,0.0,0.0,8.0,0.0,0.0,15.0,0.0,0.0,17.0,0.0,0.0,21.0,1.0,2.0,91.0
경기도교육청,경기도김포교육지원청,경기도 김포시,S090001525,유현초등학교,2,공립,N,,9.0,11.0,282.0,10.0,20.0,232.0,21.0,13.0,288.0,8.0,15.0,268.0,24.0,10.0,261.0,11.0,10.0,245.0,83.0,79.0,1576.0
경기도교육청,경기도김포교육지원청,경기도 김포시,S090001527,풍무초등학교,2,공립,N,,6.0,9.0,171.0,9.0,10.0,172.0,10.0,18.0,183.0,11.0,7.0,218.0,11.0,13.0,197.0,6.0,5.0,159.0,53.0,62.0,1100.0
경기도교육청,경기도김포교육지원청,경기도 김포시,S090001528,하성초등학교,2,공립,N,,1.0,1.0,18.0,2.0,0.0,15.0,1.0,2.0,25.0,4.0,2.0,29.0,3.0,0.0,18.0,1.0,1.0,27.0,12.0,6.0,132.0
경기도교육청,경기도김포교육지원청,경기도 김포시,S090001529,학운초등학교,2,공립,N,,2.0,4.0,42.0,4.0,8.0,55.0,1.0,13.0,56.0,4.0,11.0,50.0,1.0,5.0,49.0,2.0,7.0,46.0,14.0,48.0,298.0
경기도교육청,경기도구리남양주교육지원청,경기도 남양주시,S090001600,가곡초등학교,2,공립,N,,11.0,10.0,107.0,3.0,8.0,73.0,16.0,6.0,76.0,12.0,10.0,88.0,3.0,12.0,88.0,5.0,1.0,62.0,50.0,47.0,494.0
경기도교육청,경기도구리남양주교육지원청,경기도 남양주시,S090001601,가양초등학교,2,공립,N,,1.0,0.0,4.0,0.0,0.0,6.0,3.0,3.0,10.0,1.0,3.0,18.0,2.0,3.0,11.0,1.0,1.0,10.0,8.0,10.0,59.0
경기도교육청,경기도구리남양주교육지원청,경기도 구리시,S090001603,갈매초등학교,2,공립,N,,6.0,11.0,269.0,2.0,17.0,255.0,17.0,20.0,248.0,10.0,22.0,228.0,5.0,9.0,187.0,3.0,14.0,147.0,43.0,93.0,1334.0
경기도교육청,경기도구리남양주교육지원청,경기도 남양주시,S090001604,광릉초등학교,2,공립,N,,1.0,3.0,57.0,3.0,5.0,50.0,4.0,4.0,50.0,4.0,12.0,56.0,5.0,4.0,49.0,2.0,3.0,64.0,19.0,31.0,326.0
경기도교육청,경기도구리남양주교육지원청,경기도 구리시,S090001605,교문초등학교,2,공립,N,,3.0,3.0,60.0,5.0,3.0,75.0,6.0,7.0,82.0,3.0,3.0,80.0,4.0,4.0,79.0,4.0,3.0,91.0,25.0,23.0,467.0
경기도교육청,경기도구리남양주교육지원청,경기도 구리시,S090001606,구리초등학교,2,공립,N,,6.0,5.0,67.0,11.0,5.0,43.0,1.0,8.0,65.0,9.0,8.0,66.0,8.0,4.0,72.0,6.0,3.0,79.0,41.0,33.0,392.0
경기도교육청,경기도구리남양주교육지원청,경기도 구리시,S090001607,구지초등학교,2,공립,N,,4.0,3.0,101.0,7.0,6.0,115.0,8.0,10.0,136.0,3.0,4.0,129.0,4.0,11.0,153.0,1.0,8.0,125.0,27.0,42.0,759.0
경기도교육청,경기도구리남양주교육지원청,경기도 남양주시,S090001608,금교초등학교,2,공립,N,,5.0,9.0,103.0,6.0,7.0,97.0,4.0,8.0,106.0,3.0,7.0,102.0,5.0,4.0,101.0,4.0,8.0,130.0,27.0,43.0,639.0
경기도교육청,경기도구리남양주교육지원청,경기도 남양주시,S090001609,금남초등학교,2,공립,N,,0.0,0.0,17.0,1.0,2.0,17.0,1.0,1.0,10.0,0.0,2.0,11.0,0.0,0.0,7.0,1.0,0.0,3.0,3.0,5.0,65.0
경기도교육청,경기도구리남양주교육지원청,경기도 남양주시,S090001611,남양주금곡초등학교,2,공립,N,,0.0,3.0,41.0,5.0,5.0,41.0,6.0,7.0,60.0,4.0,3.0,48.0,2.0,7.0,62.0,1.0,3.0,48.0,18.0,28.0,300.0
경기도교육청,경기도구리남양주교육지원청,경기도 남양주시,S090001612,남양주도곡초등학교,2,공립,N,,1.0,9.0,75.0,5.0,4.0,88.0,6.0,5.0,106.0,5.0,4.0,95.0,5.0,8.0,94.0,4.0,7.0,134.0,26.0,37.0,592.0
경기도교육청,경기도구리남양주교육지원청,경기도 남양주시,S090001613,남양주동곡초등학교,2,공립,N,,1.0,2.0,41.0,3.0,8.0,33.0,2.0,8.0,43.0,1.0,1.0,43.0,2.0,6.0,40.0,0.0,2.0,35.0,9.0,27.0,235.0
경기도교육청,경기도구리남양주교육지원청,경기도 남양주시,S090001614,남양주미금초등학교,2,공립,N,,5.0,8.0,109.0,10.0,12.0,99.0,11.0,11.0,117.0,11.0,7.0,99.0,4.0,10.0,112.0,9.0,5.0,98.0,50.0,53.0,634.0
경기도교육청,경기도구리남양주교육지원청,경기도 남양주시,S090001615,남양주송라초등학교,2,공립,N,,8.0,6.0,142.0,15.0,12.0,145.0,14.0,8.0,162.0,13.0,12.0,170.0,10.0,8.0,170.0,4.0,7.0,165.0,64.0,53.0,954.0
경기도교육청,경기도구리남양주교육지원청,경기도 남양주시,S090001616,남양주송촌초등학교,2,공립,N,,0.0,1.0,10.0,0.0,1.0,8.0,0.0,1.0,16.0,2.0,0.0,23.0,1.0,0.0,11.0,0.0,0.0,12.0,3.0,3.0,80.0
경기도교육청,경기도구리남양주교육지원청,경기도 남양주시,S090001617,남양주양정초등학교,2,공립,N,,2.0,4.0,92.0,5.0,7.0,80.0,3.0,10.0,80.0,7.0,13.0,93.0,4.0,4.0,71.0,4.0,3.0,86.0,25.0,41.0,502.0
경기도교육청,경기도구리남양주교육지원청,경기도 남양주시,S090001618,남양주양지초등학교,2,공립,N,,2.0,4.0,75.0,5.0,8.0,61.0,6.0,11.0,82.0,5.0,10.0,89.0,3.0,3.0,79.0,1.0,3.0,90.0,22.0,39.0,476.0
경기도교육청,경기도구리남양주교육지원청,경기도 남양주시,S090001619,남양주월문초등학교,2,공립,N,,0.0,0.0,14.0,0.0,0.0,17.0,2.0,1.0,17.0,0.0,1.0,18.0,0.0,1.0,22.0,0.0,1.0,18.0,2.0,4.0,106.0
경기도교육청,경기도구리남양주교육지원청,경기도 구리시,S090001620,내양초등학교,2,공립,N,,1.0,2.0,10.0,0.0,1.0,9.0,2.0,0.0,11.0,0.0,0.0,9.0,0.0,0.0,7.0,1.0,0.0,7.0,4.0,3.0,53.0
경기도교육청,경기도구리남양주교육지원청,경기도 남양주시,S090001621,답내초등학교,2,공립,N,,0.0,3.0,20.0,0.0,2.0,18.0,0.0,3.0,22.0,1.0,5.0,32.0,0.0,2.0,29.0,0.0,0.0,29.0,1.0,15.0,150.0
경기도교육청,경기도구리남양주교육지원청,경기도 남양주시,S090001622,덕소초등학교,2,공립,N,,0.0,5.0,63.0,2.0,3.0,58.0,0.0,6.0,57.0,2.0,3.0,61.0,1.0,8.0,91.0,2.0,7.0,73.0,7.0,32.0,403.0
경기도교육청,경기도구리남양주교육지원청,경기도 남양주시,S090001624,도농초등학교,2,공립,N,,9.0,5.0,86.0,5.0,4.0,97.0,10.0,15.0,149.0,7.0,11.0,122.0,12.0,9.0,141.0,6.0,8.0,143.0,49.0,52.0,738.0
경기도교육청,경기도구리남양주교육지원청,경기도 구리시,S090001625,도림초등학교,2,공립,N,,3.0,2.0,25.0,1.0,3.0,32.0,2.0,6.0,24.0,1.0,0.0,24.0,1.0,3.0,26.0,0.0,1.0,7.0,8.0,15.0,138.0
경기도교육청,경기도구리남양주교육지원청,경기도 남양주시,S090001626,도제원초등학교,2,공립,N,,0.0,6.0,95.0,5.0,5.0,102.0,4.0,10.0,117.0,6.0,11.0,105.0,1.0,8.0,102.0,3.0,5.0,102.0,19.0,45.0,623.0
경기도교육청,경기도구리남양주교육지원청,경기도 구리시,S090001627,동구초등학교,2,공립,N,,3.0,2.0,56.0,4.0,6.0,52.0,4.0,5.0,78.0,0.0,4.0,84.0,3.0,7.0,74.0,1.0,5.0,73.0,15.0,29.0,417.0
경기도교육청,경기도구리남양주교육지원청,경기도 구리시,S090001628,동인초등학교,2,공립,N,,10.0,7.0,170.0,11.0,12.0,174.0,9.0,16.0,203.0,7.0,13.0,184.0,1.0,9.0,184.0,4.0,10.0,218.0,42.0,67.0,1133.0
경기도교육청,경기도구리남양주교육지원청,경기도 남양주시,S090001629,마석초등학교,2,공립,N,,6.0,9.0,117.0,13.0,12.0,107.0,17.0,14.0,140.0,16.0,13.0,141.0,12.0,16.0,146.0,7.0,5.0,136.0,71.0,69.0,787.0
경기도교육청,경기도구리남양주교육지원청,경기도 구리시,S090001632,백문초등학교,2,공립,N,,3.0,10.0,129.0,6.0,15.0,149.0,9.0,13.0,143.0,6.0,8.0,148.0,8.0,9.0,167.0,6.0,4.0,156.0,38.0,59.0,892.0
경기도교육청,경기도구리남양주교육지원청,경기도 남양주시,S090001634,별내초등학교,2,공립,N,,5.0,4.0,113.0,4.0,5.0,133.0,9.0,8.0,157.0,10.0,9.0,157.0,14.0,7.0,170.0,6.0,9.0,170.0,48.0,42.0,900.0
경기도교육청,경기도구리남양주교육지원청,경기도 구리시,S090001635,부양초등학교,2,공립,N,,4.0,0.0,73.0,6.0,6.0,86.0,7.0,2.0,104.0,3.0,6.0,94.0,7.0,14.0,114.0,4.0,2.0,104.0,31.0,30.0,575.0
경기도교육청,경기도구리남양주교육지원청,경기도 남양주시,S090001638,수동초등학교,2,공립,N,,1.0,3.0,16.0,1.0,1.0,20.0,0.0,1.0,23.0,0.0,0.0,19.0,1.0,0.0,23.0,1.0,0.0,23.0,4.0,5.0,124.0
경기도교육청,경기도구리남양주교육지원청,경기도 남양주시,S090001639,수동초등학교송천분교장,2,공립,N,,1.0,0.0,8.0,1.0,0.0,16.0,1.0,1.0,7.0,1.0,2.0,14.0,0.0,0.0,15.0,1.0,2.0,17.0,5.0,5.0,77.0
경기도교육청,경기도구리남양주교육지원청,경기도 구리시,S090001640,수택초등학교,2,공립,N,,1.0,6.0,83.0,3.0,6.0,63.0,6.0,5.0,84.0,1.0,5.0,74.0,4.0,4.0,78.0,3.0,6.0,96.0,18.0,32.0,478.0
경기도교육청,경기도구리남양주교육지원청,경기도 남양주시,S090001641,심석초등학교,2,사립,N,,4.0,8.0,90.0,8.0,5.0,91.0,13.0,12.0,90.0,9.0,9.0,81.0,5.0,3.0,58.0,1.0,3.0,62.0,40.0,40.0,472.0
경기도교육청,경기도구리남양주교육지원청,경기도 남양주시,S090001644,오남초등학교,2,공립,N,,3.0,0.0,46.0,2.0,2.0,39.0,0.0,2.0,57.0,0.0,1.0,56.0,4.0,0.0,61.0,0.0,0.0,74.0,9.0,5.0,333.0
경기도교육청,경기도구리남양주교육지원청,경기도 남양주시,S090001645,와부초등학교,2,공립,N,,1.0,2.0,128.0,6.0,11.0,133.0,7.0,9.0,171.0,9.0,13.0,200.0,15.0,9.0,209.0,8.0,11.0,188.0,46.0,55.0,1029.0
경기도교육청,경기도구리남양주교육지원청,경기도 남양주시,S090001646,용신초등학교,2,공립,N,,2.0,1.0,30.0,2.0,3.0,36.0,2.0,5.0,42.0,4.0,3.0,42.0,3.0,3.0,52.0,2.0,1.0,57.0,15.0,16.0,259.0
경기도교육청,경기도구리남양주교육지원청,경기도 구리시,S090001648,인창초등학교,2,공립,N,,3.0,5.0,55.0,4.0,7.0,69.0,4.0,13.0,83.0,3.0,8.0,86.0,7.0,4.0,106.0,2.0,4.0,82.0,23.0,41.0,481.0
경기도교육청,경기도구리남양주교육지원청,경기도 남양주시,S090001649,장승초등학교,2,공립,N,,8.0,9.0,129.0,5.0,9.0,132.0,10.0,8.0,157.0,9.0,13.0,160.0,5.0,10.0,163.0,8.0,4.0,145.0,45.0,53.0,886.0
경기도교육청,경기도구리남양주교육지원청,경기도 구리시,S090001650,장자초등학교,2,공립,N,,2.0,3.0,106.0,1.0,8.0,116.0,6.0,13.0,135.0,4.0,7.0,122.0,1.0,14.0,138.0,1.0,11.0,135.0,15.0,56.0,752.0
경기도교육청,경기도구리남양주교육지원청,경기도 남양주시,S090001651,장현초등학교,2,공립,N,,4.0,5.0,112.0,6.0,14.0,100.0,7.0,7.0,140.0,10.0,11.0,112.0,6.0,6.0,126.0,6.0,7.0,136.0,39.0,50.0,726.0
경기도교육청,경기도구리남양주교육지원청,경기도 남양주시,S090001652,조안초등학교,2,공립,N,,1.0,2.0,10.0,1.0,0.0,11.0,0.0,0.0,20.0,0.0,0.0,11.0,0.0,1.0,9.0,0.0,2.0,21.0,2.0,5.0,82.0
경기도교육청,경기도구리남양주교육지원청,경기도 남양주시,S090001653,진건초등학교,2,공립,N,,4.0,3.0,45.0,4.0,5.0,61.0,7.0,10.0,75.0,8.0,4.0,66.0,4.0,8.0,66.0,5.0,4.0,81.0,32.0,34.0,394.0
경기도교육청,경기도구리남양주교육지원청,경기도 남양주시,S090001654,창현초등학교,2,공립,N,,8.0,7.0,126.0,7.0,7.0,128.0,4.0,10.0,147.0,6.0,13.0,142.0,5.0,14.0,165.0,3.0,8.0,146.0,33.0,59.0,854.0
경기도교육청,경기도구리남양주교육지원청,경기도 남양주시,S090001655,천마초등학교,2,공립,N,,6.0,8.0,125.0,12.0,10.0,133.0,11.0,8.0,139.0,10.0,9.0,168.0,7.0,6.0,147.0,3.0,3.0,136.0,49.0,44.0,848.0
경기도교육청,경기도구리남양주교육지원청,경기도 구리시,S090001657,토평초등학교,2,공립,N,,1.0,3.0,58.0,2.0,5.0,60.0,1.0,5.0,61.0,2.0,6.0,66.0,6.0,4.0,73.0,0.0,3.0,80.0,12.0,26.0,398.0
경기도교육청,경기도구리남양주교육지원청,경기도 남양주시,S090001658,퇴계원초등학교,2,공립,N,,5.0,5.0,62.0,2.0,5.0,71.0,3.0,8.0,85.0,6.0,5.0,123.0,7.0,7.0,106.0,2.0,5.0,98.0,25.0,35.0,545.0
경기도교육청,경기도구리남양주교육지원청,경기도 남양주시,S090001660,평내초등학교,2,공립,N,,3.0,0.0,51.0,3.0,4.0,53.0,8.0,7.0,56.0,7.0,2.0,50.0,5.0,6.0,51.0,3.0,2.0,65.0,29.0,21.0,326.0
경기도교육청,경기도구리남양주교육지원청,경기도 남양주시,S090001661,풍양초등학교,2,공립,N,,0.0,4.0,43.0,2.0,3.0,33.0,4.0,4.0,41.0,1.0,6.0,49.0,2.0,8.0,48.0,2.0,3.0,51.0,11.0,28.0,265.0
경기도교육청,경기도구리남양주교육지원청,경기도 남양주시,S090001662,호평초등학교,2,공립,N,,8.0,14.0,164.0,16.0,15.0,133.0,13.0,31.0,154.0,7.0,20.0,165.0,8.0,26.0,151.0,3.0,10.0,157.0,55.0,116.0,924.0
경기도교육청,경기도구리남양주교육지원청,경기도 남양주시,S090001663,화접초등학교,2,공립,N,,6.0,12.0,147.0,12.0,16.0,106.0,10.0,14.0,155.0,16.0,14.0,156.0,18.0,16.0,146.0,9.0,11.0,136.0,71.0,83.0,846.0
경기도교육청,경기도동두천양주교육지원청,경기도 양주시,S090001782,가납초등학교,2,공립,N,,6.0,1.0,47.0,4.0,5.0,63.0,6.0,5.0,78.0,3.0,1.0,70.0,2.0,7.0,69.0,3.0,0.0,81.0,24.0,19.0,408.0
경기도교육청,경기도동두천양주교육지원청,경기도 양주시,S090001784,고암초등학교,2,공립,N,,3.0,3.0,46.0,2.0,3.0,55.0,0.0,11.0,51.0,0.0,3.0,60.0,2.0,0.0,60.0,0.0,9.0,54.0,7.0,29.0,326.0
경기도교육청,경기도동두천양주교육지원청,경기도 양주시,S090001785,남면초등학교,2,공립,N,,2.0,0.0,27.0,3.0,1.0,31.0,1.0,5.0,31.0,0.0,1.0,17.0,2.0,1.0,30.0,1.0,3.0,24.0,9.0,11.0,160.0
경기도교육청,경기도동두천양주교육지원청,경기도 양주시,S090001786,남면초등학교양덕분교장,2,공립,N,,0.0,0.0,5.0,1.0,1.0,10.0,0.0,0.0,5.0,1.0,2.0,11.0,0.0,0.0,5.0,0.0,0.0,6.0,2.0,3.0,42.0
경기도교육청,경기도동두천양주교육지원청,경기도 양주시,S090001787,덕도초등학교,2,공립,N,,0.0,0.0,14.0,0.0,0.0,6.0,0.0,0.0,8.0,0.0,1.0,8.0,0.0,1.0,15.0,0.0,0.0,10.0,0.0,2.0,61.0
경기도교육청,경기도동두천양주교육지원청,경기도 양주시,S090001789,덕정초등학교,2,공립,N,,4.0,3.0,67.0,8.0,2.0,51.0,9.0,2.0,52.0,9.0,10.0,51.0,5.0,3.0,47.0,4.0,3.0,48.0,39.0,23.0,316.0
경기도교육청,경기도동두천양주교육지원청,경기도 동두천시,S090001791,동두천초등학교,2,공립,N,,2.0,2.0,41.0,7.0,8.0,59.0,5.0,1.0,35.0,5.0,2.0,43.0,2.0,6.0,50.0,4.0,2.0,47.0,25.0,21.0,275.0
경기도교육청,경기도동두천양주교육지원청,경기도 동두천시,S090001793,동보초등학교,2,공립,N,,0.0,0.0,26.0,5.0,2.0,23.0,4.0,2.0,23.0,9.0,1.0,23.0,1.0,3.0,36.0,1.0,4.0,28.0,20.0,12.0,159.0
경기도교육청,경기도동두천양주교육지원청,경기도 동두천시,S090001795,보산초등학교,2,공립,N,,1.0,2.0,38.0,7.0,4.0,49.0,2.0,3.0,33.0,4.0,2.0,36.0,3.0,7.0,38.0,1.0,2.0,30.0,18.0,20.0,224.0
경기도교육청,경기도동두천양주교육지원청,경기도 양주시,S090001796,봉암초등학교,2,공립,N,,0.0,1.0,10.0,3.0,1.0,8.0,0.0,1.0,6.0,0.0,0.0,5.0,0.0,1.0,8.0,0.0,1.0,6.0,3.0,5.0,43.0
경기도교육청,경기도동두천양주교육지원청,경기도 동두천시,S090001797,사동초등학교,2,공립,N,,3.0,3.0,76.0,2.0,5.0,69.0,6.0,7.0,77.0,2.0,7.0,92.0,5.0,7.0,101.0,3.0,0.0,89.0,21.0,29.0,504.0
경기도교육청,경기도동두천양주교육지원청,경기도 양주시,S090001798,산북초등학교,2,공립,N,,1.0,1.0,7.0,2.0,0.0,9.0,3.0,4.0,15.0,0.0,0.0,10.0,0.0,2.0,14.0,0.0,0.0,7.0,6.0,7.0,62.0
경기도교육청,경기도동두천양주교육지원청,경기도 양주시,S090001799,삼상초등학교,2,공립,N,,1.0,0.0,16.0,3.0,0.0,12.0,1.0,0.0,12.0,0.0,1.0,11.0,2.0,0.0,14.0,0.0,2.0,17.0,7.0,3.0,82.0
경기도교육청,경기도동두천양주교육지원청,경기도 양주시,S090001800,상수초등학교,2,공립,N,,2.0,0.0,11.0,1.0,3.0,19.0,1.0,1.0,16.0,0.0,3.0,15.0,1.0,1.0,20.0,1.0,2.0,10.0,6.0,10.0,91.0
경기도교육청,경기도동두천양주교육지원청,경기도 양주시,S090001801,상패초등학교,2,공립,N,,0.0,0.0,6.0,0.0,0.0,7.0,1.0,1.0,13.0,0.0,0.0,4.0,1.0,0.0,14.0,0.0,0.0,12.0,2.0,1.0,56.0
경기도교육청,경기도동두천양주교육지원청,경기도 동두천시,S090001802,생연초등학교,2,공립,N,,3.0,3.0,50.0,4.0,5.0,49.0,3.0,8.0,52.0,5.0,5.0,62.0,3.0,5.0,54.0,3.0,3.0,70.0,21.0,29.0,337.0
경기도교육청,경기도동두천양주교육지원청,경기도 동두천시,S090001803,소요초등학교,2,공립,N,,1.0,1.0,22.0,1.0,1.0,18.0,3.0,0.0,17.0,3.0,0.0,17.0,2.0,0.0,18.0,3.0,0.0,12.0,13.0,2.0,104.0
경기도교육청,경기도동두천양주교육지원청,경기도 양주시,S090001804,송추초등학교,2,공립,N,,2.0,2.0,31.0,6.0,8.0,31.0,3.0,4.0,25.0,0.0,4.0,21.0,2.0,6.0,25.0,1.0,0.0,13.0,14.0,24.0,146.0
경기도교육청,경기도동두천양주교육지원청,경기도 양주시,S090001806,양주덕산초등학교,2,공립,N,,5.0,5.0,52.0,9.0,6.0,54.0,7.0,6.0,77.0,4.0,5.0,55.0,1.0,3.0,66.0,2.0,1.0,65.0,28.0,26.0,369.0
경기도교육청,경기도동두천양주교육지원청,경기도 양주시,S090001807,양주덕현초등학교,2,공립,N,,5.0,6.0,135.0,10.0,16.0,151.0,9.0,23.0,171.0,10.0,20.0,169.0,14.0,21.0,173.0,10.0,14.0,205.0,58.0,100.0,1004.0
경기도교육청,경기도동두천양주교육지원청,경기도 양주시,S090001808,양주백석초등학교,2,공립,N,,6.0,2.0,29.0,4.0,3.0,42.0,3.0,7.0,38.0,3.0,8.0,39.0,6.0,1.0,45.0,5.0,5.0,45.0,27.0,26.0,238.0
경기도교육청,경기도동두천양주교육지원청,경기도 양주시,S090001809,연곡초등학교,2,공립,N,,0.0,0.0,13.0,2.0,0.0,8.0,0.0,1.0,6.0,0.0,0.0,17.0,0.0,0.0,10.0,1.0,0.0,15.0,3.0,1.0,69.0
경기도교육청,경기도동두천양주교육지원청,경기도 양주시,S090001810,유양초등학교,2,공립,N,,1.0,0.0,5.0,1.0,0.0,3.0,0.0,2.0,9.0,0.0,0.0,5.0,0.0,1.0,8.0,0.0,0.0,10.0,2.0,3.0,40.0
경기도교육청,경기도동두천양주교육지원청,경기도 양주시,S090001812,은봉초등학교,2,공립,N,,4.0,2.0,76.0,5.0,8.0,67.0,5.0,5.0,76.0,6.0,3.0,83.0,1.0,6.0,74.0,2.0,4.0,72.0,23.0,28.0,448.0
경기도교육청,경기도동두천양주교육지원청,경기도 양주시,S090001813,은현초등학교,2,공립,N,,3.0,0.0,7.0,0.0,3.0,12.0,2.0,0.0,7.0,0.0,1.0,8.0,1.0,0.0,14.0,1.0,0.0,13.0,7.0,4.0,61.0
경기도교육청,경기도동두천양주교육지원청,경기도 동두천시,S090001814,지행초등학교,2,공립,N,,7.0,11.0,188.0,13.0,16.0,163.0,14.0,20.0,186.0,8.0,12.0,175.0,7.0,14.0,182.0,3.0,6.0,176.0,52.0,79.0,1070.0
경기도교육청,경기도동두천양주교육지원청,경기도 양주시,S090001815,천보초등학교,2,공립,N,,4.0,8.0,50.0,10.0,10.0,37.0,10.0,9.0,39.0,8.0,8.0,42.0,6.0,1.0,39.0,4.0,3.0,33.0,42.0,39.0,240.0
경기도교육청,경기도동두천양주교육지원청,경기도 양주시,S090001816,칠봉초등학교,2,공립,N,,4.0,6.0,91.0,4.0,6.0,77.0,4.0,7.0,76.0,3.0,11.0,104.0,6.0,11.0,88.0,3.0,8.0,77.0,24.0,49.0,513.0
경기도교육청,경기도동두천양주교육지원청,경기도 동두천시,S090001817,탑동초등학교,2,공립,N,,1.0,1.0,21.0,1.0,1.0,16.0,0.0,0.0,7.0,0.0,0.0,20.0,0.0,0.0,15.0,0.0,0.0,21.0,2.0,2.0,100.0
경기도교육청,경기도동두천양주교육지원청,경기도 양주시,S090001819,회정초등학교,2,공립,N,,2.0,3.0,40.0,0.0,5.0,42.0,8.0,3.0,38.0,1.0,2.0,44.0,4.0,3.0,46.0,0.0,3.0,48.0,15.0,19.0,258.0
경기도교육청,경기도동두천양주교육지원청,경기도 양주시,S090001820,회천초등학교,2,공립,N,,5.0,2.0,67.0,10.0,4.0,86.0,5.0,10.0,102.0,9.0,5.0,106.0,5.0,6.0,84.0,6.0,7.0,88.0,40.0,34.0,533.0
경기도교육청,경기도동두천양주교육지원청,경기도 양주시,S090001821,효촌초등학교,2,공립,N,,1.0,0.0,10.0,1.0,0.0,11.0,0.0,1.0,15.0,0.0,1.0,7.0,0.0,1.0,3.0,0.0,4.0,8.0,2.0,7.0,54.0
경기도교육청,경기도부천교육지원청,경기도 부천시,S090001914,계남초등학교,2,공립,N,,25.0,7.0,169.0,29.0,7.0,177.0,14.0,11.0,175.0,16.0,11.0,154.0,13.0,10.0,167.0,5.0,4.0,155.0,102.0,50.0,997.0
경기도교육청,경기도부천교육지원청,경기도 부천시,S090001915,고강초등학교,2,공립,N,,4.0,4.0,82.0,8.0,2.0,77.0,7.0,3.0,101.0,8.0,10.0,106.0,2.0,2.0,99.0,5.0,5.0,89.0,34.0,26.0,554.0
경기도교육청,경기도부천교육지원청,경기도 부천시,S090001916,고리울초등학교,2,공립,N,,0.0,6.0,53.0,2.0,5.0,62.0,5.0,6.0,83.0,7.0,12.0,82.0,3.0,7.0,81.0,3.0,3.0,82.0,20.0,39.0,443.0
경기도교육청,경기도부천교육지원청,경기도 부천시,S090001918,까치울초등학교,2,공립,N,,3.0,3.0,39.0,4.0,1.0,29.0,2.0,1.0,38.0,2.0,0.0,34.0,1.0,8.0,40.0,2.0,3.0,42.0,14.0,16.0,222.0
경기도교육청,경기도부천교육지원청,경기도 부천시,S090001944,도당초등학교,2,공립,N,,5.0,5.0,176.0,5.0,6.0,144.0,9.0,7.0,181.0,8.0,9.0,179.0,2.0,6.0,158.0,3.0,3.0,162.0,32.0,36.0,1000.0
경기도교육청,경기도부천교육지원청,경기도 부천시,S090001945,도원초등학교,2,공립,N,,4.0,3.0,74.0,2.0,2.0,53.0,2.0,5.0,84.0,7.0,0.0,61.0,2.0,1.0,66.0,2.0,3.0,58.0,19.0,14.0,396.0
경기도교육청,경기도부천교육지원청,경기도 부천시,S090001946,동곡초등학교,2,공립,N,,5.0,11.0,113.0,6.0,14.0,117.0,2.0,5.0,106.0,3.0,12.0,103.0,0.0,9.0,102.0,4.0,3.0,114.0,20.0,54.0,655.0
경기도교육청,경기도부천교육지원청,경기도 부천시,S090001953,범박초등학교,2,공립,N,,5.0,5.0,102.0,4.0,4.0,88.0,6.0,9.0,94.0,2.0,8.0,90.0,9.0,3.0,104.0,4.0,3.0,107.0,30.0,32.0,585.0
경기도교육청,경기도부천교육지원청,경기도 부천시,S090001954,복사초등학교,2,공립,N,,1.0,0.0,25.0,0.0,0.0,23.0,0.0,3.0,21.0,3.0,0.0,20.0,1.0,0.0,25.0,0.0,1.0,30.0,5.0,4.0,144.0
경기도교육청,경기도부천교육지원청,경기도 부천시,S090001956,부광초등학교,2,공립,N,,2.0,2.0,33.0,3.0,8.0,47.0,2.0,3.0,60.0,1.0,6.0,33.0,4.0,7.0,45.0,2.0,5.0,29.0,14.0,31.0,247.0
경기도교육청,경기도부천교육지원청,경기도 부천시,S090001957,부명초등학교,2,공립,N,,2.0,5.0,79.0,5.0,4.0,89.0,5.0,5.0,79.0,3.0,1.0,77.0,1.0,1.0,85.0,4.0,5.0,78.0,20.0,21.0,487.0
경기도교육청,경기도부천교육지원청,경기도 부천시,S090001959,부원초등학교,2,공립,N,,4.0,6.0,83.0,7.0,9.0,79.0,8.0,10.0,86.0,4.0,6.0,72.0,2.0,5.0,53.0,4.0,4.0,59.0,29.0,40.0,432.0
경기도교육청,경기도부천교육지원청,경기도 부천시,S090001960,부인초등학교,2,공립,N,,5.0,7.0,79.0,1.0,10.0,76.0,8.0,8.0,85.0,5.0,3.0,85.0,3.0,0.0,84.0,2.0,2.0,63.0,24.0,30.0,472.0
경기도교육청,경기도부천교육지원청,경기도 부천시,S090001961,부일초등학교,2,공립,N,,6.0,0.0,49.0,10.0,3.0,38.0,6.0,6.0,43.0,5.0,0.0,54.0,2.0,5.0,44.0,8.0,2.0,40.0,37.0,16.0,268.0
경기도교육청,경기도부천교육지원청,경기도 부천시,S090001962,부천남초등학교,2,공립,N,,2.0,9.0,103.0,3.0,4.0,91.0,3.0,13.0,107.0,6.0,9.0,129.0,5.0,5.0,118.0,1.0,9.0,127.0,20.0,49.0,675.0
경기도교육청,경기도부천교육지원청,경기도 부천시,S090001963,부천대명초등학교,2,공립,N,,1.0,0.0,89.0,0.0,4.0,102.0,3.0,6.0,98.0,0.0,4.0,116.0,0.0,3.0,119.0,2.0,3.0,132.0,6.0,20.0,656.0
경기도교육청,경기도부천교육지원청,경기도 부천시,S090001964,부천덕산초등학교,2,공립,N,,5.0,8.0,109.0,5.0,7.0,78.0,4.0,11.0,140.0,6.0,12.0,129.0,4.0,8.0,120.0,3.0,5.0,120.0,27.0,51.0,696.0
경기도교육청,경기도부천교육지원청,경기도 부천시,S090001966,부천동초등학교,2,공립,N,,2.0,10.0,94.0,4.0,8.0,78.0,4.0,6.0,94.0,4.0,4.0,85.0,3.0,6.0,76.0,1.0,5.0,87.0,18.0,39.0,514.0
경기도교육청,경기도부천교육지원청,경기도 부천시,S090001967,부천부곡초등학교,2,공립,N,,4.0,2.0,72.0,7.0,3.0,71.0,6.0,10.0,67.0,5.0,9.0,80.0,5.0,3.0,59.0,5.0,6.0,76.0,32.0,33.0,425.0
경기도교육청,경기도부천교육지원청,경기도 부천시,S090001968,부천부안초등학교,2,공립,N,,6.0,9.0,78.0,6.0,6.0,76.0,2.0,7.0,80.0,4.0,6.0,89.0,1.0,7.0,83.0,3.0,7.0,93.0,22.0,42.0,499.0
경기도교육청,경기도부천교육지원청,경기도 부천시,S090001969,부천부흥초등학교,2,공립,N,,4.0,10.0,113.0,2.0,13.0,92.0,5.0,10.0,127.0,7.0,7.0,115.0,3.0,3.0,123.0,4.0,3.0,98.0,25.0,46.0,668.0
경기도교육청,경기도부천교육지원청,경기도 부천시,S090001970,부천북초등학교,2,공립,N,,7.0,6.0,164.0,10.0,11.0,158.0,7.0,2.0,166.0,6.0,6.0,145.0,10.0,12.0,147.0,8.0,5.0,152.0,48.0,42.0,932.0
경기도교육청,경기도부천교육지원청,경기도 부천시,S090001971,부천삼정초등학교,2,공립,N,,8.0,3.0,51.0,2.0,4.0,41.0,6.0,4.0,58.0,8.0,4.0,51.0,3.0,6.0,48.0,3.0,3.0,57.0,30.0,24.0,306.0
경기도교육청,경기도부천교육지원청,경기도 부천시,S090001972,부천서초등학교,2,공립,N,,0.0,5.0,109.0,8.0,11.0,124.0,4.0,9.0,124.0,6.0,6.0,117.0,6.0,6.0,135.0,7.0,7.0,128.0,31.0,44.0,737.0
경기도교육청,경기도부천교육지원청,경기도 부천시,S090001973,부천수주초등학교,2,공립,N,,1.0,0.0,76.0,1.0,6.0,80.0,0.0,4.0,72.0,2.0,8.0,79.0,3.0,3.0,64.0,2.0,4.0,82.0,9.0,25.0,453.0
경기도교육청,경기도부천교육지원청,경기도 부천시,S090001974,부천신흥초등학교,2,공립,N,,2.0,3.0,66.0,6.0,6.0,53.0,3.0,8.0,72.0,3.0,6.0,60.0,3.0,4.0,69.0,1.0,5.0,67.0,18.0,32.0,387.0
경기도교육청,경기도부천교육지원청,경기도 부천시,S090001975,부천여월초등학교,2,공립,N,,3.0,4.0,69.0,6.0,9.0,98.0,2.0,11.0,91.0,5.0,6.0,102.0,4.0,5.0,97.0,2.0,6.0,87.0,22.0,41.0,544.0
경기도교육청,경기도부천교육지원청,경기도 부천시,S090001976,부천역곡초등학교,2,공립,N,,2.0,4.0,101.0,2.0,10.0,102.0,6.0,4.0,117.0,3.0,7.0,106.0,3.0,6.0,91.0,2.0,3.0,113.0,18.0,34.0,630.0
경기도교육청,경기도부천교육지원청,경기도 부천시,S090001977,부천원일초등학교,2,공립,N,,2.0,1.0,61.0,1.0,6.0,46.0,4.0,4.0,65.0,0.0,6.0,65.0,0.0,5.0,69.0,0.0,6.0,57.0,7.0,28.0,363.0
경기도교육청,경기도부천교육지원청,경기도 부천시,S090001978,부천중앙초등학교,2,공립,N,,9.0,9.0,114.0,10.0,6.0,97.0,5.0,6.0,110.0,9.0,5.0,98.0,7.0,8.0,126.0,5.0,2.0,112.0,45.0,36.0,657.0
경기도교육청,경기도부천교육지원청,경기도 부천시,S090001979,부천중원초등학교,2,공립,N,,1.0,3.0,35.0,4.0,1.0,22.0,4.0,2.0,38.0,5.0,4.0,38.0,3.0,2.0,33.0,1.0,2.0,25.0,18.0,14.0,191.0
경기도교육청,경기도부천교육지원청,경기도 부천시,S090001980,부천초등학교,2,공립,N,,1.0,6.0,109.0,6.0,6.0,90.0,2.0,13.0,90.0,2.0,3.0,65.0,3.0,3.0,77.0,3.0,5.0,73.0,17.0,36.0,504.0
경기도교육청,경기도부천교육지원청,경기도 부천시,S090001987,상도초등학교,2,공립,N,,4.0,0.0,46.0,3.0,6.0,70.0,5.0,5.0,66.0,2.0,3.0,65.0,4.0,3.0,78.0,2.0,4.0,73.0,20.0,21.0,398.0
경기도교육청,경기도부천교육지원청,경기도 부천시,S090001988,상동초등학교,2,공립,N,,2.0,8.0,171.0,5.0,20.0,152.0,9.0,18.0,136.0,3.0,12.0,133.0,6.0,20.0,142.0,3.0,6.0,138.0,28.0,84.0,872.0
경기도교육청,경기도부천교육지원청,경기도 부천시,S090001989,상원초등학교,2,공립,N,,1.0,1.0,73.0,6.0,3.0,66.0,4.0,8.0,77.0,5.0,11.0,91.0,0.0,6.0,104.0,4.0,5.0,88.0,20.0,34.0,499.0
경기도교육청,경기도부천교육지원청,경기도 부천시,S090001990,상인초등학교,2,공립,N,,3.0,7.0,164.0,5.0,16.0,170.0,13.0,13.0,184.0,7.0,12.0,209.0,10.0,13.0,221.0,8.0,13.0,181.0,46.0,74.0,1129.0
경기도교육청,경기도부천교육지원청,경기도 부천시,S090001991,상일초등학교,2,공립,N,,4.0,4.0,215.0,16.0,14.0,192.0,20.0,12.0,231.0,15.0,8.0,192.0,15.0,9.0,198.0,14.0,6.0,180.0,84.0,53.0,1208.0
경기도교육청,경기도부천교육지원청,경기도 부천시,S090001992,상지초등학교,2,공립,N,,0.0,1.0,48.0,0.0,5.0,53.0,3.0,1.0,62.0,5.0,0.0,64.0,1.0,0.0,82.0,2.0,1.0,66.0,11.0,8.0,375.0
경기도교육청,경기도부천교육지원청,경기도 부천시,S090002001,성주초등학교,2,공립,N,,2.0,3.0,104.0,4.0,1.0,109.0,5.0,3.0,108.0,5.0,12.0,129.0,7.0,8.0,122.0,2.0,6.0,95.0,25.0,33.0,667.0
경기도교육청,경기도부천교육지원청,경기도 부천시,S090002002,소사초등학교,2,공립,N,,8.0,8.0,93.0,4.0,8.0,126.0,15.0,8.0,109.0,5.0,10.0,89.0,9.0,11.0,144.0,5.0,9.0,106.0,46.0,54.0,667.0
경기도교육청,경기도부천교육지원청,경기도 부천시,S090002003,송내초등학교,2,공립,N,,3.0,2.0,24.0,1.0,5.0,30.0,4.0,5.0,48.0,2.0,4.0,28.0,1.0,3.0,42.0,1.0,1.0,40.0,12.0,20.0,212.0
경기도교육청,경기도부천교육지원청,경기도 부천시,S090002007,신도초등학교,2,공립,N,,4.0,5.0,126.0,4.0,14.0,118.0,4.0,16.0,107.0,8.0,13.0,115.0,3.0,11.0,125.0,4.0,6.0,128.0,27.0,65.0,719.0
경기도교육청,경기도부천교육지원청,경기도 부천시,S090002011,소일초등학교,2,공립,N,,3.0,4.0,55.0,4.0,4.0,60.0,2.0,5.0,49.0,3.0,6.0,58.0,3.0,1.0,52.0,3.0,2.0,67.0,18.0,22.0,341.0
경기도교육청,경기도부천교육지원청,경기도 부천시,S090002015,심곡초등학교,2,공립,N,,3.0,4.0,92.0,3.0,12.0,84.0,1.0,11.0,102.0,7.0,5.0,92.0,3.0,8.0,83.0,2.0,4.0,85.0,19.0,44.0,538.0
경기도교육청,경기도부천교육지원청,경기도 부천시,S090002016,심원초등학교,2,공립,N,,5.0,10.0,124.0,4.0,7.0,131.0,6.0,11.0,128.0,3.0,10.0,130.0,9.0,10.0,105.0,2.0,6.0,124.0,29.0,54.0,742.0
경기도교육청,경기도부천교육지원청,경기도 부천시,S090002017,약대초등학교,2,공립,N,,0.0,6.0,47.0,3.0,1.0,42.0,2.0,5.0,49.0,3.0,1.0,60.0,0.0,2.0,47.0,1.0,3.0,56.0,9.0,18.0,301.0
경기도교육청,경기도부천교육지원청,경기도 부천시,S090002022,오정초등학교,2,공립,N,,6.0,4.0,90.0,7.0,13.0,95.0,5.0,8.0,99.0,5.0,12.0,111.0,3.0,5.0,100.0,3.0,7.0,96.0,29.0,49.0,591.0
경기도교육청,경기도부천교육지원청,경기도 부천시,S090002026,원미초등학교,2,공립,N,,6.0,7.0,115.0,11.0,8.0,90.0,4.0,8.0,103.0,7.0,7.0,111.0,6.0,4.0,120.0,5.0,6.0,112.0,39.0,40.0,651.0
경기도교육청,경기도부천교육지원청,경기도 부천시,S090002027,원종초등학교,2,공립,N,,2.0,9.0,112.0,12.0,3.0,83.0,7.0,5.0,114.0,5.0,6.0,116.0,3.0,7.0,119.0,5.0,3.0,121.0,34.0,33.0,665.0
경기도교육청,경기도부천교육지원청,경기도 부천시,S090002038,중흥초등학교,2,공립,N,,3.0,6.0,140.0,6.0,9.0,144.0,10.0,13.0,155.0,3.0,9.0,137.0,8.0,7.0,142.0,4.0,7.0,121.0,34.0,51.0,839.0
경기도교육청,경기도부천교육지원청,경기도 부천시,S090002039,창영초등학교,2,공립,N,,0.0,6.0,86.0,0.0,2.0,130.0,0.0,4.0,114.0,2.0,6.0,149.0,2.0,4.0,116.0,0.0,10.0,152.0,4.0,32.0,747.0
경기도교육청,경기도성남교육지원청,경기도 성남시 중원구,S090002210,검단초등학교,2,공립,N,,5.0,6.0,91.0,6.0,8.0,70.0,1.0,9.0,92.0,4.0,12.0,95.0,3.0,7.0,78.0,6.0,4.0,82.0,25.0,46.0,508.0
경기도교육청,경기도성남교육지원청,경기도 성남시 분당구,S090002211,구미초등학교,2,공립,N,,4.0,5.0,110.0,5.0,9.0,94.0,5.0,7.0,87.0,3.0,4.0,106.0,1.0,3.0,86.0,5.0,6.0,98.0,23.0,34.0,581.0
경기도교육청,경기도성남교육지원청,경기도 성남시 수정구,S090002214,금빛초등학교,2,공립,N,,5.0,2.0,40.0,3.0,5.0,68.0,3.0,7.0,55.0,4.0,7.0,55.0,2.0,7.0,74.0,2.0,6.0,75.0,19.0,34.0,367.0
경기도교육청,경기도성남교육지원청,경기도 성남시 중원구,S090002215,금상초등학교,2,공립,N,,2.0,7.0,38.0,1.0,4.0,34.0,3.0,3.0,35.0,1.0,4.0,52.0,3.0,2.0,31.0,1.0,4.0,46.0,11.0,24.0,236.0
경기도교육청,경기도성남교육지원청,경기도 성남시 분당구,S090002216,낙생초등학교,2,공립,N,,16.0,5.0,168.0,35.0,15.0,195.0,32.0,19.0,218.0,34.0,10.0,217.0,28.0,13.0,191.0,16.0,10.0,224.0,161.0,72.0,1213.0
경기도교육청,경기도성남교육지원청,경기도 성남시 분당구,S090002217,내정초등학교,2,공립,N,,21.0,5.0,149.0,24.0,8.0,179.0,22.0,13.0,223.0,9.0,11.0,252.0,7.0,9.0,198.0,4.0,10.0,227.0,87.0,56.0,1228.0
경기도교육청,경기도성남교육지원청,경기도 성남시 중원구,S090002218,단남초등학교,2,공립,N,,1.0,8.0,54.0,4.0,2.0,40.0,4.0,4.0,50.0,2.0,5.0,47.0,5.0,2.0,44.0,5.0,8.0,45.0,21.0,29.0,280.0
경기도교육청,경기도성남교육지원청,경기도 성남시 수정구,S090002219,단대초등학교,2,공립,N,,5.0,14.0,124.0,4.0,15.0,120.0,6.0,15.0,177.0,7.0,16.0,150.0,7.0,18.0,149.0,2.0,13.0,149.0,31.0,91.0,869.0
경기도교육청,경기도성남교육지원청,경기도 성남시 분당구,S090002221,당촌초등학교,2,공립,N,,9.0,7.0,119.0,16.0,8.0,125.0,15.0,10.0,136.0,12.0,6.0,158.0,9.0,4.0,182.0,4.0,3.0,157.0,65.0,38.0,877.0
경기도교육청,경기도성남교육지원청,경기도 성남시 중원구,S090002222,대원초등학교,2,공립,N,,0.0,5.0,39.0,0.0,8.0,37.0,0.0,8.0,55.0,0.0,5.0,66.0,0.0,7.0,63.0,0.0,6.0,75.0,0.0,39.0,335.0
경기도교육청,경기도성남교육지원청,경기도 성남시 중원구,S090002223,대일초등학교,2,공립,N,,4.0,4.0,46.0,2.0,11.0,45.0,0.0,7.0,60.0,1.0,3.0,50.0,2.0,7.0,66.0,2.0,0.0,61.0,11.0,32.0,328.0
경기도교육청,경기도성남교육지원청,경기도 성남시 중원구,S090002224,대하초등학교,2,공립,N,,0.0,7.0,113.0,2.0,11.0,110.0,8.0,13.0,149.0,4.0,17.0,95.0,2.0,9.0,116.0,5.0,7.0,96.0,21.0,64.0,679.0
경기도교육청,경기도성남교육지원청,경기도 성남시 분당구,S090002225,돌마초등학교,2,공립,N,,3.0,7.0,85.0,4.0,10.0,76.0,2.0,9.0,79.0,3.0,8.0,77.0,2.0,8.0,87.0,5.0,2.0,81.0,19.0,44.0,485.0
경기도교육청,경기도성남교육지원청,경기도 성남시 분당구,S090002227,백현초등학교,2,공립,N,,4.0,0.0,12.0,1.0,0.0,13.0,2.0,1.0,16.0,2.0,0.0,13.0,3.0,3.0,15.0,5.0,1.0,25.0,17.0,5.0,94.0
경기도교육청,경기도성남교육지원청,경기도 성남시 수정구,S090002228,복정초등학교,2,공립,N,,6.0,10.0,58.0,4.0,17.0,50.0,1.0,4.0,48.0,0.0,10.0,45.0,3.0,5.0,35.0,1.0,6.0,34.0,15.0,52.0,270.0
경기도교육청,경기도성남교육지원청,경기도 성남시 분당구,S090002229,분당초등학교,2,공립,N,,4.0,3.0,131.0,9.0,9.0,159.0,14.0,8.0,184.0,15.0,0.0,154.0,12.0,11.0,186.0,10.0,9.0,201.0,64.0,40.0,1015.0
경기도교육청,경기도성남교육지원청,경기도 성남시 분당구,S090002230,불곡초등학교,2,공립,N,,4.0,10.0,95.0,6.0,8.0,120.0,4.0,5.0,96.0,7.0,8.0,102.0,5.0,8.0,101.0,5.0,5.0,109.0,31.0,44.0,623.0
경기도교육청,경기도성남교육지원청,경기도 성남시 분당구,S090002231,불정초등학교,2,공립,N,,7.0,11.0,134.0,13.0,11.0,123.0,10.0,10.0,132.0,12.0,6.0,149.0,9.0,10.0,133.0,3.0,7.0,144.0,54.0,55.0,815.0
경기도교육청,경기도성남교육지원청,경기도 성남시 중원구,S090002232,상대원초등학교,2,공립,N,,1.0,2.0,26.0,1.0,3.0,40.0,1.0,2.0,31.0,2.0,2.0,33.0,2.0,5.0,40.0,0.0,1.0,31.0,7.0,15.0,201.0
경기도교육청,경기도성남교육지원청,경기도 성남시 중원구,S090002234,상원초등학교,2,공립,N,,3.0,8.0,70.0,2.0,8.0,74.0,6.0,7.0,82.0,2.0,6.0,72.0,2.0,4.0,99.0,4.0,6.0,78.0,19.0,39.0,475.0
경기도교육청,경기도성남교육지원청,경기도 성남시 분당구,S090002235,상탑초등학교,2,공립,N,,2.0,11.0,69.0,3.0,13.0,83.0,6.0,11.0,68.0,2.0,11.0,73.0,4.0,6.0,90.0,1.0,6.0,76.0,18.0,58.0,459.0
경기도교육청,경기도성남교육지원청,경기도 성남시 분당구,S090002236,서당초등학교,2,공립,N,,10.0,2.0,117.0,4.0,11.0,132.0,12.0,6.0,135.0,5.0,10.0,137.0,15.0,10.0,168.0,7.0,6.0,140.0,53.0,45.0,829.0
경기도교육청,경기도성남교육지원청,경기도 성남시 분당구,S090002237,서현초등학교,2,공립,N,,9.0,1.0,148.0,23.0,9.0,148.0,11.0,5.0,197.0,11.0,3.0,195.0,12.0,6.0,211.0,2.0,5.0,228.0,68.0,29.0,1127.0
경기도교육청,경기도성남교육지원청,경기도 성남시 중원구,S090002238,성남동초등학교,2,공립,N,,2.0,8.0,66.0,6.0,8.0,77.0,2.0,8.0,75.0,4.0,10.0,94.0,2.0,7.0,80.0,5.0,3.0,102.0,21.0,44.0,494.0
경기도교육청,경기도성남교육지원청,경기도 성남시 분당구,S090002239,성남매송초등학교,2,공립,N,,13.0,8.0,100.0,12.0,3.0,109.0,16.0,8.0,133.0,10.0,9.0,147.0,13.0,5.0,161.0,10.0,8.0,149.0,74.0,41.0,799.0
경기도교육청,경기도성남교육지원청,경기도 성남시 분당구,S090002240,성남미금초등학교,2,공립,N,,5.0,10.0,148.0,4.0,8.0,139.0,14.0,16.0,142.0,7.0,8.0,133.0,12.0,9.0,127.0,2.0,6.0,147.0,44.0,57.0,836.0
경기도교육청,경기도성남교육지원청,경기도 성남시 수정구,S090002241,성남북초등학교,2,공립,N,,1.0,7.0,18.0,0.0,18.0,16.0,0.0,13.0,25.0,0.0,14.0,29.0,1.0,10.0,35.0,0.0,13.0,51.0,2.0,75.0,174.0
경기도교육청,경기도성남교육지원청,경기도 성남시 수정구,S090002242,성남서초등학교,2,공립,N,,4.0,3.0,34.0,5.0,2.0,19.0,3.0,4.0,30.0,3.0,0.0,27.0,4.0,2.0,43.0,0.0,2.0,24.0,19.0,13.0,177.0
경기도교육청,경기도성남교육지원청,경기도 성남시 분당구,S090002243,성남신기초등학교,2,공립,N,,11.0,15.0,115.0,5.0,6.0,109.0,16.0,2.0,99.0,18.0,10.0,107.0,10.0,9.0,94.0,9.0,7.0,102.0,69.0,49.0,626.0
경기도교육청,경기도성남교육지원청,경기도 성남시 수정구,S090002244,성남신흥초등학교,2,공립,N,,1.0,5.0,102.0,10.0,4.0,84.0,5.0,4.0,73.0,9.0,4.0,65.0,3.0,2.0,64.0,2.0,2.0,58.0,30.0,21.0,446.0
경기도교육청,경기도성남교육지원청,경기도 성남시 중원구,S090002245,성남은행초등학교,2,공립,N,,3.0,14.0,89.0,2.0,6.0,82.0,6.0,8.0,78.0,3.0,6.0,106.0,2.0,10.0,127.0,0.0,0.0,89.0,16.0,44.0,571.0
경기도교육청,경기도성남교육지원청,경기도 성남시 분당구,S090002246,성남장안초등학교,2,공립,N,,2.0,10.0,97.0,6.0,8.0,88.0,6.0,11.0,113.0,5.0,15.0,102.0,5.0,11.0,101.0,3.0,17.0,91.0,27.0,72.0,592.0
경기도교육청,경기도성남교육지원청,경기도 성남시 중원구,S090002247,성남제일초등학교,2,공립,N,,3.0,4.0,61.0,2.0,4.0,62.0,9.0,5.0,66.0,8.0,1.0,45.0,2.0,8.0,57.0,1.0,2.0,58.0,25.0,24.0,349.0
경기도교육청,경기도성남교육지원청,경기도 성남시 수정구,S090002248,성남수정초등학교,2,공립,N,,3.0,4.0,75.0,2.0,6.0,67.0,2.0,8.0,80.0,4.0,6.0,84.0,4.0,4.0,78.0,4.0,4.0,79.0,19.0,32.0,463.0
경기도교육청,경기도성남교육지원청,경기도 성남시 중원구,S090002249,성남중앙초등학교,2,공립,N,,4.0,3.0,82.0,10.0,5.0,96.0,4.0,8.0,91.0,3.0,6.0,87.0,2.0,8.0,93.0,8.0,9.0,99.0,31.0,39.0,548.0
경기도교육청,경기도성남교육지원청,경기도 성남시 수정구,S090002250,성남초등학교,2,공립,N,,4.0,5.0,126.0,2.0,5.0,130.0,7.0,7.0,154.0,4.0,11.0,128.0,3.0,7.0,152.0,3.0,7.0,118.0,23.0,42.0,808.0
경기도교육청,경기도성남교육지원청,경기도 성남시 수정구,S090002251,성수초등학교,2,공립,N,,2.0,8.0,83.0,3.0,9.0,79.0,0.0,8.0,91.0,3.0,0.0,81.0,4.0,2.0,87.0,3.0,1.0,79.0,15.0,28.0,500.0
경기도교육청,경기도성남교육지원청,경기도 성남시 분당구,S090002252,수내초등학교,2,공립,N,,19.0,4.0,149.0,22.0,10.0,183.0,20.0,12.0,181.0,20.0,6.0,227.0,19.0,6.0,249.0,8.0,5.0,280.0,108.0,43.0,1269.0
경기도교육청,경기도성남교육지원청,경기도 성남시 수정구,S090002253,수진초등학교,2,공립,N,,3.0,6.0,120.0,1.0,12.0,111.0,9.0,11.0,128.0,2.0,13.0,120.0,9.0,9.0,122.0,6.0,8.0,113.0,30.0,59.0,714.0
경기도교육청,경기도성남교육지원청,경기도 성남시 분당구,S090002256,안말초등학교,2,공립,N,,5.0,12.0,140.0,4.0,6.0,99.0,6.0,20.0,103.0,5.0,4.0,98.0,7.0,7.0,107.0,9.0,3.0,91.0,36.0,52.0,638.0
경기도교육청,경기도성남교육지원청,경기도 성남시 분당구,S090002257,야탑초등학교,2,공립,N,,5.0,7.0,110.0,3.0,14.0,109.0,4.0,13.0,133.0,5.0,14.0,105.0,5.0,9.0,114.0,6.0,5.0,98.0,28.0,62.0,669.0
경기도교육청,경기도성남교육지원청,경기도 성남시 분당구,S090002258,양영초등학교,2,공립,N,,0.0,5.0,38.0,2.0,5.0,36.0,4.0,5.0,32.0,7.0,1.0,43.0,3.0,3.0,37.0,1.0,4.0,51.0,17.0,23.0,237.0
경기도교육청,경기도성남교육지원청,경기도 성남시 분당구,S090002259,오리초등학교,2,공립,N,,0.0,1.0,36.0,1.0,2.0,18.0,0.0,0.0,21.0,3.0,2.0,19.0,0.0,3.0,27.0,3.0,2.0,16.0,7.0,10.0,137.0
경기도교육청,경기도성남교육지원청,경기도 성남시 수정구,S090002260,왕남초등학교,2,공립,N,,27.0,1.0,57.0,23.0,6.0,44.0,23.0,1.0,40.0,22.0,1.0,29.0,18.0,1.0,36.0,9.0,5.0,41.0,122.0,15.0,247.0
경기도교육청,경기도성남교육지원청,경기도 성남시 분당구,S090002262,이매초등학교,2,공립,N,,9.0,5.0,111.0,8.0,12.0,111.0,18.0,12.0,122.0,11.0,21.0,149.0,9.0,5.0,136.0,9.0,10.0,152.0,64.0,65.0,781.0
경기도교육청,경기도성남교육지원청,경기도 성남시 중원구,S090002267,중부초등학교,2,공립,N,,4.0,13.0,84.0,5.0,6.0,69.0,11.0,14.0,98.0,2.0,8.0,96.0,1.0,11.0,102.0,3.0,4.0,75.0,26.0,56.0,524.0
경기도교육청,경기도성남교육지원청,경기도 성남시 중원구,S090002269,중원초등학교,2,공립,N,,5.0,5.0,85.0,4.0,13.0,110.0,2.0,13.0,106.0,2.0,12.0,114.0,3.0,9.0,103.0,3.0,8.0,80.0,19.0,60.0,598.0
경기도교육청,경기도성남교육지원청,경기도 성남시 분당구,S090002270,중탑초등학교,2,공립,N,,1.0,4.0,97.0,3.0,7.0,92.0,2.0,8.0,99.0,3.0,2.0,81.0,2.0,6.0,94.0,2.0,8.0,84.0,13.0,35.0,547.0
경기도교육청,경기도성남교육지원청,경기도 성남시 분당구,S090002271,청솔초등학교,2,공립,N,,24.0,5.0,33.0,19.0,1.0,22.0,22.0,8.0,29.0,12.0,2.0,26.0,13.0,1.0,23.0,3.0,3.0,23.0,93.0,20.0,156.0
경기도교육청,경기도성남교육지원청,경기도 성남시 분당구,S090002272,초림초등학교,2,공립,N,,6.0,3.0,151.0,19.0,10.0,178.0,12.0,11.0,226.0,16.0,9.0,186.0,7.0,6.0,191.0,10.0,4.0,180.0,70.0,43.0,1112.0
경기도교육청,경기도성남교육지원청,경기도 성남시 분당구,S090002273,탄천초등학교,2,공립,N,,7.0,4.0,77.0,10.0,6.0,83.0,11.0,5.0,74.0,9.0,5.0,83.0,11.0,2.0,101.0,3.0,3.0,79.0,51.0,25.0,497.0
경기도교육청,경기도성남교육지원청,경기도 성남시 수정구,S090002274,태평초등학교,2,공립,N,,1.0,3.0,35.0,2.0,2.0,40.0,1.0,2.0,35.0,0.0,6.0,50.0,4.0,2.0,55.0,1.0,3.0,46.0,9.0,18.0,261.0
경기도교육청,경기도성남교육지원청,경기도 성남시 중원구,S090002275,하원초등학교,2,공립,N,,0.0,3.0,73.0,1.0,0.0,64.0,4.0,1.0,62.0,5.0,1.0,79.0,3.0,0.0,77.0,6.0,0.0,66.0,19.0,5.0,421.0
경기도교육청,경기도성남교육지원청,경기도 성남시 분당구,S090002276,하탑초등학교,2,공립,N,,9.0,5.0,101.0,6.0,4.0,105.0,12.0,5.0,118.0,12.0,7.0,136.0,12.0,5.0,137.0,3.0,1.0,119.0,54.0,27.0,716.0
경기도교육청,경기도성남교육지원청,경기도 성남시 분당구,S090002277,한솔초등학교,2,공립,N,,1.0,6.0,26.0,5.0,2.0,21.0,1.0,2.0,20.0,1.0,3.0,21.0,3.0,0.0,25.0,0.0,1.0,21.0,11.0,14.0,134.0
경기도교육청,경기도성남교육지원청,경기도 성남시 수정구,S090002278,희망대초등학교,2,공립,N,,1.0,9.0,61.0,2.0,3.0,51.0,5.0,5.0,54.0,4.0,8.0,47.0,4.0,5.0,72.0,1.0,4.0,68.0,17.0,34.0,353.0
경기도교육청,경기도수원교육지원청,경기도 수원시 권선구,S090002444,고색초등학교,2,공립,N,,3.0,3.0,66.0,3.0,9.0,77.0,5.0,4.0,84.0,3.0,5.0,110.0,1.0,3.0,64.0,0.0,7.0,94.0,15.0,31.0,495.0
경기도교육청,경기도수원교육지원청,경기도 수원시 권선구,S090002445,고현초등학교,2,공립,N,,0.0,2.0,28.0,1.0,3.0,23.0,0.0,0.0,33.0,2.0,5.0,23.0,2.0,1.0,23.0,1.0,0.0,25.0,6.0,11.0,155.0
경기도교육청,경기도수원교육지원청,경기도 수원시 권선구,S090002446,곡반초등학교,2,공립,N,,6.0,9.0,141.0,4.0,6.0,82.0,7.0,18.0,101.0,5.0,13.0,110.0,9.0,14.0,103.0,12.0,9.0,102.0,43.0,69.0,639.0
경기도교육청,경기도수원교육지원청,경기도 수원시 권선구,S090002447,곡선초등학교,2,공립,N,,7.0,9.0,123.0,3.0,11.0,120.0,1.0,11.0,118.0,3.0,11.0,107.0,4.0,8.0,103.0,4.0,5.0,95.0,22.0,55.0,666.0
경기도교육청,경기도수원교육지원청,경기도 수원시 권선구,S090002448,구운초등학교,2,공립,N,,6.0,7.0,76.0,4.0,7.0,53.0,7.0,10.0,96.0,8.0,8.0,92.0,5.0,6.0,58.0,6.0,9.0,84.0,36.0,47.0,459.0
경기도교육청,경기도수원교육지원청,경기도 수원시 권선구,S090002449,권선초등학교,2,공립,N,,2.0,9.0,64.0,2.0,4.0,53.0,3.0,8.0,76.0,3.0,5.0,68.0,5.0,5.0,88.0,4.0,3.0,82.0,19.0,34.0,431.0
경기도교육청,경기도수원교육지원청,경기도 수원시 권선구,S090002450,남수원초등학교,2,공립,N,,6.0,9.0,86.0,1.0,9.0,81.0,9.0,5.0,87.0,15.0,7.0,112.0,8.0,6.0,89.0,14.0,5.0,106.0,53.0,41.0,561.0
경기도교육청,경기도수원교육지원청,경기도 수원시 팔달구,S090002451,남창초등학교,2,공립,N,,2.0,3.0,29.0,2.0,0.0,11.0,3.0,3.0,18.0,3.0,3.0,15.0,1.0,3.0,24.0,0.0,0.0,14.0,11.0,12.0,111.0
경기도교육청,경기도수원교육지원청,경기도 수원시 권선구,S090002452,당수초등학교,2,공립,N,,6.0,7.0,77.0,5.0,6.0,89.0,3.0,4.0,109.0,9.0,3.0,91.0,1.0,7.0,95.0,8.0,4.0,95.0,32.0,31.0,556.0
경기도교육청,경기도수원교육지원청,경기도 수원시 장안구,S090002453,대평초등학교,2,공립,N,,9.0,2.0,66.0,9.0,4.0,98.0,12.0,3.0,97.0,18.0,8.0,131.0,15.0,6.0,129.0,12.0,8.0,126.0,75.0,31.0,647.0
경기도교육청,경기도수원교육지원청,경기도 수원시 영통구,S090002454,동수원초등학교,2,공립,N,,2.0,5.0,84.0,7.0,4.0,87.0,8.0,7.0,118.0,4.0,5.0,95.0,0.0,4.0,108.0,6.0,11.0,101.0,27.0,36.0,593.0
경기도교육청,경기도수원교육지원청,경기도 수원시 장안구,S090002455,수원동신초등학교,2,공립,N,,3.0,5.0,98.0,3.0,15.0,108.0,11.0,7.0,109.0,11.0,16.0,134.0,5.0,18.0,130.0,7.0,15.0,113.0,40.0,76.0,692.0
경기도교육청,경기도수원교육지원청,경기도 수원시 팔달구,S090002456,매산초등학교,2,공립,N,,0.0,1.0,45.0,1.0,3.0,36.0,2.0,2.0,32.0,6.0,2.0,45.0,9.0,6.0,43.0,2.0,0.0,38.0,20.0,14.0,239.0
경기도교육청,경기도수원교육지원청,경기도 수원시 영통구,S090002457,매원초등학교,2,공립,N,,9.0,24.0,240.0,16.0,40.0,239.0,22.0,39.0,296.0,14.0,31.0,230.0,15.0,15.0,213.0,13.0,16.0,184.0,89.0,165.0,1402.0
경기도교육청,경기도수원교육지원청,경기도 수원시 영통구,S090002458,매탄초등학교,2,공립,N,,5.0,12.0,229.0,11.0,24.0,242.0,13.0,38.0,253.0,18.0,18.0,240.0,10.0,26.0,281.0,13.0,23.0,275.0,70.0,141.0,1520.0
경기도교육청,경기도수원교육지원청,경기도 수원시 영통구,S090002459,매현초등학교,2,공립,N,,2.0,9.0,70.0,4.0,4.0,71.0,1.0,5.0,77.0,5.0,10.0,82.0,4.0,4.0,86.0,3.0,3.0,80.0,19.0,35.0,466.0
경기도교육청,경기도수원교육지원청,경기도 수원시 권선구,S090002460,명당초등학교,2,공립,N,,2.0,1.0,49.0,7.0,2.0,56.0,4.0,10.0,61.0,1.0,4.0,72.0,1.0,4.0,76.0,2.0,12.0,81.0,17.0,33.0,395.0
경기도교육청,경기도수원교육지원청,경기도 수원시 장안구,S090002461,명인초등학교,2,공립,N,,5.0,6.0,114.0,3.0,15.0,128.0,7.0,11.0,134.0,9.0,15.0,137.0,10.0,16.0,140.0,4.0,18.0,155.0,38.0,81.0,808.0
경기도교육청,경기도수원교육지원청,경기도 수원시 영통구,S090002462,산남초등학교,2,공립,N,,7.0,2.0,73.0,3.0,11.0,83.0,6.0,4.0,87.0,4.0,8.0,96.0,5.0,7.0,83.0,10.0,4.0,100.0,35.0,36.0,522.0
경기도교육청,경기도수원교육지원청,경기도 수원시 영통구,S090002463,산의초등학교,2,공립,N,,10.0,12.0,237.0,23.0,20.0,233.0,28.0,22.0,275.0,28.0,19.0,306.0,18.0,18.0,315.0,12.0,18.0,291.0,119.0,109.0,1657.0
경기도교육청,경기도수원교육지원청,경기도 수원시 장안구,S090002464,상률초등학교,2,공립,N,,3.0,7.0,111.0,0.0,13.0,93.0,4.0,15.0,109.0,3.0,13.0,120.0,2.0,5.0,108.0,0.0,5.0,95.0,12.0,58.0,636.0
경기도교육청,경기도수원교육지원청,경기도 수원시 권선구,S090002465,상촌초등학교,2,공립,N,,5.0,6.0,106.0,10.0,10.0,119.0,8.0,15.0,128.0,6.0,11.0,98.0,7.0,9.0,119.0,5.0,12.0,117.0,41.0,63.0,687.0
경기도교육청,경기도수원교육지원청,경기도 수원시 권선구,S090002466,서호초등학교,2,공립,N,,0.0,0.0,42.0,0.0,5.0,44.0,2.0,1.0,44.0,2.0,3.0,43.0,1.0,0.0,45.0,3.0,0.0,45.0,8.0,9.0,263.0
경기도교육청,경기도수원교육지원청,경기도 수원시 권선구,S090002467,세곡초등학교,2,공립,N,,2.0,5.0,54.0,6.0,5.0,59.0,3.0,5.0,45.0,5.0,4.0,53.0,3.0,6.0,60.0,5.0,2.0,50.0,24.0,27.0,321.0
경기도교육청,경기도수원교육지원청,경기도 수원시 권선구,S090002468,세류초등학교,2,공립,N,,3.0,17.0,153.0,4.0,9.0,126.0,7.0,12.0,157.0,2.0,7.0,125.0,11.0,12.0,115.0,4.0,10.0,116.0,31.0,67.0,792.0
경기도교육청,경기도수원교육지원청,경기도 수원시 영통구,S090002469,소화초등학교,2,사립,N,,4.0,2.0,84.0,3.0,3.0,84.0,6.0,3.0,85.0,3.0,3.0,84.0,1.0,1.0,84.0,1.0,3.0,83.0,18.0,15.0,504.0
경기도교육청,경기도수원교육지원청,경기도 수원시 장안구,S090002470,송림초등학교,2,공립,N,,124.0,2.0,80.0,112.0,5.0,44.0,112.0,2.0,51.0,97.0,5.0,54.0,75.0,4.0,49.0,67.0,2.0,54.0,587.0,20.0,332.0
경기도교육청,경기도수원교육지원청,경기도 수원시 장안구,S090002471,송원초등학교,2,공립,N,,2.0,2.0,91.0,2.0,10.0,108.0,4.0,7.0,99.0,1.0,12.0,108.0,2.0,13.0,124.0,8.0,2.0,115.0,19.0,46.0,645.0
경기도교육청,경기도수원교육지원청,경기도 수원시 장안구,S090002472,송정초등학교,2,공립,N,,3.0,6.0,94.0,4.0,7.0,94.0,1.0,3.0,100.0,4.0,8.0,85.0,5.0,5.0,81.0,9.0,12.0,89.0,26.0,41.0,543.0
경기도교육청,경기도수원교육지원청,경기도 수원시 장안구,S090002473,송죽초등학교,2,공립,N,,4.0,5.0,62.0,11.0,8.0,68.0,12.0,7.0,77.0,13.0,8.0,74.0,13.0,7.0,82.0,17.0,11.0,64.0,70.0,46.0,427.0
경기도교육청,경기도수원교육지원청,경기도 수원시 장안구,S090002474,수성초등학교,2,공립,N,,1.0,3.0,60.0,0.0,4.0,55.0,2.0,1.0,72.0,5.0,2.0,72.0,2.0,5.0,72.0,8.0,7.0,88.0,18.0,22.0,419.0
경기도교육청,경기도수원교육지원청,경기도 수원시 권선구,S090002475,수원금곡초등학교,2,공립,N,,2.0,4.0,50.0,5.0,3.0,45.0,4.0,1.0,44.0,2.0,4.0,50.0,6.0,3.0,38.0,2.0,1.0,56.0,21.0,16.0,283.0
경기도교육청,경기도수원교육지원청,경기도 수원시 권선구,S090002477,수원선일초등학교,2,공립,N,,6.0,6.0,98.0,8.0,5.0,88.0,1.0,9.0,120.0,5.0,11.0,110.0,6.0,5.0,113.0,7.0,6.0,104.0,33.0,42.0,633.0
경기도교육청,경기도수원교육지원청,경기도 수원시 권선구,S090002478,수원신곡초등학교,2,공립,N,,4.0,12.0,125.0,4.0,7.0,127.0,5.0,12.0,157.0,14.0,10.0,151.0,8.0,4.0,142.0,4.0,12.0,166.0,39.0,57.0,868.0
경기도교육청,경기도수원교육지원청,경기도 수원시 팔달구,S090002479,수원초등학교,2,공립,N,,28.0,3.0,126.0,41.0,2.0,108.0,42.0,3.0,115.0,42.0,3.0,121.0,42.0,6.0,122.0,37.0,7.0,117.0,232.0,24.0,709.0
경기도교육청,경기도수원교육지원청,경기도 수원시 팔달구,S090002480,숙지초등학교,2,공립,N,,2.0,6.0,56.0,5.0,11.0,49.0,5.0,9.0,61.0,5.0,10.0,40.0,7.0,5.0,62.0,3.0,13.0,40.0,27.0,54.0,308.0
경기도교육청,경기도수원교육지원청,경기도 수원시 영통구,S090002482,신성초등학교,2,공립,N,,1.0,1.0,46.0,4.0,7.0,52.0,4.0,1.0,69.0,8.0,3.0,77.0,1.0,5.0,59.0,9.0,2.0,81.0,27.0,19.0,384.0
경기도교육청,경기도수원교육지원청,경기도 수원시 영통구,S090002483,신영초등학교,2,공립,N,,1.0,9.0,80.0,6.0,15.0,75.0,6.0,14.0,94.0,3.0,4.0,80.0,3.0,10.0,94.0,4.0,6.0,91.0,23.0,58.0,514.0
경기도교육청,경기도수원교육지원청,경기도 수원시 영통구,S090002484,신풍초등학교,2,공립,N,,13.0,16.0,202.0,14.0,16.0,201.0,14.0,23.0,228.0,14.0,26.0,244.0,9.0,11.0,226.0,11.0,18.0,235.0,75.0,110.0,1336.0
경기도교육청,경기도수원교육지원청,경기도 수원시 권선구,S090002485,안룡초등학교,2,공립,N,,38.0,6.0,72.0,28.0,4.0,52.0,36.0,6.0,66.0,23.0,1.0,58.0,20.0,3.0,51.0,1.0,4.0,47.0,146.0,24.0,346.0
경기도교육청,경기도수원교육지원청,경기도 수원시 팔달구,S090002486,연무초등학교,2,공립,N,,0.0,1.0,35.0,1.0,3.0,34.0,6.0,2.0,61.0,2.0,3.0,48.0,4.0,6.0,51.0,3.0,1.0,46.0,16.0,16.0,275.0
경기도교육청,경기도수원교육지원청,경기도 수원시 영통구,S090002487,영덕초등학교,2,공립,N,,6.0,5.0,140.0,11.0,12.0,143.0,16.0,18.0,135.0,13.0,12.0,151.0,7.0,10.0,153.0,11.0,9.0,161.0,64.0,66.0,883.0
경기도교육청,경기도수원교육지원청,경기도 수원시 영통구,S090002488,영동초등학교,2,공립,N,,3.0,3.0,153.0,0.0,9.0,185.0,4.0,3.0,181.0,2.0,0.0,200.0,0.0,4.0,239.0,3.0,2.0,188.0,12.0,21.0,1146.0
경기도교육청,경기도수원교육지원청,경기도 수원시 영통구,S090002489,영일초등학교,2,공립,N,,14.0,2.0,79.0,6.0,8.0,68.0,9.0,7.0,121.0,8.0,9.0,97.0,13.0,3.0,131.0,4.0,3.0,132.0,54.0,32.0,628.0
경기도교육청,경기도수원교육지원청,경기도 수원시 영통구,S090002490,영통초등학교,2,공립,N,,7.0,8.0,82.0,5.0,13.0,72.0,11.0,9.0,92.0,3.0,9.0,75.0,2.0,13.0,98.0,5.0,2.0,84.0,33.0,54.0,503.0
경기도교육청,경기도수원교육지원청,경기도 수원시 장안구,S090002491,영화초등학교,2,공립,N,,6.0,5.0,83.0,3.0,3.0,56.0,7.0,5.0,105.0,3.0,4.0,94.0,5.0,8.0,103.0,4.0,13.0,111.0,28.0,38.0,552.0
경기도교육청,경기도수원교육지원청,경기도 수원시 권선구,S090002492,오목초등학교,2,공립,N,,3.0,4.0,69.0,5.0,5.0,72.0,4.0,13.0,88.0,5.0,3.0,86.0,8.0,7.0,81.0,5.0,2.0,79.0,30.0,34.0,475.0
경기도교육청,경기도수원교육지원청,경기도 수원시 팔달구,S090002493,우만초등학교,2,공립,N,,3.0,4.0,47.0,6.0,3.0,42.0,4.0,8.0,51.0,2.0,7.0,44.0,2.0,5.0,42.0,3.0,4.0,46.0,20.0,31.0,272.0
경기도교육청,경기도수원교육지원청,경기도 수원시 영통구,S090002494,원일초등학교,2,공립,N,,3.0,8.0,70.0,2.0,13.0,89.0,1.0,11.0,89.0,2.0,9.0,91.0,4.0,13.0,100.0,2.0,8.0,92.0,14.0,62.0,531.0
경기도교육청,경기도수원교육지원청,경기도 수원시 영통구,S090002495,원천초등학교,2,공립,N,,0.0,6.0,75.0,3.0,5.0,100.0,6.0,14.0,102.0,1.0,3.0,100.0,7.0,10.0,89.0,3.0,9.0,98.0,20.0,47.0,564.0
경기도교육청,경기도수원교육지원청,경기도 수원시 장안구,S090002496,율전초등학교,2,공립,N,,4.0,7.0,79.0,4.0,7.0,89.0,4.0,3.0,63.0,3.0,10.0,81.0,5.0,8.0,78.0,2.0,4.0,76.0,22.0,39.0,466.0
경기도교육청,경기도수원교육지원청,경기도 수원시 팔달구,S090002497,율현초등학교,2,공립,N,,4.0,13.0,77.0,8.0,7.0,80.0,6.0,9.0,106.0,7.0,6.0,97.0,5.0,9.0,116.0,3.0,10.0,114.0,33.0,54.0,590.0
경기도교육청,경기도수원교육지원청,경기도 수원시 팔달구,S090002498,인계초등학교,2,공립,N,,3.0,5.0,73.0,5.0,3.0,63.0,4.0,9.0,68.0,5.0,4.0,74.0,4.0,6.0,64.0,4.0,3.0,77.0,25.0,30.0,419.0
경기도교육청,경기도수원교육지원청,경기도 수원시 권선구,S090002499,일월초등학교,2,공립,N,,2.0,5.0,82.0,5.0,7.0,97.0,4.0,3.0,86.0,4.0,8.0,88.0,5.0,7.0,110.0,6.0,5.0,99.0,26.0,35.0,562.0
경기도교육청,경기도수원교육지원청,경기도 수원시 영통구,S090002500,잠원초등학교,2,공립,N,,14.0,9.0,148.0,16.0,16.0,140.0,19.0,13.0,211.0,27.0,14.0,198.0,21.0,15.0,227.0,17.0,16.0,212.0,114.0,83.0,1136.0
경기도교육청,경기도수원교육지원청,경기도 수원시 장안구,S090002501,정자초등학교,2,공립,N,,4.0,9.0,106.0,8.0,16.0,106.0,9.0,13.0,108.0,7.0,20.0,145.0,6.0,7.0,120.0,8.0,11.0,112.0,42.0,76.0,697.0
경기도교육청,경기도수원교육지원청,경기도 수원시 장안구,S090002502,정천초등학교,2,공립,N,,3.0,7.0,147.0,18.0,7.0,164.0,6.0,14.0,170.0,12.0,8.0,181.0,12.0,9.0,139.0,16.0,11.0,158.0,67.0,56.0,959.0
경기도교육청,경기도수원교육지원청,경기도 수원시 장안구,S090002503,조원초등학교,2,공립,N,,5.0,0.0,54.0,2.0,5.0,58.0,5.0,6.0,66.0,9.0,3.0,65.0,3.0,13.0,91.0,18.0,13.0,73.0,42.0,40.0,407.0
경기도교육청,경기도수원교육지원청,경기도 수원시 영통구,S090002504,중앙기독초등학교,2,사립,N,,3.0,2.0,142.0,4.0,3.0,141.0,7.0,3.0,146.0,6.0,4.0,141.0,6.0,1.0,143.0,1.0,2.0,142.0,27.0,15.0,855.0
경기도교육청,경기도수원교육지원청,경기도 수원시 팔달구,S090002506,지동초등학교,2,공립,N,,0.0,3.0,49.0,0.0,2.0,58.0,0.0,3.0,74.0,0.0,5.0,62.0,0.0,7.0,64.0,0.0,5.0,72.0,0.0,25.0,379.0
경기도교육청,경기도수원교육지원청,경기도 수원시 장안구,S090002507,창용초등학교,2,공립,N,,0.0,4.0,55.0,0.0,4.0,36.0,0.0,10.0,72.0,2.0,9.0,54.0,4.0,6.0,69.0,1.0,6.0,46.0,7.0,39.0,332.0
경기도교육청,경기도수원교육지원청,경기도 수원시 장안구,S090002508,천일초등학교,2,공립,N,,3.0,8.0,74.0,3.0,11.0,86.0,3.0,9.0,87.0,6.0,15.0,85.0,2.0,7.0,87.0,6.0,3.0,87.0,23.0,53.0,506.0
경기도교육청,경기도수원교육지원청,경기도 수원시 장안구,S090002509,천천초등학교,2,공립,N,,6.0,5.0,110.0,14.0,4.0,130.0,13.0,16.0,159.0,10.0,15.0,167.0,5.0,9.0,162.0,5.0,6.0,144.0,53.0,55.0,872.0
경기도교육청,경기도수원교육지원청,경기도 수원시 영통구,S090002510,청명초등학교,2,공립,N,,4.0,8.0,82.0,4.0,2.0,78.0,6.0,9.0,96.0,2.0,7.0,97.0,6.0,7.0,81.0,3.0,8.0,82.0,25.0,41.0,516.0
경기도교육청,경기도수원교육지원청,경기도 수원시 권선구,S090002511,칠보초등학교,2,공립,N,,11.0,14.0,130.0,14.0,11.0,130.0,6.0,12.0,135.0,9.0,9.0,85.0,10.0,6.0,95.0,7.0,7.0,103.0,57.0,59.0,678.0
경기도교육청,경기도수원교육지원청,경기도 수원시 권선구,S090002512,탑동초등학교,2,공립,N,,4.0,10.0,97.0,5.0,10.0,95.0,5.0,8.0,112.0,8.0,7.0,114.0,2.0,10.0,119.0,3.0,4.0,121.0,27.0,49.0,658.0
경기도교육청,경기도수원교육지원청,경기도 수원시 영통구,S090002513,태장초등학교,2,공립,N,,5.0,10.0,123.0,10.0,7.0,116.0,12.0,5.0,123.0,10.0,11.0,145.0,12.0,13.0,132.0,7.0,13.0,122.0,56.0,59.0,761.0
경기도교육청,경기도수원교육지원청,경기도 수원시 장안구,S090002514,파장초등학교,2,공립,N,,6.0,3.0,41.0,6.0,5.0,54.0,7.0,6.0,56.0,8.0,12.0,78.0,6.0,3.0,68.0,3.0,2.0,62.0,36.0,31.0,359.0
경기도교육청,경기도수원교육지원청,경기도 수원시 장안구,S090002515,한일초등학교,2,공립,N,,1.0,2.0,72.0,1.0,7.0,67.0,0.0,1.0,79.0,5.0,9.0,67.0,0.0,1.0,89.0,5.0,10.0,62.0,12.0,30.0,436.0
경기도교육청,경기도수원교육지원청,경기도 수원시 권선구,S090002516,호매실초등학교,2,공립,N,,5.0,8.0,61.0,2.0,5.0,71.0,9.0,6.0,79.0,5.0,5.0,85.0,2.0,6.0,70.0,3.0,8.0,84.0,26.0,38.0,450.0
경기도교육청,경기도수원교육지원청,경기도 수원시 팔달구,S090002517,화서초등학교,2,공립,N,,5.0,1.0,43.0,4.0,6.0,65.0,5.0,4.0,79.0,9.0,5.0,70.0,5.0,7.0,57.0,8.0,6.0,75.0,36.0,29.0,389.0
경기도교육청,경기도수원교육지원청,경기도 수원시 팔달구,S090002518,화양초등학교,2,공립,N,,6.0,4.0,94.0,9.0,11.0,96.0,5.0,7.0,123.0,7.0,8.0,98.0,6.0,6.0,88.0,9.0,10.0,93.0,42.0,46.0,592.0
경기도교육청,경기도수원교육지원청,경기도 수원시 팔달구,S090002519,화홍초등학교,2,공립,N,,6.0,12.0,129.0,5.0,10.0,149.0,4.0,11.0,142.0,11.0,10.0,144.0,3.0,9.0,138.0,11.0,11.0,160.0,40.0,63.0,862.0
경기도교육청,경기도수원교육지원청,경기도 수원시 영통구,S090002520,황곡초등학교,2,공립,N,,6.0,10.0,138.0,3.0,18.0,116.0,6.0,16.0,133.0,5.0,13.0,126.0,9.0,16.0,124.0,0.0,13.0,125.0,29.0,86.0,762.0
경기도교육청,경기도수원교육지원청,경기도 수원시 영통구,S090002521,효동초등학교,2,공립,N,,5.0,3.0,39.0,1.0,4.0,36.0,3.0,6.0,58.0,5.0,3.0,36.0,3.0,6.0,46.0,1.0,3.0,76.0,18.0,25.0,291.0
경기도교육청,경기도수원교육지원청,경기도 수원시 팔달구,S090002522,효성초등학교,2,공립,N,,1.0,6.0,61.0,4.0,7.0,55.0,9.0,11.0,65.0,6.0,4.0,72.0,6.0,3.0,75.0,10.0,3.0,70.0,36.0,34.0,398.0
경기도교육청,경기도수원교육지원청,경기도 수원시 영통구,S090002523,효원초등학교,2,공립,N,,1.0,3.0,38.0,4.0,7.0,48.0,4.0,6.0,58.0,4.0,6.0,52.0,5.0,4.0,49.0,5.0,2.0,51.0,23.0,28.0,296.0
경기도교육청,경기도수원교육지원청,경기도 수원시 권선구,S090002524,효정초등학교,2,공립,N,,0.0,5.0,50.0,4.0,7.0,36.0,3.0,8.0,47.0,2.0,5.0,55.0,3.0,6.0,57.0,2.0,2.0,49.0,14.0,33.0,294.0
경기도교육청,경기도수원교육지원청,경기도 수원시 장안구,S090002525,효천초등학교,2,공립,N,,1.0,5.0,85.0,2.0,12.0,81.0,1.0,8.0,99.0,2.0,14.0,99.0,3.0,5.0,105.0,6.0,4.0,129.0,15.0,48.0,598.0
경기도교육청,경기도안산교육지원청,경기도 안산시 상록구,S090002715,각골초등학교,2,공립,N,,5.0,3.0,80.0,5.0,10.0,73.0,6.0,3.0,72.0,5.0,1.0,75.0,4.0,4.0,77.0,3.0,2.0,70.0,28.0,23.0,447.0
경기도교육청,경기도시흥교육지원청,경기도 시흥시,S090002716,검바위초등학교,2,공립,N,,5.0,2.0,72.0,6.0,3.0,76.0,6.0,8.0,83.0,7.0,3.0,71.0,5.0,3.0,93.0,6.0,4.0,76.0,35.0,23.0,471.0
경기도교육청,경기도안산교육지원청,경기도 안산시 상록구,S090002717,경수초등학교,2,공립,N,,0.0,6.0,27.0,2.0,4.0,17.0,1.0,0.0,23.0,0.0,6.0,32.0,1.0,3.0,37.0,1.0,0.0,34.0,5.0,19.0,170.0
경기도교육청,경기도안산교육지원청,경기도 안산시 상록구,S090002718,경일초등학교,2,공립,N,,1.0,5.0,71.0,2.0,10.0,70.0,4.0,11.0,80.0,3.0,2.0,72.0,3.0,7.0,80.0,3.0,2.0,79.0,16.0,37.0,452.0
경기도교육청,경기도시흥교육지원청,경기도 시흥시,S090002719,계수초등학교,2,공립,N,,0.0,0.0,20.0,0.0,2.0,13.0,0.0,2.0,18.0,0.0,1.0,8.0,0.0,1.0,15.0,0.0,1.0,19.0,0.0,7.0,93.0
경기도교육청,경기도안산교육지원청,경기도 안산시 단원구,S090002720,고잔초등학교,2,공립,N,,5.0,1.0,70.0,1.0,8.0,87.0,5.0,2.0,83.0,4.0,4.0,110.0,4.0,8.0,117.0,5.0,7.0,78.0,24.0,30.0,545.0
경기도교육청,경기도안산교육지원청,경기도 안산시 단원구,S090002721,관산초등학교,2,공립,N,,22.0,6.0,156.0,18.0,10.0,182.0,23.0,7.0,173.0,19.0,7.0,169.0,9.0,7.0,142.0,13.0,6.0,166.0,104.0,43.0,988.0
경기도교육청,경기도시흥교육지원청,경기도 시흥시,S090002722,군서초등학교,2,공립,N,,6.0,10.0,97.0,3.0,8.0,107.0,4.0,12.0,106.0,4.0,13.0,101.0,5.0,12.0,89.0,3.0,10.0,88.0,25.0,65.0,588.0
경기도교육청,경기도시흥교육지원청,경기도 시흥시,S090002723,군자초등학교,2,공립,N,,8.0,7.0,99.0,6.0,1.0,104.0,7.0,10.0,150.0,3.0,7.0,140.0,5.0,6.0,128.0,10.0,6.0,112.0,39.0,37.0,733.0
경기도교육청,경기도시흥교육지원청,경기도 시흥시,S090002724,금모래초등학교,2,공립,N,,46.0,1.0,148.0,33.0,6.0,122.0,30.0,11.0,147.0,22.0,8.0,144.0,15.0,5.0,155.0,5.0,2.0,119.0,151.0,33.0,835.0
경기도교육청,경기도시흥교육지원청,경기도 시흥시,S090002725,냉정초등학교,2,공립,N,,5.0,2.0,72.0,4.0,8.0,77.0,8.0,10.0,106.0,6.0,11.0,141.0,3.0,3.0,94.0,4.0,4.0,115.0,30.0,38.0,605.0
경기도교육청,경기도안산교육지원청,경기도 안산시 단원구,S090002726,능길초등학교,2,공립,N,,2.0,3.0,20.0,0.0,0.0,12.0,0.0,1.0,18.0,1.0,2.0,10.0,0.0,1.0,8.0,0.0,1.0,10.0,3.0,8.0,78.0
경기도교육청,경기도안산교육지원청,경기도 안산시 단원구,S090002727,대남초등학교,2,공립,N,,4.0,1.0,8.0,2.0,3.0,7.0,3.0,3.0,9.0,1.0,1.0,11.0,2.0,1.0,17.0,2.0,0.0,14.0,14.0,9.0,66.0
경기도교육청,경기도안산교육지원청,경기도 안산시 단원구,S090002729,대동초등학교,2,공립,N,,2.0,4.0,5.0,2.0,1.0,12.0,0.0,2.0,7.0,0.0,1.0,6.0,0.0,0.0,7.0,0.0,0.0,0.0,4.0,8.0,37.0
경기도교육청,경기도안산교육지원청,경기도 안산시 단원구,S090002730,대부초등학교,2,공립,N,,0.0,1.0,14.0,0.0,1.0,16.0,1.0,1.0,15.0,1.0,0.0,12.0,1.0,1.0,17.0,0.0,1.0,20.0,3.0,5.0,94.0
경기도교육청,경기도시흥교육지원청,경기도 시흥시,S090002731,대야초등학교,2,공립,N,,3.0,3.0,82.0,5.0,2.0,78.0,11.0,8.0,66.0,7.0,9.0,67.0,4.0,5.0,70.0,3.0,4.0,70.0,33.0,31.0,433.0
경기도교육청,경기도안산교육지원청,경기도 안산시 단원구,S090002732,덕성초등학교,2,공립,N,,1.0,6.0,49.0,1.0,10.0,49.0,1.0,9.0,60.0,0.0,6.0,64.0,1.0,6.0,76.0,1.0,2.0,65.0,5.0,39.0,363.0
경기도교육청,경기도시흥교육지원청,경기도 시흥시,S090002733,도일초등학교,2,공립,N,,3.0,5.0,67.0,8.0,5.0,77.0,5.0,5.0,59.0,1.0,3.0,83.0,2.0,5.0,77.0,0.0,7.0,98.0,19.0,30.0,461.0
경기도교육청,경기도시흥교육지원청,경기도 시흥시,S090002734,도창초등학교,2,공립,N,,1.0,1.0,19.0,0.0,1.0,18.0,0.0,2.0,14.0,0.0,3.0,27.0,1.0,2.0,21.0,0.0,0.0,35.0,2.0,9.0,134.0
경기도교육청,경기도안산교육지원청,경기도 안산시 상록구,S090002735,매화초등학교,2,공립,N,,7.0,11.0,69.0,7.0,7.0,75.0,9.0,10.0,87.0,4.0,8.0,84.0,3.0,9.0,90.0,6.0,6.0,92.0,36.0,51.0,497.0
경기도교육청,경기도시흥교육지원청,경기도 시흥시,S090002736,목감초등학교,2,공립,N,,1.0,4.0,56.0,3.0,8.0,55.0,1.0,6.0,64.0,2.0,4.0,65.0,3.0,6.0,68.0,3.0,2.0,61.0,13.0,30.0,369.0
경기도교육청,경기도안산교육지원청,경기도 안산시 상록구,S090002737,반월초등학교,2,공립,N,,2.0,3.0,50.0,2.0,5.0,36.0,2.0,9.0,48.0,4.0,6.0,53.0,2.0,3.0,57.0,1.0,2.0,41.0,13.0,28.0,285.0
경기도교육청,경기도안산교육지원청,경기도 안산시 단원구,S090002738,별망초등학교,2,공립,N,,2.0,4.0,56.0,1.0,2.0,45.0,4.0,2.0,66.0,5.0,3.0,70.0,2.0,5.0,55.0,0.0,2.0,65.0,14.0,18.0,357.0
경기도교육청,경기도안산교육지원청,경기도 안산시 상록구,S090002739,본오초등학교,2,공립,N,,6.0,6.0,123.0,6.0,5.0,108.0,5.0,6.0,124.0,10.0,11.0,125.0,9.0,9.0,120.0,3.0,9.0,117.0,39.0,46.0,717.0
경기도교육청,경기도안산교육지원청,경기도 안산시 상록구,S090002740,본원초등학교,2,공립,N,,7.0,9.0,160.0,5.0,19.0,180.0,7.0,16.0,165.0,8.0,12.0,191.0,10.0,10.0,163.0,11.0,9.0,199.0,48.0,75.0,1058.0
경기도교육청,경기도안산교육지원청,경기도 안산시 상록구,S090002741,삼일초등학교,2,공립,N,,5.0,8.0,103.0,6.0,4.0,117.0,8.0,5.0,111.0,12.0,8.0,122.0,12.0,7.0,120.0,4.0,5.0,114.0,47.0,37.0,687.0
경기도교육청,경기도안산교육지원청,경기도 안산시 상록구,S090002742,상록초등학교,2,공립,N,,5.0,11.0,110.0,7.0,9.0,110.0,6.0,11.0,125.0,5.0,13.0,162.0,5.0,9.0,145.0,4.0,4.0,146.0,32.0,57.0,798.0
경기도교육청,경기도시흥교육지원청,경기도 시흥시,S090002743,서촌초등학교,2,공립,N,,5.0,9.0,92.0,11.0,8.0,80.0,10.0,13.0,112.0,6.0,6.0,92.0,2.0,2.0,83.0,2.0,5.0,108.0,36.0,43.0,567.0
경기도교육청,경기도시흥교육지원청,경기도 시흥시,S090002744,서해초등학교,2,공립,N,,7.0,5.0,151.0,11.0,6.0,143.0,18.0,14.0,174.0,19.0,8.0,166.0,9.0,10.0,162.0,6.0,3.0,149.0,70.0,46.0,945.0
경기도교육청,경기도안산교육지원청,경기도 안산시 상록구,S090002745,석호초등학교,2,공립,N,,7.0,5.0,113.0,9.0,13.0,148.0,8.0,7.0,122.0,9.0,19.0,139.0,6.0,9.0,160.0,9.0,12.0,150.0,48.0,65.0,832.0
경기도교육청,경기도안산교육지원청,경기도 안산시 단원구,S090002746,선부초등학교,2,공립,N,,8.0,5.0,111.0,5.0,11.0,115.0,8.0,10.0,140.0,5.0,8.0,142.0,6.0,8.0,137.0,3.0,1.0,127.0,35.0,43.0,772.0
경기도교육청,경기도안산교육지원청,경기도 안산시 단원구,S090002747,선일초등학교,2,공립,N,,1.0,4.0,34.0,0.0,1.0,56.0,1.0,10.0,64.0,1.0,8.0,70.0,1.0,4.0,67.0,3.0,3.0,72.0,7.0,30.0,363.0
경기도교육청,경기도안산교육지원청,경기도 안산시 상록구,S090002749,성안초등학교,2,공립,N,,2.0,4.0,102.0,3.0,7.0,96.0,3.0,10.0,93.0,2.0,8.0,92.0,5.0,8.0,104.0,4.0,8.0,93.0,19.0,45.0,580.0
경기도교육청,경기도안산교육지원청,경기도 안산시 상록구,S090002750,성포초등학교,2,공립,N,,4.0,3.0,87.0,6.0,9.0,75.0,11.0,3.0,79.0,7.0,9.0,94.0,4.0,2.0,79.0,2.0,2.0,86.0,34.0,28.0,500.0
경기도교육청,경기도시흥교육지원청,경기도 시흥시,S090002751,소래초등학교,2,공립,N,,0.0,43.0,83.0,9.0,39.0,79.0,10.0,29.0,81.0,5.0,22.0,73.0,10.0,18.0,91.0,3.0,1.0,73.0,37.0,152.0,480.0
경기도교육청,경기도시흥교육지원청,경기도 시흥시,S090002752,송운초등학교,2,공립,N,,4.0,3.0,122.0,7.0,11.0,128.0,5.0,6.0,140.0,6.0,7.0,130.0,5.0,7.0,138.0,6.0,5.0,148.0,33.0,39.0,806.0
경기도교육청,경기도안산교육지원청,경기도 안산시 단원구,S090002753,송호초등학교,2,공립,N,,5.0,6.0,107.0,7.0,8.0,104.0,4.0,8.0,121.0,7.0,3.0,110.0,7.0,1.0,125.0,2.0,7.0,121.0,32.0,33.0,688.0
경기도교육청,경기도안산교육지원청,경기도 안산시 단원구,S090002755,슬기초등학교,2,공립,N,,5.0,3.0,94.0,13.0,9.0,93.0,7.0,6.0,90.0,11.0,4.0,104.0,5.0,6.0,102.0,5.0,6.0,112.0,46.0,34.0,595.0
경기도교육청,경기도안산교육지원청,경기도 안산시 상록구,S090002756,시곡초등학교,2,공립,N,,3.0,6.0,88.0,9.0,10.0,110.0,7.0,6.0,110.0,2.0,6.0,124.0,5.0,5.0,123.0,4.0,3.0,117.0,30.0,36.0,672.0
경기도교육청,경기도안산교육지원청,경기도 안산시 상록구,S090002757,시랑초등학교,2,공립,N,,4.0,3.0,58.0,4.0,2.0,62.0,3.0,5.0,67.0,2.0,5.0,55.0,5.0,2.0,67.0,3.0,1.0,58.0,21.0,18.0,367.0
경기도교육청,경기도시흥교육지원청,경기도 시흥시,S090002758,시화초등학교,2,공립,N,,2.0,0.0,50.0,2.0,4.0,57.0,0.0,2.0,56.0,2.0,6.0,42.0,1.0,4.0,48.0,2.0,3.0,75.0,9.0,19.0,328.0
경기도교육청,경기도시흥교육지원청,경기도 시흥시,S090002759,시흥매화초등학교,2,공립,N,,1.0,4.0,51.0,3.0,10.0,67.0,3.0,4.0,73.0,9.0,11.0,75.0,1.0,2.0,70.0,4.0,8.0,72.0,21.0,39.0,408.0
경기도교육청,경기도시흥교육지원청,경기도 시흥시,S090002760,시흥신일초등학교,2,공립,N,,7.0,2.0,71.0,8.0,9.0,94.0,8.0,15.0,122.0,9.0,9.0,118.0,5.0,8.0,99.0,5.0,4.0,122.0,42.0,47.0,626.0
경기도교육청,경기도시흥교육지원청,경기도 시흥시,S090002761,시흥은행초등학교,2,공립,N,,3.0,1.0,103.0,6.0,8.0,103.0,13.0,5.0,150.0,9.0,6.0,137.0,6.0,6.0,134.0,8.0,8.0,162.0,45.0,34.0,789.0
경기도교육청,경기도시흥교육지원청,경기도 시흥시,S090002762,시흥초등학교,2,공립,N,,3.0,5.0,97.0,11.0,4.0,95.0,2.0,14.0,117.0,6.0,10.0,132.0,4.0,5.0,113.0,5.0,5.0,125.0,31.0,43.0,679.0
경기도교육청,경기도시흥교육지원청,경기도 시흥시,S090002764,신천초등학교,2,공립,N,,4.0,3.0,41.0,2.0,6.0,32.0,3.0,9.0,42.0,4.0,5.0,45.0,1.0,4.0,49.0,2.0,4.0,55.0,16.0,31.0,264.0
경기도교육청,경기도안산교육지원청,경기도 안산시 상록구,S090002765,안산광덕초등학교,2,공립,N,,3.0,8.0,66.0,6.0,9.0,75.0,3.0,4.0,67.0,4.0,7.0,79.0,10.0,10.0,78.0,4.0,7.0,81.0,30.0,45.0,446.0
경기도교육청,경기도안산교육지원청,경기도 안산시 상록구,S090002766,안산부곡초등학교,2,공립,N,,5.0,6.0,100.0,9.0,13.0,122.0,9.0,12.0,144.0,13.0,9.0,133.0,8.0,11.0,138.0,10.0,5.0,114.0,54.0,56.0,751.0
경기도교육청,경기도안산교육지원청,경기도 안산시 단원구,S090002767,안산서초등학교,2,공립,N,,4.0,2.0,102.0,7.0,6.0,97.0,4.0,2.0,105.0,6.0,10.0,107.0,11.0,4.0,125.0,7.0,7.0,119.0,39.0,31.0,655.0
경기도교육청,경기도안산교육지원청,경기도 안산시 단원구,S090002768,안산석수초등학교,2,공립,N,,6.0,8.0,130.0,5.0,6.0,145.0,9.0,7.0,154.0,9.0,12.0,127.0,4.0,8.0,124.0,1.0,6.0,104.0,34.0,47.0,784.0
경기도교육청,경기도안산교육지원청,경기도 안산시 단원구,S090002769,안산양지초등학교,2,공립,N,,9.0,6.0,175.0,16.0,15.0,188.0,12.0,7.0,174.0,13.0,9.0,203.0,11.0,9.0,191.0,9.0,6.0,183.0,70.0,52.0,1114.0
경기도교육청,경기도안산교육지원청,경기도 안산시 단원구,S090002770,안산원곡초등학교,2,공립,N,,3.0,5.0,58.0,1.0,3.0,61.0,3.0,6.0,61.0,3.0,7.0,52.0,5.0,11.0,104.0,2.0,4.0,93.0,17.0,36.0,429.0
경기도교육청,경기도안산교육지원청,경기도 안산시 단원구,S090002771,안산중앙초등학교,2,공립,N,,2.0,6.0,98.0,3.0,9.0,105.0,3.0,12.0,117.0,6.0,3.0,94.0,3.0,5.0,86.0,5.0,3.0,103.0,22.0,38.0,603.0
경기도교육청,경기도안산교육지원청,경기도 안산시 상록구,S090002772,안산초등학교,2,공립,N,,3.0,2.0,37.0,1.0,0.0,49.0,3.0,8.0,70.0,1.0,8.0,74.0,2.0,6.0,73.0,0.0,3.0,57.0,10.0,27.0,360.0
경기도교육청,경기도안산교육지원청,경기도 안산시 단원구,S090002773,안산화정초등학교,2,공립,N,,3.0,8.0,157.0,3.0,9.0,150.0,5.0,19.0,173.0,10.0,11.0,172.0,8.0,12.0,185.0,6.0,3.0,195.0,35.0,62.0,1032.0
경기도교육청,경기도시흥교육지원청,경기도 시흥시,S090002774,연성초등학교,2,공립,N,,5.0,2.0,46.0,2.0,3.0,42.0,6.0,5.0,54.0,9.0,4.0,54.0,2.0,9.0,79.0,2.0,5.0,73.0,26.0,28.0,348.0
경기도교육청,경기도시흥교육지원청,경기도 시흥시,S090002775,옥터초등학교,2,공립,N,,2.0,7.0,46.0,1.0,7.0,40.0,4.0,5.0,59.0,2.0,9.0,48.0,4.0,5.0,44.0,4.0,4.0,62.0,17.0,37.0,299.0
경기도교육청,경기도안산교육지원청,경기도 안산시 단원구,S090002776,와동초등학교,2,공립,N,,10.0,11.0,101.0,6.0,1.0,115.0,13.0,6.0,124.0,4.0,15.0,114.0,8.0,6.0,119.0,7.0,3.0,120.0,48.0,42.0,693.0
경기도교육청,경기도안산교육지원청,경기도 안산시 단원구,S090002778,원일초등학교,2,공립,N,,2.0,4.0,98.0,4.0,5.0,95.0,3.0,7.0,102.0,3.0,4.0,73.0,4.0,4.0,102.0,2.0,0.0,89.0,18.0,24.0,559.0
경기도교육청,경기도시흥교육지원청,경기도 시흥시,S090002779,은계초등학교,2,공립,N,,2.0,7.0,152.0,9.0,10.0,134.0,10.0,11.0,168.0,9.0,10.0,130.0,4.0,4.0,137.0,6.0,5.0,120.0,40.0,47.0,841.0
경기도교육청,경기도안산교육지원청,경기도 안산시 상록구,S090002780,이호초등학교,2,공립,N,,9.0,11.0,114.0,11.0,10.0,139.0,15.0,18.0,143.0,21.0,12.0,137.0,17.0,16.0,133.0,6.0,12.0,143.0,79.0,79.0,809.0
경기도교육청,경기도시흥교육지원청,경기도 시흥시,S090002781,장곡초등학교,2,공립,N,,6.0,11.0,99.0,9.0,11.0,108.0,11.0,8.0,138.0,11.0,13.0,147.0,12.0,14.0,185.0,7.0,7.0,164.0,56.0,64.0,841.0
경기도교육청,경기도시흥교육지원청,경기도 시흥시,S090002782,정왕초등학교,2,공립,N,,9.0,6.0,175.0,4.0,13.0,171.0,10.0,13.0,190.0,6.0,10.0,149.0,7.0,10.0,181.0,3.0,6.0,174.0,39.0,58.0,1040.0
경기도교육청,경기도안산교육지원청,경기도 안산시 상록구,S090002783,정재초등학교,2,공립,N,,5.0,1.0,56.0,3.0,5.0,45.0,1.0,6.0,52.0,3.0,9.0,60.0,3.0,3.0,48.0,2.0,5.0,45.0,17.0,29.0,306.0
경기도교육청,경기도안산교육지원청,경기도 안산시 단원구,S090002784,정지초등학교,2,공립,N,,1.0,6.0,56.0,4.0,3.0,50.0,4.0,9.0,57.0,3.0,3.0,49.0,4.0,4.0,62.0,2.0,2.0,65.0,18.0,27.0,339.0
경기도교육청,경기도시흥교육지원청,경기도 시흥시,S090002786,진말초등학교,2,공립,N,,5.0,0.0,91.0,12.0,2.0,87.0,22.0,4.0,97.0,7.0,0.0,92.0,3.0,3.0,118.0,12.0,0.0,105.0,61.0,9.0,590.0
경기도교육청,경기도안산교육지원청,경기도 안산시 상록구,S090002787,초당초등학교,2,공립,N,,7.0,12.0,188.0,10.0,16.0,153.0,12.0,9.0,226.0,15.0,20.0,205.0,11.0,17.0,234.0,10.0,6.0,204.0,65.0,80.0,1210.0
경기도교육청,경기도안산교육지원청,경기도 안산시 단원구,S090002788,초지초등학교,2,공립,N,,6.0,5.0,89.0,6.0,9.0,112.0,4.0,7.0,111.0,9.0,5.0,113.0,5.0,4.0,123.0,6.0,8.0,106.0,36.0,38.0,654.0
경기도교육청,경기도시흥교육지원청,경기도 시흥시,S090002789,포리초등학교,2,공립,N,,0.0,2.0,22.0,2.0,5.0,27.0,3.0,3.0,28.0,2.0,8.0,37.0,1.0,4.0,39.0,4.0,5.0,45.0,12.0,27.0,198.0
경기도교육청,경기도시흥교육지원청,경기도 시흥시,S090002790,하중초등학교,2,공립,N,,2.0,2.0,50.0,4.0,8.0,62.0,3.0,6.0,82.0,5.0,5.0,71.0,1.0,5.0,84.0,2.0,3.0,98.0,17.0,29.0,447.0
경기도교육청,경기도시흥교육지원청,경기도 시흥시,S090002791,함현초등학교,2,공립,N,,6.0,2.0,68.0,3.0,7.0,65.0,6.0,7.0,78.0,5.0,10.0,69.0,1.0,4.0,78.0,3.0,7.0,85.0,24.0,37.0,443.0
경기도교육청,경기도안산교육지원청,경기도 안산시 상록구,S090002792,호동초등학교,2,공립,N,,6.0,13.0,219.0,12.0,12.0,196.0,6.0,14.0,214.0,13.0,15.0,216.0,9.0,13.0,226.0,6.0,8.0,215.0,52.0,75.0,1286.0
경기도교육청,경기도안산교육지원청,경기도 안산시 단원구,S090002793,화랑초등학교,2,공립,N,,8.0,13.0,93.0,5.0,13.0,113.0,6.0,9.0,112.0,5.0,15.0,135.0,4.0,8.0,132.0,3.0,11.0,132.0,31.0,69.0,717.0
경기도교육청,경기도안성교육지원청,경기도 안성시,S090002927,개산초등학교,2,공립,N,,0.0,0.0,8.0,1.0,0.0,9.0,0.0,2.0,14.0,1.0,0.0,17.0,1.0,0.0,17.0,0.0,0.0,13.0,3.0,2.0,78.0
경기도교육청,경기도안성교육지원청,경기도 안성시,S090002928,개정초등학교,2,공립,N,,0.0,0.0,14.0,0.0,0.0,14.0,0.0,0.0,17.0,0.0,1.0,13.0,0.0,0.0,8.0,0.0,0.0,8.0,0.0,1.0,74.0
경기도교육청,경기도안성교육지원청,경기도 안성시,S090002929,고삼초등학교,2,공립,N,,0.0,1.0,7.0,0.0,1.0,7.0,1.0,0.0,9.0,0.0,0.0,2.0,0.0,0.0,5.0,0.0,0.0,7.0,1.0,2.0,37.0
경기도교육청,경기도안성교육지원청,경기도 안성시,S090002931,공도초등학교,2,공립,N,,5.0,15.0,253.0,21.0,10.0,248.0,23.0,11.0,278.0,20.0,12.0,264.0,20.0,13.0,243.0,20.0,7.0,231.0,109.0,68.0,1517.0
경기도교육청,경기도안성교육지원청,경기도 안성시,S090002933,광덕초등학교,2,공립,N,,0.0,1.0,24.0,0.0,2.0,34.0,0.0,1.0,32.0,1.0,0.0,32.0,1.0,4.0,25.0,1.0,4.0,22.0,3.0,12.0,169.0
경기도교육청,경기도안성교육지원청,경기도 안성시,S090002934,광선초등학교,2,공립,N,,0.0,1.0,6.0,0.0,0.0,15.0,0.0,0.0,8.0,0.0,1.0,7.0,1.0,0.0,10.0,0.0,0.0,8.0,1.0,2.0,54.0
경기도교육청,경기도안성교육지원청,경기도 안성시,S090002935,금광초등학교,2,공립,N,,1.0,1.0,20.0,1.0,0.0,31.0,0.0,1.0,20.0,1.0,2.0,32.0,0.0,0.0,38.0,0.0,2.0,32.0,3.0,6.0,173.0
경기도교육청,경기도안성교육지원청,경기도 안성시,S090002936,금광초등학교조령분교장,2,공립,N,,0.0,0.0,0.0,0.0,0.0,5.0,1.0,0.0,0.0,0.0,0.0,4.0,0.0,0.0,3.0,0.0,0.0,6.0,1.0,0.0,18.0
경기도교육청,경기도안성교육지원청,경기도 안성시,S090002937,내혜홀초등학교,2,공립,N,,5.0,1.0,58.0,6.0,6.0,59.0,5.0,3.0,78.0,5.0,3.0,113.0,6.0,3.0,93.0,7.0,4.0,97.0,34.0,20.0,498.0
경기도교육청,경기도안성교육지원청,경기도 안성시,S090002938,대덕초등학교,2,공립,N,,0.0,3.0,9.0,1.0,1.0,18.0,0.0,0.0,25.0,1.0,0.0,18.0,1.0,1.0,20.0,2.0,1.0,28.0,5.0,6.0,118.0
경기도교육청,경기도안성교육지원청,경기도 안성시,S090002940,동신초등학교,2,공립,N,,0.0,0.0,32.0,5.0,1.0,33.0,5.0,0.0,21.0,2.0,0.0,27.0,1.0,1.0,16.0,2.0,0.0,20.0,15.0,2.0,149.0
경기도교육청,경기도안성교육지원청,경기도 안성시,S090002941,마전초등학교,2,공립,N,,1.0,1.0,11.0,1.0,1.0,11.0,0.0,1.0,5.0,1.0,0.0,13.0,1.0,1.0,7.0,0.0,0.0,11.0,4.0,4.0,58.0
경기도교육청,경기도안성교육지원청,경기도 안성시,S090002942,명덕초등학교,2,공립,N,,0.0,0.0,9.0,1.0,2.0,14.0,0.0,1.0,11.0,0.0,1.0,19.0,0.0,0.0,7.0,0.0,3.0,30.0,1.0,7.0,90.0
경기도교육청,경기도안성교육지원청,경기도 안성시,S090002943,문기초등학교,2,공립,N,,7.0,7.0,82.0,8.0,9.0,89.0,8.0,10.0,95.0,5.0,9.0,100.0,8.0,4.0,90.0,3.0,4.0,82.0,39.0,43.0,538.0
경기도교육청,경기도안성교육지원청,경기도 안성시,S090002944,미곡초등학교,2,공립,N,,1.0,0.0,9.0,1.0,0.0,6.0,1.0,0.0,6.0,1.0,0.0,8.0,1.0,0.0,12.0,0.0,0.0,6.0,5.0,0.0,47.0
경기도교육청,경기도안성교육지원청,경기도 안성시,S090002945,미양초등학교,2,공립,N,,0.0,0.0,5.0,0.0,1.0,10.0,3.0,0.0,10.0,1.0,1.0,19.0,1.0,3.0,10.0,0.0,0.0,13.0,5.0,5.0,67.0
경기도교육청,경기도안성교육지원청,경기도 안성시,S090002946,방초초등학교,2,공립,N,,0.0,1.0,2.0,0.0,0.0,0.0,0.0,0.0,5.0,0.0,0.0,6.0,0.0,0.0,9.0,0.0,0.0,6.0,0.0,1.0,28.0
경기도교육청,경기도안성교육지원청,경기도 안성시,S090002947,백성초등학교,2,공립,N,,4.0,8.0,159.0,7.0,7.0,154.0,8.0,5.0,153.0,7.0,2.0,133.0,5.0,1.0,124.0,1.0,2.0,119.0,32.0,25.0,842.0
경기도교육청,경기도안성교육지원청,경기도 안성시,S090002948,보개초등학교,2,공립,N,,4.0,0.0,9.0,1.0,1.0,14.0,0.0,3.0,7.0,2.0,1.0,8.0,0.0,0.0,9.0,2.0,0.0,15.0,9.0,5.0,62.0
경기도교육청,경기도안성교육지원청,경기도 안성시,S090002949,보체초등학교,2,공립,N,,0.0,1.0,11.0,1.0,0.0,8.0,0.0,0.0,15.0,0.0,0.0,8.0,0.0,1.0,9.0,0.0,1.0,8.0,1.0,3.0,59.0
경기도교육청,경기도안성교육지원청,경기도 안성시,S090002950,비룡초등학교,2,공립,N,,5.0,9.0,197.0,14.0,5.0,204.0,12.0,6.0,216.0,11.0,5.0,232.0,10.0,10.0,214.0,11.0,14.0,217.0,63.0,49.0,1280.0
경기도교육청,경기도안성교육지원청,경기도 안성시,S090002951,산평초등학교,2,공립,N,,0.0,1.0,1.0,0.0,1.0,10.0,0.0,2.0,7.0,0.0,0.0,9.0,0.0,0.0,3.0,0.0,0.0,8.0,0.0,4.0,38.0
경기도교육청,경기도안성교육지원청,경기도 안성시,S090002952,삼죽초등학교,2,공립,N,,0.0,0.0,4.0,0.0,2.0,9.0,0.0,0.0,2.0,0.0,1.0,14.0,0.0,0.0,6.0,0.0,0.0,7.0,0.0,3.0,42.0
경기도교육청,경기도안성교육지원청,경기도 안성시,S090002954,서운초등학교,2,공립,N,,0.0,0.0,12.0,1.0,1.0,7.0,3.0,0.0,11.0,0.0,0.0,10.0,0.0,0.0,5.0,1.0,1.0,8.0,5.0,2.0,53.0
경기도교육청,경기도안성교육지원청,경기도 안성시,S090002956,안성초등학교,2,공립,N,,0.0,0.0,79.0,3.0,7.0,102.0,5.0,5.0,117.0,5.0,6.0,127.0,10.0,9.0,137.0,5.0,5.0,135.0,28.0,32.0,697.0
경기도교육청,경기도안성교육지원청,경기도 안성시,S090002957,양성초등학교,2,공립,N,,1.0,0.0,6.0,1.0,0.0,7.0,0.0,3.0,11.0,1.0,1.0,13.0,1.0,1.0,8.0,1.0,1.0,16.0,5.0,6.0,61.0
경기도교육청,경기도안성교육지원청,경기도 안성시,S090002959,양진초등학교,2,공립,N,,3.0,10.0,139.0,10.0,12.0,139.0,11.0,14.0,155.0,7.0,6.0,151.0,7.0,12.0,138.0,1.0,10.0,148.0,39.0,64.0,870.0
경기도교육청,경기도안성교육지원청,경기도 안성시,S090002960,용머리초등학교,2,공립,N,,3.0,5.0,78.0,2.0,10.0,99.0,6.0,5.0,80.0,7.0,12.0,101.0,2.0,5.0,100.0,2.0,2.0,75.0,22.0,39.0,533.0
경기도교육청,경기도안성교육지원청,경기도 안성시,S090002961,원곡초등학교,2,공립,N,,0.0,2.0,14.0,1.0,1.0,23.0,4.0,1.0,22.0,0.0,1.0,26.0,2.0,3.0,18.0,1.0,0.0,13.0,8.0,8.0,116.0
경기도교육청,경기도안성교육지원청,경기도 안성시,S090002963,일죽초등학교,2,공립,N,,1.0,0.0,19.0,1.0,2.0,24.0,1.0,0.0,29.0,0.0,2.0,35.0,0.0,4.0,16.0,1.0,1.0,29.0,4.0,9.0,152.0
경기도교육청,경기도안성교육지원청,경기도 안성시,S090002967,죽산초등학교,2,공립,N,,2.0,0.0,22.0,3.0,1.0,21.0,1.0,4.0,32.0,7.0,0.0,25.0,4.0,2.0,27.0,1.0,6.0,27.0,18.0,13.0,154.0
경기도교육청,경기도안성교육지원청,경기도 안성시,S090002968,죽화초등학교,2,공립,N,,0.0,0.0,5.0,0.0,0.0,3.0,1.0,1.0,10.0,1.0,0.0,10.0,1.0,0.0,13.0,2.0,0.0,10.0,5.0,1.0,51.0
경기도교육청,경기도안성교육지원청,경기도 안성시,S090002969,현매초등학교,2,공립,N,,0.0,2.0,12.0,1.0,1.0,13.0,0.0,1.0,13.0,0.0,2.0,9.0,0.0,1.0,6.0,0.0,1.0,6.0,1.0,8.0,59.0
경기도교육청,경기도안양과천교육지원청,경기도 과천시,S090003042,과천초등학교,2,공립,N,,16.0,14.0,152.0,21.0,8.0,108.0,20.0,13.0,113.0,23.0,6.0,105.0,26.0,6.0,135.0,3.0,3.0,111.0,109.0,50.0,724.0
경기도교육청,경기도안양과천교육지원청,경기도 과천시,S090003043,관문초등학교,2,공립,N,,4.0,4.0,122.0,16.0,7.0,89.0,9.0,5.0,108.0,11.0,3.0,74.0,7.0,5.0,71.0,4.0,2.0,74.0,51.0,26.0,538.0
경기도교육청,경기도안양과천교육지원청,경기도 안양시 동안구,S090003044,관양초등학교,2,공립,N,,3.0,11.0,94.0,9.0,21.0,112.0,13.0,13.0,115.0,11.0,12.0,107.0,7.0,19.0,119.0,9.0,8.0,109.0,52.0,84.0,656.0
경기도교육청,경기도안양과천교육지원청,경기도 안양시 동안구,S090003045,귀인초등학교,2,공립,N,,19.0,7.0,225.0,22.0,14.0,220.0,37.0,13.0,262.0,34.0,13.0,306.0,38.0,10.0,321.0,30.0,14.0,328.0,180.0,71.0,1662.0
경기도교육청,경기도안양과천교육지원청,경기도 안양시 동안구,S090003046,달안초등학교,2,공립,N,,2.0,6.0,34.0,4.0,10.0,27.0,2.0,5.0,35.0,2.0,4.0,24.0,4.0,3.0,39.0,4.0,4.0,32.0,18.0,32.0,191.0
경기도교육청,경기도안양과천교육지원청,경기도 안양시 만안구,S090003047,덕천초등학교,2,공립,N,,15.0,16.0,175.0,21.0,17.0,168.0,13.0,21.0,147.0,14.0,24.0,145.0,10.0,18.0,129.0,7.0,4.0,97.0,80.0,100.0,861.0
경기도교육청,경기도안양과천교육지원청,경기도 안양시 동안구,S090003049,동안초등학교,2,공립,N,,4.0,8.0,68.0,10.0,6.0,76.0,10.0,7.0,81.0,11.0,6.0,115.0,9.0,3.0,90.0,14.0,4.0,97.0,58.0,34.0,527.0
경기도교육청,경기도안양과천교육지원청,경기도 안양시 만안구,S090003050,만안초등학교,2,공립,N,,2.0,8.0,83.0,2.0,5.0,81.0,2.0,10.0,88.0,1.0,7.0,94.0,5.0,10.0,115.0,2.0,9.0,88.0,14.0,49.0,549.0
경기도교육청,경기도안양과천교육지원청,경기도 안양시 만안구,S090003051,명학초등학교,2,공립,N,,3.0,6.0,72.0,7.0,6.0,58.0,4.0,6.0,61.0,5.0,5.0,48.0,2.0,4.0,59.0,1.0,7.0,65.0,22.0,34.0,363.0
경기도교육청,경기도안양과천교육지원청,경기도 과천시,S090003052,문원초등학교,2,공립,N,,28.0,10.0,277.0,48.0,10.0,273.0,48.0,13.0,279.0,48.0,4.0,281.0,42.0,7.0,266.0,53.0,5.0,281.0,267.0,49.0,1657.0
경기도교육청,경기도안양과천교육지원청,경기도 안양시 동안구,S090003053,민백초등학교,2,공립,N,,4.0,4.0,82.0,7.0,9.0,91.0,18.0,7.0,114.0,9.0,5.0,140.0,25.0,6.0,134.0,13.0,5.0,145.0,76.0,36.0,706.0
경기도교육청,경기도안양과천교육지원청,경기도 안양시 만안구,S090003054,박달초등학교,2,공립,N,,8.0,12.0,148.0,11.0,19.0,148.0,17.0,23.0,180.0,17.0,14.0,159.0,13.0,12.0,194.0,11.0,9.0,133.0,77.0,89.0,962.0
경기도교육청,경기도안양과천교육지원청,경기도 안양시 동안구,S090003055,벌말초등학교,2,공립,N,,7.0,9.0,131.0,4.0,10.0,142.0,6.0,20.0,166.0,7.0,17.0,173.0,9.0,8.0,173.0,1.0,7.0,136.0,34.0,71.0,921.0
경기도교육청,경기도안양과천교육지원청,경기도 안양시 동안구,S090003056,범계초등학교,2,공립,N,,11.0,6.0,118.0,17.0,11.0,109.0,18.0,5.0,127.0,20.0,2.0,128.0,19.0,7.0,154.0,28.0,5.0,167.0,113.0,36.0,803.0
경기도교육청,경기도안양과천교육지원청,경기도 안양시 동안구,S090003057,부림초등학교,2,공립,N,,9.0,10.0,154.0,12.0,20.0,164.0,12.0,9.0,162.0,12.0,13.0,149.0,9.0,10.0,158.0,8.0,9.0,130.0,62.0,71.0,917.0
경기도교육청,경기도안양과천교육지원청,경기도 안양시 동안구,S090003060,비산초등학교,2,공립,N,,0.0,10.0,33.0,0.0,20.0,48.0,2.0,30.0,58.0,0.0,21.0,73.0,0.0,21.0,59.0,1.0,23.0,76.0,3.0,125.0,347.0
경기도교육청,경기도안양과천교육지원청,경기도 안양시 만안구,S090003061,삼봉초등학교,2,공립,N,,3.0,3.0,97.0,7.0,7.0,117.0,5.0,8.0,113.0,2.0,7.0,96.0,0.0,11.0,107.0,1.0,3.0,104.0,18.0,39.0,634.0
경기도교육청,경기도안양과천교육지원청,경기도 안양시 만안구,S090003062,삼성초등학교,2,공립,N,,3.0,6.0,155.0,3.0,16.0,135.0,7.0,15.0,179.0,4.0,19.0,151.0,4.0,9.0,146.0,4.0,5.0,162.0,25.0,70.0,928.0
경기도교육청,경기도안양과천교육지원청,경기도 안양시 만안구,S090003063,석수초등학교,2,공립,N,,2.0,7.0,97.0,2.0,9.0,101.0,6.0,11.0,116.0,2.0,15.0,111.0,1.0,9.0,112.0,9.0,12.0,116.0,22.0,63.0,653.0
경기도교육청,경기도안양과천교육지원청,경기도 안양시 만안구,S090003065,신안초등학교,2,공립,N,,1.0,4.0,88.0,1.0,9.0,80.0,1.0,9.0,80.0,2.0,13.0,113.0,2.0,15.0,105.0,4.0,9.0,105.0,11.0,59.0,571.0
경기도교육청,경기도안양과천교육지원청,경기도 안양시 동안구,S090003066,안양관악초등학교,2,공립,N,,1.0,7.0,50.0,3.0,3.0,36.0,0.0,13.0,55.0,2.0,3.0,42.0,2.0,2.0,47.0,1.0,7.0,47.0,9.0,35.0,277.0
경기도교육청,경기도안양과천교육지원청,경기도 안양시 동안구,S090003067,안양남초등학교,2,공립,N,,4.0,1.0,74.0,2.0,3.0,79.0,12.0,3.0,101.0,12.0,4.0,137.0,12.0,7.0,115.0,14.0,3.0,133.0,56.0,21.0,639.0
경기도교육청,경기도안양과천교육지원청,경기도 안양시 동안구,S090003068,안양덕현초등학교,2,공립,N,,3.0,6.0,96.0,10.0,9.0,94.0,9.0,7.0,82.0,8.0,4.0,83.0,12.0,5.0,83.0,10.0,2.0,72.0,52.0,33.0,510.0
경기도교육청,경기도안양과천교육지원청,경기도 안양시 동안구,S090003069,안양동초등학교,2,공립,N,,41.0,2.0,66.0,45.0,5.0,58.0,30.0,7.0,71.0,23.0,4.0,68.0,25.0,4.0,80.0,0.0,6.0,85.0,164.0,28.0,428.0
경기도교육청,경기도안양과천교육지원청,경기도 안양시 동안구,S090003070,안양부안초등학교,2,공립,N,,5.0,5.0,97.0,3.0,7.0,79.0,3.0,8.0,97.0,3.0,13.0,128.0,5.0,6.0,109.0,5.0,5.0,104.0,24.0,44.0,614.0
경기도교육청,경기도안양과천교육지원청,경기도 안양시 동안구,S090003071,안양부흥초등학교,2,공립,N,,4.0,5.0,147.0,8.0,11.0,147.0,15.0,14.0,162.0,13.0,10.0,169.0,15.0,16.0,190.0,15.0,9.0,184.0,70.0,65.0,999.0
경기도교육청,경기도안양과천교육지원청,경기도 안양시 만안구,S090003072,안양서초등학교,2,공립,N,,4.0,6.0,79.0,5.0,8.0,73.0,4.0,7.0,112.0,4.0,5.0,94.0,2.0,7.0,116.0,3.0,3.0,97.0,22.0,36.0,571.0
경기도교육청,경기도안양과천교육지원청,경기도 안양시 동안구,S090003073,안양신기초등학교,2,공립,N,,10.0,4.0,126.0,13.0,13.0,100.0,15.0,9.0,110.0,9.0,10.0,129.0,15.0,7.0,102.0,13.0,11.0,112.0,75.0,54.0,679.0
경기도교육청,경기도안양과천교육지원청,경기도 안양시 만안구,S090003074,안양양지초등학교,2,공립,N,,1.0,0.0,56.0,2.0,7.0,60.0,1.0,2.0,65.0,4.0,5.0,72.0,1.0,5.0,53.0,1.0,1.0,57.0,10.0,20.0,363.0
경기도교육청,경기도안양과천교육지원청,경기도 안양시 동안구,S090003075,안양중앙초등학교,2,공립,N,,33.0,2.0,74.0,30.0,6.0,92.0,28.0,11.0,90.0,22.0,9.0,101.0,22.0,6.0,82.0,3.0,2.0,86.0,138.0,36.0,525.0
경기도교육청,경기도안양과천교육지원청,경기도 안양시 만안구,S090003076,안양초등학교,2,공립,N,,9.0,5.0,142.0,35.0,9.0,140.0,30.0,12.0,164.0,22.0,3.0,142.0,27.0,3.0,142.0,15.0,4.0,165.0,138.0,36.0,895.0
경기도교육청,경기도안양과천교육지원청,경기도 안양시 만안구,S090003077,안일초등학교,2,공립,N,,4.0,4.0,105.0,5.0,9.0,120.0,4.0,8.0,94.0,5.0,4.0,105.0,1.0,11.0,109.0,0.0,1.0,89.0,19.0,37.0,622.0
경기도교육청,경기도안양과천교육지원청,경기도 안양시 만안구,S090003079,연현초등학교,2,공립,N,,0.0,6.0,111.0,3.0,8.0,92.0,5.0,9.0,113.0,5.0,6.0,94.0,6.0,6.0,101.0,3.0,2.0,93.0,22.0,37.0,604.0
경기도교육청,경기도안양과천교육지원청,경기도 안양시 동안구,S090003080,인덕원초등학교,2,공립,N,,6.0,2.0,85.0,6.0,8.0,72.0,4.0,5.0,73.0,5.0,9.0,65.0,6.0,5.0,52.0,2.0,3.0,45.0,29.0,32.0,392.0
경기도교육청,경기도안양과천교육지원청,경기도 과천시,S090003082,청계초등학교,2,공립,N,,77.0,3.0,96.0,72.0,4.0,107.0,50.0,9.0,111.0,49.0,2.0,118.0,40.0,2.0,91.0,13.0,1.0,101.0,301.0,21.0,624.0
경기도교육청,경기도안양과천교육지원청,경기도 안양시 동안구,S090003083,평촌초등학교,2,공립,N,,13.0,7.0,169.0,16.0,9.0,165.0,26.0,7.0,212.0,32.0,16.0,220.0,24.0,11.0,255.0,26.0,8.0,245.0,137.0,58.0,1266.0
경기도교육청,경기도안양과천교육지원청,경기도 안양시 동안구,S090003084,호계초등학교,2,공립,N,,2.0,9.0,90.0,4.0,7.0,68.0,4.0,8.0,104.0,2.0,5.0,70.0,5.0,6.0,79.0,1.0,5.0,81.0,18.0,40.0,492.0
경기도교육청,경기도안양과천교육지원청,경기도 안양시 동안구,S090003085,호성초등학교,2,공립,N,,7.0,2.0,165.0,12.0,7.0,165.0,9.0,6.0,179.0,12.0,8.0,176.0,7.0,14.0,182.0,10.0,9.0,186.0,57.0,46.0,1053.0
경기도교육청,경기도안양과천교육지원청,경기도 안양시 동안구,S090003086,호원초등학교,2,공립,N,,13.0,4.0,214.0,50.0,4.0,143.0,52.0,7.0,173.0,39.0,4.0,125.0,35.0,3.0,109.0,27.0,5.0,93.0,216.0,27.0,857.0
경기도교육청,경기도안양과천교육지원청,경기도 안양시 동안구,S090003088,희성초등학교,2,공립,N,,0.0,2.0,41.0,1.0,6.0,34.0,0.0,4.0,38.0,1.0,0.0,59.0,0.0,5.0,59.0,1.0,1.0,54.0,3.0,18.0,285.0
경기도교육청,경기도양평교육지원청,경기도 양평군,S090003216,강상초등학교,2,공립,N,,5.0,4.0,74.0,7.0,5.0,66.0,8.0,5.0,86.0,9.0,7.0,83.0,4.0,2.0,71.0,4.0,5.0,73.0,37.0,28.0,453.0
경기도교육청,경기도양평교육지원청,경기도 양평군,S090003217,강하초등학교,2,공립,N,,2.0,1.0,17.0,2.0,4.0,11.0,0.0,1.0,18.0,3.0,3.0,21.0,2.0,2.0,12.0,2.0,0.0,12.0,11.0,11.0,91.0
경기도교육청,경기도양평교육지원청,경기도 양평군,S090003218,개군초등학교,2,공립,N,,0.0,2.0,23.0,3.0,1.0,20.0,3.0,1.0,16.0,2.0,2.0,26.0,0.0,0.0,20.0,0.0,0.0,22.0,8.0,6.0,127.0
경기도교육청,경기도양평교육지원청,경기도 양평군,S090003220,곡수초등학교,2,공립,N,,2.0,0.0,7.0,2.0,0.0,7.0,1.0,0.0,6.0,0.0,0.0,8.0,2.0,0.0,9.0,0.0,0.0,13.0,7.0,0.0,50.0
경기도교육청,경기도양평교육지원청,경기도 양평군,S090003223,다문초등학교,2,공립,N,,6.0,8.0,108.0,12.0,9.0,109.0,13.0,13.0,107.0,8.0,5.0,109.0,13.0,9.0,97.0,11.0,6.0,100.0,63.0,50.0,630.0
경기도교육청,경기도양평교육지원청,경기도 양평군,S090003230,대아초등학교,2,공립,N,,0.0,0.0,17.0,0.0,0.0,18.0,0.0,0.0,17.0,0.0,0.0,22.0,0.0,0.0,18.0,0.0,0.0,32.0,0.0,0.0,124.0
경기도교육청,경기도양평교육지원청,경기도 양평군,S090003240,서종초등학교,2,공립,N,,12.0,2.0,48.0,5.0,0.0,47.0,4.0,3.0,54.0,7.0,2.0,63.0,6.0,4.0,73.0,2.0,0.0,53.0,36.0,11.0,338.0
경기도교육청,경기도양평교육지원청,경기도 양평군,S090003244,세월초등학교,2,공립,N,,2.0,2.0,14.0,2.0,2.0,19.0,0.0,3.0,11.0,1.0,1.0,17.0,2.0,1.0,18.0,2.0,0.0,14.0,9.0,9.0,93.0
경기도교육청,경기도양평교육지원청,경기도 양평군,S090003245,수입초등학교,2,공립,N,,0.0,0.0,19.0,3.0,0.0,6.0,1.0,0.0,18.0,2.0,1.0,16.0,2.0,0.0,14.0,0.0,1.0,13.0,8.0,2.0,86.0
경기도교육청,경기도양평교육지원청,경기도 양평군,S090003247,양동초등학교,2,공립,N,,1.0,1.0,8.0,1.0,0.0,14.0,0.0,1.0,14.0,1.0,2.0,13.0,0.0,0.0,15.0,1.0,2.0,6.0,4.0,6.0,70.0
경기도교육청,경기도양평교육지원청,경기도 양평군,S090003248,양동초등학교고송분교장,2,공립,N,,0.0,0.0,6.0,0.0,0.0,1.0,1.0,0.0,3.0,1.0,0.0,2.0,0.0,0.0,0.0,0.0,0.0,6.0,2.0,0.0,18.0
경기도교육청,경기도양평교육지원청,경기도 양평군,S090003251,양서초등학교,2,공립,N,,2.0,1.0,11.0,2.0,2.0,13.0,1.0,1.0,12.0,2.0,1.0,11.0,2.0,1.0,19.0,1.0,1.0,13.0,10.0,7.0,79.0
경기도교육청,경기도양평교육지원청,경기도 양평군,S090003252,양수초등학교,2,공립,N,,4.0,0.0,30.0,2.0,3.0,39.0,8.0,1.0,52.0,5.0,2.0,47.0,1.0,4.0,46.0,1.0,2.0,41.0,21.0,12.0,255.0
경기도교육청,경기도양평교육지원청,경기도 양평군,S090003253,양평단월초등학교,2,공립,N,,1.0,0.0,8.0,2.0,2.0,12.0,0.0,0.0,14.0,1.0,0.0,10.0,0.0,0.0,13.0,0.0,0.0,19.0,4.0,2.0,76.0
경기도교육청,경기도양평교육지원청,경기도 양평군,S090003255,양평동초등학교,2,공립,N,,4.0,4.0,111.0,5.0,4.0,87.0,6.0,5.0,97.0,8.0,3.0,96.0,2.0,5.0,85.0,5.0,2.0,86.0,30.0,23.0,562.0
경기도교육청,경기도양평교육지원청,경기도 양평군,S090003257,양평초등학교,2,공립,N,,4.0,1.0,151.0,6.0,5.0,154.0,8.0,2.0,160.0,11.0,5.0,164.0,7.0,2.0,206.0,2.0,6.0,206.0,38.0,21.0,1041.0
경기도교육청,경기도양평교육지원청,경기도 양평군,S090003259,옥천초등학교,2,공립,N,,3.0,2.0,46.0,5.0,1.0,34.0,6.0,0.0,69.0,4.0,6.0,60.0,5.0,4.0,69.0,3.0,0.0,55.0,26.0,13.0,333.0
경기도교육청,경기도양평교육지원청,경기도 양평군,S090003261,용문초등학교,2,공립,N,,1.0,0.0,9.0,1.0,1.0,8.0,2.0,3.0,12.0,1.0,0.0,13.0,0.0,1.0,8.0,0.0,1.0,8.0,5.0,6.0,58.0
경기도교육청,경기도양평교육지원청,경기도 양평군,S090003262,원덕초등학교,2,공립,N,,2.0,1.0,9.0,2.0,1.0,9.0,4.0,1.0,12.0,0.0,5.0,11.0,1.0,0.0,10.0,1.0,1.0,13.0,10.0,9.0,64.0
경기도교육청,경기도양평교육지원청,경기도 양평군,S090003267,조현초등학교,2,공립,N,,6.0,0.0,29.0,2.0,4.0,36.0,4.0,2.0,38.0,3.0,6.0,34.0,4.0,5.0,56.0,2.0,1.0,42.0,21.0,18.0,235.0
경기도교육청,경기도양평교육지원청,경기도 양평군,S090003268,지평초등학교,2,공립,N,,0.0,1.0,15.0,3.0,1.0,18.0,1.0,0.0,18.0,0.0,1.0,23.0,4.0,0.0,21.0,1.0,1.0,25.0,9.0,4.0,120.0
경기도교육청,경기도양평교육지원청,경기도 양평군,S090003270,청운초등학교,2,공립,N,,0.0,0.0,13.0,3.0,2.0,13.0,1.0,0.0,12.0,1.0,1.0,19.0,3.0,2.0,7.0,0.0,0.0,9.0,8.0,5.0,73.0
경기도교육청,경기도여주교육지원청,경기도 여주시,S090003326,가남초등학교,2,공립,N,,3.0,9.0,92.0,1.0,11.0,72.0,7.0,14.0,101.0,1.0,12.0,91.0,3.0,4.0,96.0,2.0,3.0,109.0,17.0,53.0,561.0
경기도교육청,경기도여주교육지원청,경기도 여주시,S090003328,강천초등학교,2,공립,N,,0.0,1.0,11.0,2.0,2.0,15.0,4.0,1.0,16.0,4.0,1.0,11.0,1.0,0.0,16.0,1.0,1.0,16.0,12.0,6.0,85.0
경기도교육청,경기도여주교육지원청,경기도 여주시,S090003333,금당초등학교,2,공립,N,,0.0,0.0,2.0,1.0,1.0,5.0,0.0,1.0,6.0,0.0,0.0,2.0,1.0,0.0,9.0,0.0,0.0,3.0,2.0,2.0,27.0
경기도교육청,경기도여주교육지원청,,S090003335,능북초등학교,2,공립,N,,1.0,0.0,6.0,0.0,1.0,7.0,2.0,1.0,6.0,1.0,1.0,10.0,2.0,0.0,10.0,0.0,0.0,7.0,6.0,3.0,46.0
경기도교육청,경기도여주교육지원청,경기도 여주시,S090003336,능서초등학교,2,공립,N,,0.0,0.0,5.0,0.0,0.0,12.0,3.0,0.0,15.0,0.0,1.0,18.0,1.0,1.0,17.0,0.0,1.0,12.0,4.0,3.0,79.0
경기도교육청,경기도여주교육지원청,경기도 여주시,S090003338,대신초등학교,2,공립,N,,2.0,0.0,6.0,1.0,3.0,12.0,1.0,0.0,13.0,0.0,0.0,20.0,0.0,1.0,23.0,1.0,0.0,19.0,5.0,4.0,93.0
경기도교육청,경기도여주교육지원청,,S090003340,매류초등학교,2,공립,N,,0.0,0.0,9.0,0.0,0.0,9.0,0.0,0.0,8.0,0.0,0.0,9.0,0.0,0.0,13.0,0.0,0.0,8.0,0.0,0.0,56.0
경기도교육청,경기도여주교육지원청,경기도 여주시,S090003341,문장초등학교,2,공립,N,,1.0,0.0,9.0,1.0,0.0,4.0,2.0,0.0,5.0,0.0,1.0,10.0,0.0,0.0,7.0,0.0,0.0,12.0,4.0,1.0,47.0
경기도교육청,경기도여주교육지원청,경기도 여주시,S090003342,북내초등학교,2,공립,N,,1.0,3.0,15.0,2.0,1.0,12.0,2.0,2.0,25.0,3.0,2.0,23.0,3.0,1.0,23.0,0.0,0.0,19.0,11.0,9.0,117.0
경기도교육청,경기도여주교육지원청,경기도 여주시,S090003343,북내초등학교도전분교장,2,공립,N,,0.0,0.0,2.0,0.0,0.0,3.0,1.0,1.0,3.0,1.0,0.0,1.0,1.0,1.0,4.0,0.0,0.0,2.0,3.0,2.0,15.0
경기도교육청,경기도여주교육지원청,경기도 여주시,S090003344,북내초등학교운암분교장,2,공립,N,,0.0,0.0,0.0,0.0,0.0,4.0,0.0,0.0,4.0,0.0,0.0,3.0,0.0,0.0,5.0,0.0,0.0,2.0,0.0,0.0,18.0
경기도교육청,경기도여주교육지원청,경기도 여주시,S090003346,상품초등학교,2,공립,N,,0.0,0.0,11.0,0.0,0.0,14.0,0.0,0.0,17.0,2.0,1.0,17.0,0.0,0.0,15.0,1.0,0.0,11.0,3.0,1.0,85.0
경기도교육청,경기도여주교육지원청,경기도 여주시,S090003348,송삼초등학교,2,공립,N,,1.0,1.0,8.0,2.0,0.0,9.0,3.0,0.0,9.0,0.0,0.0,6.0,1.0,1.0,8.0,0.0,0.0,9.0,7.0,2.0,49.0
경기도교육청,경기도여주교육지원청,경기도 여주시,S090003349,송촌초등학교,2,공립,N,,1.0,0.0,8.0,0.0,0.0,10.0,0.0,0.0,11.0,1.0,1.0,11.0,1.0,1.0,9.0,0.0,0.0,11.0,3.0,2.0,60.0
경기도교육청,경기도여주교육지원청,경기도 여주시,S090003351,여주초등학교,2,공립,N,,0.0,4.0,62.0,5.0,6.0,62.0,3.0,3.0,57.0,3.0,2.0,48.0,1.0,4.0,62.0,0.0,2.0,45.0,12.0,21.0,336.0
경기도교육청,경기도여주교육지원청,경기도 여주시,S090003352,여흥초등학교,2,공립,N,,4.0,8.0,107.0,4.0,8.0,122.0,9.0,8.0,146.0,4.0,10.0,168.0,7.0,7.0,183.0,4.0,6.0,153.0,32.0,47.0,879.0
경기도교육청,경기도여주교육지원청,경기도 여주시,S090003353,연라초등학교,2,공립,N,,0.0,2.0,22.0,0.0,0.0,18.0,0.0,1.0,23.0,4.0,3.0,24.0,1.0,0.0,18.0,1.0,2.0,22.0,6.0,8.0,127.0
경기도교육청,경기도여주교육지원청,경기도 여주시,S090003354,오산초등학교,2,공립,N,,1.0,1.0,16.0,1.0,1.0,13.0,1.0,3.0,14.0,0.0,0.0,12.0,0.0,1.0,10.0,1.0,0.0,14.0,4.0,6.0,79.0
경기도교육청,경기도여주교육지원청,경기도 여주시,S090003355,오학초등학교,2,공립,N,,5.0,9.0,160.0,7.0,3.0,158.0,20.0,13.0,170.0,11.0,14.0,166.0,9.0,7.0,124.0,12.0,6.0,149.0,64.0,52.0,927.0
경기도교육청,경기도여주교육지원청,경기도 여주시,S090003358,이포초등학교,2,공립,N,,0.0,0.0,6.0,2.0,0.0,5.0,0.0,1.0,7.0,0.0,0.0,9.0,0.0,1.0,10.0,0.0,0.0,6.0,2.0,2.0,43.0
경기도교육청,경기도여주교육지원청,경기도 여주시,S090003359,이포초등학교하호분교장,2,공립,N,,0.0,2.0,3.0,0.0,2.0,4.0,0.0,1.0,4.0,0.0,1.0,4.0,0.0,3.0,3.0,0.0,1.0,5.0,0.0,10.0,23.0
경기도교육청,경기도여주교육지원청,경기도 여주시,S090003360,점동초등학교,2,공립,N,,1.0,0.0,9.0,11.0,1.0,19.0,11.0,4.0,29.0,4.0,4.0,20.0,3.0,2.0,19.0,0.0,0.0,32.0,30.0,11.0,128.0
경기도교육청,경기도여주교육지원청,경기도 여주시,S090003363,점봉초등학교,2,공립,N,,2.0,1.0,66.0,3.0,6.0,64.0,5.0,4.0,64.0,1.0,3.0,53.0,1.0,1.0,64.0,0.0,0.0,47.0,12.0,15.0,358.0
경기도교육청,경기도여주교육지원청,경기도 여주시,S090003365,천남초등학교,2,공립,N,,1.0,0.0,12.0,0.0,1.0,16.0,1.0,1.0,14.0,1.0,0.0,25.0,0.0,0.0,15.0,1.0,2.0,18.0,4.0,4.0,100.0
경기도교육청,경기도여주교육지원청,경기도 여주시,S090003368,흥천초등학교,2,공립,N,,0.0,0.0,6.0,3.0,1.0,17.0,1.0,0.0,8.0,0.0,2.0,13.0,3.0,0.0,8.0,0.0,4.0,14.0,7.0,7.0,66.0
경기도교육청,경기도연천교육지원청,경기도 연천군,S090003414,군남초등학교,2,공립,N,,0.0,1.0,14.0,1.0,0.0,5.0,0.0,0.0,12.0,1.0,3.0,8.0,0.0,0.0,9.0,1.0,0.0,9.0,3.0,4.0,57.0
경기도교육청,경기도연천교육지원청,경기도 연천군,S090003417,궁평초등학교,2,공립,N,,2.0,0.0,9.0,4.0,1.0,8.0,3.0,2.0,10.0,2.0,3.0,4.0,2.0,2.0,10.0,0.0,0.0,7.0,13.0,8.0,48.0
경기도교육청,경기도연천교육지원청,경기도 연천군,S090003419,대광초등학교,2,공립,N,,0.0,0.0,7.0,1.0,0.0,9.0,1.0,0.0,6.0,0.0,0.0,5.0,0.0,1.0,9.0,0.0,0.0,11.0,2.0,1.0,47.0
경기도교육청,경기도연천교육지원청,경기도 연천군,S090003423,백의초등학교,2,공립,N,,0.0,1.0,8.0,0.0,2.0,9.0,0.0,1.0,4.0,2.0,0.0,11.0,0.0,0.0,5.0,0.0,4.0,12.0,2.0,8.0,49.0
경기도교육청,경기도연천교육지원청,경기도 연천군,S090003424,백학초등학교,2,공립,N,,0.0,0.0,5.0,0.0,0.0,10.0,0.0,0.0,4.0,0.0,0.0,8.0,1.0,1.0,10.0,0.0,0.0,6.0,1.0,1.0,43.0
경기도교육청,경기도연천교육지원청,경기도 연천군,S090003426,상리초등학교,2,공립,N,,2.0,0.0,11.0,0.0,1.0,5.0,1.0,0.0,11.0,1.0,4.0,7.0,2.0,2.0,6.0,1.0,1.0,8.0,7.0,8.0,48.0
경기도교육청,경기도연천교육지원청,경기도 연천군,S090003428,연천노곡초등학교,2,공립,N,,0.0,0.0,4.0,1.0,0.0,9.0,1.0,0.0,5.0,0.0,0.0,7.0,0.0,0.0,7.0,2.0,0.0,6.0,4.0,0.0,38.0
경기도교육청,경기도연천교육지원청,경기도 연천군,S090003429,연천왕산초등학교,2,공립,N,,2.0,1.0,7.0,1.0,1.0,5.0,1.0,0.0,7.0,1.0,1.0,9.0,0.0,0.0,8.0,0.0,1.0,9.0,5.0,4.0,45.0
경기도교육청,경기도연천교육지원청,경기도 연천군,S090003431,연천초등학교,2,공립,N,,7.0,5.0,32.0,4.0,4.0,35.0,3.0,3.0,39.0,2.0,4.0,27.0,3.0,4.0,30.0,0.0,3.0,33.0,19.0,23.0,196.0
경기도교육청,경기도연천교육지원청,경기도 연천군,S090003437,은대초등학교,2,공립,N,,0.0,3.0,20.0,0.0,1.0,19.0,0.0,1.0,20.0,0.0,3.0,14.0,0.0,0.0,15.0,0.0,0.0,5.0,0.0,8.0,93.0
경기도교육청,경기도연천교육지원청,경기도 연천군,S090003438,전곡초등학교,2,공립,N,,6.0,4.0,117.0,4.0,12.0,146.0,12.0,12.0,141.0,10.0,11.0,161.0,7.0,9.0,155.0,6.0,8.0,137.0,45.0,56.0,857.0
경기도교육청,경기도연천교육지원청,경기도 연천군,S090003441,초성초등학교,2,공립,N,,0.0,1.0,15.0,0.0,1.0,9.0,0.0,2.0,9.0,0.0,3.0,8.0,0.0,0.0,16.0,0.0,0.0,2.0,0.0,7.0,59.0
경기도교육청,경기도연천교육지원청,경기도 연천군,S090003442,화진초등학교,2,공립,N,,3.0,3.0,15.0,5.0,0.0,17.0,1.0,1.0,17.0,2.0,2.0,17.0,0.0,1.0,31.0,1.0,0.0,18.0,12.0,7.0,115.0
경기도교육청,경기도용인교육지원청,경기도 용인시 수지구,S090003495,고기초등학교,2,공립,N,,3.0,1.0,46.0,5.0,6.0,37.0,3.0,1.0,35.0,1.0,3.0,19.0,1.0,2.0,25.0,0.0,5.0,26.0,13.0,18.0,188.0
경기도교육청,경기도용인교육지원청,경기도 용인시 처인구,S090003496,고림초등학교,2,공립,N,,10.0,9.0,156.0,13.0,12.0,155.0,19.0,11.0,151.0,13.0,13.0,156.0,8.0,9.0,176.0,4.0,7.0,164.0,67.0,61.0,958.0
경기도교육청,경기도용인교육지원청,경기도 용인시 기흥구,S090003497,관곡초등학교,2,공립,N,,1.0,1.0,20.0,2.0,3.0,22.0,1.0,3.0,31.0,2.0,2.0,23.0,1.0,2.0,25.0,1.0,2.0,17.0,8.0,13.0,138.0
경기도교육청,경기도용인교육지원청,경기도 용인시 기흥구,S090003498,구갈초등학교,2,공립,N,,3.0,4.0,72.0,2.0,5.0,82.0,4.0,6.0,72.0,0.0,8.0,74.0,3.0,6.0,82.0,3.0,4.0,72.0,15.0,33.0,454.0
경기도교육청,경기도용인교육지원청,경기도 용인시 기흥구,S090003499,구성초등학교,2,공립,N,,6.0,8.0,117.0,8.0,4.0,95.0,9.0,8.0,117.0,7.0,10.0,89.0,5.0,5.0,99.0,1.0,8.0,99.0,36.0,43.0,616.0
경기도교육청,경기도용인교육지원청,경기도 용인시 기흥구,S090003500,기흥초등학교,2,공립,N,,1.0,6.0,57.0,4.0,6.0,61.0,5.0,7.0,58.0,7.0,7.0,55.0,3.0,4.0,78.0,0.0,3.0,61.0,20.0,33.0,370.0
경기도교육청,경기도용인교육지원청,경기도 용인시 처인구,S090003501,남곡초등학교,2,공립,N,,18.0,17.0,306.0,30.0,22.0,287.0,21.0,23.0,341.0,22.0,26.0,271.0,26.0,22.0,262.0,25.0,11.0,218.0,142.0,121.0,1685.0
경기도교육청,경기도용인교육지원청,,S090003502,남사초등학교,2,공립,N,,4.0,2.0,13.0,1.0,0.0,22.0,2.0,1.0,19.0,1.0,1.0,22.0,0.0,3.0,7.0,2.0,2.0,20.0,10.0,9.0,103.0
경기도교육청,경기도용인교육지원청,경기도 용인시 처인구,S090003504,남촌초등학교,2,공립,N,,0.0,1.0,9.0,0.0,1.0,6.0,0.0,0.0,7.0,0.0,0.0,5.0,0.0,0.0,6.0,0.0,0.0,8.0,0.0,2.0,41.0
경기도교육청,경기도용인교육지원청,경기도 용인시 처인구,S090003505,능원초등학교,2,공립,N,,6.0,9.0,201.0,5.0,13.0,187.0,6.0,19.0,185.0,7.0,18.0,161.0,1.0,7.0,133.0,6.0,12.0,115.0,31.0,78.0,982.0
경기도교육청,경기도용인교육지원청,경기도 용인시 수지구,S090003506,용인대일초등학교,2,공립,N,,3.0,6.0,70.0,6.0,3.0,73.0,5.0,8.0,78.0,5.0,7.0,64.0,5.0,5.0,78.0,2.0,6.0,63.0,26.0,35.0,426.0
경기도교육청,경기도용인교육지원청,경기도 용인시 수지구,S090003507,대지초등학교,2,공립,N,,2.0,5.0,81.0,4.0,3.0,69.0,4.0,4.0,87.0,3.0,5.0,68.0,6.0,6.0,91.0,2.0,4.0,77.0,21.0,27.0,473.0
경기도교육청,경기도용인교육지원청,경기도 용인시 수지구,S090003508,대현초등학교,2,공립,N,,1.0,2.0,60.0,1.0,4.0,64.0,2.0,3.0,69.0,4.0,0.0,55.0,4.0,6.0,55.0,2.0,4.0,59.0,14.0,19.0,362.0
경기도교육청,경기도용인교육지원청,경기도 용인시 수지구,S090003509,동천초등학교,2,공립,N,,9.0,10.0,205.0,19.0,16.0,194.0,11.0,11.0,171.0,7.0,12.0,152.0,9.0,6.0,123.0,4.0,3.0,131.0,59.0,58.0,976.0
경기도교육청,경기도용인교육지원청,경기도 용인시 기흥구,S090003511,마북초등학교,2,공립,N,,3.0,3.0,79.0,12.0,10.0,112.0,6.0,11.0,118.0,7.0,16.0,110.0,6.0,4.0,127.0,6.0,7.0,132.0,40.0,51.0,678.0
경기도교육청,경기도용인교육지원청,경기도 용인시 기흥구,S090003512,마성초등학교,2,공립,N,,2.0,0.0,36.0,0.0,2.0,32.0,2.0,0.0,36.0,3.0,2.0,29.0,1.0,1.0,37.0,0.0,0.0,30.0,8.0,5.0,200.0
경기도교육청,경기도용인교육지원청,경기도 용인시 수지구,S090003513,용인심곡초등학교,2,공립,N,,10.0,5.0,99.0,6.0,12.0,92.0,8.0,7.0,140.0,10.0,6.0,108.0,4.0,6.0,115.0,3.0,6.0,137.0,41.0,42.0,691.0
경기도교육청,경기도용인교육지원청,경기도 용인시 처인구,S090003514,모현초등학교,2,공립,N,,0.0,3.0,34.0,3.0,0.0,45.0,0.0,5.0,48.0,2.0,1.0,56.0,0.0,3.0,50.0,0.0,2.0,53.0,5.0,14.0,286.0
경기도교육청,경기도용인교육지원청,경기도 용인시 처인구,S090003515,백봉초등학교,2,공립,N,,1.0,0.0,5.0,0.0,1.0,9.0,2.0,1.0,10.0,0.0,0.0,9.0,0.0,2.0,12.0,0.0,1.0,7.0,3.0,5.0,52.0
경기도교육청,경기도용인교육지원청,경기도 용인시 처인구,S090003516,백암초등학교,2,공립,N,,0.0,0.0,15.0,1.0,2.0,27.0,1.0,1.0,19.0,2.0,3.0,27.0,2.0,1.0,23.0,0.0,0.0,31.0,6.0,7.0,142.0
경기도교육청,경기도용인교육지원청,경기도 용인시 처인구,S090003517,백암초등학교수정분교장,2,공립,N,,0.0,0.0,4.0,0.0,0.0,0.0,1.0,0.0,3.0,1.0,0.0,2.0,0.0,0.0,2.0,0.0,0.0,4.0,2.0,0.0,15.0
경기도교육청,경기도용인교육지원청,경기도 용인시 기흥구,S090003518,보라초등학교,2,공립,N,,4.0,1.0,31.0,2.0,1.0,29.0,1.0,3.0,28.0,3.0,3.0,36.0,0.0,4.0,44.0,1.0,2.0,31.0,11.0,14.0,199.0
경기도교육청,경기도용인교육지원청,경기도 용인시 기흥구,S090003519,보정초등학교,2,공립,N,,4.0,3.0,127.0,6.0,8.0,117.0,14.0,18.0,138.0,2.0,3.0,157.0,3.0,14.0,165.0,4.0,3.0,138.0,33.0,49.0,842.0
경기도교육청,경기도용인교육지원청,경기도 용인시 기흥구,S090003520,산양초등학교,2,공립,N,,1.0,7.0,110.0,3.0,14.0,102.0,3.0,10.0,102.0,8.0,9.0,106.0,1.0,16.0,112.0,4.0,1.0,90.0,20.0,57.0,622.0
경기도교육청,경기도용인교육지원청,경기도 용인시 기흥구,S090003521,상갈초등학교,2,공립,N,,2.0,3.0,58.0,6.0,10.0,83.0,0.0,8.0,85.0,1.0,2.0,94.0,5.0,4.0,94.0,1.0,3.0,85.0,15.0,30.0,499.0
경기도교육청,경기도용인교육지원청,경기도 용인시 기흥구,S090003522,상하초등학교,2,공립,N,,5.0,9.0,113.0,8.0,13.0,113.0,7.0,11.0,138.0,8.0,8.0,133.0,8.0,16.0,128.0,15.0,17.0,113.0,51.0,74.0,738.0
경기도교육청,경기도용인교육지원청,경기도 용인시 수지구,S090003523,상현초등학교,2,공립,N,,7.0,8.0,170.0,14.0,13.0,165.0,7.0,11.0,172.0,12.0,8.0,155.0,15.0,5.0,130.0,4.0,6.0,144.0,59.0,51.0,936.0
경기도교육청,경기도용인교육지원청,경기도 용인시 처인구,S090003524,서룡초등학교,2,공립,N,,7.0,7.0,89.0,11.0,8.0,64.0,8.0,12.0,80.0,10.0,5.0,69.0,9.0,8.0,77.0,5.0,4.0,80.0,50.0,44.0,459.0
경기도교육청,경기도용인교육지원청,경기도 용인시 수지구,S090003525,서원초등학교,2,공립,N,,16.0,9.0,133.0,19.0,10.0,108.0,23.0,9.0,145.0,24.0,8.0,174.0,10.0,4.0,129.0,9.0,5.0,145.0,101.0,45.0,834.0
경기도교육청,경기도용인교육지원청,경기도 용인시 기흥구,S090003526,서천초등학교,2,공립,N,,1.0,7.0,103.0,6.0,6.0,68.0,2.0,8.0,94.0,1.0,10.0,88.0,1.0,5.0,65.0,2.0,3.0,67.0,13.0,39.0,485.0
경기도교육청,경기도용인교육지원청,경기도 용인시 수지구,S090003527,성복초등학교,2,공립,N,,14.0,7.0,104.0,11.0,15.0,129.0,15.0,8.0,145.0,17.0,8.0,160.0,13.0,4.0,158.0,5.0,3.0,170.0,75.0,45.0,866.0
경기도교육청,경기도용인교육지원청,경기도 용인시 수지구,S090003528,소현초등학교,2,공립,N,,1.0,4.0,85.0,4.0,5.0,72.0,7.0,7.0,85.0,2.0,4.0,108.0,2.0,2.0,85.0,2.0,0.0,98.0,18.0,22.0,533.0
경기도교육청,경기도용인교육지원청,경기도 용인시 수지구,S090003529,솔개초등학교,2,공립,N,,9.0,6.0,129.0,14.0,5.0,143.0,17.0,8.0,158.0,14.0,6.0,131.0,7.0,7.0,153.0,7.0,7.0,152.0,68.0,39.0,866.0
경기도교육청,경기도용인교육지원청,경기도 용인시 처인구,S090003530,송전초등학교,2,공립,N,,4.0,9.0,58.0,3.0,9.0,46.0,1.0,7.0,49.0,3.0,10.0,62.0,4.0,6.0,51.0,1.0,5.0,49.0,16.0,46.0,315.0
경기도교육청,경기도용인교육지원청,경기도 용인시 수지구,S090003532,수지초등학교,2,공립,N,,0.0,1.0,314.0,5.0,0.0,299.0,20.0,0.0,279.0,5.0,4.0,275.0,9.0,0.0,261.0,4.0,5.0,214.0,43.0,10.0,1642.0
경기도교육청,경기도용인교육지원청,경기도 용인시 기흥구,S090003534,신갈초등학교,2,공립,N,,9.0,6.0,82.0,3.0,7.0,88.0,6.0,2.0,95.0,7.0,10.0,88.0,3.0,8.0,64.0,2.0,3.0,73.0,30.0,36.0,490.0
경기도교육청,경기도용인교육지원청,경기도 용인시 수지구,S090003535,신월초등학교,2,공립,N,,4.0,3.0,73.0,3.0,7.0,62.0,3.0,4.0,51.0,3.0,9.0,92.0,4.0,2.0,60.0,1.0,4.0,68.0,18.0,29.0,406.0
경기도교육청,경기도용인교육지원청,경기도 용인시 처인구,S090003536,양지초등학교,2,공립,N,,2.0,5.0,78.0,3.0,10.0,94.0,6.0,5.0,88.0,6.0,8.0,113.0,7.0,7.0,96.0,5.0,3.0,102.0,29.0,38.0,571.0
경기도교육청,경기도용인교육지원청,경기도 용인시 기흥구,S090003537,어정초등학교,2,공립,N,,28.0,7.0,124.0,37.0,2.0,118.0,22.0,10.0,129.0,27.0,7.0,120.0,34.0,9.0,125.0,18.0,14.0,132.0,166.0,49.0,748.0
경기도교육청,경기도용인교육지원청,경기도 용인시 기흥구,S090003539,언동초등학교,2,공립,N,,2.0,6.0,100.0,4.0,13.0,103.0,10.0,7.0,143.0,6.0,8.0,128.0,9.0,7.0,145.0,6.0,7.0,127.0,37.0,48.0,746.0
경기도교육청,경기도용인교육지원청,경기도 용인시 처인구,S090003540,역북초등학교,2,공립,N,,10.0,5.0,117.0,18.0,9.0,113.0,17.0,14.0,143.0,10.0,8.0,143.0,14.0,8.0,146.0,9.0,10.0,158.0,78.0,54.0,820.0
경기도교육청,경기도용인교육지원청,경기도 용인시 처인구,S090003541,왕산초등학교,2,공립,N,,6.0,4.0,69.0,6.0,1.0,82.0,6.0,4.0,81.0,4.0,3.0,100.0,7.0,2.0,102.0,7.0,1.0,104.0,36.0,15.0,538.0
경기도교육청,경기도용인교육지원청,경기도 용인시 처인구,S090003542,용마초등학교,2,공립,N,,6.0,2.0,120.0,11.0,4.0,118.0,7.0,6.0,127.0,12.0,9.0,119.0,8.0,5.0,125.0,8.0,5.0,129.0,52.0,31.0,738.0
경기도교육청,경기도용인교육지원청,경기도 용인시 처인구,S090003543,용인둔전초등학교,2,공립,N,,6.0,6.0,106.0,9.0,7.0,96.0,8.0,13.0,120.0,2.0,12.0,126.0,5.0,6.0,116.0,2.0,3.0,131.0,32.0,47.0,695.0
경기도교육청,경기도용인교육지원청,경기도 용인시 처인구,S090003544,용인초등학교,2,공립,N,,9.0,4.0,121.0,4.0,6.0,124.0,10.0,13.0,134.0,8.0,8.0,135.0,9.0,9.0,116.0,7.0,6.0,121.0,47.0,46.0,751.0
경기도교육청,경기도용인교육지원청,경기도 용인시 처인구,S090003545,용천초등학교,2,공립,N,,4.0,2.0,44.0,2.0,7.0,34.0,2.0,0.0,49.0,3.0,2.0,49.0,3.0,1.0,43.0,2.0,1.0,47.0,16.0,13.0,266.0
경기도교육청,경기도용인교육지원청,경기도 용인시 처인구,S090003546,운학초등학교,2,공립,N,,0.0,0.0,6.0,4.0,0.0,13.0,2.0,2.0,19.0,3.0,1.0,12.0,1.0,3.0,12.0,1.0,1.0,16.0,11.0,7.0,78.0
경기도교육청,경기도용인교육지원청,경기도 용인시 처인구,S090003547,원삼초등학교,2,공립,N,,0.0,0.0,10.0,1.0,1.0,10.0,1.0,0.0,20.0,0.0,0.0,7.0,1.0,2.0,22.0,1.0,0.0,13.0,4.0,3.0,82.0
경기도교육청,경기도용인교육지원청,경기도 용인시 기흥구,S090003550,이현초등학교,2,공립,N,,9.0,2.0,96.0,3.0,10.0,108.0,6.0,9.0,149.0,10.0,8.0,126.0,2.0,3.0,116.0,0.0,3.0,110.0,30.0,35.0,705.0
경기도교육청,경기도용인교육지원청,경기도 용인시 처인구,S090003551,장평초등학교,2,공립,N,,1.0,0.0,4.0,0.0,0.0,1.0,0.0,1.0,7.0,5.0,1.0,5.0,1.0,2.0,7.0,0.0,0.0,4.0,7.0,4.0,28.0
경기도교육청,경기도용인교육지원청,경기도 용인시 수지구,S090003552,정평초등학교,2,공립,N,,11.0,3.0,133.0,12.0,11.0,154.0,15.0,3.0,138.0,6.0,10.0,139.0,10.0,3.0,155.0,3.0,4.0,175.0,57.0,34.0,894.0
경기도교육청,경기도용인교육지원청,경기도 용인시 처인구,S090003553,제일초등학교,2,공립,N,,6.0,7.0,46.0,6.0,4.0,38.0,2.0,4.0,55.0,8.0,7.0,51.0,5.0,4.0,56.0,1.0,7.0,42.0,28.0,33.0,288.0
경기도교육청,경기도용인교육지원청,경기도 용인시 처인구,S090003554,좌항초등학교,2,공립,N,,0.0,0.0,14.0,4.0,0.0,13.0,0.0,0.0,9.0,4.0,1.0,11.0,1.0,0.0,16.0,1.0,0.0,15.0,10.0,1.0,78.0
경기도교육청,경기도용인교육지원청,경기도 용인시 수지구,S090003555,죽전초등학교,2,공립,N,,3.0,3.0,66.0,1.0,1.0,51.0,2.0,3.0,49.0,2.0,7.0,59.0,0.0,1.0,63.0,1.0,3.0,80.0,9.0,18.0,368.0
경기도교육청,경기도용인교육지원청,경기도 용인시 기흥구,S090003556,청곡초등학교,2,공립,N,,11.0,14.0,177.0,12.0,16.0,141.0,6.0,15.0,163.0,6.0,13.0,125.0,0.0,11.0,123.0,2.0,13.0,91.0,37.0,82.0,820.0
경기도교육청,경기도용인교육지원청,경기도 용인시 수지구,S090003558,토월초등학교,2,공립,N,,12.0,14.0,142.0,11.0,11.0,108.0,9.0,7.0,125.0,12.0,10.0,114.0,9.0,5.0,124.0,4.0,5.0,125.0,57.0,52.0,738.0
경기도교육청,경기도용인교육지원청,경기도 용인시 처인구,S090003559,포곡초등학교,2,공립,N,,10.0,5.0,108.0,7.0,3.0,116.0,11.0,5.0,128.0,11.0,7.0,164.0,13.0,3.0,127.0,5.0,8.0,119.0,57.0,31.0,762.0
경기도교육청,경기도용인교육지원청,경기도 용인시 수지구,S090003560,풍덕초등학교,2,공립,N,,5.0,7.0,205.0,8.0,8.0,173.0,13.0,14.0,194.0,7.0,6.0,193.0,10.0,14.0,213.0,10.0,7.0,206.0,53.0,56.0,1184.0
경기도교육청,경기도용인교육지원청,경기도 용인시 수지구,S090003561,풍천초등학교,2,공립,N,,0.0,0.0,195.0,0.0,0.0,196.0,0.0,0.0,217.0,0.0,0.0,258.0,0.0,0.0,228.0,0.0,0.0,214.0,0.0,0.0,1308.0
경기도교육청,경기도용인교육지원청,경기도 용인시 처인구,S090003562,한터초등학교,2,공립,N,,1.0,0.0,17.0,1.0,2.0,19.0,0.0,0.0,34.0,0.0,5.0,29.0,0.0,4.0,43.0,2.0,0.0,40.0,4.0,11.0,182.0
경기도교육청,경기도용인교육지원청,경기도 용인시 수지구,S090003563,홍천초등학교,2,공립,N,,6.0,2.0,80.0,12.0,4.0,84.0,8.0,8.0,71.0,5.0,4.0,94.0,7.0,6.0,92.0,2.0,1.0,92.0,40.0,25.0,513.0
경기도교육청,경기도의정부교육지원청,경기도 의정부시,S090003656,가능초등학교,2,공립,N,,7.0,12.0,163.0,14.0,14.0,154.0,22.0,17.0,198.0,11.0,11.0,179.0,9.0,16.0,179.0,13.0,9.0,164.0,76.0,79.0,1037.0
경기도교육청,경기도의정부교육지원청,경기도 의정부시,S090003657,경의초등학교,2,공립,N,,3.0,3.0,56.0,6.0,3.0,27.0,4.0,3.0,39.0,1.0,6.0,50.0,1.0,0.0,30.0,2.0,4.0,44.0,17.0,19.0,246.0
경기도교육청,경기도의정부교육지원청,경기도 의정부시,S090003658,고산초등학교,2,공립,N,,1.0,0.0,7.0,1.0,0.0,7.0,1.0,0.0,7.0,2.0,1.0,13.0,1.0,2.0,5.0,2.0,0.0,7.0,8.0,3.0,46.0
경기도교육청,경기도의정부교육지원청,경기도 의정부시,S090003659,금오초등학교,2,공립,N,,4.0,3.0,44.0,4.0,2.0,60.0,1.0,5.0,43.0,4.0,1.0,56.0,2.0,3.0,63.0,0.0,5.0,53.0,15.0,19.0,319.0
경기도교육청,경기도의정부교육지원청,경기도 의정부시,S090003660,녹양초등학교,2,공립,N,,4.0,2.0,66.0,1.0,4.0,88.0,2.0,6.0,102.0,2.0,7.0,93.0,2.0,12.0,101.0,5.0,9.0,97.0,16.0,40.0,547.0
경기도교육청,경기도의정부교육지원청,경기도 의정부시,S090003661,동오초등학교,2,공립,N,,5.0,3.0,84.0,11.0,9.0,98.0,7.0,10.0,114.0,3.0,1.0,100.0,5.0,8.0,115.0,1.0,2.0,106.0,32.0,33.0,617.0
경기도교육청,경기도의정부교육지원청,경기도 의정부시,S090003662,민락초등학교,2,공립,N,,9.0,8.0,142.0,11.0,7.0,127.0,13.0,9.0,158.0,11.0,9.0,135.0,13.0,8.0,143.0,10.0,5.0,151.0,67.0,46.0,856.0
경기도교육청,경기도의정부교육지원청,경기도 의정부시,S090003663,발곡초등학교,2,공립,N,,4.0,7.0,92.0,4.0,9.0,100.0,2.0,9.0,93.0,4.0,10.0,99.0,4.0,8.0,103.0,1.0,8.0,123.0,19.0,51.0,610.0
경기도교육청,경기도의정부교육지원청,경기도 의정부시,S090003664,배영초등학교,2,공립,N,,4.0,3.0,68.0,7.0,4.0,58.0,6.0,6.0,70.0,5.0,6.0,76.0,8.0,7.0,81.0,1.0,11.0,82.0,31.0,37.0,435.0
경기도교육청,경기도의정부교육지원청,경기도 의정부시,S090003665,새말초등학교,2,공립,N,,5.0,5.0,143.0,12.0,10.0,142.0,5.0,3.0,151.0,6.0,4.0,125.0,6.0,8.0,150.0,6.0,2.0,108.0,40.0,32.0,819.0
경기도교육청,경기도의정부교육지원청,경기도 의정부시,S090003666,솔뫼초등학교,2,공립,N,,21.0,1.0,58.0,25.0,5.0,53.0,24.0,3.0,81.0,11.0,9.0,71.0,10.0,2.0,90.0,4.0,3.0,79.0,95.0,23.0,432.0
경기도교육청,경기도의정부교육지원청,경기도 의정부시,S090003667,송양초등학교,2,공립,N,,7.0,3.0,164.0,7.0,10.0,163.0,16.0,15.0,171.0,13.0,14.0,189.0,9.0,10.0,194.0,5.0,3.0,157.0,57.0,55.0,1038.0
경기도교육청,경기도의정부교육지원청,경기도 의정부시,S090003669,신동초등학교,2,공립,N,,5.0,1.0,67.0,2.0,12.0,94.0,4.0,7.0,84.0,3.0,9.0,95.0,2.0,5.0,98.0,0.0,3.0,94.0,16.0,37.0,532.0
경기도교육청,경기도의정부교육지원청,경기도 의정부시,S090003670,어룡초등학교,2,공립,N,,1.0,7.0,48.0,1.0,4.0,50.0,3.0,7.0,41.0,1.0,4.0,50.0,2.0,1.0,44.0,0.0,0.0,46.0,8.0,23.0,279.0
경기도교육청,경기도의정부교육지원청,경기도 의정부시,S090003671,오동초등학교,2,공립,N,,2.0,4.0,108.0,4.0,8.0,110.0,9.0,7.0,120.0,4.0,3.0,125.0,1.0,9.0,112.0,9.0,2.0,144.0,29.0,33.0,719.0
경기도교육청,경기도의정부교육지원청,경기도 의정부시,S090003673,의순초등학교,2,공립,N,,4.0,4.0,90.0,12.0,4.0,100.0,10.0,9.0,112.0,5.0,4.0,126.0,6.0,4.0,133.0,4.0,7.0,113.0,41.0,32.0,674.0
경기도교육청,경기도의정부교육지원청,경기도 의정부시,S090003674,의정부부용초등학교,2,공립,N,,3.0,6.0,110.0,4.0,11.0,119.0,9.0,11.0,120.0,6.0,10.0,145.0,11.0,8.0,140.0,5.0,3.0,145.0,38.0,49.0,779.0
경기도교육청,경기도의정부교육지원청,경기도 의정부시,S090003675,의정부서초등학교,2,공립,N,,4.0,5.0,67.0,9.0,8.0,71.0,7.0,5.0,110.0,7.0,6.0,100.0,14.0,5.0,108.0,6.0,5.0,107.0,47.0,34.0,563.0
경기도교육청,경기도의정부교육지원청,경기도 의정부시,S090003676,의정부신곡초등학교,2,공립,N,,3.0,7.0,113.0,12.0,6.0,115.0,5.0,9.0,125.0,9.0,6.0,84.0,8.0,11.0,113.0,3.0,5.0,95.0,40.0,44.0,645.0
경기도교육청,경기도의정부교육지원청,경기도 의정부시,S090003677,의정부용현초등학교,2,공립,N,,1.0,0.0,72.0,5.0,6.0,67.0,3.0,5.0,81.0,12.0,4.0,76.0,5.0,3.0,76.0,5.0,1.0,75.0,31.0,19.0,447.0
경기도교육청,경기도의정부교육지원청,경기도 의정부시,S090003678,의정부장암초등학교,2,공립,N,,0.0,2.0,44.0,0.0,0.0,31.0,1.0,5.0,50.0,0.0,2.0,25.0,1.0,0.0,32.0,1.0,2.0,41.0,3.0,11.0,223.0
경기도교육청,경기도의정부교육지원청,경기도 의정부시,S090003679,의정부중앙초등학교,2,공립,N,,3.0,8.0,44.0,4.0,3.0,56.0,8.0,3.0,67.0,5.0,8.0,68.0,7.0,1.0,64.0,3.0,4.0,52.0,30.0,27.0,351.0
경기도교육청,경기도의정부교육지원청,경기도 의정부시,S090003680,의정부청룡초등학교,2,공립,N,,2.0,0.0,63.0,4.0,4.0,76.0,3.0,3.0,84.0,1.0,6.0,95.0,1.0,6.0,81.0,2.0,3.0,96.0,13.0,22.0,495.0
경기도교육청,경기도의정부교육지원청,경기도 의정부시,S090003681,의정부초등학교,2,공립,N,,0.0,0.0,69.0,0.0,0.0,60.0,0.0,0.0,43.0,0.0,0.0,68.0,0.0,0.0,82.0,1.0,4.0,59.0,1.0,4.0,381.0
경기도교육청,경기도의정부교육지원청,경기도 의정부시,S090003682,의정부호동초등학교,2,공립,N,,13.0,9.0,210.0,9.0,13.0,206.0,9.0,8.0,231.0,12.0,13.0,224.0,15.0,8.0,229.0,8.0,2.0,220.0,66.0,53.0,1320.0
경기도교육청,경기도의정부교육지원청,경기도 의정부시,S090003685,호암초등학교,2,공립,N,,3.0,11.0,116.0,4.0,12.0,117.0,6.0,1.0,122.0,7.0,11.0,117.0,7.0,9.0,119.0,3.0,7.0,126.0,30.0,51.0,717.0
경기도교육청,경기도의정부교육지원청,경기도 의정부시,S090003686,회룡초등학교,2,공립,N,,2.0,6.0,94.0,2.0,8.0,95.0,7.0,6.0,122.0,7.0,7.0,116.0,2.0,3.0,124.0,2.0,5.0,104.0,22.0,35.0,655.0
경기도교육청,경기도이천교육지원청,경기도 이천시,S090003758,나래초등학교,2,공립,N,,8.0,0.0,12.0,3.0,3.0,9.0,6.0,9.0,20.0,4.0,10.0,19.0,2.0,10.0,20.0,2.0,5.0,19.0,25.0,37.0,99.0
경기도교육청,경기도이천교육지원청,경기도 이천시,S090003760,대서초등학교,2,공립,N,,0.0,0.0,9.0,0.0,0.0,6.0,0.0,0.0,16.0,0.0,1.0,5.0,1.0,1.0,11.0,0.0,2.0,6.0,1.0,4.0,53.0
경기도교육청,경기도이천교육지원청,경기도 이천시,S090003762,대월초등학교,2,공립,N,,2.0,1.0,25.0,3.0,2.0,22.0,3.0,1.0,25.0,2.0,2.0,22.0,2.0,1.0,19.0,0.0,1.0,19.0,12.0,8.0,132.0
경기도교육청,경기도이천교육지원청,경기도 이천시,S090003763,도암초등학교,2,공립,N,,0.0,3.0,67.0,0.0,2.0,65.0,6.0,4.0,62.0,0.0,1.0,55.0,3.0,0.0,56.0,1.0,0.0,51.0,10.0,10.0,356.0
경기도교육청,경기도이천교육지원청,경기도 이천시,S090003764,도지초등학교,2,공립,N,,4.0,1.0,50.0,3.0,5.0,55.0,3.0,3.0,52.0,5.0,2.0,45.0,3.0,4.0,51.0,8.0,1.0,48.0,26.0,16.0,301.0
경기도교육청,경기도이천교육지원청,경기도 이천시,S090003766,마장초등학교,2,공립,N,,12.0,13.0,166.0,10.0,13.0,128.0,15.0,13.0,135.0,14.0,9.0,123.0,10.0,14.0,113.0,2.0,3.0,87.0,63.0,65.0,752.0
경기도교육청,경기도이천교육지원청,경기도 이천시,S090003772,백사초등학교,2,공립,N,,4.0,3.0,27.0,2.0,2.0,29.0,4.0,2.0,43.0,3.0,1.0,29.0,4.0,4.0,43.0,2.0,2.0,30.0,19.0,14.0,201.0
경기도교육청,경기도이천교육지원청,경기도 이천시,S090003774,부발초등학교,2,공립,N,,3.0,4.0,68.0,6.0,9.0,68.0,8.0,6.0,91.0,7.0,6.0,82.0,2.0,5.0,69.0,7.0,5.0,62.0,33.0,35.0,440.0
경기도교육청,경기도이천교육지원청,경기도 이천시,S090003776,설봉초등학교,2,공립,N,,9.0,5.0,170.0,3.0,9.0,201.0,8.0,11.0,200.0,7.0,9.0,190.0,9.0,14.0,201.0,5.0,10.0,188.0,41.0,58.0,1150.0
경기도교육청,경기도이천교육지원청,경기도 이천시,S090003777,설성초등학교,2,공립,N,,0.0,0.0,3.0,0.0,0.0,3.0,0.0,1.0,6.0,3.0,2.0,4.0,0.0,4.0,6.0,0.0,2.0,6.0,3.0,9.0,28.0
경기도교육청,경기도이천교육지원청,경기도 이천시,S090003778,송곡초등학교,2,공립,N,,0.0,1.0,13.0,0.0,1.0,7.0,0.0,3.0,15.0,1.0,4.0,11.0,0.0,1.0,17.0,0.0,0.0,11.0,1.0,10.0,74.0
경기도교육청,경기도이천교육지원청,경기도 이천시,S090003779,신둔초등학교,2,공립,N,,2.0,3.0,42.0,5.0,1.0,60.0,2.0,4.0,50.0,1.0,2.0,54.0,4.0,0.0,33.0,5.0,1.0,32.0,19.0,11.0,271.0
경기도교육청,경기도이천교육지원청,경기도 이천시,S090003780,신하초등학교,2,공립,N,,0.0,6.0,105.0,5.0,12.0,126.0,8.0,10.0,136.0,8.0,10.0,149.0,9.0,10.0,159.0,7.0,9.0,139.0,37.0,57.0,814.0
경기도교육청,경기도이천교육지원청,경기도 이천시,S090003781,아미초등학교,2,공립,N,,8.0,5.0,163.0,5.0,9.0,166.0,12.0,8.0,198.0,4.0,10.0,181.0,6.0,6.0,185.0,3.0,6.0,185.0,38.0,44.0,1078.0
경기도교육청,경기도이천교육지원청,경기도 이천시,S090003782,안흥초등학교,2,공립,N,,11.0,2.0,139.0,14.0,11.0,138.0,14.0,10.0,154.0,15.0,5.0,136.0,16.0,4.0,131.0,10.0,4.0,117.0,80.0,36.0,815.0
경기도교육청,경기도이천교육지원청,경기도 이천시,S090003784,율면초등학교,2,공립,N,,0.0,0.0,3.0,0.0,0.0,2.0,0.0,2.0,4.0,0.0,0.0,5.0,0.0,0.0,11.0,2.0,0.0,5.0,2.0,2.0,30.0
경기도교육청,경기도이천교육지원청,경기도 이천시,S090003786,이천가산초등학교,2,공립,N,,4.0,0.0,27.0,0.0,1.0,40.0,1.0,2.0,38.0,0.0,4.0,37.0,0.0,1.0,40.0,0.0,4.0,34.0,5.0,12.0,216.0
경기도교육청,경기도이천교육지원청,경기도 이천시,S090003787,이천남초등학교,2,공립,N,,5.0,5.0,92.0,3.0,2.0,80.0,8.0,6.0,86.0,5.0,0.0,88.0,4.0,6.0,87.0,3.0,5.0,84.0,28.0,24.0,517.0
경기도교육청,경기도이천교육지원청,경기도 이천시,S090003788,이천단월초등학교,2,공립,N,,3.0,2.0,18.0,1.0,5.0,14.0,2.0,6.0,24.0,1.0,1.0,16.0,2.0,4.0,17.0,1.0,2.0,14.0,10.0,20.0,103.0
경기도교육청,경기도이천교육지원청,경기도 이천시,S090003789,이천매곡초등학교,2,공립,N,,0.0,0.0,9.0,0.0,0.0,6.0,0.0,0.0,5.0,2.0,0.0,8.0,0.0,1.0,12.0,0.0,1.0,7.0,2.0,2.0,47.0
경기도교육청,경기도이천교육지원청,경기도 이천시,S090003790,이천송정초등학교,2,공립,N,,21.0,3.0,158.0,29.0,15.0,161.0,24.0,5.0,200.0,24.0,14.0,183.0,21.0,8.0,211.0,15.0,5.0,215.0,134.0,50.0,1128.0
경기도교육청,경기도이천교육지원청,경기도 이천시,S090003791,이천초등학교,2,공립,N,,9.0,10.0,151.0,7.0,9.0,113.0,5.0,3.0,111.0,5.0,5.0,153.0,7.0,8.0,132.0,1.0,3.0,93.0,34.0,38.0,753.0
경기도교육청,경기도이천교육지원청,경기도 이천시,S090003792,이황초등학교,2,공립,N,,1.0,4.0,13.0,5.0,7.0,11.0,2.0,0.0,9.0,1.0,2.0,12.0,1.0,0.0,6.0,0.0,0.0,5.0,10.0,13.0,56.0
경기도교육청,경기도이천교육지원청,경기도 이천시,S090003793,장천초등학교,2,공립,N,,0.0,1.0,10.0,1.0,1.0,15.0,0.0,0.0,15.0,0.0,0.0,14.0,0.0,0.0,7.0,0.0,1.0,7.0,1.0,3.0,68.0
경기도교육청,경기도이천교육지원청,경기도 이천시,S090003794,장호원초등학교,2,공립,N,,1.0,3.0,77.0,2.0,4.0,78.0,2.0,7.0,89.0,4.0,5.0,112.0,4.0,2.0,104.0,3.0,5.0,77.0,16.0,26.0,537.0
경기도교육청,경기도이천교육지원청,경기도 이천시,S090003795,진가초등학교,2,공립,N,,0.0,1.0,10.0,2.0,3.0,21.0,1.0,0.0,10.0,0.0,1.0,15.0,3.0,1.0,20.0,1.0,1.0,14.0,7.0,7.0,90.0
경기도교육청,경기도이천교육지원청,경기도 이천시,S090003798,표교초등학교,2,공립,N,,0.0,0.0,10.0,2.0,0.0,9.0,1.0,0.0,10.0,0.0,2.0,12.0,0.0,1.0,13.0,0.0,0.0,8.0,3.0,3.0,62.0
경기도교육청,경기도이천교육지원청,경기도 이천시,S090003799,한내초등학교,2,공립,N,,4.0,4.0,128.0,17.0,10.0,110.0,6.0,11.0,130.0,9.0,7.0,144.0,8.0,8.0,137.0,13.0,4.0,108.0,57.0,44.0,757.0
경기도교육청,경기도이천교육지원청,경기도 이천시,S090003800,호법초등학교,2,공립,N,,0.0,4.0,23.0,2.0,2.0,22.0,2.0,2.0,24.0,1.0,1.0,21.0,1.0,2.0,24.0,1.0,0.0,16.0,7.0,11.0,130.0
경기도교육청,경기도파주교육지원청,경기도 파주시,S090003876,갈현초등학교,2,공립,N,,0.0,0.0,13.0,2.0,0.0,8.0,2.0,0.0,11.0,0.0,1.0,6.0,1.0,0.0,6.0,0.0,0.0,7.0,5.0,1.0,51.0
경기도교육청,경기도파주교육지원청,경기도 파주시,S090003877,검산초등학교,2,공립,N,,3.0,0.0,66.0,1.0,4.0,70.0,6.0,7.0,71.0,2.0,5.0,75.0,1.0,2.0,73.0,4.0,4.0,74.0,17.0,22.0,429.0
경기도교육청,경기도파주교육지원청,경기도 파주시,S090003878,교하초등학교,2,공립,N,,1.0,1.0,9.0,1.0,2.0,15.0,0.0,1.0,15.0,0.0,0.0,13.0,3.0,1.0,13.0,0.0,1.0,18.0,5.0,6.0,83.0
경기도교육청,경기도파주교육지원청,경기도 파주시,S090003879,군내초등학교,2,공립,N,,2.0,0.0,5.0,2.0,1.0,4.0,1.0,0.0,7.0,1.0,1.0,7.0,0.0,0.0,9.0,0.0,0.0,9.0,6.0,2.0,41.0
경기도교육청,경기도파주교육지원청,경기도 파주시,S090003881,금신초등학교,2,공립,N,,6.0,10.0,83.0,9.0,9.0,92.0,10.0,12.0,97.0,9.0,4.0,97.0,5.0,5.0,97.0,1.0,5.0,89.0,40.0,45.0,555.0
경기도교육청,경기도파주교육지원청,경기도 파주시,S090003882,금촌초등학교,2,공립,N,,0.0,5.0,61.0,4.0,2.0,63.0,0.0,4.0,69.0,0.0,5.0,66.0,0.0,3.0,68.0,0.0,0.0,61.0,4.0,19.0,388.0
경기도교육청,경기도파주교육지원청,경기도 파주시,S090003883,능안초등학교,2,공립,N,,1.0,2.0,27.0,3.0,0.0,17.0,0.0,3.0,19.0,4.0,0.0,20.0,0.0,1.0,28.0,4.0,2.0,21.0,12.0,8.0,132.0
경기도교육청,경기도파주교육지원청,경기도 파주시,S090003884,대성동초등학교,2,공립,N,,0.0,0.0,5.0,0.0,0.0,5.0,0.0,0.0,5.0,0.0,0.0,5.0,0.0,0.0,5.0,0.0,0.0,5.0,0.0,0.0,30.0
경기도교육청,경기도파주교육지원청,경기도 파주시,S090003885,덕암초등학교,2,공립,N,,0.0,0.0,13.0,1.0,1.0,7.0,0.0,2.0,13.0,2.0,0.0,6.0,1.0,1.0,13.0,1.0,0.0,8.0,5.0,4.0,60.0
경기도교육청,경기도파주교육지원청,경기도 파주시,S090003886,마정초등학교,2,공립,N,,1.0,1.0,10.0,1.0,2.0,18.0,1.0,2.0,11.0,3.0,0.0,7.0,0.0,0.0,8.0,2.0,0.0,7.0,8.0,5.0,61.0
경기도교육청,경기도파주교육지원청,경기도 파주시,S090003887,마지초등학교,2,공립,N,,4.0,4.0,32.0,7.0,2.0,27.0,4.0,6.0,39.0,3.0,5.0,27.0,3.0,6.0,37.0,1.0,1.0,35.0,22.0,24.0,197.0
경기도교육청,경기도파주교육지원청,경기도 파주시,S090003888,도마산초등학교,2,공립,N,,0.0,1.0,5.0,0.0,1.0,5.0,1.0,3.0,8.0,2.0,2.0,9.0,0.0,0.0,8.0,0.0,3.0,11.0,3.0,10.0,46.0
경기도교육청,경기도파주교육지원청,경기도 파주시,S090003889,문산동초등학교,2,공립,N,,7.0,5.0,96.0,9.0,9.0,97.0,12.0,15.0,140.0,7.0,4.0,137.0,9.0,17.0,160.0,7.0,3.0,124.0,51.0,53.0,754.0
경기도교육청,경기도파주교육지원청,경기도 파주시,S090003890,문산초등학교,2,공립,N,,1.0,0.0,100.0,3.0,2.0,98.0,4.0,3.0,126.0,5.0,2.0,99.0,2.0,2.0,97.0,4.0,0.0,116.0,19.0,9.0,636.0
경기도교육청,경기도파주교육지원청,경기도 파주시,S090003892,봉일천초등학교,2,공립,N,,3.0,3.0,107.0,4.0,6.0,96.0,3.0,5.0,124.0,9.0,9.0,135.0,6.0,4.0,132.0,5.0,5.0,128.0,30.0,32.0,722.0
경기도교육청,경기도파주교육지원청,경기도 파주시,S090003893,삼성초등학교,2,공립,N,,1.0,0.0,11.0,1.0,0.0,17.0,1.0,2.0,14.0,0.0,1.0,15.0,0.0,1.0,14.0,0.0,0.0,9.0,3.0,4.0,80.0
경기도교육청,경기도파주교육지원청,경기도 파주시,S090003894,신산초등학교,2,공립,N,,2.0,2.0,33.0,0.0,2.0,39.0,3.0,4.0,36.0,3.0,4.0,43.0,3.0,4.0,30.0,5.0,4.0,42.0,16.0,20.0,223.0
경기도교육청,경기도파주교육지원청,경기도 파주시,S090003896,심학초등학교,2,공립,N,,0.0,0.0,17.0,3.0,2.0,27.0,0.0,2.0,26.0,1.0,2.0,22.0,0.0,1.0,19.0,0.0,0.0,17.0,4.0,7.0,128.0
경기도교육청,경기도파주교육지원청,경기도 파주시,S090003897,연풍초등학교,2,공립,N,,2.0,1.0,20.0,3.0,1.0,20.0,5.0,3.0,32.0,0.0,1.0,21.0,2.0,1.0,28.0,3.0,1.0,27.0,15.0,8.0,148.0
경기도교육청,경기도파주교육지원청,경기도 파주시,S090003898,영도초등학교,2,공립,N,,0.0,0.0,5.0,0.0,0.0,9.0,1.0,1.0,10.0,0.0,0.0,10.0,0.0,1.0,7.0,1.0,0.0,15.0,2.0,2.0,56.0
경기도교육청,경기도파주교육지원청,경기도 파주시,S090003900,용미초등학교,2,공립,N,,0.0,1.0,12.0,0.0,0.0,10.0,0.0,0.0,14.0,0.0,1.0,10.0,1.0,1.0,14.0,0.0,0.0,16.0,1.0,3.0,76.0
경기도교육청,경기도파주교육지원청,경기도 파주시,S090003901,용연초등학교,2,공립,N,,1.0,1.0,7.0,3.0,0.0,7.0,1.0,1.0,4.0,1.0,0.0,7.0,0.0,1.0,6.0,0.0,2.0,10.0,6.0,5.0,41.0
경기도교육청,경기도파주교육지원청,경기도 파주시,S090003903,웅담초등학교,2,공립,N,,0.0,0.0,12.0,0.0,2.0,8.0,1.0,4.0,13.0,0.0,1.0,7.0,1.0,1.0,7.0,0.0,0.0,6.0,2.0,8.0,53.0
경기도교육청,경기도파주교육지원청,경기도 파주시,S090003904,월롱초등학교,2,공립,N,,0.0,1.0,9.0,1.0,1.0,17.0,0.0,1.0,11.0,1.0,2.0,12.0,0.0,1.0,11.0,0.0,0.0,18.0,2.0,6.0,78.0
경기도교육청,경기도파주교육지원청,경기도 파주시,S090003905,장파초등학교,2,공립,N,,0.0,0.0,7.0,0.0,0.0,7.0,0.0,0.0,10.0,0.0,0.0,7.0,0.0,0.0,13.0,0.0,1.0,7.0,0.0,1.0,51.0
경기도교육청,경기도파주교육지원청,경기도 파주시,S090003906,적서초등학교,2,공립,N,,0.0,0.0,6.0,0.0,4.0,7.0,0.0,0.0,10.0,0.0,1.0,10.0,1.0,1.0,6.0,0.0,0.0,12.0,1.0,6.0,51.0
경기도교육청,경기도파주교육지원청,경기도 파주시,S090003908,적암초등학교,2,공립,N,,0.0,0.0,2.0,0.0,1.0,6.0,0.0,0.0,4.0,0.0,0.0,5.0,0.0,0.0,12.0,0.0,0.0,6.0,0.0,1.0,35.0
경기도교육청,경기도파주교육지원청,경기도 파주시,S090003909,지산초등학교,2,공립,N,,16.0,10.0,190.0,48.0,17.0,183.0,49.0,10.0,187.0,50.0,11.0,214.0,31.0,7.0,170.0,32.0,4.0,174.0,226.0,59.0,1118.0
경기도교육청,경기도파주교육지원청,경기도 파주시,S090003911,천현초등학교,2,공립,N,,5.0,5.0,34.0,5.0,4.0,38.0,5.0,7.0,39.0,4.0,5.0,47.0,1.0,7.0,49.0,0.0,3.0,44.0,20.0,31.0,251.0
경기도교육청,경기도파주교육지원청,경기도 파주시,S090003913,청석초등학교,2,공립,N,,7.0,2.0,113.0,13.0,9.0,103.0,7.0,6.0,132.0,10.0,10.0,131.0,11.0,14.0,145.0,4.0,6.0,116.0,52.0,47.0,740.0
경기도교육청,경기도파주교육지원청,경기도 파주시,S090003914,청암초등학교,2,공립,N,,16.0,8.0,210.0,18.0,11.0,162.0,27.0,17.0,199.0,14.0,14.0,153.0,14.0,10.0,155.0,12.0,4.0,143.0,101.0,64.0,1022.0
경기도교육청,경기도파주교육지원청,경기도 파주시,S090003915,탄현초등학교,2,공립,N,,0.0,0.0,17.0,0.0,2.0,7.0,1.0,1.0,12.0,1.0,1.0,7.0,0.0,0.0,8.0,0.0,0.0,8.0,2.0,4.0,59.0
경기도교육청,경기도파주교육지원청,경기도 파주시,S090003916,통일초등학교,2,공립,N,,1.0,0.0,62.0,0.0,6.0,57.0,0.0,4.0,57.0,0.0,3.0,71.0,0.0,3.0,79.0,0.0,5.0,63.0,1.0,21.0,389.0
경기도교육청,경기도파주교육지원청,경기도 파주시,S090003917,파양초등학교,2,공립,N,,1.0,2.0,13.0,3.0,1.0,20.0,2.0,2.0,24.0,1.0,0.0,13.0,0.0,3.0,15.0,1.0,0.0,12.0,8.0,8.0,97.0
경기도교육청,경기도파주교육지원청,경기도 파주시,S090003919,파주대원초등학교,2,공립,N,,2.0,2.0,73.0,4.0,3.0,68.0,7.0,6.0,72.0,2.0,6.0,74.0,5.0,5.0,77.0,4.0,7.0,70.0,24.0,29.0,434.0
경기도교육청,경기도파주교육지원청,경기도 파주시,S090003920,파주송화초등학교,2,공립,N,,7.0,10.0,125.0,7.0,15.0,97.0,5.0,10.0,131.0,3.0,10.0,124.0,5.0,8.0,127.0,1.0,11.0,90.0,28.0,64.0,694.0
경기도교육청,경기도파주교육지원청,경기도 파주시,S090003921,파주와동초등학교,2,공립,N,,3.0,7.0,136.0,15.0,5.0,148.0,8.0,9.0,168.0,12.0,7.0,171.0,8.0,10.0,160.0,11.0,8.0,186.0,57.0,46.0,969.0
경기도교육청,경기도파주교육지원청,경기도 파주시,S090003922,파주초등학교,2,공립,N,,2.0,0.0,19.0,2.0,3.0,23.0,2.0,3.0,17.0,4.0,4.0,26.0,3.0,3.0,27.0,0.0,3.0,29.0,13.0,16.0,141.0
경기도교육청,경기도파주교육지원청,경기도 파주시,S090003923,파평초등학교,2,공립,N,,1.0,2.0,11.0,1.0,3.0,21.0,0.0,3.0,21.0,3.0,1.0,14.0,1.0,2.0,15.0,1.0,0.0,13.0,7.0,11.0,95.0
경기도교육청,경기도평택교육지원청,경기도 평택시,S090004009,가사초등학교,2,공립,N,,0.0,1.0,16.0,2.0,1.0,9.0,0.0,0.0,10.0,0.0,0.0,10.0,1.0,1.0,6.0,1.0,0.0,8.0,4.0,3.0,59.0
경기도교육청,경기도평택교육지원청,경기도 평택시,S090004010,갈곶초등학교,2,공립,N,,3.0,1.0,25.0,3.0,4.0,28.0,2.0,3.0,38.0,2.0,1.0,33.0,0.0,3.0,34.0,0.0,2.0,33.0,10.0,14.0,191.0
경기도교육청,경기도평택교육지원청,경기도 평택시,S090004011,계성초등학교,2,공립,N,,1.0,1.0,9.0,3.0,0.0,11.0,2.0,1.0,16.0,1.0,0.0,8.0,1.0,0.0,5.0,0.0,1.0,4.0,8.0,3.0,53.0
경기도교육청,경기도평택교육지원청,경기도 평택시,S090004013,고덕초등학교,2,공립,N,,0.0,0.0,0.0,0.0,0.0,0.0,0.0,0.0,0.0,0.0,0.0,0.0,0.0,0.0,0.0,0.0,0.0,0.0,0.0,0.0,0.0
경기도교육청,경기도평택교육지원청,경기도 평택시,S090004015,군문초등학교,2,공립,N,,4.0,2.0,36.0,5.0,2.0,33.0,1.0,4.0,44.0,0.0,3.0,34.0,0.0,1.0,39.0,3.0,2.0,40.0,13.0,14.0,226.0
경기도교육청,경기도평택교육지원청,경기도 평택시,S090004017,내기초등학교,2,공립,N,,1.0,1.0,37.0,2.0,4.0,43.0,0.0,3.0,49.0,0.0,2.0,55.0,1.0,4.0,60.0,1.0,10.0,58.0,5.0,24.0,302.0
경기도교육청,경기도평택교육지원청,경기도 평택시,S090004018,내기초등학교신영분교장,2,공립,N,,0.0,0.0,0.0,0.0,0.0,0.0,0.0,0.0,0.0,0.0,0.0,1.0,0.0,0.0,0.0,0.0,0.0,2.0,0.0,0.0,3.0
경기도교육청,경기도평택교육지원청,경기도 평택시,S090004022,덕동초등학교,2,공립,N,,4.0,10.0,111.0,9.0,11.0,111.0,11.0,11.0,132.0,7.0,14.0,131.0,9.0,7.0,152.0,3.0,5.0,133.0,43.0,58.0,770.0
경기도교육청,경기도평택교육지원청,경기도 평택시,S090004023,동삭초등학교,2,공립,N,,12.0,12.0,65.0,15.0,11.0,73.0,11.0,15.0,84.0,16.0,14.0,120.0,15.0,9.0,97.0,4.0,3.0,116.0,73.0,64.0,555.0
경기도교육청,경기도평택교육지원청,경기도 평택시,S090004024,복창초등학교,2,공립,N,,0.0,2.0,33.0,3.0,0.0,32.0,0.0,2.0,40.0,1.0,3.0,44.0,4.0,0.0,40.0,2.0,0.0,40.0,10.0,7.0,229.0
경기도교육청,경기도평택교육지원청,경기도 평택시,S090004025,부용초등학교,2,공립,N,,7.0,1.0,61.0,13.0,6.0,58.0,20.0,4.0,56.0,6.0,4.0,66.0,4.0,2.0,49.0,12.0,6.0,53.0,62.0,23.0,343.0
경기도교육청,경기도평택교육지원청,경기도 평택시,S090004027,비전초등학교,2,공립,N,,1.0,3.0,44.0,3.0,4.0,46.0,5.0,3.0,48.0,3.0,9.0,61.0,4.0,3.0,47.0,2.0,1.0,59.0,18.0,23.0,305.0
경기도교육청,경기도평택교육지원청,경기도 평택시,S090004029,삼덕초등학교,2,공립,N,,0.0,0.0,21.0,0.0,0.0,32.0,0.0,3.0,19.0,2.0,1.0,18.0,0.0,1.0,12.0,0.0,0.0,9.0,2.0,5.0,111.0
경기도교육청,경기도평택교육지원청,경기도 평택시,S090004030,서정리초등학교,2,공립,N,,1.0,1.0,36.0,10.0,2.0,24.0,5.0,2.0,40.0,7.0,3.0,48.0,5.0,2.0,31.0,5.0,3.0,46.0,33.0,13.0,225.0
경기도교육청,경기도평택교육지원청,경기도 평택시,S090004031,서탄초등학교,2,공립,N,,0.0,0.0,6.0,1.0,0.0,4.0,1.0,0.0,12.0,0.0,0.0,7.0,0.0,0.0,18.0,0.0,1.0,9.0,2.0,1.0,56.0
경기도교육청,경기도평택교육지원청,경기도 평택시,S090004033,서탄초등학교내수분교장,2,공립,N,,0.0,0.0,5.0,0.0,1.0,3.0,0.0,1.0,0.0,0.0,0.0,4.0,0.0,0.0,3.0,0.0,0.0,2.0,0.0,2.0,17.0
경기도교육청,경기도평택교육지원청,경기도 평택시,S090004035,세교초등학교,2,공립,N,,0.0,3.0,104.0,0.0,8.0,115.0,0.0,9.0,135.0,0.0,7.0,101.0,0.0,9.0,135.0,0.0,2.0,120.0,0.0,38.0,710.0
경기도교육청,경기도평택교육지원청,경기도 평택시,S090004036,소사벌초등학교,2,공립,N,,25.0,8.0,104.0,22.0,11.0,121.0,13.0,11.0,116.0,20.0,13.0,145.0,17.0,7.0,155.0,7.0,6.0,166.0,104.0,56.0,807.0
경기도교육청,경기도평택교육지원청,경기도 평택시,S090004037,송북초등학교,2,공립,N,,11.0,11.0,124.0,8.0,7.0,150.0,13.0,12.0,171.0,13.0,7.0,173.0,10.0,5.0,168.0,6.0,5.0,165.0,61.0,47.0,951.0
경기도교육청,경기도평택교육지원청,경기도 평택시,S090004038,송신초등학교,2,공립,N,,4.0,9.0,59.0,7.0,6.0,59.0,7.0,8.0,65.0,8.0,11.0,63.0,8.0,10.0,80.0,9.0,4.0,63.0,43.0,48.0,389.0
경기도교육청,경기도평택교육지원청,경기도 평택시,S090004039,송일초등학교,2,공립,N,,1.0,2.0,33.0,0.0,4.0,34.0,2.0,2.0,44.0,5.0,6.0,50.0,1.0,1.0,47.0,3.0,1.0,62.0,12.0,16.0,270.0
경기도교육청,경기도평택교육지원청,경기도 평택시,S090004040,송탄초등학교,2,공립,N,,1.0,5.0,26.0,3.0,1.0,22.0,2.0,3.0,26.0,1.0,1.0,21.0,3.0,4.0,43.0,1.0,1.0,29.0,11.0,15.0,167.0
경기도교육청,경기도평택교육지원청,경기도 평택시,S090004042,안중초등학교,2,공립,N,,4.0,1.0,43.0,4.0,6.0,48.0,5.0,6.0,62.0,3.0,11.0,61.0,4.0,2.0,64.0,4.0,2.0,65.0,24.0,28.0,343.0
경기도교육청,경기도평택교육지원청,경기도 평택시,S090004043,어연초등학교,2,공립,N,,5.0,0.0,5.0,1.0,0.0,5.0,2.0,0.0,8.0,0.0,1.0,6.0,0.0,0.0,9.0,0.0,0.0,9.0,8.0,1.0,42.0
경기도교육청,경기도평택교육지원청,경기도 평택시,S090004044,오성초등학교,2,공립,N,,1.0,0.0,29.0,1.0,5.0,36.0,5.0,1.0,31.0,2.0,2.0,30.0,1.0,2.0,41.0,0.0,0.0,41.0,10.0,10.0,208.0
경기도교육청,경기도평택교육지원청,경기도 평택시,S090004045,원정초등학교,2,공립,N,,6.0,13.0,62.0,8.0,11.0,61.0,9.0,17.0,68.0,3.0,13.0,64.0,7.0,12.0,66.0,2.0,10.0,64.0,35.0,76.0,385.0
경기도교육청,경기도평택교육지원청,경기도 평택시,S090004046,이충초등학교,2,공립,N,,7.0,11.0,88.0,13.0,15.0,108.0,10.0,12.0,104.0,14.0,20.0,140.0,9.0,16.0,112.0,5.0,8.0,128.0,58.0,82.0,680.0
경기도교육청,경기도평택교육지원청,경기도 평택시,S090004047,종덕초등학교,2,공립,N,,66.0,14.0,242.0,39.0,15.0,191.0,54.0,7.0,175.0,37.0,10.0,170.0,33.0,8.0,155.0,15.0,8.0,128.0,244.0,62.0,1061.0
경기도교육청,경기도평택교육지원청,경기도 평택시,S090004049,죽백초등학교,2,공립,N,,4.0,3.0,32.0,2.0,0.0,39.0,1.0,0.0,43.0,5.0,0.0,38.0,3.0,2.0,39.0,1.0,2.0,43.0,16.0,7.0,234.0
경기도교육청,경기도평택교육지원청,경기도 평택시,S090004052,지장초등학교,2,공립,N,,1.0,5.0,91.0,4.0,3.0,89.0,10.0,9.0,96.0,3.0,6.0,92.0,3.0,12.0,124.0,7.0,3.0,115.0,28.0,38.0,607.0
경기도교육청,경기도평택교육지원청,경기도 평택시,S090004053,진위초등학교,2,공립,N,,1.0,3.0,23.0,1.0,0.0,25.0,0.0,0.0,30.0,3.0,1.0,48.0,0.0,1.0,35.0,1.0,4.0,32.0,6.0,9.0,193.0
경기도교육청,경기도평택교육지원청,경기도 평택시,S090004054,진위초등학교산대분교장,2,공립,N,,2.0,0.0,4.0,0.0,0.0,3.0,0.0,0.0,3.0,0.0,0.0,3.0,0.0,0.0,3.0,0.0,1.0,2.0,2.0,1.0,18.0
경기도교육청,경기도평택교육지원청,경기도 평택시,S090004055,창신초등학교,2,공립,N,,0.0,0.0,8.0,0.0,0.0,7.0,0.0,0.0,9.0,0.0,2.0,9.0,0.0,1.0,10.0,0.0,0.0,7.0,0.0,3.0,50.0
경기도교육청,경기도평택교육지원청,경기도 평택시,S090004056,청북초등학교,2,공립,N,,1.0,0.0,12.0,0.0,0.0,7.0,0.0,4.0,9.0,0.0,0.0,9.0,1.0,2.0,12.0,0.0,2.0,8.0,2.0,8.0,57.0
경기도교육청,경기도평택교육지원청,경기도 평택시,S090004057,팽성초등학교,2,공립,N,,0.0,0.0,9.0,2.0,0.0,16.0,2.0,0.0,19.0,3.0,0.0,21.0,1.0,1.0,12.0,0.0,0.0,5.0,8.0,1.0,82.0
경기도교육청,경기도평택교육지원청,경기도 평택시,S090004058,평일초등학교,2,공립,N,,5.0,1.0,70.0,11.0,7.0,89.0,8.0,4.0,81.0,5.0,9.0,93.0,9.0,4.0,94.0,3.0,3.0,82.0,41.0,28.0,509.0
경기도교육청,경기도평택교육지원청,경기도 평택시,S090004059,평택성동초등학교,2,공립,N,,2.0,2.0,38.0,2.0,1.0,37.0,0.0,2.0,57.0,5.0,1.0,54.0,3.0,4.0,61.0,5.0,1.0,69.0,17.0,11.0,316.0
경기도교육청,경기도평택교육지원청,경기도 평택시,S090004060,평택중앙초등학교,2,공립,N,,1.0,1.0,40.0,1.0,5.0,25.0,3.0,1.0,40.0,3.0,4.0,48.0,1.0,3.0,43.0,1.0,1.0,49.0,10.0,15.0,245.0
경기도교육청,경기도평택교육지원청,경기도 평택시,S090004061,평택지산초등학교,2,공립,N,,4.0,10.0,84.0,7.0,7.0,79.0,5.0,7.0,107.0,3.0,5.0,93.0,6.0,5.0,82.0,1.0,3.0,103.0,26.0,37.0,548.0
경기도교육청,경기도평택교육지원청,경기도 평택시,S090004062,평택초등학교,2,공립,N,,2.0,1.0,19.0,3.0,4.0,25.0,2.0,1.0,23.0,2.0,0.0,26.0,0.0,1.0,36.0,2.0,0.0,23.0,11.0,7.0,152.0
경기도교육청,경기도평택교육지원청,경기도 평택시,S090004063,합정초등학교,2,공립,N,,1.0,1.0,29.0,0.0,0.0,23.0,4.0,4.0,20.0,5.0,4.0,20.0,4.0,2.0,21.0,4.0,1.0,25.0,18.0,12.0,138.0
경기도교육청,경기도평택교육지원청,경기도 평택시,S090004064,현덕초등학교,2,공립,N,,2.0,1.0,9.0,2.0,0.0,12.0,4.0,2.0,11.0,0.0,0.0,12.0,0.0,0.0,15.0,0.0,0.0,11.0,8.0,3.0,70.0
경기도교육청,경기도평택교육지원청,경기도 평택시,S090004065,현덕초등학교광덕분교장,2,공립,N,,2.0,2.0,10.0,1.0,1.0,8.0,1.0,1.0,9.0,0.0,0.0,7.0,0.0,0.0,6.0,0.0,0.0,11.0,4.0,4.0,51.0
경기도교육청,경기도평택교육지원청,경기도 평택시,S090004066,현화초등학교,2,공립,N,,6.0,4.0,89.0,8.0,8.0,111.0,7.0,9.0,129.0,4.0,8.0,129.0,5.0,4.0,136.0,5.0,10.0,148.0,35.0,43.0,742.0
경기도교육청,경기도평택교육지원청,경기도 평택시,S090004067,홍원초등학교,2,공립,N,,0.0,1.0,11.0,0.0,0.0,6.0,2.0,0.0,10.0,2.0,0.0,15.0,0.0,1.0,5.0,0.0,0.0,9.0,4.0,2.0,56.0
경기도교육청,경기도평택교육지원청,경기도 평택시,S090004068,효덕초등학교,2,공립,N,,35.0,3.0,73.0,34.0,5.0,56.0,34.0,7.0,80.0,20.0,6.0,69.0,16.0,2.0,61.0,8.0,3.0,70.0,147.0,26.0,409.0
경기도교육청,경기도포천교육지원청,경기도 포천시,S090004176,가산초등학교,2,공립,N,,2.0,1.0,33.0,1.0,1.0,27.0,2.0,3.0,20.0,4.0,1.0,19.0,3.0,1.0,23.0,1.0,1.0,19.0,13.0,8.0,141.0
경기도교육청,경기도포천교육지원청,경기도 포천시,S090004177,관인초등학교,2,공립,N,,1.0,0.0,3.0,0.0,0.0,6.0,2.0,0.0,6.0,0.0,1.0,5.0,0.0,1.0,9.0,1.0,0.0,3.0,4.0,2.0,32.0
경기도교육청,경기도포천교육지원청,경기도 포천시,S090004180,내촌초등학교,2,공립,N,,0.0,1.0,15.0,0.0,3.0,10.0,1.0,4.0,8.0,2.0,1.0,13.0,1.0,2.0,13.0,1.0,2.0,12.0,5.0,13.0,71.0
경기도교육청,경기도포천교육지원청,경기도 포천시,S090004183,도평초등학교,2,공립,N,,2.0,0.0,5.0,2.0,1.0,8.0,2.0,0.0,4.0,1.0,1.0,8.0,0.0,1.0,8.0,0.0,1.0,9.0,7.0,4.0,42.0
경기도교육청,경기도포천교육지원청,경기도 포천시,S090004189,선단초등학교,2,공립,N,,3.0,2.0,57.0,9.0,6.0,58.0,4.0,10.0,83.0,5.0,8.0,74.0,3.0,7.0,87.0,2.0,3.0,70.0,26.0,36.0,429.0
경기도교육청,경기도포천교육지원청,경기도 포천시,S090004190,송우초등학교,2,공립,N,,1.0,0.0,33.0,3.0,5.0,57.0,2.0,1.0,44.0,2.0,0.0,54.0,5.0,1.0,48.0,1.0,1.0,50.0,14.0,8.0,286.0
경기도교육청,경기도포천교육지원청,경기도 포천시,S090004191,신북초등학교,2,공립,N,,3.0,1.0,22.0,0.0,6.0,30.0,0.0,0.0,34.0,0.0,3.0,33.0,1.0,2.0,31.0,2.0,0.0,24.0,6.0,12.0,174.0
경기도교육청,경기도포천교육지원청,경기도 포천시,S090004193,영북초등학교,2,공립,N,,4.0,5.0,74.0,2.0,6.0,52.0,3.0,8.0,60.0,3.0,4.0,57.0,4.0,3.0,44.0,0.0,3.0,45.0,16.0,29.0,332.0
경기도교육청,경기도포천교육지원청,경기도 포천시,S090004198,왕방초등학교,2,공립,N,,9.0,3.0,75.0,4.0,4.0,69.0,5.0,8.0,84.0,4.0,5.0,60.0,5.0,5.0,89.0,6.0,2.0,87.0,33.0,27.0,464.0
경기도교육청,경기도포천교육지원청,경기도 포천시,S090004199,외북초등학교,2,공립,N,,0.0,0.0,6.0,1.0,2.0,10.0,2.0,4.0,11.0,1.0,6.0,8.0,0.0,1.0,11.0,0.0,1.0,9.0,4.0,14.0,55.0
경기도교육청,경기도포천교육지원청,경기도 포천시,S090004200,운담초등학교,2,공립,N,,0.0,1.0,6.0,0.0,0.0,5.0,2.0,2.0,6.0,1.0,0.0,9.0,2.0,1.0,11.0,0.0,0.0,5.0,5.0,4.0,42.0
경기도교육청,경기도포천교육지원청,경기도 포천시,S090004201,유암초등학교,2,공립,N,,0.0,0.0,16.0,0.0,1.0,9.0,0.0,0.0,11.0,1.0,1.0,12.0,0.0,0.0,11.0,1.0,0.0,11.0,2.0,2.0,70.0
경기도교육청,경기도포천교육지원청,경기도 포천시,S090004202,이곡초등학교,2,공립,N,,0.0,1.0,13.0,1.0,0.0,13.0,1.0,2.0,15.0,1.0,0.0,18.0,0.0,4.0,17.0,0.0,1.0,20.0,3.0,8.0,96.0
경기도교육청,경기도포천교육지원청,경기도 포천시,S090004203,이동초등학교,2,공립,N,,2.0,8.0,31.0,7.0,7.0,29.0,2.0,7.0,35.0,6.0,5.0,26.0,1.0,6.0,25.0,0.0,1.0,29.0,18.0,34.0,175.0
경기도교육청,경기도포천교육지원청,경기도 포천시,S090004204,일동초등학교,2,공립,N,,5.0,3.0,48.0,2.0,8.0,53.0,8.0,9.0,65.0,4.0,6.0,63.0,5.0,11.0,65.0,4.0,4.0,63.0,28.0,41.0,357.0
경기도교육청,경기도포천교육지원청,경기도 포천시,S090004205,정교초등학교,2,공립,N,,2.0,0.0,11.0,0.0,2.0,9.0,0.0,0.0,11.0,1.0,1.0,9.0,1.0,0.0,14.0,3.0,0.0,22.0,7.0,3.0,76.0
경기도교육청,경기도포천교육지원청,경기도 포천시,S090004206,중리초등학교,2,공립,N,,0.0,0.0,0.0,0.0,1.0,0.0,0.0,0.0,6.0,1.0,1.0,3.0,0.0,0.0,3.0,0.0,0.0,3.0,1.0,2.0,15.0
경기도교육청,경기도포천교육지원청,경기도 포천시,S090004208,지현초등학교,2,공립,N,,1.0,0.0,5.0,0.0,1.0,5.0,1.0,0.0,8.0,0.0,0.0,7.0,0.0,1.0,4.0,0.0,0.0,8.0,2.0,2.0,37.0
경기도교육청,경기도포천교육지원청,경기도 포천시,S090004209,창수초등학교,2,공립,N,,0.0,0.0,7.0,0.0,0.0,4.0,0.0,1.0,5.0,0.0,0.0,5.0,0.0,1.0,4.0,0.0,0.0,5.0,0.0,2.0,30.0
경기도교육청,경기도포천교육지원청,경기도 포천시,S090004210,청성초등학교,2,공립,N,,0.0,0.0,13.0,0.0,1.0,4.0,2.0,0.0,16.0,3.0,0.0,10.0,0.0,0.0,10.0,0.0,0.0,9.0,5.0,1.0,62.0
경기도교육청,경기도포천교육지원청,경기도 포천시,S090004211,추산초등학교,2,공립,N,,4.0,5.0,104.0,13.0,15.0,130.0,17.0,11.0,145.0,8.0,8.0,133.0,5.0,7.0,142.0,11.0,14.0,143.0,58.0,60.0,797.0
경기도교육청,경기도포천교육지원청,경기도 포천시,S090004212,축석초등학교,2,공립,N,,0.0,0.0,9.0,0.0,0.0,6.0,0.0,1.0,5.0,0.0,2.0,9.0,0.0,0.0,11.0,0.0,1.0,9.0,0.0,4.0,49.0
경기도교육청,경기도포천교육지원청,경기도 포천시,S090004213,포천노곡초등학교,2,공립,N,,2.0,3.0,10.0,1.0,1.0,8.0,0.0,1.0,4.0,1.0,2.0,16.0,2.0,2.0,6.0,0.0,0.0,8.0,6.0,9.0,52.0
경기도교육청,경기도포천교육지원청,경기도 포천시,S090004214,포천삼정초등학교,2,공립,N,,0.0,0.0,0.0,1.0,0.0,2.0,1.0,1.0,2.0,0.0,0.0,4.0,1.0,1.0,4.0,0.0,1.0,10.0,3.0,3.0,22.0
경기도교육청,경기도포천교육지원청,경기도 포천시,S090004215,포천초등학교,2,공립,N,,5.0,11.0,128.0,11.0,8.0,129.0,11.0,16.0,184.0,10.0,11.0,156.0,9.0,6.0,143.0,4.0,6.0,151.0,50.0,58.0,891.0
경기도교육청,경기도포천교육지원청,경기도 포천시,S090004216,화현초등학교,2,공립,N,,1.0,1.0,9.0,1.0,0.0,5.0,0.0,4.0,10.0,1.0,0.0,12.0,1.0,1.0,3.0,0.0,1.0,16.0,4.0,7.0,55.0
경기도교육청,경기도화성오산교육지원청,경기도 화성시,S090004282,갈담초등학교,2,공립,N,,6.0,3.0,26.0,13.0,2.0,42.0,3.0,3.0,37.0,2.0,4.0,37.0,0.0,2.0,35.0,1.0,2.0,40.0,25.0,16.0,217.0
경기도교육청,경기도화성오산교육지원청,경기도 화성시,S090004283,갈천초등학교,2,공립,N,,0.0,3.0,14.0,0.0,0.0,9.0,0.0,0.0,10.0,0.0,1.0,10.0,0.0,1.0,14.0,0.0,0.0,4.0,0.0,5.0,61.0
경기도교육청,경기도화성오산교육지원청,경기도 화성시,S090004284,고정초등학교,2,공립,N,,0.0,0.0,5.0,0.0,0.0,4.0,0.0,0.0,10.0,0.0,1.0,10.0,0.0,0.0,8.0,0.0,2.0,10.0,0.0,3.0,47.0
경기도교육청,경기도화성오산교육지원청,경기도 오산시,S090004286,광성초등학교,2,공립,N,,4.0,6.0,95.0,17.0,9.0,110.0,9.0,12.0,131.0,10.0,7.0,137.0,7.0,9.0,108.0,7.0,13.0,134.0,54.0,56.0,715.0
경기도교육청,경기도화성오산교육지원청,경기도 화성시,S090004287,기안초등학교,2,공립,N,,6.0,10.0,97.0,9.0,6.0,92.0,9.0,3.0,94.0,5.0,5.0,106.0,8.0,9.0,105.0,4.0,4.0,115.0,41.0,37.0,609.0
경기도교육청,경기도화성오산교육지원청,경기도 화성시,S090004288,남양초등학교,2,공립,N,,4.0,1.0,55.0,5.0,3.0,55.0,8.0,4.0,66.0,10.0,7.0,81.0,7.0,6.0,85.0,1.0,4.0,74.0,35.0,25.0,416.0
경기도교육청,경기도화성오산교육지원청,경기도 화성시,S090004289,노진초등학교,2,공립,N,,1.0,0.0,8.0,2.0,1.0,7.0,0.0,2.0,12.0,1.0,2.0,16.0,0.0,1.0,12.0,0.0,0.0,10.0,4.0,6.0,65.0
경기도교육청,경기도화성오산교육지원청,경기도 화성시,S090004292,동탄초등학교,2,공립,N,,16.0,18.0,187.0,14.0,26.0,166.0,17.0,25.0,190.0,21.0,24.0,134.0,12.0,11.0,121.0,13.0,4.0,124.0,93.0,108.0,922.0
경기도교육청,경기도화성오산교육지원청,경기도 화성시,S090004294,동학초등학교,2,공립,N,,1.0,0.0,131.0,4.0,4.0,114.0,0.0,3.0,176.0,2.0,2.0,141.0,1.0,4.0,141.0,0.0,8.0,155.0,8.0,21.0,858.0
경기도교육청,경기도화성오산교육지원청,경기도 화성시,S090004296,마도초등학교,2,공립,N,,0.0,3.0,21.0,1.0,1.0,17.0,0.0,1.0,22.0,1.0,0.0,15.0,0.0,4.0,23.0,2.0,0.0,30.0,4.0,9.0,128.0
경기도교육청,경기도화성오산교육지원청,경기도 화성시,S090004297,마산초등학교,2,공립,N,,0.0,0.0,9.0,0.0,0.0,7.0,0.0,0.0,6.0,0.0,0.0,7.0,0.0,0.0,8.0,0.0,0.0,3.0,0.0,0.0,40.0
경기도교육청,경기도화성오산교육지원청,경기도 오산시,S090004301,매홀초등학교,2,공립,N,,3.0,2.0,41.0,3.0,5.0,34.0,6.0,2.0,31.0,2.0,2.0,48.0,0.0,3.0,42.0,1.0,0.0,39.0,15.0,14.0,235.0
경기도교육청,경기도화성오산교육지원청,경기도 오산시,S090004302,삼미초등학교,2,공립,N,,5.0,6.0,85.0,2.0,4.0,76.0,7.0,5.0,69.0,5.0,5.0,60.0,3.0,3.0,53.0,3.0,1.0,33.0,25.0,24.0,376.0
경기도교육청,경기도화성오산교육지원청,경기도 화성시,S090004304,발안초등학교,2,공립,N,,3.0,2.0,41.0,2.0,2.0,41.0,5.0,11.0,53.0,1.0,6.0,57.0,1.0,7.0,55.0,6.0,2.0,52.0,18.0,30.0,299.0
경기도교육청,경기도화성오산교육지원청,경기도 화성시,S090004305,병점초등학교,2,공립,N,,1.0,4.0,33.0,0.0,27.0,28.0,4.0,27.0,41.0,1.0,23.0,18.0,1.0,30.0,35.0,2.0,9.0,52.0,9.0,120.0,207.0
경기도교육청,경기도화성오산교육지원청,경기도 화성시,S090004306,봉담초등학교,2,공립,N,,4.0,7.0,98.0,10.0,9.0,121.0,12.0,6.0,128.0,9.0,6.0,121.0,9.0,7.0,142.0,8.0,4.0,123.0,52.0,39.0,733.0
경기도교육청,경기도화성오산교육지원청,경기도 화성시,S090004308,비봉초등학교,2,공립,N,,3.0,0.0,19.0,3.0,1.0,30.0,3.0,1.0,18.0,4.0,2.0,28.0,4.0,2.0,27.0,0.0,6.0,23.0,17.0,12.0,145.0
경기도교육청,경기도화성오산교육지원청,경기도 화성시,S090004310,사창초등학교,2,공립,N,,0.0,1.0,12.0,0.0,0.0,5.0,1.0,1.0,6.0,1.0,0.0,4.0,1.0,0.0,6.0,0.0,0.0,6.0,3.0,2.0,39.0
경기도교육청,경기도화성오산교육지원청,경기도 화성시,S090004312,상신초등학교,2,공립,N,,9.0,4.0,84.0,6.0,8.0,72.0,9.0,9.0,77.0,7.0,3.0,69.0,5.0,7.0,63.0,11.0,8.0,52.0,47.0,39.0,417.0
경기도교육청,경기도화성오산교육지원청,경기도 화성시,S090004313,서신초등학교,2,공립,N,,1.0,1.0,6.0,0.0,0.0,15.0,2.0,0.0,15.0,1.0,0.0,15.0,1.0,0.0,20.0,0.0,0.0,13.0,5.0,1.0,84.0
경기도교육청,경기도화성오산교육지원청,경기도 화성시,S090004315,석천초등학교,2,공립,N,,2.0,3.0,20.0,0.0,4.0,20.0,0.0,2.0,20.0,0.0,4.0,18.0,0.0,2.0,21.0,0.0,2.0,22.0,2.0,17.0,121.0
경기도교육청,경기도화성오산교육지원청,경기도 오산시,S090004317,성산초등학교,2,공립,N,,3.0,0.0,22.0,0.0,0.0,14.0,0.0,2.0,34.0,2.0,2.0,33.0,1.0,3.0,19.0,0.0,4.0,28.0,6.0,11.0,150.0
경기도교육청,경기도화성오산교육지원청,경기도 오산시,S090004318,성호초등학교,2,공립,N,,1.0,2.0,45.0,1.0,1.0,44.0,2.0,7.0,43.0,1.0,4.0,36.0,4.0,3.0,33.0,8.0,3.0,50.0,17.0,20.0,251.0
경기도교육청,경기도화성오산교육지원청,경기도 화성시,S090004319,송라초등학교,2,공립,N,,0.0,2.0,7.0,0.0,3.0,12.0,0.0,3.0,12.0,0.0,0.0,18.0,0.0,3.0,19.0,0.0,5.0,19.0,0.0,16.0,87.0
경기도교육청,경기도화성오산교육지원청,경기도 화성시,S090004320,송산초등학교,2,공립,N,,3.0,2.0,49.0,5.0,4.0,48.0,5.0,1.0,47.0,3.0,1.0,59.0,4.0,4.0,54.0,3.0,3.0,58.0,23.0,15.0,315.0
경기도교육청,경기도화성오산교육지원청,경기도 화성시,S090004321,송화초등학교,2,공립,N,,5.0,6.0,173.0,6.0,18.0,167.0,9.0,23.0,199.0,9.0,17.0,176.0,6.0,18.0,167.0,9.0,13.0,166.0,44.0,95.0,1048.0
경기도교육청,경기도화성오산교육지원청,경기도 화성시,S090004322,수기초등학교,2,공립,N,,3.0,1.0,19.0,0.0,1.0,17.0,3.0,2.0,22.0,4.0,1.0,15.0,1.0,1.0,18.0,0.0,1.0,29.0,11.0,7.0,120.0
경기도교육청,경기도화성오산교육지원청,경기도 화성시,S090004324,양감초등학교,2,공립,N,,2.0,1.0,9.0,0.0,3.0,4.0,1.0,3.0,7.0,2.0,6.0,9.0,0.0,1.0,6.0,0.0,2.0,9.0,5.0,16.0,44.0
경기도교육청,경기도화성오산교육지원청,경기도 오산시,S090004325,오산초등학교,2,공립,N,,4.0,4.0,81.0,5.0,7.0,103.0,2.0,8.0,100.0,3.0,9.0,109.0,3.0,3.0,101.0,0.0,8.0,119.0,17.0,39.0,613.0
경기도교육청,경기도화성오산교육지원청,경기도 화성시,S090004326,우정초등학교,2,공립,N,,1.0,1.0,22.0,0.0,3.0,29.0,0.0,0.0,32.0,0.0,2.0,34.0,0.0,0.0,32.0,1.0,0.0,34.0,2.0,6.0,183.0
경기도교육청,경기도화성오산교육지원청,경기도 오산시,S090004328,운산초등학교,2,공립,N,,6.0,7.0,113.0,8.0,11.0,120.0,7.0,13.0,130.0,8.0,14.0,144.0,9.0,7.0,135.0,4.0,6.0,139.0,42.0,58.0,781.0
경기도교육청,경기도화성오산교육지원청,경기도 오산시,S090004329,운암초등학교,2,공립,N,,3.0,6.0,67.0,6.0,3.0,39.0,4.0,4.0,67.0,4.0,5.0,65.0,5.0,4.0,48.0,3.0,3.0,50.0,25.0,25.0,336.0
경기도교육청,경기도화성오산교육지원청,경기도 오산시,S090004330,운천초등학교,2,공립,N,,6.0,13.0,124.0,6.0,7.0,116.0,8.0,15.0,137.0,9.0,11.0,138.0,7.0,8.0,152.0,8.0,6.0,147.0,44.0,60.0,814.0
경기도교육청,경기도화성오산교육지원청,경기도 오산시,S090004331,원동초등학교,2,공립,N,,7.0,7.0,117.0,8.0,5.0,123.0,13.0,14.0,153.0,12.0,8.0,129.0,6.0,5.0,118.0,4.0,3.0,138.0,50.0,42.0,778.0
경기도교육청,경기도화성오산교육지원청,경기도 화성시,S090004333,장명초등학교,2,공립,N,,2.0,0.0,4.0,0.0,1.0,6.0,0.0,0.0,6.0,0.0,0.0,7.0,0.0,0.0,6.0,0.0,0.0,5.0,2.0,1.0,34.0
경기도교육청,경기도화성오산교육지원청,경기도 화성시,S090004334,장명초등학교장일분교장,2,공립,N,,0.0,1.0,1.0,0.0,0.0,1.0,0.0,0.0,1.0,0.0,0.0,0.0,0.0,0.0,3.0,0.0,0.0,2.0,0.0,1.0,8.0
경기도교육청,경기도화성오산교육지원청,경기도 화성시,S090004336,정남초등학교,2,공립,N,,1.0,0.0,28.0,2.0,2.0,37.0,0.0,7.0,34.0,4.0,4.0,47.0,3.0,3.0,34.0,2.0,3.0,51.0,12.0,19.0,231.0
경기도교육청,경기도화성오산교육지원청,경기도 화성시,S090004337,정림초등학교,2,공립,N,,0.0,0.0,10.0,0.0,2.0,10.0,0.0,1.0,9.0,1.0,1.0,6.0,0.0,4.0,7.0,0.0,1.0,18.0,1.0,9.0,60.0
경기도교육청,경기도화성오산교육지원청,경기도 화성시,S090004340,청룡초등학교,2,공립,N,,1.0,0.0,1.0,0.0,0.0,2.0,0.0,0.0,6.0,0.0,0.0,3.0,0.0,0.0,10.0,0.0,0.0,4.0,1.0,0.0,26.0
경기도교육청,경기도화성오산교육지원청,경기도 화성시,S090004341,청원초등학교,2,공립,N,,0.0,1.0,12.0,1.0,0.0,3.0,2.0,0.0,9.0,1.0,0.0,14.0,0.0,0.0,11.0,1.0,0.0,13.0,5.0,1.0,62.0
경기도교육청,경기도화성오산교육지원청,경기도 화성시,S090004344,팔탄초등학교,2,공립,N,,2.0,0.0,15.0,0.0,0.0,18.0,3.0,0.0,18.0,1.0,0.0,18.0,1.0,0.0,21.0,0.0,0.0,15.0,7.0,0.0,105.0
경기도교육청,경기도화성오산교육지원청,경기도 화성시,S090004345,팔탄초등학교대방분교장,2,공립,N,,1.0,1.0,10.0,1.0,0.0,7.0,0.0,0.0,6.0,4.0,2.0,5.0,0.0,1.0,7.0,0.0,0.0,9.0,6.0,4.0,44.0
경기도교육청,경기도화성오산교육지원청,경기도 화성시,S090004347,해운초등학교,2,공립,N,,2.0,0.0,4.0,1.0,0.0,5.0,0.0,1.0,9.0,0.0,0.0,6.0,0.0,2.0,7.0,0.0,0.0,5.0,3.0,3.0,36.0
경기도교육청,경기도화성오산교육지원청,경기도 화성시,S090004348,향남초등학교,2,공립,N,,0.0,2.0,24.0,0.0,1.0,10.0,0.0,0.0,11.0,0.0,0.0,16.0,0.0,0.0,16.0,0.0,0.0,5.0,0.0,3.0,82.0
경기도교육청,경기도화성오산교육지원청,경기도 화성시,S090004349,화남초등학교,2,공립,N,,23.0,2.0,85.0,23.0,83.0,75.0,11.0,70.0,51.0,15.0,72.0,37.0,12.0,47.0,45.0,9.0,47.0,27.0,93.0,321.0,320.0
경기도교육청,경기도화성오산교육지원청,경기도 화성시,S090004350,화산초등학교,2,공립,N,,1.0,4.0,55.0,4.0,6.0,60.0,2.0,4.0,74.0,2.0,2.0,83.0,2.0,13.0,93.0,1.0,2.0,88.0,12.0,31.0,453.0
경기도교육청,경기도화성오산교육지원청,경기도 화성시,S090004351,화성매송초등학교,2,공립,N,,1.0,5.0,30.0,0.0,3.0,22.0,0.0,0.0,28.0,0.0,2.0,23.0,1.0,1.0,25.0,0.0,2.0,42.0,2.0,13.0,170.0
경기도교육청,경기도화성오산교육지원청,경기도 화성시,S090004352,화성월문초등학교,2,공립,N,,0.0,0.0,13.0,1.0,0.0,12.0,0.0,1.0,12.0,0.0,0.0,10.0,0.0,0.0,9.0,0.0,0.0,11.0,1.0,1.0,67.0
경기도교육청,경기도화성오산교육지원청,경기도 화성시,S090004353,화성장안초등학교,2,공립,N,,0.0,2.0,102.0,0.0,6.0,95.0,4.0,1.0,96.0,2.0,0.0,127.0,1.0,1.0,98.0,0.0,2.0,110.0,7.0,12.0,628.0
경기도교육청,경기도화성오산교육지원청,경기도 오산시,S090004354,화성초등학교,2,공립,N,,0.0,4.0,69.0,5.0,2.0,69.0,2.0,5.0,68.0,8.0,6.0,79.0,6.0,3.0,69.0,1.0,0.0,62.0,22.0,20.0,416.0
경기도교육청,경기도화성오산교육지원청,경기도 화성시,S090004355,화성장안초등학교석포분교장,2,공립,N,,0.0,0.0,5.0,0.0,0.0,2.0,0.0,0.0,3.0,0.0,0.0,0.0,0.0,2.0,2.0,1.0,0.0,2.0,1.0,2.0,14.0
경기도교육청,경기도화성오산교육지원청,경기도 화성시,S090004356,화성화수초등학교,2,공립,N,,0.0,2.0,6.0,0.0,0.0,6.0,0.0,0.0,10.0,2.0,0.0,16.0,0.0,1.0,12.0,0.0,0.0,9.0,2.0,3.0,59.0
경기도교육청,경기도화성오산교육지원청,경기도 화성시,S090004358,활초초등학교,2,공립,N,,2.0,0.0,12.0,6.0,3.0,22.0,3.0,1.0,18.0,6.0,3.0,19.0,2.0,0.0,17.0,5.0,3.0,20.0,24.0,10.0,108.0
경기도교육청,경기도용인교육지원청,경기도 용인시 기흥구,S090004797,교동초등학교,2,공립,N,,25.0,2.0,94.0,15.0,9.0,111.0,22.0,16.0,158.0,20.0,9.0,105.0,19.0,9.0,111.0,11.0,9.0,101.0,112.0,54.0,680.0
경기도교육청,경기도용인교육지원청,경기도 용인시 기흥구,S090004804,나곡초등학교,2,공립,N,,11.0,8.0,168.0,13.0,15.0,166.0,18.0,19.0,167.0,9.0,10.0,182.0,15.0,14.0,189.0,9.0,6.0,157.0,75.0,72.0,1029.0
경기도교육청,경기도부천교육지원청,경기도 부천시,S090004824,석천초등학교,2,공립,N,,7.0,12.0,167.0,12.0,8.0,151.0,10.0,10.0,162.0,7.0,12.0,167.0,11.0,10.0,168.0,7.0,9.0,162.0,54.0,61.0,977.0
경기도교육청,경기도용인교육지원청,경기도 용인시 수지구,S090004836,효자초등학교,2,공립,N,,20.0,6.0,154.0,16.0,9.0,161.0,16.0,13.0,170.0,15.0,12.0,169.0,16.0,15.0,177.0,5.0,11.0,182.0,88.0,66.0,1013.0
경기도교육청,경기도성남교육지원청,경기도 성남시 분당구,S090004841,늘푸른초등학교,2,공립,N,,0.0,0.0,205.0,0.0,0.0,211.0,0.0,0.0,196.0,0.0,0.0,233.0,0.0,0.0,199.0,26.0,0.0,209.0,26.0,0.0,1253.0
경기도교육청,경기도의정부교육지원청,경기도 의정부시,S090004842,의정부호원초등학교,2,공립,N,,2.0,4.0,149.0,4.0,14.0,131.0,5.0,12.0,139.0,4.0,10.0,127.0,5.0,7.0,138.0,0.0,8.0,139.0,20.0,55.0,823.0
경기도교육청,경기도부천교육지원청,경기도 부천시,S090004843,부천일신초등학교,2,공립,N,,5.0,5.0,146.0,7.0,7.0,150.0,9.0,9.0,180.0,7.0,7.0,170.0,5.0,5.0,193.0,2.0,2.0,171.0,35.0,35.0,1010.0
경기도교육청,경기도부천교육지원청,경기도 부천시,S090004844,솔안초등학교,2,공립,N,,0.0,6.0,43.0,0.0,8.0,45.0,2.0,4.0,47.0,0.0,6.0,53.0,0.0,6.0,48.0,1.0,6.0,41.0,3.0,36.0,277.0
경기도교육청,경기도동두천양주교육지원청,경기도 동두천시,S090004845,동두천신천초등학교,2,공립,N,,5.0,7.0,99.0,5.0,8.0,93.0,6.0,9.0,105.0,13.0,11.0,111.0,7.0,8.0,115.0,4.0,2.0,114.0,40.0,45.0,637.0
경기도교육청,경기도동두천양주교육지원청,경기도 동두천시,S090004846,동두천송내초등학교,2,공립,N,,7.0,1.0,56.0,3.0,3.0,80.0,4.0,4.0,77.0,6.0,7.0,80.0,4.0,7.0,86.0,5.0,4.0,87.0,29.0,26.0,466.0
경기도교육청,경기도안산교육지원청,경기도 안산시 단원구,S090004847,안산진흥초등학교,2,공립,N,,3.0,0.0,51.0,6.0,4.0,59.0,2.0,3.0,57.0,4.0,4.0,56.0,4.0,4.0,68.0,2.0,4.0,49.0,21.0,19.0,340.0
경기도교육청,경기도안산교육지원청,경기도 안산시 상록구,S090004848,학현초등학교,2,공립,N,,4.0,3.0,55.0,4.0,10.0,58.0,0.0,1.0,42.0,4.0,1.0,60.0,6.0,2.0,67.0,1.0,4.0,53.0,19.0,21.0,335.0
경기도교육청,경기도시흥교육지원청,경기도 시흥시,S090004849,시흥도원초등학교,2,공립,N,,2.0,2.0,39.0,7.0,5.0,45.0,4.0,10.0,56.0,4.0,4.0,57.0,3.0,8.0,77.0,2.0,1.0,66.0,22.0,30.0,340.0
경기도교육청,경기도시흥교육지원청,경기도 시흥시,S090004850,시흥월곶초등학교,2,공립,N,,13.0,0.0,122.0,12.0,11.0,114.0,9.0,16.0,132.0,7.0,11.0,132.0,6.0,10.0,134.0,8.0,8.0,107.0,55.0,56.0,741.0
경기도교육청,경기도시흥교육지원청,경기도 시흥시,S090004851,시흥장현초등학교,2,공립,N,,3.0,3.0,63.0,5.0,10.0,78.0,10.0,6.0,81.0,4.0,10.0,80.0,3.0,5.0,81.0,9.0,4.0,84.0,34.0,38.0,467.0
경기도교육청,경기도군포의왕교육지원청,경기도 군포시,S090004852,당동초등학교,2,공립,N,,5.0,5.0,126.0,4.0,5.0,116.0,9.0,7.0,164.0,7.0,5.0,132.0,9.0,6.0,152.0,4.0,4.0,155.0,38.0,32.0,845.0
경기도교육청,경기도군포의왕교육지원청,경기도 군포시,S090004853,당정초등학교,2,공립,N,,6.0,4.0,115.0,9.0,6.0,127.0,7.0,9.0,112.0,6.0,6.0,146.0,6.0,10.0,125.0,5.0,6.0,122.0,39.0,41.0,747.0
경기도교육청,경기도화성오산교육지원청,경기도 화성시,S090004854,제암초등학교,2,공립,N,,2.0,3.0,110.0,7.0,12.0,100.0,5.0,7.0,111.0,4.0,7.0,120.0,7.0,5.0,103.0,3.0,8.0,123.0,28.0,42.0,667.0
경기도교육청,경기도화성오산교육지원청,경기도 오산시,S090004855,오산대원초등학교,2,공립,N,,4.0,6.0,88.0,9.0,6.0,104.0,4.0,12.0,103.0,7.0,6.0,92.0,3.0,8.0,114.0,6.0,6.0,120.0,33.0,44.0,621.0
경기도교육청,경기도파주교육지원청,경기도 파주시,S090004856,동패초등학교,2,공립,N,,8.0,10.0,271.0,8.0,4.0,224.0,22.0,15.0,246.0,17.0,4.0,221.0,8.0,4.0,214.0,17.0,1.0,154.0,80.0,38.0,1330.0
경기도교육청,경기도고양교육지원청,경기도 고양시 덕양구,S090004857,고양관산초등학교,2,공립,N,,4.0,1.0,73.0,4.0,8.0,77.0,3.0,2.0,105.0,5.0,9.0,94.0,5.0,3.0,99.0,4.0,7.0,110.0,25.0,30.0,558.0
경기도교육청,경기도고양교육지원청,경기도 고양시 일산서구,S090004858,고양한내초등학교,2,공립,N,,7.0,4.0,72.0,5.0,8.0,91.0,5.0,11.0,86.0,3.0,4.0,71.0,1.0,6.0,79.0,2.0,7.0,70.0,23.0,40.0,469.0
경기도교육청,경기도고양교육지원청,경기도 고양시 일산서구,S090004859,한뫼초등학교,2,공립,N,,4.0,9.0,151.0,8.0,11.0,133.0,13.0,12.0,137.0,7.0,18.0,164.0,11.0,9.0,150.0,6.0,7.0,154.0,49.0,66.0,889.0
경기도교육청,경기도파주교육지원청,경기도 파주시,S090004881,임진초등학교,2,공립,N,,5.0,5.0,115.0,15.0,10.0,107.0,13.0,7.0,127.0,7.0,11.0,133.0,7.0,6.0,101.0,1.0,0.0,117.0,48.0,39.0,700.0
경기도교육청,경기도용인교육지원청,경기도 용인시 기흥구,S090004891,지석초등학교,2,공립,N,,3.0,4.0,59.0,2.0,10.0,78.0,0.0,7.0,69.0,4.0,8.0,76.0,1.0,7.0,70.0,2.0,2.0,70.0,12.0,38.0,422.0
경기도교육청,경기도부천교육지원청,경기도 부천시,S090004892,옥산초등학교,2,공립,N,,1.0,3.0,16.0,0.0,2.0,6.0,2.0,0.0,10.0,0.0,0.0,8.0,0.0,0.0,4.0,1.0,0.0,7.0,4.0,5.0,51.0
경기도교육청,경기도이천교육지원청,경기도 이천시,S090004940,증포초등학교,2,공립,N,,8.0,10.0,160.0,12.0,6.0,138.0,8.0,13.0,183.0,10.0,8.0,190.0,10.0,19.0,192.0,9.0,10.0,194.0,57.0,66.0,1057.0
경기도교육청,경기도광주하남교육지원청,경기도 광주시,S090004941,양벌초등학교,2,공립,N,,5.0,15.0,210.0,7.0,7.0,163.0,14.0,19.0,183.0,15.0,17.0,196.0,16.0,20.0,179.0,7.0,10.0,135.0,64.0,88.0,1066.0
경기도교육청,경기도광주하남교육지원청,경기도 광주시,S090004942,광주도평초등학교,2,공립,N,,6.0,7.0,114.0,3.0,10.0,109.0,10.0,12.0,141.0,4.0,12.0,116.0,8.0,15.0,146.0,4.0,1.0,106.0,35.0,57.0,732.0
경기도교육청,경기도성남교육지원청,경기도 성남시 분당구,S090004946,성남정자초등학교,2,공립,N,,10.0,2.0,162.0,24.0,11.0,122.0,31.0,12.0,201.0,19.0,9.0,138.0,19.0,7.0,166.0,20.0,5.0,159.0,123.0,46.0,948.0
경기도교육청,경기도용인교육지원청,경기도 용인시 기흥구,S090004953,지곡초등학교,2,공립,N,,2.0,6.0,32.0,3.0,7.0,36.0,1.0,4.0,38.0,2.0,6.0,36.0,2.0,4.0,47.0,0.0,5.0,27.0,10.0,32.0,216.0
경기도교육청,경기도용인교육지원청,경기도 용인시 기흥구,S090004954,언남초등학교,2,공립,N,,6.0,3.0,71.0,7.0,5.0,70.0,8.0,6.0,84.0,4.0,4.0,96.0,5.0,7.0,84.0,1.0,3.0,106.0,31.0,28.0,511.0
경기도교육청,경기도용인교육지원청,경기도 용인시 처인구,S090004955,용인이동초등학교,2,공립,N,,3.0,3.0,83.0,1.0,9.0,85.0,4.0,5.0,82.0,2.0,5.0,82.0,1.0,8.0,74.0,1.0,4.0,84.0,12.0,34.0,490.0
경기도교육청,경기도용인교육지원청,경기도 용인시 수지구,S090004958,현암초등학교,2,공립,N,,2.0,5.0,84.0,8.0,6.0,113.0,7.0,9.0,111.0,7.0,14.0,100.0,5.0,13.0,140.0,2.0,6.0,114.0,31.0,53.0,662.0
경기도교육청,경기도용인교육지원청,경기도 용인시 기흥구,S090004960,독정초등학교,2,공립,N,,10.0,7.0,169.0,9.0,8.0,150.0,21.0,18.0,212.0,9.0,8.0,174.0,4.0,14.0,207.0,0.0,2.0,193.0,53.0,57.0,1105.0
경기도교육청,경기도용인교육지원청,경기도 용인시 수지구,S090004961,용인대덕초등학교,2,공립,N,,4.0,5.0,67.0,4.0,9.0,82.0,5.0,4.0,73.0,3.0,6.0,73.0,9.0,6.0,88.0,3.0,6.0,76.0,28.0,36.0,459.0
경기도교육청,경기도용인교육지원청,경기도 용인시 수지구,S090004962,신리초등학교,2,공립,N,,3.0,2.0,73.0,6.0,7.0,80.0,6.0,8.0,88.0,3.0,6.0,94.0,2.0,2.0,115.0,2.0,1.0,92.0,22.0,26.0,542.0
경기도교육청,경기도용인교육지원청,경기도 용인시 수지구,S090004963,손곡초등학교,2,공립,N,,6.0,10.0,175.0,9.0,3.0,119.0,4.0,17.0,153.0,6.0,8.0,150.0,4.0,15.0,157.0,7.0,7.0,183.0,36.0,60.0,937.0
경기도교육청,경기도용인교육지원청,경기도 용인시 기흥구,S090004964,갈곡초등학교,2,공립,N,,6.0,15.0,103.0,4.0,8.0,95.0,3.0,6.0,100.0,4.0,11.0,115.0,2.0,13.0,126.0,4.0,4.0,98.0,23.0,57.0,637.0
경기도교육청,경기도용인교육지원청,경기도 용인시 기흥구,S090004965,성지초등학교,2,공립,N,,0.0,3.0,13.0,1.0,0.0,19.0,3.0,0.0,12.0,4.0,2.0,20.0,1.0,2.0,16.0,2.0,1.0,10.0,11.0,8.0,90.0
경기도교육청,경기도용인교육지원청,경기도 용인시 처인구,S090004966,삼가초등학교,2,공립,N,,9.0,9.0,98.0,5.0,10.0,114.0,8.0,9.0,127.0,7.0,11.0,120.0,6.0,14.0,120.0,6.0,2.0,111.0,41.0,55.0,690.0
경기도교육청,경기도용인교육지원청,경기도 용인시 처인구,S090004967,용인성산초등학교,2,공립,N,,6.0,7.0,91.0,4.0,14.0,86.0,5.0,10.0,119.0,13.0,10.0,105.0,7.0,5.0,111.0,0.0,3.0,92.0,35.0,49.0,604.0
경기도교육청,경기도용인교육지원청,경기도 용인시 수지구,S090004978,용인신촌초등학교,2,공립,N,,7.0,9.0,162.0,5.0,6.0,166.0,6.0,12.0,171.0,3.0,14.0,183.0,7.0,10.0,168.0,0.0,13.0,162.0,28.0,64.0,1012.0
경기도교육청,경기도파주교육지원청,경기도 파주시,S090004980,금화초등학교,2,공립,N,,8.0,6.0,99.0,11.0,7.0,102.0,9.0,5.0,115.0,4.0,11.0,110.0,4.0,6.0,137.0,5.0,5.0,135.0,41.0,40.0,698.0
경기도교육청,경기도파주교육지원청,경기도 파주시,S090004981,금릉초등학교,2,공립,N,,1.0,7.0,145.0,6.0,4.0,146.0,6.0,19.0,155.0,10.0,9.0,155.0,9.0,11.0,173.0,2.0,9.0,139.0,34.0,59.0,913.0
경기도교육청,경기도포천교육지원청,경기도 포천시,S090004998,신봉초등학교,2,공립,N,,1.0,0.0,35.0,4.0,2.0,37.0,4.0,2.0,49.0,3.0,1.0,40.0,3.0,2.0,58.0,1.0,1.0,50.0,16.0,8.0,269.0
경기도교육청,경기도수원교육지원청,경기도 수원시 장안구,S090005003,수일초등학교,2,공립,N,,1.0,2.0,35.0,9.0,7.0,45.0,5.0,7.0,43.0,3.0,8.0,45.0,1.0,1.0,41.0,2.0,7.0,70.0,21.0,32.0,279.0
경기도교육청,경기도수원교육지원청,경기도 수원시 권선구,S090005004,입북초등학교,2,공립,N,,3.0,15.0,125.0,4.0,14.0,85.0,3.0,15.0,102.0,4.0,18.0,95.0,2.0,7.0,84.0,2.0,7.0,69.0,18.0,76.0,560.0
경기도교육청,경기도수원교육지원청,경기도 수원시 영통구,S090005005,대선초등학교,2,공립,N,,0.0,0.0,226.0,0.0,0.0,204.0,0.0,0.0,230.0,0.0,0.0,199.0,0.0,0.0,176.0,0.0,0.0,162.0,0.0,0.0,1197.0
경기도교육청,경기도수원교육지원청,경기도 수원시 영통구,S090005006,수원매화초등학교,2,공립,N,,1.0,6.0,79.0,0.0,6.0,61.0,1.0,5.0,81.0,1.0,4.0,80.0,0.0,0.0,68.0,5.0,7.0,67.0,8.0,28.0,436.0
경기도교육청,경기도수원교육지원청,경기도 수원시 팔달구,S090005007,팔달초등학교,2,공립,N,,0.0,8.0,115.0,5.0,5.0,133.0,5.0,13.0,136.0,2.0,12.0,124.0,4.0,10.0,136.0,3.0,6.0,133.0,19.0,54.0,777.0
경기도교육청,경기도성남교육지원청,경기도 성남시 수정구,S090005008,성남양지초등학교,2,공립,N,,1.0,5.0,66.0,2.0,3.0,58.0,3.0,6.0,53.0,3.0,4.0,61.0,5.0,9.0,70.0,1.0,4.0,50.0,15.0,31.0,358.0
경기도교육청,경기도안양과천교육지원청,경기도 안양시 동안구,S090005009,샘모루초등학교,2,공립,N,,7.0,15.0,148.0,5.0,27.0,133.0,7.0,20.0,146.0,6.0,21.0,147.0,6.0,19.0,125.0,2.0,26.0,109.0,33.0,128.0,808.0
경기도교육청,경기도안양과천교육지원청,경기도 안양시 만안구,S090005010,화창초등학교,2,공립,N,,3.0,10.0,72.0,5.0,12.0,85.0,6.0,13.0,60.0,3.0,9.0,111.0,1.0,6.0,82.0,5.0,4.0,62.0,23.0,54.0,472.0
경기도교육청,경기도부천교육지원청,경기도 부천시,S090005011,부천송일초등학교,2,공립,N,,13.0,4.0,90.0,15.0,4.0,62.0,9.0,8.0,109.0,8.0,3.0,98.0,9.0,1.0,108.0,4.0,4.0,109.0,58.0,24.0,576.0
경기도교육청,경기도동두천양주교육지원청,경기도 동두천시,S090005012,이담초등학교,2,공립,N,,4.0,3.0,108.0,13.0,13.0,96.0,12.0,11.0,150.0,10.0,11.0,123.0,7.0,11.0,129.0,3.0,8.0,136.0,49.0,57.0,742.0
경기도교육청,경기도화성오산교육지원청,경기도 화성시,S090005013,구봉초등학교,2,공립,N,,4.0,9.0,113.0,16.0,11.0,160.0,7.0,15.0,153.0,12.0,12.0,146.0,12.0,10.0,145.0,7.0,8.0,155.0,58.0,65.0,872.0
경기도교육청,경기도화성오산교육지원청,경기도 화성시,S090005014,기산초등학교,2,공립,N,,0.0,8.0,111.0,0.0,5.0,105.0,0.0,10.0,124.0,0.0,14.0,143.0,0.0,5.0,140.0,0.0,11.0,123.0,0.0,53.0,746.0
경기도교육청,경기도화성오산교육지원청,경기도 화성시,S090005015,안화초등학교,2,공립,N,,14.0,5.0,130.0,8.0,15.0,141.0,6.0,15.0,139.0,9.0,18.0,154.0,4.0,6.0,165.0,2.0,11.0,179.0,43.0,70.0,908.0
경기도교육청,경기도화성오산교육지원청,경기도 화성시,S090005016,진안초등학교,2,공립,N,,7.0,3.0,92.0,5.0,14.0,105.0,9.0,10.0,116.0,4.0,9.0,126.0,6.0,13.0,117.0,5.0,6.0,107.0,36.0,55.0,663.0
경기도교육청,경기도화성오산교육지원청,경기도 화성시,S090005017,태안초등학교,2,공립,N,,6.0,21.0,122.0,11.0,22.0,125.0,6.0,13.0,142.0,6.0,25.0,151.0,7.0,20.0,149.0,7.0,11.0,126.0,43.0,112.0,815.0
경기도교육청,경기도화성오산교육지원청,경기도 화성시,S090005018,화성벌말초등학교,2,공립,N,,5.0,3.0,82.0,7.0,16.0,96.0,5.0,14.0,108.0,2.0,13.0,103.0,5.0,8.0,108.0,4.0,4.0,101.0,28.0,58.0,598.0
경기도교육청,경기도화성오산교육지원청,경기도 오산시,S090005019,대호초등학교,2,공립,N,,5.0,4.0,100.0,10.0,10.0,92.0,4.0,11.0,87.0,9.0,8.0,99.0,5.0,7.0,97.0,5.0,10.0,87.0,38.0,50.0,562.0
경기도교육청,경기도동두천양주교육지원청,경기도 양주시,S090005023,덕계초등학교,2,공립,N,,0.0,3.0,66.0,11.0,5.0,67.0,6.0,5.0,79.0,11.0,3.0,62.0,3.0,6.0,62.0,3.0,6.0,60.0,34.0,28.0,396.0
경기도교육청,경기도안산교육지원청,경기도 안산시 단원구,S090005024,안산호원초등학교,2,공립,N,,9.0,7.0,172.0,7.0,9.0,138.0,10.0,10.0,188.0,7.0,4.0,142.0,12.0,11.0,178.0,4.0,2.0,118.0,49.0,43.0,936.0
경기도교육청,경기도시흥교육지원청,경기도 시흥시,S090005025,웃터골초등학교,2,공립,N,,5.0,7.0,128.0,3.0,11.0,110.0,7.0,7.0,101.0,8.0,13.0,106.0,4.0,2.0,93.0,5.0,4.0,73.0,32.0,44.0,611.0
경기도교육청,경기도구리남양주교육지원청,경기도 남양주시,S090005026,남양주신촌초등학교,2,공립,N,,5.0,4.0,150.0,17.0,7.0,138.0,18.0,9.0,169.0,7.0,15.0,166.0,9.0,9.0,172.0,5.0,6.0,168.0,61.0,50.0,963.0
경기도교육청,경기도구리남양주교육지원청,경기도 남양주시,S090005027,장내초등학교,2,공립,N,,3.0,3.0,96.0,7.0,12.0,95.0,11.0,11.0,121.0,7.0,10.0,113.0,7.0,15.0,132.0,6.0,5.0,115.0,41.0,56.0,672.0
경기도교육청,경기도구리남양주교육지원청,경기도 남양주시,S090005028,판곡초등학교,2,공립,N,,5.0,11.0,176.0,11.0,15.0,172.0,8.0,21.0,213.0,12.0,17.0,194.0,8.0,16.0,163.0,6.0,17.0,216.0,50.0,97.0,1134.0
경기도교육청,경기도구리남양주교육지원청,경기도 남양주시,S090005029,평동초등학교,2,공립,N,,8.0,12.0,122.0,5.0,16.0,93.0,9.0,17.0,116.0,10.0,7.0,107.0,5.0,14.0,108.0,5.0,8.0,91.0,42.0,74.0,637.0
경기도교육청,경기도파주교육지원청,경기도 파주시,S090005030,금향초등학교,2,공립,N,,2.0,5.0,87.0,4.0,6.0,111.0,7.0,5.0,114.0,4.0,10.0,110.0,3.0,2.0,102.0,3.0,3.0,101.0,23.0,31.0,625.0
경기도교육청,경기도고양교육지원청,경기도 고양시 덕양구,S090005031,목암초등학교,2,공립,N,,6.0,18.0,188.0,12.0,13.0,153.0,15.0,21.0,184.0,5.0,17.0,175.0,10.0,18.0,210.0,8.0,8.0,185.0,56.0,95.0,1095.0
경기도교육청,경기도김포교육지원청,경기도 김포시,S090005032,김포신풍초등학교,2,공립,N,,8.0,16.0,225.0,3.0,18.0,204.0,12.0,18.0,209.0,6.0,13.0,165.0,8.0,17.0,155.0,4.0,11.0,120.0,41.0,93.0,1078.0
경기도교육청,경기도용인교육지원청,경기도 용인시 수지구,S090005036,대청초등학교,2,공립,N,,5.0,3.0,88.0,6.0,13.0,109.0,10.0,9.0,105.0,8.0,6.0,109.0,5.0,8.0,116.0,2.0,4.0,132.0,36.0,43.0,659.0
경기도교육청,경기도용인교육지원청,경기도 용인시 기흥구,S090005037,용인신릉초등학교,2,공립,N,,2.0,2.0,70.0,7.0,5.0,64.0,4.0,0.0,68.0,2.0,3.0,71.0,3.0,0.0,84.0,0.0,0.0,71.0,18.0,10.0,428.0
경기도교육청,경기도용인교육지원청,경기도 용인시 수지구,S090005041,신일초등학교,2,공립,N,,8.0,2.0,53.0,4.0,4.0,67.0,8.0,6.0,68.0,4.0,5.0,83.0,5.0,3.0,97.0,3.0,3.0,92.0,32.0,23.0,460.0
경기도교육청,경기도안양과천교육지원청,경기도 안양시 만안구,S090005042,안양호암초등학교,2,공립,N,,1.0,1.0,48.0,3.0,3.0,24.0,3.0,3.0,35.0,2.0,3.0,27.0,3.0,2.0,32.0,1.0,2.0,39.0,13.0,14.0,205.0
경기도교육청,경기도안양과천교육지원청,경기도 안양시 동안구,S090005043,나눔초등학교,2,공립,N,,0.0,4.0,32.0,2.0,2.0,39.0,3.0,7.0,53.0,0.0,4.0,47.0,2.0,1.0,49.0,1.0,4.0,57.0,8.0,22.0,277.0
경기도교육청,경기도의정부교육지원청,경기도 의정부시,S090005129,의정부효자초등학교,2,공립,N,,4.0,5.0,64.0,5.0,5.0,49.0,4.0,8.0,69.0,9.0,5.0,80.0,6.0,6.0,63.0,7.0,10.0,72.0,35.0,39.0,397.0
경기도교육청,경기도의정부교육지원청,경기도 의정부시,S090005130,동암초등학교,2,공립,N,,1.0,2.0,133.0,5.0,12.0,158.0,1.0,11.0,149.0,8.0,7.0,148.0,13.0,10.0,180.0,1.0,4.0,128.0,29.0,46.0,896.0
경기도교육청,경기도의정부교육지원청,경기도 의정부시,S090005131,버들개초등학교,2,공립,N,,5.0,5.0,120.0,3.0,13.0,133.0,5.0,9.0,130.0,8.0,6.0,113.0,10.0,8.0,130.0,5.0,1.0,118.0,36.0,42.0,744.0
경기도교육청,경기도부천교육지원청,경기도 부천시,S090005138,부천양지초등학교,2,공립,N,,4.0,0.0,76.0,3.0,4.0,58.0,1.0,4.0,75.0,5.0,10.0,73.0,4.0,5.0,84.0,2.0,6.0,62.0,19.0,29.0,428.0
경기도교육청,경기도동두천양주교육지원청,경기도 양주시,S090005139,삼숭초등학교,2,공립,N,,7.0,4.0,116.0,14.0,11.0,158.0,11.0,17.0,164.0,15.0,12.0,169.0,11.0,18.0,170.0,10.0,18.0,195.0,68.0,80.0,972.0
경기도교육청,경기도평택교육지원청,경기도 평택시,S090005141,평택송화초등학교,2,공립,N,,3.0,1.0,59.0,12.0,6.0,74.0,10.0,5.0,90.0,5.0,6.0,80.0,8.0,8.0,78.0,1.0,3.0,57.0,39.0,29.0,438.0
경기도교육청,경기도평택교육지원청,경기도 평택시,S090005142,장당초등학교,2,공립,N,,7.0,8.0,136.0,10.0,4.0,128.0,8.0,7.0,132.0,11.0,9.0,139.0,8.0,9.0,148.0,9.0,4.0,158.0,53.0,41.0,841.0
경기도교육청,경기도구리남양주교육지원청,경기도 남양주시,S090005145,사능초등학교,2,공립,N,,1.0,3.0,18.0,4.0,3.0,22.0,1.0,4.0,20.0,0.0,2.0,31.0,1.0,3.0,36.0,2.0,0.0,24.0,9.0,15.0,151.0
경기도교육청,경기도구리남양주교육지원청,경기도 남양주시,S090005146,남양주백봉초등학교,2,공립,N,,8.0,1.0,78.0,11.0,7.0,82.0,10.0,8.0,94.0,9.0,11.0,101.0,6.0,9.0,118.0,10.0,7.0,108.0,54.0,43.0,581.0
경기도교육청,경기도구리남양주교육지원청,경기도 남양주시,S090005147,양오초등학교,2,공립,N,,8.0,12.0,153.0,12.0,14.0,184.0,12.0,17.0,176.0,9.0,17.0,194.0,9.0,18.0,196.0,8.0,7.0,202.0,58.0,85.0,1105.0
경기도교육청,경기도광주하남교육지원청,경기도 하남시,S090005152,신평초등학교,2,공립,N,,2.0,11.0,182.0,7.0,19.0,172.0,8.0,24.0,172.0,8.0,18.0,160.0,7.0,13.0,150.0,6.0,13.0,136.0,38.0,98.0,972.0
경기도교육청,경기도파주교육지원청,경기도 파주시,S090005154,새금초등학교,2,공립,N,,2.0,7.0,78.0,4.0,5.0,89.0,4.0,3.0,72.0,6.0,0.0,83.0,2.0,5.0,74.0,3.0,2.0,77.0,21.0,22.0,473.0
경기도교육청,경기도파주교육지원청,경기도 파주시,S090005155,석곶초등학교,2,공립,N,,6.0,9.0,158.0,11.0,8.0,146.0,8.0,15.0,173.0,9.0,19.0,155.0,2.0,16.0,159.0,2.0,16.0,151.0,38.0,83.0,942.0
경기도교육청,경기도수원교육지원청,경기도 수원시 권선구,S090005179,효탑초등학교,2,공립,N,,1.0,4.0,67.0,5.0,4.0,62.0,3.0,2.0,75.0,2.0,10.0,70.0,2.0,6.0,64.0,4.0,2.0,64.0,17.0,28.0,402.0
경기도교육청,경기도부천교육지원청,경기도 부천시,S090005181,상미초등학교,2,공립,N,,2.0,6.0,30.0,1.0,6.0,43.0,5.0,4.0,29.0,1.0,9.0,42.0,4.0,4.0,37.0,2.0,5.0,34.0,15.0,34.0,215.0
경기도교육청,경기도동두천양주교육지원청,경기도 양주시,S090005182,광숭초등학교,2,공립,N,,3.0,6.0,87.0,5.0,9.0,77.0,7.0,8.0,93.0,5.0,6.0,82.0,4.0,5.0,73.0,4.0,8.0,104.0,28.0,42.0,516.0
경기도교육청,경기도평택교육지원청,경기도 평택시,S090005183,평택안일초등학교,2,공립,N,,10.0,10.0,147.0,12.0,10.0,167.0,10.0,15.0,199.0,9.0,9.0,183.0,9.0,5.0,155.0,14.0,7.0,179.0,64.0,56.0,1030.0
경기도교육청,경기도평택교육지원청,경기도 평택시,S090005184,현일초등학교,2,공립,N,,8.0,3.0,119.0,12.0,6.0,111.0,7.0,11.0,137.0,8.0,8.0,125.0,4.0,6.0,140.0,3.0,4.0,140.0,42.0,38.0,772.0
경기도교육청,경기도구리남양주교육지원청,경기도 남양주시,S090005185,어람초등학교,2,공립,N,,2.0,7.0,142.0,14.0,14.0,168.0,11.0,25.0,219.0,11.0,9.0,217.0,10.0,13.0,215.0,8.0,11.0,224.0,56.0,79.0,1185.0
경기도교육청,경기도여주교육지원청,경기도 여주시,S090005186,세종초등학교,2,공립,N,,5.0,3.0,113.0,3.0,0.0,123.0,1.0,1.0,109.0,0.0,1.0,159.0,4.0,0.0,122.0,2.0,3.0,148.0,15.0,8.0,774.0
경기도교육청,경기도화성오산교육지원청,경기도 화성시,S090005187,동양초등학교,2,공립,N,,9.0,6.0,146.0,10.0,3.0,121.0,12.0,7.0,173.0,13.0,11.0,137.0,10.0,5.0,152.0,8.0,5.0,127.0,62.0,37.0,856.0
경기도교육청,경기도화성오산교육지원청,경기도 화성시,S090005188,배양초등학교,2,공립,N,,0.0,2.0,62.0,1.0,3.0,52.0,2.0,4.0,71.0,2.0,4.0,62.0,4.0,5.0,64.0,0.0,5.0,63.0,9.0,23.0,374.0
경기도교육청,경기도안산교육지원청,경기도 안산시 상록구,S090005269,안산청석초등학교,2,공립,N,,2.0,3.0,73.0,6.0,7.0,61.0,10.0,0.0,92.0,4.0,4.0,92.0,6.0,2.0,86.0,8.0,0.0,85.0,36.0,16.0,489.0
경기도교육청,경기도안산교육지원청,경기도 안산시 상록구,S090005270,팔곡초등학교,2,공립,N,,0.0,3.0,21.0,1.0,4.0,23.0,0.0,3.0,21.0,0.0,4.0,29.0,2.0,2.0,28.0,0.0,0.0,23.0,3.0,16.0,145.0
경기도교육청,경기도포천교육지원청,경기도 포천시,S090005288,태봉초등학교,2,공립,N,,19.0,4.0,98.0,21.0,5.0,106.0,15.0,13.0,122.0,20.0,5.0,142.0,9.0,3.0,115.0,17.0,9.0,165.0,101.0,39.0,748.0
경기도교육청,경기도안산교육지원청,경기도 안산시 상록구,S090005294,안산창촌초등학교,2,공립,N,,2.0,2.0,70.0,2.0,7.0,63.0,4.0,7.0,74.0,1.0,3.0,45.0,0.0,5.0,72.0,2.0,3.0,58.0,11.0,27.0,382.0
경기도교육청,경기도안산교육지원청,경기도 안산시 상록구,S090005295,안산해양초등학교,2,공립,N,,6.0,3.0,86.0,6.0,3.0,77.0,5.0,9.0,86.0,8.0,2.0,87.0,2.0,9.0,80.0,2.0,3.0,80.0,29.0,29.0,496.0
경기도교육청,경기도부천교육지원청,경기도 부천시,S090005313,동산초등학교,2,공립,N,,0.0,2.0,63.0,1.0,5.0,51.0,6.0,3.0,75.0,3.0,5.0,64.0,3.0,6.0,46.0,2.0,2.0,51.0,15.0,23.0,350.0
경기도교육청,경기도용인교육지원청,경기도 용인시 기흥구,S090005324,동막초등학교,2,공립,N,,7.0,7.0,121.0,8.0,9.0,101.0,11.0,12.0,137.0,13.0,10.0,137.0,9.0,9.0,165.0,4.0,2.0,152.0,52.0,49.0,813.0
경기도교육청,경기도용인교육지원청,경기도 용인시 기흥구,S090005325,석성초등학교,2,공립,N,,15.0,10.0,157.0,15.0,12.0,174.0,14.0,10.0,180.0,12.0,11.0,206.0,13.0,11.0,199.0,8.0,8.0,204.0,77.0,62.0,1120.0
경기도교육청,경기도용인교육지원청,경기도 용인시 기흥구,S090005330,동백초등학교,2,공립,N,,19.0,5.0,185.0,19.0,21.0,229.0,16.0,12.0,237.0,23.0,11.0,268.0,11.0,9.0,236.0,6.0,8.0,236.0,94.0,66.0,1391.0
경기도교육청,경기도용인교육지원청,경기도 용인시 기흥구,S090005332,용인백현초등학교,2,공립,N,,16.0,14.0,188.0,11.0,11.0,160.0,18.0,16.0,214.0,12.0,16.0,230.0,18.0,14.0,237.0,5.0,8.0,207.0,80.0,79.0,1236.0
경기도교육청,경기도수원교육지원청,경기도 수원시 권선구,S090005334,서평초등학교,2,공립,N,,1.0,5.0,43.0,1.0,7.0,32.0,0.0,4.0,38.0,3.0,9.0,27.0,1.0,1.0,33.0,1.0,2.0,19.0,7.0,28.0,192.0
경기도교육청,경기도수원교육지원청,경기도 수원시 권선구,S090005337,오현초등학교,2,공립,N,,4.0,9.0,117.0,8.0,13.0,116.0,5.0,12.0,118.0,6.0,11.0,90.0,7.0,6.0,98.0,4.0,10.0,117.0,34.0,61.0,656.0
경기도교육청,경기도용인교육지원청,경기도 용인시 기흥구,S090005339,초당초등학교,2,공립,N,,6.0,5.0,124.0,16.0,11.0,144.0,5.0,7.0,165.0,14.0,7.0,132.0,8.0,10.0,162.0,6.0,10.0,188.0,55.0,50.0,915.0
경기도교육청,경기도고양교육지원청,경기도 고양시 일산서구,S090005341,가좌초등학교,2,공립,N,,6.0,3.0,102.0,9.0,8.0,102.0,3.0,10.0,138.0,6.0,6.0,130.0,6.0,3.0,122.0,3.0,2.0,142.0,33.0,32.0,736.0
경기도교육청,경기도동두천양주교육지원청,경기도 양주시,S090005344,도둔초등학교,2,공립,N,,1.0,1.0,53.0,7.0,6.0,52.0,5.0,4.0,64.0,7.0,4.0,66.0,2.0,0.0,46.0,3.0,2.0,52.0,25.0,17.0,333.0
경기도교육청,경기도평택교육지원청,경기도 평택시,S090005357,평택도곡초등학교,2,공립,N,,3.0,7.0,92.0,6.0,9.0,106.0,3.0,12.0,108.0,5.0,10.0,93.0,2.0,5.0,94.0,2.0,11.0,92.0,21.0,54.0,585.0
경기도교육청,경기도화성오산교육지원청,경기도 화성시,S090005363,안녕초등학교,2,공립,N,,3.0,8.0,108.0,5.0,13.0,96.0,5.0,16.0,102.0,6.0,7.0,111.0,3.0,8.0,99.0,1.0,15.0,91.0,23.0,67.0,607.0
경기도교육청,경기도화성오산교육지원청,경기도 오산시,S090005366,가수초등학교,2,공립,N,,2.0,3.0,77.0,2.0,5.0,85.0,2.0,3.0,78.0,4.0,9.0,104.0,2.0,6.0,81.0,1.0,6.0,98.0,13.0,32.0,523.0
경기도교육청,경기도파주교육지원청,경기도 파주시,S090005369,두일초등학교,2,공립,N,,4.0,2.0,74.0,11.0,9.0,79.0,8.0,12.0,106.0,9.0,5.0,77.0,12.0,7.0,96.0,2.0,3.0,92.0,46.0,38.0,524.0
경기도교육청,경기도화성오산교육지원청,경기도 오산시,S090005372,수청초등학교,2,공립,N,,3.0,4.0,95.0,6.0,7.0,84.0,5.0,6.0,80.0,6.0,5.0,86.0,5.0,7.0,109.0,4.0,2.0,82.0,29.0,31.0,536.0
경기도교육청,경기도파주교육지원청,경기도 파주시,S090005373,와석초등학교,2,공립,N,,6.0,12.0,257.0,4.0,16.0,226.0,26.0,26.0,260.0,18.0,23.0,262.0,17.0,15.0,196.0,20.0,6.0,170.0,91.0,98.0,1371.0
경기도교육청,경기도김포교육지원청,경기도 김포시,S090005375,통진초등학교,2,공립,N,,0.0,0.0,67.0,0.0,0.0,58.0,0.0,0.0,79.0,0.0,0.0,46.0,0.0,0.0,73.0,0.0,0.0,56.0,0.0,0.0,379.0
경기도교육청,경기도고양교육지원청,경기도 고양시 일산동구,S090005393,다솜초등학교,2,공립,N,,7.0,5.0,120.0,10.0,9.0,109.0,7.0,9.0,118.0,11.0,9.0,123.0,9.0,9.0,133.0,7.0,5.0,112.0,51.0,46.0,715.0
경기도교육청,경기도안산교육지원청,경기도 안산시 단원구,S090005395,덕인초등학교,2,공립,N,,3.0,4.0,81.0,3.0,9.0,75.0,6.0,13.0,106.0,13.0,12.0,114.0,5.0,3.0,70.0,3.0,5.0,88.0,33.0,46.0,534.0
경기도교육청,경기도파주교육지원청,경기도 파주시,S090005397,문발초등학교,2,공립,N,,2.0,0.0,46.0,3.0,10.0,41.0,4.0,8.0,59.0,3.0,8.0,58.0,2.0,2.0,73.0,2.0,1.0,79.0,16.0,29.0,356.0
경기도교육청,경기도부천교육지원청,경기도 부천시,S090005402,소안초등학교,2,공립,N,,2.0,1.0,69.0,0.0,4.0,61.0,2.0,8.0,76.0,2.0,6.0,66.0,2.0,11.0,75.0,0.0,4.0,52.0,8.0,34.0,399.0
경기도교육청,경기도동두천양주교육지원청,경기도 양주시,S090005404,신지초등학교,2,공립,N,,1.0,4.0,41.0,2.0,2.0,44.0,10.0,9.0,66.0,2.0,6.0,71.0,1.0,2.0,70.0,3.0,6.0,70.0,19.0,29.0,362.0
경기도교육청,경기도화성오산교육지원청,경기도 오산시,S090005406,오산원당초등학교,2,공립,N,,2.0,2.0,43.0,5.0,2.0,55.0,4.0,6.0,58.0,4.0,4.0,45.0,3.0,4.0,49.0,1.0,3.0,57.0,19.0,21.0,307.0
경기도교육청,경기도시흥교육지원청,경기도 시흥시,S090005408,월포초등학교,2,공립,N,,0.0,3.0,36.0,3.0,5.0,31.0,1.0,2.0,44.0,1.0,11.0,45.0,1.0,5.0,27.0,2.0,4.0,44.0,8.0,30.0,227.0
경기도교육청,경기도고양교육지원청,경기도 고양시 일산동구,S090005411,풍동초등학교,2,공립,N,,2.0,1.0,57.0,8.0,5.0,67.0,4.0,4.0,77.0,1.0,4.0,84.0,2.0,3.0,81.0,2.0,2.0,59.0,19.0,19.0,425.0
경기도교육청,경기도화성오산교육지원청,경기도 화성시,S090005412,학동초등학교,2,공립,N,,6.0,15.0,192.0,17.0,14.0,180.0,14.0,15.0,175.0,8.0,18.0,160.0,12.0,13.0,163.0,12.0,11.0,130.0,69.0,86.0,1000.0
경기도교육청,경기도화성오산교육지원청,경기도 화성시,S090005471,화성금곡초등학교,2,공립,N,,9.0,8.0,170.0,7.0,14.0,164.0,13.0,21.0,177.0,15.0,24.0,191.0,14.0,15.0,177.0,8.0,6.0,138.0,66.0,88.0,1017.0
경기도교육청,경기도평택교육지원청,경기도 평택시,S090005472,반지초등학교,2,공립,N,,6.0,10.0,163.0,11.0,11.0,180.0,17.0,12.0,189.0,8.0,9.0,189.0,14.0,7.0,173.0,4.0,5.0,198.0,60.0,54.0,1092.0
경기도교육청,경기도화성오산교육지원청,경기도 화성시,S090005474,석우초등학교,2,공립,N,,5.0,10.0,124.0,9.0,17.0,133.0,14.0,15.0,166.0,4.0,20.0,141.0,10.0,8.0,144.0,15.0,17.0,139.0,57.0,87.0,847.0
경기도교육청,경기도화성오산교육지원청,경기도 오산시,S090005476,오산원일초등학교,2,공립,N,,1.0,2.0,152.0,6.0,14.0,140.0,5.0,14.0,168.0,6.0,10.0,163.0,8.0,9.0,182.0,1.0,9.0,146.0,27.0,58.0,951.0
경기도교육청,경기도용인교육지원청,경기도 용인시 기흥구,S090005478,용인한일초등학교,2,공립,N,,2.0,7.0,66.0,2.0,6.0,63.0,2.0,7.0,69.0,1.0,9.0,101.0,2.0,4.0,70.0,0.0,3.0,92.0,9.0,36.0,461.0
경기도교육청,경기도용인교육지원청,경기도 용인시 기흥구,S090005480,나산초등학교,2,공립,N,,5.0,5.0,147.0,8.0,13.0,119.0,14.0,14.0,179.0,8.0,16.0,168.0,3.0,11.0,193.0,4.0,12.0,180.0,42.0,71.0,986.0
경기도교육청,경기도화성오산교육지원청,경기도 화성시,S090005487,와우초등학교,2,공립,N,,4.0,14.0,114.0,7.0,13.0,119.0,7.0,16.0,132.0,9.0,15.0,131.0,8.0,14.0,155.0,6.0,9.0,135.0,41.0,81.0,786.0
경기도교육청,경기도구리남양주교육지원청,경기도 남양주시,S090005494,예봉초등학교,2,공립,N,,4.0,5.0,88.0,6.0,11.0,107.0,7.0,11.0,104.0,6.0,11.0,140.0,7.0,11.0,126.0,6.0,1.0,117.0,36.0,50.0,682.0
경기도교육청,경기도동두천양주교육지원청,경기도 양주시,S090005495,주원초등학교,2,공립,N,,2.0,2.0,47.0,4.0,2.0,40.0,2.0,3.0,63.0,1.0,7.0,62.0,5.0,12.0,64.0,2.0,2.0,66.0,16.0,28.0,342.0
경기도교육청,경기도고양교육지원청,경기도 고양시 일산동구,S090005496,하늘초등학교,2,공립,N,,2.0,10.0,116.0,9.0,10.0,113.0,5.0,10.0,125.0,4.0,14.0,108.0,2.0,7.0,90.0,5.0,7.0,98.0,27.0,58.0,650.0
경기도교육청,경기도화성오산교육지원청,경기도 화성시,S090005588,동화초등학교,2,공립,N,,9.0,11.0,129.0,12.0,12.0,127.0,7.0,15.0,152.0,13.0,17.0,154.0,7.0,12.0,171.0,8.0,11.0,155.0,56.0,78.0,888.0
경기도교육청,경기도화성오산교육지원청,경기도 화성시,S090005589,반석초등학교,2,공립,N,,13.0,2.0,154.0,24.0,12.0,172.0,19.0,13.0,200.0,22.0,16.0,181.0,21.0,22.0,231.0,14.0,11.0,196.0,113.0,76.0,1134.0
경기도교육청,경기도화성오산교육지원청,경기도 화성시,S090005591,상봉초등학교,2,공립,N,,5.0,9.0,117.0,8.0,9.0,138.0,14.0,22.0,186.0,10.0,14.0,177.0,8.0,10.0,137.0,0.0,4.0,210.0,45.0,68.0,965.0
경기도교육청,경기도화성오산교육지원청,경기도 화성시,S090005593,솔빛초등학교,2,공립,N,,14.0,15.0,227.0,19.0,14.0,223.0,24.0,27.0,267.0,18.0,18.0,264.0,20.0,31.0,290.0,17.0,14.0,257.0,112.0,119.0,1528.0
경기도교육청,경기도화성오산교육지원청,경기도 오산시,S090005594,오산고현초등학교,2,공립,N,,5.0,10.0,203.0,7.0,16.0,193.0,10.0,26.0,250.0,10.0,23.0,206.0,10.0,11.0,226.0,9.0,21.0,179.0,51.0,107.0,1257.0
경기도교육청,경기도화성오산교육지원청,경기도 화성시,S090005595,율목초등학교,2,공립,N,,3.0,6.0,87.0,3.0,13.0,71.0,4.0,10.0,86.0,4.0,4.0,72.0,3.0,5.0,76.0,3.0,8.0,58.0,20.0,46.0,450.0
경기도교육청,경기도화성오산교육지원청,경기도 화성시,S090005597,반송초등학교,2,공립,N,,14.0,15.0,153.0,17.0,15.0,184.0,19.0,25.0,211.0,25.0,24.0,233.0,17.0,24.0,226.0,17.0,28.0,204.0,109.0,131.0,1211.0
경기도교육청,경기도부천교육지원청,경기도 부천시,S090005603,성곡초등학교,2,공립,N,,2.0,1.0,67.0,4.0,6.0,66.0,2.0,6.0,88.0,3.0,11.0,72.0,7.0,7.0,88.0,1.0,6.0,68.0,19.0,37.0,449.0
경기도교육청,경기도고양교육지원청,경기도 고양시 일산동구,S090005607,모당초등학교,2,공립,N,,5.0,7.0,124.0,9.0,8.0,125.0,5.0,14.0,141.0,8.0,8.0,115.0,8.0,6.0,93.0,6.0,1.0,105.0,41.0,44.0,703.0
경기도교육청,경기도용인교육지원청,경기도 용인시 기흥구,S090005610,청덕초등학교,2,공립,N,,2.0,10.0,153.0,9.0,15.0,143.0,4.0,13.0,169.0,10.0,15.0,168.0,6.0,10.0,195.0,4.0,4.0,178.0,35.0,67.0,1006.0
경기도교육청,경기도시흥교육지원청,경기도 시흥시,S090005612,시흥능곡초등학교,2,공립,N,,1.0,3.0,60.0,6.0,6.0,100.0,0.0,5.0,100.0,0.0,1.0,92.0,5.0,8.0,112.0,0.0,7.0,94.0,12.0,30.0,558.0
경기도교육청,경기도김포교육지원청,경기도 김포시,S090005617,장기초등학교,2,공립,N,,4.0,6.0,143.0,14.0,10.0,147.0,12.0,18.0,180.0,16.0,20.0,196.0,20.0,19.0,204.0,12.0,11.0,181.0,78.0,84.0,1051.0
경기도교육청,경기도성남교육지원청,경기도 성남시 중원구,S090005621,도촌초등학교,2,공립,N,,7.0,9.0,174.0,8.0,10.0,140.0,8.0,20.0,164.0,6.0,13.0,155.0,7.0,17.0,166.0,4.0,8.0,155.0,40.0,77.0,954.0
경기도교육청,경기도군포의왕교육지원청,경기도 군포시,S090005627,군포대야초등학교,2,공립,N,,3.0,0.0,39.0,1.0,0.0,39.0,1.0,4.0,60.0,2.0,2.0,44.0,3.0,7.0,64.0,0.0,5.0,51.0,10.0,18.0,297.0
경기도교육청,경기도군포의왕교육지원청,경기도 의왕시,S090005628,모락초등학교,2,공립,N,,2.0,4.0,65.0,5.0,9.0,68.0,4.0,12.0,89.0,6.0,12.0,66.0,0.0,5.0,58.0,3.0,11.0,66.0,20.0,53.0,412.0
경기도교육청,경기도화성오산교육지원청,경기도 화성시,S090005644,능동초등학교,2,공립,N,,4.0,9.0,110.0,4.0,21.0,123.0,5.0,13.0,123.0,8.0,17.0,121.0,7.0,15.0,135.0,6.0,13.0,160.0,34.0,88.0,772.0
경기도교육청,경기도화성오산교육지원청,경기도 화성시,S090005645,도이초등학교,2,공립,N,,7.0,10.0,115.0,11.0,5.0,130.0,8.0,10.0,147.0,7.0,6.0,141.0,4.0,7.0,145.0,7.0,7.0,131.0,44.0,45.0,809.0
경기도교육청,경기도화성오산교육지원청,경기도 화성시,S090005646,수영초등학교,2,공립,N,,2.0,2.0,106.0,0.0,3.0,92.0,0.0,6.0,125.0,0.0,2.0,99.0,0.0,8.0,106.0,0.0,10.0,85.0,2.0,31.0,613.0
경기도교육청,경기도화성오산교육지원청,경기도 화성시,S090005647,예당초등학교,2,공립,N,,2.0,9.0,127.0,5.0,12.0,110.0,4.0,16.0,120.0,5.0,13.0,141.0,8.0,11.0,129.0,5.0,7.0,139.0,29.0,68.0,766.0
경기도교육청,경기도부천교육지원청,경기도 부천시,S090005648,중동초등학교,2,공립,N,,3.0,5.0,144.0,6.0,11.0,129.0,5.0,11.0,150.0,14.0,9.0,145.0,5.0,5.0,126.0,5.0,9.0,125.0,38.0,50.0,819.0
경기도교육청,경기도화성오산교육지원청,경기도 화성시,S090005649,푸른초등학교,2,공립,N,,6.0,10.0,231.0,21.0,31.0,256.0,22.0,30.0,272.0,19.0,27.0,241.0,5.0,20.0,251.0,16.0,11.0,234.0,89.0,129.0,1485.0
경기도교육청,경기도화성오산교육지원청,경기도 화성시,S090005650,한마음초등학교,2,공립,N,,6.0,14.0,158.0,8.0,21.0,165.0,7.0,15.0,164.0,6.0,24.0,182.0,8.0,19.0,133.0,9.0,11.0,145.0,44.0,104.0,947.0
경기도교육청,경기도화성오산교육지원청,경기도 화성시,S090005651,한울초등학교,2,공립,N,,6.0,7.0,207.0,9.0,12.0,210.0,7.0,16.0,234.0,10.0,16.0,245.0,1.0,21.0,236.0,7.0,14.0,240.0,40.0,86.0,1372.0
경기도교육청,경기도화성오산교육지원청,경기도 화성시,S090005652,행정초등학교,2,공립,N,,8.0,6.0,163.0,7.0,18.0,173.0,6.0,15.0,194.0,15.0,13.0,198.0,9.0,12.0,230.0,13.0,6.0,204.0,58.0,70.0,1162.0
경기도교육청,경기도구리남양주교육지원청,경기도 남양주시,S090005678,가운초등학교,2,공립,N,,1.0,4.0,59.0,3.0,4.0,67.0,4.0,0.0,74.0,3.0,5.0,82.0,5.0,5.0,97.0,4.0,2.0,80.0,20.0,20.0,459.0
경기도교육청,경기도평택교육지원청,경기도 평택시,S090005680,송현초등학교,2,공립,N,,2.0,1.0,45.0,2.0,2.0,45.0,3.0,3.0,61.0,5.0,4.0,67.0,3.0,4.0,65.0,5.0,3.0,76.0,20.0,17.0,359.0
경기도교육청,경기도김포교육지원청,경기도 김포시,S090005682,신곡초등학교,2,공립,N,,1.0,4.0,136.0,7.0,9.0,131.0,10.0,13.0,133.0,10.0,9.0,160.0,10.0,8.0,160.0,11.0,12.0,157.0,49.0,55.0,877.0
경기도교육청,경기도광주하남교육지원청,경기도 하남시,S090005686,하남풍산초등학교,2,공립,N,,3.0,2.0,84.0,11.0,9.0,109.0,10.0,19.0,114.0,8.0,10.0,105.0,7.0,11.0,97.0,3.0,9.0,103.0,42.0,60.0,612.0
경기도교육청,경기도고양교육지원청,경기도 고양시 덕양구,S090005687,아람초등학교,2,공립,N,,3.0,6.0,49.0,6.0,3.0,50.0,4.0,5.0,67.0,6.0,5.0,78.0,7.0,5.0,75.0,4.0,3.0,95.0,30.0,27.0,414.0
경기도교육청,경기도안산교육지원청,경기도 안산시 단원구,S090005688,안산대월초등학교,2,공립,N,,7.0,7.0,92.0,6.0,9.0,86.0,3.0,8.0,111.0,8.0,5.0,103.0,10.0,8.0,114.0,4.0,4.0,121.0,38.0,41.0,627.0
경기도교육청,경기도안산교육지원청,경기도 안산시 단원구,S090005690,신길초등학교,2,공립,N,,5.0,7.0,108.0,6.0,6.0,93.0,5.0,5.0,119.0,2.0,12.0,108.0,2.0,5.0,117.0,8.0,10.0,120.0,28.0,45.0,665.0
경기도교육청,경기도성남교육지원청,경기도 성남시 분당구,S090005692,성남송현초등학교,2,공립,N,,9.0,21.0,204.0,7.0,17.0,177.0,6.0,19.0,185.0,14.0,26.0,198.0,7.0,20.0,219.0,4.0,14.0,173.0,47.0,117.0,1156.0
경기도교육청,경기도수원교육지원청,경기도 수원시 팔달구,S090005693,매여울초등학교,2,공립,N,,3.0,12.0,103.0,6.0,8.0,83.0,6.0,10.0,114.0,2.0,12.0,92.0,4.0,8.0,101.0,2.0,5.0,77.0,23.0,55.0,570.0
경기도교육청,경기도성남교육지원청,경기도 성남시 분당구,S090005695,보평초등학교,2,공립,N,,16.0,10.0,159.0,18.0,22.0,187.0,15.0,20.0,189.0,13.0,19.0,217.0,5.0,20.0,186.0,3.0,12.0,184.0,70.0,103.0,1122.0
경기도교육청,경기도성남교육지원청,경기도 성남시 분당구,S090005696,운중초등학교,2,공립,N,,4.0,9.0,121.0,4.0,6.0,93.0,5.0,11.0,126.0,9.0,6.0,117.0,6.0,7.0,132.0,5.0,5.0,128.0,33.0,44.0,717.0
경기도교육청,경기도성남교육지원청,경기도 성남시 분당구,S090005702,판교초등학교,2,공립,N,,0.0,16.0,183.0,0.0,18.0,180.0,0.0,20.0,192.0,0.0,11.0,185.0,0.0,15.0,186.0,0.0,14.0,144.0,0.0,94.0,1070.0
경기도교육청,경기도성남교육지원청,경기도 성남시 분당구,S090005703,산운초등학교,2,공립,N,,6.0,19.0,122.0,12.0,14.0,124.0,9.0,12.0,119.0,4.0,18.0,111.0,12.0,10.0,100.0,4.0,7.0,94.0,47.0,80.0,670.0
경기도교육청,경기도구리남양주교육지원청,경기도 남양주시,S090005705,구룡초등학교,2,공립,N,,10.0,5.0,144.0,10.0,23.0,188.0,17.0,21.0,216.0,6.0,19.0,184.0,18.0,27.0,206.0,2.0,14.0,195.0,63.0,109.0,1133.0
경기도교육청,경기도구리남양주교육지원청,경기도 구리시,S090005706,건원초등학교,2,공립,N,,0.0,2.0,47.0,0.0,3.0,35.0,2.0,4.0,49.0,0.0,6.0,48.0,1.0,4.0,60.0,2.0,2.0,42.0,5.0,21.0,281.0
경기도교육청,경기도구리남양주교육지원청,경기도 남양주시,S090005708,진접초등학교,2,공립,N,,2.0,7.0,131.0,9.0,14.0,165.0,14.0,18.0,186.0,3.0,22.0,189.0,11.0,12.0,179.0,3.0,5.0,178.0,42.0,78.0,1028.0
경기도교육청,경기도구리남양주교육지원청,경기도 남양주시,S090005710,차산초등학교,2,공립,N,,3.0,8.0,84.0,3.0,8.0,97.0,5.0,6.0,86.0,6.0,9.0,113.0,2.0,8.0,101.0,6.0,5.0,105.0,25.0,44.0,586.0
경기도교육청,경기도광명교육지원청,경기도 광명시,S090005739,충현초등학교,2,공립,N,,2.0,11.0,110.0,5.0,9.0,135.0,4.0,16.0,127.0,13.0,17.0,159.0,4.0,6.0,170.0,9.0,15.0,171.0,37.0,74.0,872.0
경기도교육청,경기도광명교육지원청,경기도 광명시,S090005740,구름산초등학교,2,공립,N,,11.0,7.0,199.0,8.0,14.0,190.0,11.0,9.0,204.0,7.0,12.0,213.0,7.0,21.0,245.0,12.0,11.0,201.0,56.0,74.0,1252.0
경기도교육청,경기도김포교육지원청,경기도 김포시,S090005742,걸포초등학교,2,공립,N,,2.0,0.0,85.0,7.0,6.0,76.0,7.0,11.0,97.0,10.0,7.0,98.0,3.0,4.0,86.0,6.0,5.0,87.0,35.0,33.0,529.0
경기도교육청,경기도광명교육지원청,경기도 광명시,S090005744,안현초등학교,2,공립,N,,13.0,6.0,194.0,5.0,13.0,198.0,11.0,12.0,207.0,14.0,13.0,231.0,16.0,9.0,249.0,7.0,10.0,215.0,66.0,63.0,1294.0
경기도교육청,경기도화성오산교육지원청,경기도 오산시,S090005747,문시초등학교,2,공립,N,,10.0,7.0,117.0,16.0,10.0,147.0,16.0,7.0,162.0,20.0,9.0,164.0,20.0,8.0,163.0,11.0,7.0,137.0,93.0,48.0,890.0
경기도교육청,경기도용인교육지원청,경기도 용인시 기흥구,S090005748,공세초등학교,2,공립,N,,7.0,2.0,55.0,6.0,6.0,55.0,7.0,5.0,66.0,3.0,7.0,59.0,9.0,3.0,67.0,3.0,3.0,63.0,35.0,26.0,365.0
경기도교육청,경기도용인교육지원청,경기도 용인시 수지구,S090005750,용인한빛초등학교,2,공립,N,,12.0,5.0,187.0,11.0,8.0,158.0,9.0,10.0,157.0,11.0,7.0,153.0,13.0,11.0,168.0,10.0,7.0,128.0,66.0,48.0,951.0
경기도교육청,경기도용인교육지원청,경기도 용인시 처인구,S090005751,둔전제일초등학교,2,공립,N,,2.0,2.0,64.0,3.0,9.0,97.0,2.0,5.0,110.0,6.0,12.0,110.0,3.0,2.0,101.0,1.0,4.0,107.0,17.0,34.0,589.0
경기도교육청,경기도화성오산교육지원청,경기도 오산시,S090005763,양산초등학교,2,공립,N,,4.0,5.0,112.0,5.0,9.0,114.0,3.0,17.0,131.0,5.0,16.0,129.0,3.0,11.0,149.0,0.0,10.0,117.0,20.0,68.0,752.0
경기도교육청,경기도평택교육지원청,경기도 평택시,S090005765,용이초등학교,2,공립,N,,18.0,11.0,183.0,19.0,12.0,183.0,22.0,23.0,203.0,21.0,16.0,189.0,20.0,14.0,182.0,8.0,9.0,193.0,108.0,85.0,1133.0
경기도교육청,경기도군포의왕교육지원청,경기도 의왕시,S090005771,내동초등학교,2,공립,N,,0.0,7.0,159.0,4.0,14.0,125.0,4.0,8.0,113.0,3.0,7.0,124.0,3.0,11.0,108.0,2.0,8.0,91.0,16.0,55.0,720.0
경기도교육청,경기도용인교육지원청,경기도 용인시 기흥구,S090005773,석현초등학교,2,공립,N,,4.0,5.0,97.0,7.0,8.0,89.0,9.0,8.0,99.0,11.0,8.0,100.0,5.0,6.0,77.0,4.0,5.0,89.0,40.0,40.0,551.0
경기도교육청,경기도용인교육지원청,경기도 용인시 기흥구,S090005774,흥덕초등학교,2,공립,N,,1.0,10.0,81.0,4.0,8.0,74.0,2.0,6.0,90.0,1.0,6.0,91.0,2.0,10.0,99.0,2.0,7.0,84.0,12.0,47.0,519.0
경기도교육청,경기도구리남양주교육지원청,경기도 남양주시,S090005780,남양주덕송초등학교,2,공립,N,,12.0,10.0,187.0,16.0,12.0,156.0,14.0,23.0,167.0,13.0,13.0,144.0,15.0,17.0,150.0,6.0,14.0,118.0,76.0,89.0,922.0
경기도교육청,경기도구리남양주교육지원청,경기도 남양주시,S090005784,별가람초등학교,2,공립,N,,9.0,13.0,150.0,15.0,13.0,153.0,8.0,24.0,149.0,5.0,8.0,100.0,12.0,9.0,115.0,3.0,6.0,74.0,52.0,73.0,741.0
경기도교육청,경기도동두천양주교육지원청,경기도 양주시,S090005805,만송초등학교,2,공립,N,,6.0,3.0,60.0,5.0,11.0,77.0,5.0,17.0,98.0,8.0,16.0,96.0,5.0,14.0,114.0,2.0,12.0,117.0,31.0,73.0,562.0
경기도교육청,경기도화성오산교육지원청,경기도 화성시,S090005807,숲속초등학교,2,공립,N,,2.0,7.0,119.0,4.0,12.0,117.0,6.0,15.0,135.0,8.0,10.0,107.0,5.0,6.0,95.0,4.0,12.0,95.0,29.0,62.0,668.0
경기도교육청,경기도시흥교육지원청,경기도 시흥시,S090005809,승지초등학교,2,공립,N,,6.0,3.0,81.0,4.0,11.0,80.0,10.0,10.0,94.0,10.0,12.0,77.0,7.0,6.0,90.0,3.0,4.0,72.0,40.0,46.0,494.0
경기도교육청,경기도화성오산교육지원청,경기도 오산시,S090005816,세미초등학교,2,공립,N,,8.0,11.0,295.0,8.0,13.0,265.0,18.0,18.0,303.0,6.0,12.0,248.0,13.0,10.0,217.0,8.0,3.0,158.0,61.0,67.0,1486.0
경기도교육청,경기도화성오산교육지원청,경기도 오산시,S090005818,필봉초등학교,2,공립,N,,3.0,12.0,126.0,14.0,8.0,140.0,11.0,17.0,161.0,8.0,13.0,159.0,7.0,8.0,170.0,9.0,11.0,141.0,52.0,69.0,897.0
경기도교육청,경기도수원교육지원청,경기도 수원시 권선구,S090005839,선행초등학교,2,공립,N,,1.0,6.0,108.0,6.0,7.0,124.0,3.0,9.0,154.0,1.0,12.0,99.0,0.0,7.0,117.0,5.0,8.0,99.0,16.0,49.0,701.0
경기도교육청,경기도군포의왕교육지원청,경기도 군포시,S090005846,군포신기초등학교,2,공립,N,,5.0,15.0,126.0,8.0,11.0,140.0,8.0,15.0,165.0,4.0,15.0,150.0,4.0,10.0,161.0,4.0,7.0,124.0,33.0,73.0,866.0
경기도교육청,경기도광주하남교육지원청,경기도 광주시,S090005847,벌원초등학교,2,공립,N,,3.0,6.0,87.0,6.0,5.0,95.0,2.0,8.0,98.0,9.0,9.0,114.0,5.0,12.0,118.0,2.0,5.0,92.0,27.0,45.0,604.0
경기도교육청,경기도광명교육지원청,경기도 광명시,S090005848,빛가온초등학교,2,공립,N,,11.0,17.0,303.0,16.0,18.0,298.0,14.0,18.0,263.0,13.0,19.0,243.0,12.0,9.0,220.0,6.0,5.0,184.0,72.0,86.0,1511.0
경기도교육청,경기도안양과천교육지원청,경기도 안양시 동안구,S090005852,해오름초등학교,2,공립,N,,7.0,7.0,88.0,6.0,15.0,93.0,5.0,10.0,80.0,7.0,17.0,120.0,7.0,19.0,134.0,1.0,13.0,88.0,33.0,81.0,603.0
경기도교육청,경기도김포교육지원청,경기도 김포시,S090005853,솔터초등학교,2,공립,N,,20.0,7.0,196.0,19.0,17.0,194.0,40.0,23.0,207.0,35.0,22.0,228.0,20.0,12.0,161.0,19.0,15.0,163.0,153.0,96.0,1149.0
경기도교육청,경기도파주교육지원청,경기도 파주시,S090005854,자유초등학교,2,공립,N,,10.0,12.0,146.0,7.0,15.0,140.0,15.0,21.0,154.0,11.0,14.0,133.0,19.0,18.0,156.0,8.0,8.0,117.0,70.0,88.0,846.0
경기도교육청,경기도고양교육지원청,경기도 고양시 일산서구,S090005855,한산초등학교,2,공립,N,,0.0,5.0,143.0,3.0,1.0,154.0,0.0,8.0,171.0,2.0,3.0,151.0,0.0,2.0,163.0,0.0,9.0,148.0,5.0,28.0,930.0
경기도교육청,경기도고양교육지원청,경기도 고양시 일산서구,S090005856,백송초등학교,2,공립,N,,7.0,7.0,140.0,11.0,8.0,151.0,15.0,14.0,174.0,9.0,12.0,174.0,12.0,6.0,146.0,3.0,4.0,134.0,57.0,51.0,919.0
경기도교육청,경기도안성교육지원청,경기도 안성시,S090005860,만정초등학교,2,공립,N,,3.0,2.0,127.0,9.0,6.0,167.0,4.0,10.0,160.0,10.0,13.0,190.0,6.0,11.0,212.0,9.0,7.0,210.0,41.0,49.0,1066.0
경기도교육청,경기도용인교육지원청,경기도 용인시 수지구,S090005862,새빛초등학교,2,공립,N,,10.0,9.0,180.0,12.0,11.0,174.0,11.0,14.0,184.0,9.0,16.0,184.0,10.0,12.0,184.0,10.0,9.0,188.0,62.0,71.0,1094.0
경기도교육청,경기도용인교육지원청,경기도 용인시 기흥구,S090005864,서농초등학교,2,공립,N,,7.0,14.0,238.0,8.0,12.0,238.0,11.0,17.0,276.0,12.0,19.0,225.0,12.0,12.0,237.0,11.0,5.0,184.0,61.0,79.0,1398.0
경기도교육청,경기도파주교육지원청,경기도 파주시,S090005867,가온초등학교,2,공립,N,,7.0,10.0,207.0,13.0,17.0,191.0,11.0,16.0,222.0,11.0,26.0,218.0,13.0,14.0,211.0,9.0,16.0,198.0,64.0,99.0,1247.0
경기도교육청,경기도김포교육지원청,경기도 김포시,S090005869,김포한가람초등학교,2,공립,N,,2.0,6.0,118.0,11.0,12.0,114.0,15.0,15.0,149.0,7.0,13.0,112.0,6.0,7.0,119.0,6.0,9.0,86.0,47.0,62.0,698.0
경기도교육청,경기도김포교육지원청,경기도 김포시,S090005873,보름초등학교,2,공립,N,,9.0,4.0,272.0,27.0,5.0,237.0,29.0,3.0,230.0,15.0,3.0,184.0,20.0,1.0,149.0,18.0,2.0,146.0,118.0,18.0,1218.0
경기도교육청,경기도화성오산교육지원청,경기도 화성시,S090005874,예원초등학교,2,공립,N,,1.0,3.0,79.0,3.0,7.0,53.0,5.0,7.0,84.0,4.0,5.0,85.0,5.0,10.0,84.0,3.0,2.0,90.0,21.0,34.0,475.0
경기도교육청,경기도수원교육지원청,경기도 수원시 영통구,S090005879,광교초등학교,2,공립,N,,14.0,12.0,235.0,10.0,13.0,190.0,24.0,19.0,233.0,20.0,14.0,213.0,15.0,23.0,193.0,10.0,11.0,164.0,93.0,92.0,1228.0
경기도교육청,경기도수원교육지원청,경기도 수원시 영통구,S090005882,이의초등학교,2,공립,N,,3.0,13.0,203.0,3.0,20.0,198.0,9.0,30.0,206.0,11.0,28.0,189.0,12.0,17.0,206.0,13.0,10.0,149.0,51.0,118.0,1151.0
경기도교육청,경기도김포교육지원청,경기도 김포시,S090005883,가현초등학교,2,공립,N,,5.0,4.0,199.0,18.0,7.0,206.0,18.0,19.0,247.0,11.0,18.0,251.0,14.0,17.0,291.0,8.0,12.0,248.0,74.0,77.0,1442.0
경기도교육청,경기도김포교육지원청,경기도 김포시,S090005885,푸른솔초등학교,2,공립,N,,11.0,9.0,226.0,19.0,13.0,238.0,24.0,16.0,252.0,21.0,15.0,246.0,14.0,17.0,239.0,14.0,14.0,220.0,103.0,84.0,1421.0
경기도교육청,경기도평택교육지원청,경기도 평택시,S090005888,청옥초등학교,2,공립,N,,11.0,23.0,232.0,20.0,16.0,246.0,11.0,19.0,273.0,17.0,22.0,260.0,10.0,11.0,299.0,8.0,12.0,235.0,77.0,103.0,1545.0
경기도교육청,경기도수원교육지원청,경기도 수원시 권선구,S090005894,수원중촌초등학교,2,공립,N,,7.0,8.0,156.0,4.0,20.0,147.0,7.0,13.0,146.0,8.0,17.0,140.0,7.0,19.0,160.0,6.0,10.0,112.0,39.0,87.0,861.0
경기도교육청,경기도수원교육지원청,경기도 수원시 권선구,S090005896,수원금호초등학교,2,공립,N,,9.0,20.0,356.0,10.0,16.0,333.0,11.0,28.0,381.0,9.0,11.0,287.0,3.0,6.0,208.0,3.0,8.0,163.0,45.0,89.0,1728.0
경기도교육청,경기도수원교육지원청,경기도 수원시 권선구,S090005897,능실초등학교,2,공립,N,,7.0,15.0,239.0,12.0,16.0,241.0,6.0,19.0,242.0,8.0,13.0,243.0,5.0,12.0,231.0,7.0,10.0,191.0,45.0,85.0,1387.0
경기도교육청,경기도군포의왕교육지원청,경기도 의왕시,S090005912,포일초등학교,2,공립,N,,10.0,11.0,101.0,2.0,5.0,102.0,5.0,7.0,100.0,4.0,9.0,103.0,2.0,9.0,98.0,1.0,1.0,83.0,24.0,42.0,587.0
경기도교육청,경기도성남교육지원청,경기도 성남시 중원구,S090005914,성남여수초등학교,2,공립,N,,0.0,7.0,131.0,0.0,10.0,153.0,1.0,12.0,146.0,1.0,4.0,128.0,0.0,12.0,122.0,9.0,14.0,112.0,11.0,59.0,792.0
경기도교육청,경기도구리남양주교육지원청,경기도 남양주시,S090005988,부평초등학교,2,공립,N,,34.0,6.0,89.0,30.0,6.0,109.0,37.0,9.0,108.0,25.0,9.0,96.0,29.0,13.0,92.0,3.0,13.0,117.0,158.0,56.0,611.0
경기도교육청,경기도김포교육지원청,경기도 김포시,S090006026,김포금빛초등학교,2,공립,N,,11.0,12.0,311.0,11.0,23.0,291.0,11.0,29.0,317.0,14.0,26.0,264.0,9.0,31.0,266.0,10.0,22.0,214.0,66.0,143.0,1663.0
경기도교육청,경기도김포교육지원청,경기도 김포시,S090006030,은여울초등학교,2,공립,N,,28.0,12.0,374.0,88.0,23.0,289.0,89.0,27.0,309.0,84.0,11.0,242.0,72.0,20.0,214.0,70.0,9.0,194.0,431.0,102.0,1622.0
경기도교육청,경기도김포교육지원청,경기도 김포시,S090006033,나비초등학교,2,공립,N,,8.0,8.0,168.0,15.0,28.0,193.0,18.0,26.0,200.0,18.0,18.0,204.0,11.0,14.0,174.0,4.0,11.0,169.0,74.0,105.0,1108.0
경기도교육청,경기도용인교육지원청,경기도 용인시 처인구,S090006039,함박초등학교,2,공립,N,,4.0,17.0,242.0,8.0,17.0,229.0,9.0,19.0,267.0,10.0,14.0,190.0,8.0,12.0,197.0,6.0,8.0,161.0,45.0,87.0,1286.0
경기도교육청,경기도김포교육지원청,경기도 김포시,S090006040,운유초등학교,2,공립,N,,8.0,14.0,262.0,16.0,24.0,233.0,10.0,19.0,262.0,11.0,22.0,281.0,17.0,18.0,242.0,10.0,16.0,228.0,72.0,113.0,1508.0
경기도교육청,경기도용인교육지원청,경기도 용인시 기흥구,S090006042,중일초등학교,2,공립,N,,6.0,11.0,204.0,20.0,24.0,197.0,12.0,14.0,224.0,8.0,22.0,226.0,4.0,12.0,191.0,6.0,9.0,196.0,56.0,92.0,1238.0
경기도교육청,경기도김포교육지원청,경기도 김포시,S090006046,청수초등학교,2,공립,N,,8.0,14.0,328.0,17.0,29.0,345.0,25.0,29.0,356.0,14.0,18.0,316.0,11.0,18.0,281.0,3.0,14.0,262.0,78.0,122.0,1888.0
경기도교육청,경기도동두천양주교육지원청,경기도 양주시,S090006053,율빛초등학교,2,공립,N,,1.0,0.0,177.0,0.0,3.0,116.0,0.0,1.0,161.0,0.0,3.0,145.0,0.0,1.0,150.0,0.0,4.0,115.0,1.0,12.0,864.0
경기도교육청,경기도동두천양주교육지원청,경기도 양주시,S090006058,율정초등학교,2,공립,N,,3.0,5.0,103.0,16.0,20.0,112.0,16.0,83.0,110.0,19.0,67.0,113.0,21.0,73.0,109.0,6.0,43.0,103.0,81.0,291.0,650.0
경기도교육청,경기도동두천양주교육지원청,경기도 양주시,S090006061,옥정초등학교,2,공립,N,,9.0,8.0,218.0,23.0,24.0,210.0,29.0,35.0,228.0,27.0,22.0,206.0,22.0,22.0,210.0,17.0,14.0,146.0,127.0,125.0,1218.0
경기도교육청,경기도동두천양주교육지원청,경기도 양주시,S090006063,옥빛초등학교,2,공립,N,,5.0,2.0,274.0,76.0,96.0,220.0,110.0,57.0,284.0,98.0,62.0,215.0,98.0,65.0,221.0,71.0,62.0,171.0,458.0,344.0,1385.0
경기도교육청,경기도고양교육지원청,경기도 고양시 덕양구,S090006096,고양오금초등학교,2,공립,N,,12.0,1.0,106.0,25.0,8.0,92.0,19.0,7.0,91.0,13.0,5.0,115.0,21.0,3.0,90.0,12.0,2.0,71.0,102.0,26.0,565.0
경기도교육청,경기도광주하남교육지원청,경기도 광주시,S090006100,신현초등학교,2,공립,N,,11.0,22.0,244.0,4.0,8.0,111.0,8.0,3.0,109.0,11.0,1.0,106.0,7.0,3.0,79.0,5.0,5.0,70.0,46.0,42.0,719.0
경기도교육청,경기도성남교육지원청,경기도 성남시 수정구,S090006104,위례한빛초등학교,2,공립,N,,10.0,10.0,233.0,11.0,11.0,210.0,9.0,9.0,243.0,13.0,13.0,212.0,3.0,3.0,208.0,7.0,7.0,176.0,53.0,53.0,1282.0
경기도교육청,경기도성남교육지원청,경기도 성남시 수정구,S090006107,위례푸른초등학교,2,공립,N,,11.0,11.0,155.0,4.0,11.0,181.0,10.0,10.0,174.0,9.0,9.0,180.0,2.0,8.0,195.0,4.0,3.0,135.0,40.0,52.0,1020.0
경기도교육청,경기도성남교육지원청,경기도 성남시 수정구,S090006108,위례고운초등학교,2,공립,N,,2.0,6.0,50.0,2.0,3.0,26.0,4.0,3.0,37.0,3.0,4.0,38.0,1.0,2.0,40.0,2.0,1.0,28.0,14.0,19.0,219.0
경기도교육청,경기도성남교육지원청,경기도 성남시 수정구,S090006109,위례중앙초등학교,2,공립,N,,11.0,14.0,119.0,5.0,13.0,104.0,9.0,5.0,95.0,3.0,14.0,89.0,5.0,4.0,71.0,4.0,10.0,76.0,37.0,60.0,554.0
경기도교육청,경기도광주하남교육지원청,경기도 광주시,S090006112,한아람초등학교,2,공립,N,,8.0,15.0,251.0,13.0,11.0,241.0,10.0,14.0,179.0,14.0,9.0,168.0,12.0,8.0,131.0,6.0,4.0,130.0,63.0,61.0,1100.0
경기도교육청,경기도광주하남교육지원청,경기도 광주시,S090006113,태성초등학교,2,공립,N,,12.0,12.0,254.0,11.0,19.0,236.0,17.0,25.0,275.0,13.0,32.0,279.0,12.0,10.0,193.0,9.0,7.0,181.0,74.0,105.0,1418.0
경기도교육청,경기도시흥교육지원청,경기도 시흥시,S090006122,배곧초등학교,2,공립,N,,5.0,11.0,263.0,17.0,17.0,301.0,15.0,21.0,331.0,15.0,19.0,283.0,9.0,11.0,318.0,11.0,15.0,265.0,72.0,94.0,1761.0
경기도교육청,경기도시흥교육지원청,경기도 시흥시,S090006123,배곧라온초등학교,2,공립,N,,8.0,16.0,273.0,11.0,15.0,267.0,13.0,18.0,318.0,14.0,12.0,257.0,7.0,22.0,262.0,6.0,12.0,221.0,59.0,95.0,1598.0
경기도교육청,경기도시흥교육지원청,경기도 시흥시,S090006131,산현초등학교,2,공립,N,,5.0,8.0,200.0,5.0,15.0,171.0,4.0,17.0,177.0,3.0,16.0,166.0,1.0,9.0,122.0,0.0,8.0,122.0,18.0,73.0,958.0
경기도교육청,경기도시흥교육지원청,경기도 시흥시,S090006132,운흥초등학교,2,공립,N,,5.0,8.0,291.0,7.0,10.0,187.0,9.0,11.0,187.0,2.0,7.0,161.0,4.0,4.0,136.0,3.0,9.0,116.0,30.0,49.0,1078.0
경기도교육청,경기도시흥교육지원청,경기도 시흥시,S090006133,조남초등학교,2,공립,N,,4.0,7.0,142.0,6.0,14.0,139.0,3.0,18.0,138.0,1.0,10.0,132.0,6.0,10.0,103.0,4.0,12.0,96.0,24.0,71.0,750.0
경기도교육청,경기도시흥교육지원청,경기도 시흥시,S090006152,생금초등학교,2,공립,N,,5.0,8.0,58.0,2.0,7.0,77.0,3.0,9.0,91.0,4.0,5.0,80.0,5.0,5.0,69.0,3.0,7.0,64.0,22.0,41.0,439.0
경기도교육청,경기도화성오산교육지원청,경기도 화성시,S090006153,화원초등학교,2,공립,N,,17.0,14.0,206.0,36.0,9.0,217.0,41.0,18.0,211.0,16.0,11.0,170.0,35.0,7.0,186.0,18.0,9.0,133.0,163.0,68.0,1123.0
경기도교육청,경기도화성오산교육지원청,경기도 화성시,S090006154,하길초등학교,2,공립,N,,5.0,6.0,257.0,11.0,9.0,216.0,27.0,11.0,240.0,14.0,7.0,191.0,24.0,3.0,169.0,9.0,6.0,141.0,90.0,42.0,1214.0
경기도교육청,경기도수원교육지원청,경기도 수원시 권선구,S090006157,곡정초등학교,2,공립,N,,6.0,16.0,251.0,11.0,27.0,274.0,15.0,16.0,281.0,9.0,20.0,260.0,6.0,19.0,246.0,9.0,14.0,207.0,56.0,112.0,1519.0
경기도교육청,경기도파주교육지원청,경기도 파주시,S090006164,산내초등학교,2,공립,N,,26.0,7.0,374.0,25.0,20.0,340.0,39.0,30.0,371.0,31.0,22.0,314.0,29.0,8.0,277.0,10.0,16.0,209.0,160.0,103.0,1885.0
경기도교육청,경기도화성오산교육지원청,경기도 오산시,S090006418,금암초등학교,2,공립,N,,2.0,4.0,107.0,5.0,7.0,93.0,3.0,15.0,123.0,1.0,9.0,112.0,1.0,11.0,118.0,0.0,6.0,104.0,12.0,52.0,657.0
경기도교육청,경기도동두천양주교육지원청,경기도 양주시,S090006419,광사초등학교,2,공립,N,,5.0,3.0,105.0,4.0,14.0,144.0,7.0,11.0,144.0,9.0,18.0,150.0,3.0,14.0,138.0,6.0,14.0,136.0,34.0,74.0,817.0
경기도교육청,경기도광주하남교육지원청,경기도 하남시,S090006421,나룰초등학교,2,공립,N,,4.0,8.0,100.0,10.0,12.0,90.0,7.0,13.0,119.0,3.0,13.0,116.0,6.0,15.0,95.0,5.0,10.0,108.0,35.0,71.0,628.0
경기도교육청,경기도김포교육지원청,경기도 김포시,S090006425,마송중앙초등학교,2,공립,N,,8.0,2.0,54.0,12.0,0.0,57.0,10.0,5.0,71.0,12.0,4.0,74.0,11.0,4.0,63.0,7.0,1.0,56.0,60.0,16.0,375.0
경기도교육청,경기도군포의왕교육지원청,경기도 군포시,S090006431,부곡중앙초등학교,2,공립,N,,0.0,0.0,102.0,4.0,0.0,120.0,0.0,5.0,115.0,0.0,4.0,142.0,2.0,0.0,127.0,0.0,0.0,132.0,6.0,9.0,738.0
경기도교육청,경기도고양교육지원청,경기도 고양시 덕양구,S090006432,서정초등학교,2,공립,N,,2.0,1.0,51.0,2.0,7.0,52.0,2.0,5.0,87.0,1.0,6.0,72.0,1.0,6.0,80.0,0.0,3.0,86.0,8.0,28.0,428.0
경기도교육청,경기도성남교육지원청,경기도 성남시 분당구,S090006433,성남화랑초등학교,2,공립,N,,0.0,18.0,172.0,1.0,34.0,249.0,3.0,20.0,210.0,3.0,24.0,164.0,3.0,17.0,122.0,0.0,9.0,90.0,10.0,122.0,1007.0
경기도교육청,경기도용인교육지원청,경기도 용인시 수지구,S090006434,성서초등학교,2,공립,N,,4.0,9.0,174.0,9.0,4.0,124.0,10.0,16.0,158.0,9.0,11.0,160.0,7.0,8.0,152.0,7.0,3.0,137.0,46.0,51.0,905.0
경기도교육청,경기도성남교육지원청,경기도 성남시 분당구,S090006439,신백현초등학교,2,공립,N,,6.0,10.0,108.0,9.0,13.0,102.0,8.0,7.0,114.0,10.0,11.0,103.0,12.0,5.0,105.0,6.0,8.0,116.0,51.0,54.0,648.0
경기도교육청,경기도김포교육지원청,경기도 김포시,S090006440,신양초등학교,2,공립,N,,2.0,6.0,138.0,8.0,9.0,119.0,13.0,7.0,158.0,5.0,11.0,133.0,12.0,10.0,122.0,6.0,6.0,130.0,46.0,49.0,800.0
경기도교육청,경기도고양교육지원청,경기도 고양시 일산동구,S090006443,양일초등학교,2,공립,N,,9.0,7.0,192.0,20.0,11.0,216.0,19.0,13.0,252.0,23.0,13.0,235.0,12.0,14.0,244.0,12.0,16.0,222.0,95.0,74.0,1361.0
경기도교육청,경기도용인교육지원청,경기도 용인시 수지구,S090006445,용인신봉초등학교,2,공립,N,,20.0,9.0,181.0,21.0,9.0,189.0,10.0,12.0,155.0,17.0,10.0,192.0,12.0,18.0,165.0,9.0,10.0,165.0,89.0,68.0,1047.0
경기도교육청,경기도파주교육지원청,경기도 파주시,S090006446,운광초등학교,2,공립,N,,12.0,15.0,176.0,9.0,13.0,148.0,9.0,14.0,146.0,13.0,11.0,148.0,6.0,13.0,166.0,13.0,13.0,162.0,62.0,79.0,946.0
경기도교육청,경기도이천교육지원청,경기도 이천시,S090006449,이천사동초등학교,2,공립,N,,2.0,5.0,89.0,4.0,10.0,103.0,6.0,8.0,92.0,4.0,5.0,109.0,1.0,4.0,92.0,0.0,2.0,78.0,17.0,34.0,563.0
경기도교육청,경기도구리남양주교육지원청,경기도 남양주시,S090006452,주곡초등학교,2,공립,N,,8.0,7.0,137.0,12.0,13.0,127.0,17.0,9.0,157.0,15.0,10.0,163.0,11.0,12.0,157.0,10.0,9.0,164.0,73.0,60.0,905.0
경기도교육청,경기도파주교육지원청,경기도 파주시,S090006454,한가람초등학교,2,공립,N,,11.0,8.0,202.0,16.0,19.0,198.0,16.0,15.0,237.0,24.0,15.0,215.0,18.0,14.0,213.0,15.0,13.0,232.0,100.0,84.0,1297.0
경기도교육청,경기도파주교육지원청,경기도 파주시,S090006455,한빛초등학교,2,공립,N,,6.0,10.0,232.0,9.0,9.0,204.0,12.0,14.0,290.0,14.0,14.0,236.0,11.0,15.0,284.0,17.0,7.0,282.0,69.0,69.0,1528.0
경기도교육청,경기도군포의왕교육지원청,경기도 군포시,S090006456,한얼초등학교,2,공립,N,,2.0,2.0,50.0,3.0,4.0,52.0,3.0,3.0,42.0,1.0,9.0,74.0,0.0,6.0,49.0,2.0,10.0,71.0,11.0,34.0,338.0
경기도교육청,경기도파주교육지원청,경기도 파주시,S090006458,해솔초등학교,2,공립,N,,9.0,12.0,172.0,12.0,12.0,153.0,13.0,14.0,227.0,15.0,13.0,209.0,8.0,10.0,228.0,6.0,11.0,215.0,63.0,72.0,1204.0
경기도교육청,경기도구리남양주교육지원청,경기도 남양주시,S090006459,화도초등학교,2,공립,N,,5.0,7.0,124.0,15.0,7.0,161.0,19.0,11.0,164.0,14.0,10.0,201.0,21.0,11.0,171.0,5.0,5.0,190.0,79.0,51.0,1011.0
경기도교육청,경기도구리남양주교육지원청,경기도 남양주시,S090006460,화봉초등학교,2,공립,N,,7.0,11.0,119.0,7.0,14.0,125.0,12.0,15.0,151.0,11.0,13.0,156.0,5.0,9.0,153.0,6.0,7.0,134.0,48.0,69.0,838.0
경기도교육청,경기도화성오산교육지원청,경기도 화성시,S090006650,서경초등학교,2,공립,N,,7.0,9.0,125.0,5.0,12.0,140.0,6.0,8.0,109.0,5.0,5.0,98.0,8.0,8.0,75.0,3.0,3.0,64.0,34.0,45.0,611.0
경기도교육청,경기도화성오산교육지원청,경기도 화성시,S090006651,화성반월초등학교,2,공립,N,,0.0,7.0,257.0,3.0,1.0,220.0,1.0,1.0,260.0,0.0,2.0,255.0,0.0,3.0,219.0,2.0,5.0,201.0,6.0,19.0,1412.0
경기도교육청,경기도용인교육지원청,경기도 용인시 처인구,S090006759,두창초등학교,2,공립,N,,0.0,0.0,11.0,1.0,1.0,11.0,0.0,1.0,9.0,0.0,2.0,12.0,0.0,0.0,17.0,1.0,2.0,15.0,2.0,6.0,75.0
경기도교육청,경기도고양교육지원청,경기도 고양시 덕양구,S090006770,고양동산초등학교,2,공립,N,,11.0,11.0,233.0,11.0,24.0,235.0,16.0,23.0,247.0,8.0,25.0,211.0,9.0,17.0,200.0,1.0,16.0,174.0,56.0,116.0,1300.0
경기도교육청,경기도평택교육지원청,경기도 평택시,S090006771,자란초등학교,2,공립,N,,4.0,8.0,115.0,8.0,12.0,113.0,9.0,14.0,99.0,5.0,10.0,116.0,14.0,12.0,117.0,15.0,8.0,110.0,55.0,64.0,670.0
경기도교육청,경기도수원교육지원청,경기도 수원시 권선구,S090006773,수원가온초등학교,2,공립,N,,7.0,11.0,202.0,14.0,20.0,213.0,15.0,15.0,233.0,9.0,18.0,245.0,9.0,15.0,222.0,6.0,12.0,189.0,60.0,91.0,1304.0
경기도교육청,경기도수원교육지원청,경기도 수원시 장안구,S090006774,다솔초등학교,2,공립,N,,8.0,20.0,244.0,15.0,17.0,266.0,15.0,17.0,250.0,10.0,16.0,228.0,6.0,17.0,264.0,7.0,13.0,262.0,61.0,100.0,1514.0
경기도교육청,경기도김포교육지원청,경기도 김포시,S090006775,하늘빛초등학교,2,공립,N,,9.0,7.0,250.0,23.0,20.0,250.0,37.0,20.0,282.0,14.0,16.0,242.0,19.0,24.0,220.0,16.0,14.0,193.0,118.0,101.0,1437.0
경기도교육청,경기도김포교육지원청,경기도 김포시,S090006776,김포호수초등학교,2,공립,N,,13.0,6.0,269.0,16.0,23.0,235.0,15.0,28.0,260.0,11.0,16.0,259.0,13.0,19.0,186.0,3.0,7.0,188.0,71.0,99.0,1397.0
경기도교육청,경기도파주교육지원청,경기도 파주시,S090006778,운정초등학교,2,공립,N,,8.0,13.0,157.0,15.0,8.0,148.0,20.0,15.0,158.0,15.0,17.0,132.0,16.0,16.0,191.0,11.0,10.0,186.0,85.0,79.0,972.0
경기도교육청,경기도의정부교육지원청,경기도 의정부시,S090006799,의정부송산초등학교,2,공립,N,,9.0,9.0,239.0,14.0,20.0,268.0,11.0,16.0,285.0,16.0,18.0,277.0,15.0,16.0,264.0,10.0,5.0,207.0,75.0,84.0,1540.0
경기도교육청,경기도구리남양주교육지원청,경기도 남양주시,S090006801,남양주월산초등학교,2,공립,N,,4.0,9.0,116.0,14.0,16.0,123.0,12.0,9.0,122.0,15.0,7.0,141.0,5.0,5.0,95.0,6.0,3.0,87.0,56.0,49.0,684.0
경기도교육청,경기도구리남양주교육지원청,경기도 남양주시,S090006802,해밀초등학교,2,공립,N,,6.0,3.0,106.0,7.0,14.0,143.0,7.0,16.0,145.0,11.0,10.0,130.0,10.0,12.0,185.0,8.0,7.0,156.0,49.0,62.0,865.0
경기도교육청,경기도용인교육지원청,경기도 용인시 수지구,S090006847,매봉초등학교,2,공립,N,,16.0,5.0,167.0,23.0,5.0,116.0,28.0,10.0,141.0,21.0,4.0,108.0,15.0,9.0,97.0,12.0,3.0,94.0,115.0,36.0,723.0
경기도교육청,경기도광주하남교육지원청,경기도 하남시,S090006913,미사초등학교,2,공립,N,,9.0,10.0,218.0,6.0,19.0,207.0,11.0,11.0,209.0,6.0,20.0,202.0,8.0,11.0,174.0,3.0,7.0,144.0,43.0,78.0,1154.0
경기도교육청,경기도광주하남교육지원청,경기도 하남시,S090006914,미사강변초등학교,2,공립,N,,10.0,17.0,236.0,16.0,29.0,267.0,27.0,38.0,301.0,16.0,35.0,279.0,20.0,36.0,303.0,14.0,14.0,231.0,103.0,169.0,1617.0
경기도교육청,경기도의정부교육지원청,경기도 의정부시,S090006926,삼현초등학교,2,공립,N,,7.0,17.0,295.0,12.0,14.0,222.0,20.0,16.0,273.0,16.0,14.0,223.0,12.0,12.0,187.0,3.0,6.0,164.0,70.0,79.0,1364.0
경기도교육청,경기도화성오산교육지원청,경기도 화성시,S090006930,동탄중앙초등학교,2,공립,N,,18.0,17.0,235.0,29.0,26.0,288.0,25.0,37.0,342.0,18.0,39.0,298.0,13.0,29.0,323.0,10.0,22.0,281.0,113.0,170.0,1767.0
경기도교육청,경기도화성오산교육지원청,경기도 화성시,S090006931,화성청계초등학교,2,공립,N,,12.0,7.0,176.0,21.0,23.0,211.0,19.0,20.0,240.0,18.0,24.0,293.0,20.0,20.0,241.0,20.0,32.0,279.0,110.0,126.0,1440.0
경기도교육청,경기도화성오산교육지원청,경기도 화성시,S090006932,아인초등학교,2,공립,N,,31.0,12.0,200.0,30.0,17.0,201.0,42.0,18.0,212.0,38.0,9.0,185.0,33.0,19.0,176.0,22.0,17.0,164.0,196.0,92.0,1138.0
경기도교육청,경기도화성오산교육지원청,경기도 화성시,S090006933,무봉초등학교,2,공립,N,,8.0,5.0,105.0,11.0,26.0,145.0,10.0,26.0,143.0,12.0,18.0,145.0,8.0,21.0,127.0,8.0,8.0,105.0,57.0,104.0,770.0
경기도교육청,경기도화성오산교육지원청,경기도 화성시,S090006935,예솔초등학교,2,공립,N,,6.0,18.0,154.0,10.0,17.0,147.0,19.0,20.0,152.0,17.0,17.0,161.0,10.0,10.0,133.0,8.0,19.0,115.0,70.0,101.0,862.0
경기도교육청,경기도화성오산교육지원청,경기도 화성시,S090006936,청목초등학교,2,공립,N,,9.0,15.0,205.0,15.0,17.0,184.0,28.0,20.0,227.0,11.0,20.0,196.0,15.0,23.0,223.0,19.0,23.0,232.0,97.0,118.0,1267.0
경기도교육청,경기도화성오산교육지원청,경기도 화성시,S090006937,왕배초등학교,2,공립,N,,13.0,15.0,268.0,20.0,22.0,238.0,17.0,22.0,206.0,16.0,26.0,211.0,10.0,25.0,232.0,7.0,11.0,182.0,83.0,121.0,1337.0
경기도교육청,경기도화성오산교육지원청,경기도 화성시,S090006940,호연초등학교,2,공립,N,,17.0,9.0,130.0,99.0,4.0,87.0,115.0,0.0,93.0,119.0,4.0,97.0,78.0,0.0,56.0,69.0,0.0,59.0,497.0,17.0,522.0
경기도교육청,경기도화성오산교육지원청,경기도 화성시,S090006942,방교초등학교,2,공립,N,,0.0,0.0,233.0,0.0,0.0,244.0,0.0,0.0,263.0,0.0,0.0,192.0,0.0,0.0,202.0,3.0,3.0,155.0,3.0,3.0,1289.0
경기도교육청,경기도화성오산교육지원청,경기도 화성시,S090006945,서연초등학교,2,공립,N,,9.0,16.0,244.0,13.0,78.0,224.0,15.0,84.0,235.0,19.0,74.0,201.0,13.0,71.0,184.0,8.0,61.0,185.0,77.0,384.0,1273.0
경기도교육청,경기도화성오산교육지원청,경기도 화성시,S090006946,영천초등학교,2,공립,N,,4.0,5.0,138.0,20.0,13.0,148.0,24.0,19.0,172.0,14.0,13.0,151.0,12.0,18.0,161.0,16.0,11.0,149.0,90.0,79.0,919.0
경기도교육청,경기도화성오산교육지원청,경기도 화성시,S090006947,한백초등학교,2,공립,N,,14.0,18.0,163.0,16.0,20.0,167.0,28.0,26.0,224.0,16.0,21.0,186.0,27.0,24.0,206.0,17.0,13.0,193.0,118.0,122.0,1139.0
경기도교육청,경기도고양교육지원청,경기도 고양시 덕양구,S090006954,도래울초등학교,2,공립,N,,3.0,7.0,156.0,10.0,6.0,177.0,13.0,15.0,229.0,12.0,11.0,190.0,4.0,7.0,173.0,10.0,1.0,152.0,52.0,47.0,1077.0
경기도교육청,경기도구리남양주교육지원청,경기도 남양주시,S090006970,한별초등학교,2,공립,N,,9.0,9.0,167.0,23.0,16.0,199.0,27.0,22.0,200.0,22.0,18.0,181.0,13.0,11.0,137.0,12.0,7.0,138.0,106.0,83.0,1022.0
경기도교육청,경기도구리남양주교육지원청,경기도 남양주시,S090006971,남양주샛별초등학교,2,공립,N,,5.0,9.0,216.0,12.0,20.0,191.0,18.0,20.0,231.0,12.0,12.0,200.0,8.0,12.0,210.0,4.0,11.0,154.0,59.0,84.0,1202.0
경기도교육청,경기도양평교육지원청,경기도 양평군,S090006972,정배초등학교,2,공립,N,,4.0,1.0,10.0,4.0,0.0,11.0,4.0,1.0,6.0,4.0,3.0,15.0,0.0,0.0,9.0,1.0,0.0,9.0,17.0,5.0,60.0
경기도교육청,경기도광주하남교육지원청,경기도 하남시,S090007038,위례초등학교,2,공립,N,,22.0,17.0,304.0,32.0,29.0,274.0,30.0,33.0,286.0,34.0,16.0,297.0,30.0,27.0,255.0,11.0,14.0,236.0,159.0,136.0,1652.0
경기도교육청,경기도광주하남교육지원청,경기도 하남시,S090007039,미사중앙초등학교,2,공립,N,,30.0,7.0,279.0,39.0,17.0,238.0,34.0,17.0,221.0,33.0,14.0,221.0,37.0,11.0,213.0,23.0,10.0,196.0,196.0,76.0,1368.0
경기도교육청,경기도평택교육지원청,경기도 평택시,S090007050,현촌초등학교,2,공립,N,,10.0,6.0,191.0,19.0,18.0,200.0,18.0,12.0,217.0,15.0,10.0,196.0,12.0,13.0,198.0,11.0,8.0,197.0,85.0,67.0,1199.0
경기도교육청,경기도안성교육지원청,경기도 안성시,S090007111,어울초등학교,2,공립,N,,0.0,4.0,104.0,4.0,9.0,100.0,4.0,13.0,104.0,6.0,8.0,95.0,2.0,8.0,74.0,0.0,3.0,53.0,16.0,45.0,530.0
경기도교육청,경기도부천교육지원청,경기도 부천시,S090007116,옥길버들초등학교,2,공립,N,,3.0,4.0,273.0,5.0,5.0,269.0,6.0,7.0,276.0,4.0,7.0,238.0,4.0,5.0,195.0,3.0,5.0,189.0,25.0,33.0,1440.0
경기도교육청,경기도부천교육지원청,경기도 부천시,S090007117,옥길산들초등학교,2,공립,N,,5.0,19.0,403.0,13.0,25.0,340.0,9.0,17.0,358.0,14.0,20.0,333.0,12.0,24.0,312.0,7.0,9.0,225.0,60.0,114.0,1971.0
경기도교육청,경기도용인교육지원청,경기도 용인시 기흥구,S090007135,샘말초등학교,2,공립,N,,4.0,18.0,188.0,13.0,22.0,200.0,18.0,16.0,213.0,12.0,16.0,186.0,12.0,16.0,167.0,7.0,7.0,139.0,66.0,95.0,1093.0
경기도교육청,경기도화성오산교육지원청,경기도 화성시,S090007139,송린초등학교,2,공립,N,,12.0,7.0,247.0,17.0,17.0,240.0,16.0,9.0,246.0,13.0,10.0,236.0,20.0,5.0,185.0,5.0,8.0,181.0,83.0,56.0,1335.0
경기도교육청,경기도화성오산교육지원청,경기도 화성시,S090007140,한율초등학교,2,공립,N,,14.0,20.0,308.0,28.0,38.0,274.0,22.0,25.0,270.0,19.0,27.0,247.0,23.0,13.0,196.0,21.0,13.0,199.0,127.0,136.0,1494.0
경기도교육청,경기도광주하남교육지원청,경기도 광주시,S090007159,역동초등학교,2,공립,N,,5.0,16.0,164.0,12.0,15.0,164.0,17.0,16.0,171.0,11.0,12.0,121.0,13.0,17.0,148.0,11.0,9.0,93.0,69.0,85.0,861.0
경기도교육청,경기도구리남양주교육지원청,경기도 구리시,S090007160,산마루초등학교,2,공립,N,,5.0,11.0,247.0,3.0,15.0,216.0,6.0,13.0,175.0,8.0,10.0,154.0,5.0,7.0,110.0,7.0,4.0,110.0,34.0,60.0,1012.0
경기도교육청,경기도평택교육지원청,경기도 평택시,S090007161,평택이화초등학교,2,공립,N,,6.0,7.0,149.0,21.0,11.0,168.0,11.0,15.0,207.0,20.0,11.0,216.0,17.0,12.0,254.0,18.0,7.0,249.0,93.0,63.0,1243.0
경기도교육청,경기도광주하남교육지원청,경기도 하남시,S090007162,윤슬초등학교,2,공립,N,,21.0,22.0,259.0,17.0,30.0,257.0,16.0,32.0,270.0,14.0,25.0,242.0,12.0,22.0,279.0,6.0,18.0,222.0,86.0,149.0,1529.0
경기도교육청,경기도광주하남교육지원청,경기도 하남시,S090007163,한홀초등학교,2,공립,N,,11.0,15.0,232.0,20.0,23.0,219.0,22.0,34.0,216.0,14.0,21.0,204.0,16.0,14.0,179.0,17.0,16.0,198.0,100.0,123.0,1248.0
경기도교육청,경기도광주하남교육지원청,경기도 하남시,S090007164,청아초등학교,2,공립,N,,4.0,23.0,335.0,12.0,19.0,224.0,15.0,18.0,214.0,15.0,13.0,196.0,13.0,8.0,160.0,11.0,5.0,132.0,70.0,86.0,1261.0
경기도교육청,경기도수원교육지원청,경기도 수원시 영통구,S090007194,광교호수초등학교,2,공립,N,,5.0,18.0,232.0,13.0,14.0,220.0,14.0,14.0,190.0,27.0,13.0,180.0,14.0,14.0,154.0,15.0,13.0,127.0,88.0,86.0,1103.0
경기도교육청,경기도시흥교육지원청,경기도 시흥시,S090007197,배곧한울초등학교,2,공립,N,,8.0,9.0,196.0,12.0,17.0,205.0,16.0,20.0,215.0,7.0,18.0,215.0,9.0,13.0,167.0,6.0,10.0,142.0,58.0,87.0,1140.0
경기도교육청,경기도화성오산교육지원청,경기도 오산시,S090007217,다온초등학교,2,공립,N,,3.0,12.0,184.0,9.0,15.0,167.0,7.0,9.0,163.0,6.0,13.0,143.0,7.0,8.0,96.0,1.0,5.0,131.0,33.0,62.0,884.0
경기도교육청,경기도시흥교육지원청,경기도 시흥시,S090007226,배곧해솔초등학교,2,공립,N,,13.0,14.0,310.0,14.0,17.0,287.0,21.0,20.0,304.0,18.0,14.0,270.0,20.0,12.0,247.0,8.0,14.0,225.0,94.0,91.0,1643.0
경기도교육청,경기도수원교육지원청,경기도 수원시 영통구,S090007230,망포초등학교,2,공립,N,,14.0,20.0,383.0,35.0,30.0,359.0,25.0,26.0,355.0,19.0,22.0,272.0,19.0,10.0,239.0,15.0,12.0,185.0,127.0,120.0,1793.0
경기도교육청,경기도용인교육지원청,경기도 용인시 기흥구,S090007235,용인한얼초등학교,2,공립,N,,11.0,19.0,274.0,15.0,28.0,218.0,16.0,33.0,261.0,7.0,14.0,160.0,7.0,18.0,124.0,0.0,3.0,109.0,56.0,115.0,1146.0
경기도교육청,경기도평택교육지원청,경기도 평택시,S090007236,평택청아초등학교,2,공립,N,,13.0,13.0,193.0,12.0,9.0,168.0,13.0,11.0,184.0,11.0,13.0,152.0,11.0,10.0,150.0,0.0,0.0,104.0,60.0,56.0,951.0
경기도교육청,경기도구리남양주교육지원청,경기도 남양주시,S090007239,다산가람초등학교,2,공립,N,,6.0,11.0,232.0,15.0,39.0,222.0,16.0,44.0,233.0,16.0,16.0,171.0,15.0,9.0,159.0,7.0,12.0,151.0,75.0,131.0,1168.0
경기도교육청,경기도평택교육지원청,경기도 평택시,S090007240,용죽초등학교,2,공립,N,,17.0,19.0,343.0,20.0,10.0,303.0,30.0,11.0,355.0,34.0,15.0,256.0,21.0,10.0,239.0,18.0,9.0,196.0,140.0,74.0,1692.0
경기도교육청,경기도화성오산교육지원청,경기도 화성시,S090007241,동탄목동초등학교,2,공립,N,,29.0,26.0,274.0,21.0,30.0,250.0,27.0,36.0,287.0,17.0,26.0,250.0,21.0,22.0,267.0,11.0,17.0,178.0,126.0,157.0,1506.0
경기도교육청,경기도화성오산교육지원청,경기도 화성시,S090007244,다원초등학교,2,공립,N,,0.0,0.0,122.0,0.0,40.0,125.0,0.0,68.0,138.0,0.0,26.0,99.0,0.0,31.0,109.0,0.0,22.0,93.0,0.0,187.0,686.0
경기도교육청,경기도화성오산교육지원청,경기도 화성시,S090007255,효행초등학교,2,공립,N,,15.0,13.0,269.0,17.0,28.0,291.0,11.0,25.0,279.0,28.0,21.0,304.0,13.0,13.0,255.0,12.0,9.0,207.0,96.0,109.0,1605.0
경기도교육청,경기도화성오산교육지원청,경기도 화성시,S090007257,대양초등학교,2,공립,N,,4.0,7.0,181.0,10.0,16.0,152.0,14.0,16.0,189.0,12.0,20.0,169.0,11.0,6.0,140.0,10.0,4.0,103.0,61.0,69.0,934.0
경기도교육청,경기도화성오산교육지원청,경기도 화성시,S090007263,치동초등학교,2,공립,N,,8.0,12.0,157.0,24.0,13.0,137.0,16.0,14.0,152.0,12.0,12.0,102.0,17.0,6.0,105.0,21.0,6.0,96.0,98.0,63.0,749.0
경기도교육청,경기도화성오산교육지원청,경기도 화성시,S090007265,정현초등학교,2,공립,N,,21.0,14.0,230.0,33.0,29.0,205.0,45.0,32.0,275.0,40.0,24.0,211.0,39.0,36.0,240.0,22.0,26.0,196.0,200.0,161.0,1357.0
경기도교육청,경기도평택교육지원청,경기도 평택시,S090007268,가내초등학교,2,공립,N,,12.0,10.0,236.0,36.0,16.0,272.0,29.0,29.0,298.0,26.0,11.0,255.0,16.0,16.0,224.0,17.0,8.0,214.0,136.0,90.0,1499.0
경기도교육청,경기도광주하남교육지원청,경기도 광주시,S090007274,광주송정초등학교,2,공립,N,,13.0,11.0,141.0,23.0,1.0,83.0,16.0,4.0,87.0,17.0,2.0,70.0,15.0,3.0,50.0,9.0,0.0,49.0,93.0,21.0,480.0
경기도교육청,경기도구리남양주교육지원청,경기도 남양주시,S090007275,다산한강초등학교,2,공립,N,,33.0,16.0,339.0,32.0,25.0,348.0,40.0,26.0,351.0,24.0,19.0,291.0,29.0,21.0,257.0,8.0,20.0,204.0,166.0,127.0,1790.0
경기도교육청,경기도군포의왕교육지원청,경기도 의왕시,S090007277,백운호수초등학교,2,공립,N,,4.0,8.0,81.0,7.0,7.0,80.0,8.0,7.0,76.0,5.0,3.0,57.0,4.0,2.0,44.0,2.0,5.0,54.0,30.0,32.0,392.0
경기도교육청,경기도고양교육지원청,경기도 고양시 일산동구,S090007279,한류초등학교,2,공립,N,,10.0,9.0,216.0,5.0,9.0,224.0,6.0,2.0,165.0,4.0,6.0,145.0,4.0,4.0,123.0,2.0,3.0,83.0,31.0,33.0,956.0
경기도교육청,경기도군포의왕교육지원청,경기도 군포시,S090007298,송안초등학교,2,공립,N,,2.0,8.0,156.0,8.0,5.0,142.0,4.0,5.0,128.0,6.0,4.0,99.0,7.0,4.0,94.0,6.0,3.0,66.0,33.0,29.0,685.0
경기도교육청,경기도구리남양주교육지원청,경기도 남양주시,S090007307,남양주다산초등학교,2,공립,N,,5.0,12.0,247.0,15.0,20.0,235.0,17.0,27.0,226.0,19.0,32.0,198.0,11.0,15.0,178.0,8.0,16.0,158.0,75.0,122.0,1242.0
경기도교육청,경기도화성오산교육지원청,경기도 오산시,S090007310,세마초등학교,2,공립,N,,2.0,6.0,123.0,5.0,17.0,111.0,3.0,5.0,97.0,2.0,10.0,92.0,1.0,10.0,69.0,0.0,4.0,60.0,13.0,52.0,552.0
경기도교육청,경기도구리남양주교육지원청,경기도 남양주시,S090007320,다산새봄초등학교,2,공립,N,,9.0,16.0,300.0,16.0,23.0,292.0,21.0,26.0,285.0,14.0,13.0,224.0,20.0,10.0,226.0,8.0,11.0,197.0,88.0,99.0,1524.0
경기도교육청,경기도고양교육지원청,경기도 고양시 덕양구,S090007321,창릉초등학교,2,공립,N,,24.0,12.0,115.0,21.0,17.0,98.0,17.0,9.0,74.0,15.0,6.0,61.0,15.0,8.0,56.0,7.0,6.0,47.0,99.0,58.0,451.0
경기도교육청,경기도고양교육지원청,경기도 고양시 덕양구,S090007322,향동숲내초등학교,2,공립,N,,1.0,4.0,169.0,7.0,3.0,146.0,12.0,0.0,135.0,12.0,0.0,122.0,12.0,0.0,118.0,2.0,0.0,82.0,46.0,7.0,772.0
경기도교육청,경기도의정부교육지원청,경기도 의정부시,S090007323,훈민초등학교,2,공립,N,,23.0,3.0,160.0,21.0,2.0,130.0,32.0,2.0,144.0,21.0,3.0,122.0,19.0,2.0,101.0,6.0,2.0,76.0,122.0,14.0,733.0
경기도교육청,경기도시흥교육지원청,경기도 시흥시,S090007325,은빛초등학교,2,공립,N,,3.0,10.0,376.0,92.0,13.0,325.0,97.0,13.0,276.0,96.0,24.0,275.0,60.0,11.0,200.0,62.0,8.0,182.0,410.0,79.0,1634.0
경기도교육청,경기도시흥교육지원청,경기도 시흥시,S090007326,배곧누리초등학교,2,공립,N,,0.0,0.0,158.0,0.0,0.0,139.0,0.0,0.0,115.0,0.0,0.0,97.0,0.0,1.0,96.0,0.0,0.0,57.0,0.0,1.0,662.0
경기도교육청,경기도광주하남교육지원청,경기도 하남시,S090007327,감일초등학교,2,공립,N,,17.0,6.0,176.0,81.0,50.0,133.0,97.0,50.0,141.0,77.0,49.0,125.0,95.0,44.0,140.0,52.0,21.0,111.0,419.0,220.0,826.0
경기도교육청,경기도광주하남교육지원청,경기도 광주시,S090007329,광주푸른초등학교,2,공립,N,,3.0,8.0,123.0,5.0,9.0,106.0,8.0,10.0,91.0,12.0,2.0,67.0,4.0,3.0,51.0,1.0,2.0,28.0,33.0,34.0,466.0
경기도교육청,경기도화성오산교육지원청,경기도 화성시,S090007331,새솔초등학교,2,공립,N,,31.0,8.0,206.0,44.0,4.0,160.0,61.0,3.0,150.0,41.0,2.0,143.0,41.0,4.0,115.0,26.0,3.0,95.0,244.0,24.0,869.0
경기도교육청,경기도화성오산교육지원청,경기도 화성시,S090007333,세정초등학교,2,공립,N,,14.0,16.0,174.0,23.0,25.0,188.0,15.0,24.0,160.0,20.0,15.0,165.0,16.0,14.0,155.0,11.0,12.0,132.0,99.0,106.0,974.0
경기도교육청,경기도화성오산교육지원청,경기도 화성시,S090007334,청림초등학교,2,공립,N,,14.0,13.0,246.0,23.0,16.0,257.0,20.0,22.0,255.0,25.0,17.0,226.0,17.0,12.0,167.0,14.0,18.0,169.0,113.0,98.0,1320.0
경기도교육청,경기도평택교육지원청,경기도 평택시,S090007335,평택대동초등학교,2,공립,N,,18.0,9.0,110.0,14.0,5.0,85.0,20.0,11.0,86.0,13.0,11.0,74.0,9.0,6.0,63.0,4.0,6.0,63.0,78.0,48.0,481.0
경기도교육청,경기도평택교육지원청,경기도 평택시,S090007337,평택새빛초등학교,2,공립,N,,35.0,14.0,127.0,34.0,8.0,139.0,49.0,14.0,100.0,27.0,10.0,77.0,26.0,7.0,67.0,13.0,5.0,62.0,184.0,58.0,572.0
경기도교육청,경기도안산교육지원청,경기도 안산시 상록구,S090007338,안산해솔초등학교,2,공립,N,,6.0,7.0,367.0,11.0,6.0,324.0,10.0,7.0,309.0,14.0,5.0,307.0,15.0,4.0,305.0,11.0,2.0,278.0,67.0,31.0,1890.0
경기도교육청,경기도용인교육지원청,경기도 용인시 처인구,S090007349,남곡초등학교남곡분교장,2,공립,N,,0.0,0.0,0.0,0.0,0.0,0.0,0.0,0.0,0.0,1.0,2.0,10.0,0.0,1.0,6.0,0.0,0.0,9.0,1.0,3.0,25.0
경기도교육청,경기도화성오산교육지원청,경기도 화성시,S090007361,수현초등학교,2,공립,N,,44.0,3.0,52.0,33.0,0.0,33.0,40.0,0.0,39.0,27.0,1.0,38.0,36.0,1.0,47.0,20.0,0.0,38.0,200.0,5.0,247.0
경기도교육청,경기도파주교육지원청,경기도 파주시,S090007363,산들초등학교,2,공립,N,,12.0,5.0,182.0,10.0,8.0,154.0,31.0,3.0,136.0,17.0,6.0,142.0,16.0,9.0,141.0,12.0,0.0,88.0,98.0,31.0,843.0
경기도교육청,경기도화성오산교육지원청,경기도 화성시,S090007371,이솔초등학교,2,공립,N,,23.0,5.0,88.0,77.0,5.0,58.0,77.0,2.0,59.0,53.0,3.0,44.0,73.0,2.0,59.0,47.0,1.0,37.0,350.0,18.0,345.0
경기도교육청,경기도고양교육지원청,경기도 고양시 덕양구,S090007375,향동초등학교,2,공립,N,,0.0,2.0,150.0,19.0,2.0,124.0,11.0,4.0,95.0,11.0,0.0,94.0,10.0,1.0,79.0,10.0,1.0,54.0,61.0,10.0,596.0
경기도교육청,경기도고양교육지원청,경기도 고양시 덕양구,S090007378,지축초등학교,2,공립,N,,12.0,4.0,213.0,22.0,1.0,143.0,18.0,1.0,147.0,21.0,2.0,135.0,12.0,1.0,92.0,4.0,1.0,96.0,89.0,10.0,826.0
경기도교육청,경기도화성오산교육지원청,경기도 화성시,S090007396,여울초등학교,2,공립,N,,72.0,3.0,83.0,82.0,1.0,59.0,84.0,0.0,58.0,84.0,0.0,67.0,90.0,0.0,40.0,62.0,0.0,46.0,474.0,4.0,353.0
경기도교육청,경기도화성오산교육지원청,경기도 화성시,S090007397,늘봄초등학교,2,공립,N,,6.0,5.0,74.0,5.0,2.0,44.0,8.0,6.0,66.0,4.0,2.0,30.0,4.0,1.0,34.0,2.0,0.0,20.0,29.0,16.0,268.0
경기도교육청,경기도평택교육지원청,경기도 평택시,S090007398,평택서재초등학교,2,공립,N,,27.0,17.0,305.0,24.0,28.0,259.0,33.0,17.0,281.0,32.0,20.0,210.0,27.0,25.0,211.0,16.0,18.0,168.0,159.0,125.0,1434.0
경기도교육청,경기도구리남양주교육지원청,경기도 남양주시,S090007407,다산하늘초등학교,2,공립,N,,62.0,6.0,107.0,138.0,2.0,84.0,141.0,3.0,86.0,106.0,4.0,64.0,112.0,2.0,63.0,73.0,1.0,47.0,632.0,18.0,451.0
경기도교육청,경기도구리남양주교육지원청,경기도 남양주시,S090007424,은솔초등학교,2,공립,N,,9.0,11.0,107.0,5.0,7.0,90.0,10.0,14.0,111.0,7.0,8.0,76.0,6.0,5.0,59.0,1.0,5.0,48.0,38.0,50.0,491.0
경기도교육청,경기도광주하남교육지원청,경기도 하남시,S090007435,위례숲초등학교,2,공립,N,,162.0,1.0,29.0,145.0,1.0,6.0,110.0,1.0,11.0,106.0,0.0,6.0,102.0,0.0,17.0,54.0,0.0,8.0,679.0,3.0,77.0
경기도교육청,경기도광주하남교육지원청,경기도 하남시,S090007436,신우초등학교,2,공립,N,,95.0,0.0,0.0,88.0,0.0,0.0,74.0,0.0,0.0,65.0,0.0,0.0,74.0,0.0,0.0,26.0,0.0,0.0,422.0,0.0,0.0
경기도교육청,경기도시흥교육지원청,경기도 시흥시,S090007437,한여울초등학교,2,공립,N,,19.0,1.0,84.0,91.0,2.0,75.0,94.0,0.0,76.0,92.0,0.0,66.0,62.0,0.0,55.0,51.0,0.0,47.0,409.0,3.0,403.0
경기도교육청,경기도구리남양주교육지원청,경기도 남양주시,S090007443,하랑초등학교,2,공립,N,,22.0,0.0,127.0,88.0,0.0,76.0,137.0,2.0,119.0,88.0,0.0,78.0,98.0,1.0,86.0,63.0,0.0,55.0,496.0,3.0,541.0
경기도교육청,경기도평택교육지원청,경기도 평택시,S090007450,세아초등학교,2,공립,N,,12.0,9.0,118.0,9.0,10.0,101.0,27.0,7.0,82.0,15.0,7.0,83.0,13.0,5.0,87.0,15.0,3.0,70.0,91.0,41.0,541.0
경기도교육청,경기도성남교육지원청,경기도 성남시 분당구,S090007517,판교대장초등학교,2,공립,N,,150.0,0.0,0.0,132.0,0.0,0.0,118.0,0.0,0.0,119.0,1.0,0.0,97.0,0.0,0.0,72.0,1.0,0.0,688.0,2.0,0.0
경기도교육청,경기도광주하남교육지원청,경기도 하남시,S090007520,단샘초등학교,2,공립,N,,68.0,41.0,124.0,166.0,22.0,84.0,175.0,23.0,113.0,129.0,14.0,85.0,146.0,16.0,95.0,88.0,2.0,56.0,772.0,118.0,557.0
경기도교육청,경기도화성오산교육지원청,경기도 화성시,S090007523,새봄초등학교,2,공립,N,,73.0,1.0,77.0,125.0,3.0,48.0,111.0,0.0,38.0,119.0,3.0,45.0,112.0,3.0,36.0,69.0,0.0,19.0,609.0,10.0,263.0
경기도교육청,경기도파주교육지원청,경기도 파주시,S090007576,초롱초등학교,2,공립,N,,105.0,0.0,0.0,90.0,0.0,0.0,79.0,0.0,0.0,76.0,0.0,0.0,59.0,0.0,0.0,23.0,0.0,0.0,432.0,0.0,0.0
경기도교육청,경기도구리남양주교육지원청,경기도 남양주시,S090007581,다산별빛초등학교,2,공립,N,,88.0,0.0,0.0,69.0,0.0,0.0,64.0,0.0,0.0,53.0,0.0,0.0,54.0,0.0,0.0,15.0,0.0,0.0,343.0,0.0,0.0
경기도교육청,경기도파주교육지원청,경기도 파주시,S090007583,다율초등학교,2,공립,N,,0.0,0.0,0.0,0.0,0.0,0.0,0.0,0.0,0.0,0.0,0.0,0.0,0.0,0.0,0.0,0.0,0.0,0.0,0.0,0.0,0.0
경기도교육청,경기도고양교육지원청,경기도 고양시 덕양구,S090007603,원흥초등학교,2,공립,N,,11.0,3.0,88.0,20.0,1.0,44.0,21.0,1.0,33.0,18.0,1.0,29.0,11.0,1.0,23.0,16.0,3.0,25.0,97.0,10.0,242.0
경기도교육청,경기도평택교육지원청,경기도 평택시,S090007607,평택모산초등학교,2,공립,N,,22.0,2.0,224.0,33.0,6.0,136.0,34.0,0.0,162.0,45.0,3.0,153.0,33.0,4.0,122.0,25.0,2.0,102.0,192.0,17.0,899.0
경기도교육청,경기도시흥교육지원청,경기도 시흥시,S090007611,시흥가온초등학교,2,공립,N,,7.0,1.0,256.0,25.0,2.0,178.0,29.0,5.0,223.0,24.0,3.0,186.0,23.0,0.0,168.0,20.0,0.0,130.0,128.0,11.0,1141.0
경기도교육청,경기도김포교육지원청,경기도 김포시,S090007614,향산초등학교,2,공립,N,,7.0,2.0,207.0,12.0,3.0,170.0,9.0,3.0,165.0,11.0,1.0,151.0,5.0,3.0,120.0,2.0,1.0,90.0,46.0,13.0,903.0
경기도교육청,경기도김포교육지원청,경기도 김포시,S090007616,김포나진초등학교,2,공립,N,,2.0,4.0,250.0,14.0,6.0,201.0,16.0,5.0,172.0,18.0,4.0,176.0,14.0,4.0,113.0,11.0,4.0,84.0,75.0,27.0,996.0
경기도교육청,경기도김포교육지원청,경기도 김포시,S090007618,김포구래초등학교,2,공립,N,,3.0,9.0,204.0,12.0,9.0,127.0,19.0,0.0,116.0,8.0,7.0,101.0,7.0,1.0,65.0,6.0,3.0,40.0,55.0,29.0,653.0
경기도교육청,경기도포천교육지원청,경기도 포천시,S090007911,포담초등학교,2,공립,N,,0.0,0.0,0.0,0.0,0.0,0.0,0.0,0.0,0.0,0.0,0.0,0.0,0.0,0.0,0.0,0.0,0.0,0.0,0.0,0.0,0.0
강원도교육청,강원도춘천교육지원청,강원도 춘천시,S000003568,춘천교육대학교부설초등학교,2,국립,N,,0.0,0.0,61.0,0.0,0.0,74.0,0.0,2.0,70.0,0.0,1.0,70.0,0.0,0.0,73.0,0.0,0.0,74.0,0.0,3.0,422.0
강원도교육청,강원도강릉교육지원청,강원도 강릉시,S100000566,강동초등학교,2,공립,N,,2.0,5.0,13.0,1.0,2.0,4.0,0.0,6.0,11.0,3.0,6.0,11.0,0.0,4.0,12.0,0.0,0.0,20.0,6.0,23.0,71.0
강원도교육청,강원도강릉교육지원청,강원도 강릉시,S100000567,강릉초등학교,2,공립,N,,3.0,2.0,69.0,2.0,3.0,72.0,2.0,5.0,83.0,2.0,7.0,92.0,3.0,4.0,82.0,2.0,2.0,100.0,14.0,23.0,498.0
강원도교육청,강원도강릉교육지원청,강원도 강릉시,S100000568,경포대초등학교,2,공립,N,,2.0,2.0,11.0,1.0,1.0,14.0,2.0,2.0,12.0,0.0,3.0,13.0,0.0,0.0,10.0,0.0,0.0,16.0,5.0,8.0,76.0
강원도교육청,강원도강릉교육지원청,강원도 강릉시,S100000569,경포초등학교,2,공립,N,,4.0,1.0,49.0,2.0,3.0,66.0,6.0,6.0,89.0,8.0,4.0,102.0,5.0,6.0,79.0,5.0,2.0,84.0,30.0,22.0,469.0
강원도교육청,강원도강릉교육지원청,강원도 강릉시,S100000573,교동초등학교,2,공립,N,,2.0,3.0,52.0,5.0,0.0,46.0,5.0,8.0,62.0,1.0,4.0,70.0,4.0,7.0,57.0,7.0,1.0,76.0,24.0,23.0,363.0
강원도교육청,강원도강릉교육지원청,강원도 강릉시,S100000574,구정초등학교,2,공립,N,,3.0,0.0,20.0,3.0,1.0,21.0,1.0,0.0,14.0,1.0,2.0,18.0,1.0,0.0,11.0,0.0,4.0,16.0,9.0,7.0,100.0
강원도교육청,강원도강릉교육지원청,강원도 강릉시,S100000575,금광초등학교,2,공립,N,,1.0,1.0,15.0,1.0,0.0,10.0,0.0,2.0,14.0,2.0,1.0,8.0,0.0,1.0,21.0,3.0,0.0,17.0,7.0,5.0,85.0
강원도교육청,강원도강릉교육지원청,강원도 강릉시,S100000576,옥계초등학교금진분교장,2,공립,N,,0.0,0.0,3.0,0.0,0.0,1.0,0.0,0.0,2.0,0.0,2.0,3.0,1.0,0.0,1.0,0.0,1.0,2.0,1.0,3.0,12.0
강원도교육청,강원도강릉교육지원청,강원도 강릉시,S100000578,남강초등학교,2,공립,N,,1.0,3.0,27.0,1.0,2.0,19.0,1.0,1.0,24.0,1.0,1.0,27.0,1.0,1.0,27.0,0.0,0.0,39.0,5.0,8.0,163.0
강원도교육청,강원도강릉교육지원청,강원도 강릉시,S100000579,남산초등학교,2,공립,N,,3.0,2.0,58.0,5.0,8.0,59.0,1.0,4.0,92.0,3.0,2.0,80.0,1.0,3.0,90.0,1.0,1.0,86.0,14.0,20.0,465.0
강원도교육청,강원도강릉교육지원청,강원도 강릉시,S100000582,노암초등학교,2,공립,N,,1.0,1.0,37.0,3.0,1.0,43.0,4.0,0.0,46.0,4.0,1.0,55.0,6.0,4.0,52.0,1.0,2.0,56.0,19.0,9.0,289.0
강원도교육청,강원도강릉교육지원청,강원도 강릉시,S100000586,동명초등학교,2,공립,N,,0.0,5.0,73.0,5.0,5.0,75.0,3.0,10.0,80.0,2.0,7.0,72.0,5.0,7.0,77.0,1.0,2.0,63.0,16.0,36.0,440.0
강원도교육청,강원도강릉교육지원청,강원도 강릉시,S100000587,명주초등학교,2,공립,N,,3.0,3.0,100.0,3.0,6.0,114.0,2.0,7.0,118.0,3.0,3.0,107.0,4.0,4.0,120.0,0.0,0.0,103.0,15.0,23.0,662.0
강원도교육청,강원도강릉교육지원청,강원도 강릉시,S100000588,모산초등학교,2,공립,N,,1.0,4.0,13.0,0.0,1.0,13.0,0.0,1.0,16.0,1.0,6.0,10.0,0.0,2.0,17.0,0.0,1.0,7.0,2.0,15.0,76.0
강원도교육청,강원도강릉교육지원청,강원도 강릉시,S100000596,사천초등학교,2,공립,N,,1.0,0.0,11.0,2.0,2.0,10.0,2.0,1.0,14.0,1.0,0.0,12.0,1.0,2.0,10.0,1.0,0.0,12.0,8.0,5.0,69.0
강원도교육청,강원도강릉교육지원청,강원도 강릉시,S100000605,성덕초등학교,2,공립,N,,6.0,6.0,87.0,4.0,11.0,105.0,3.0,8.0,118.0,7.0,5.0,127.0,2.0,7.0,109.0,3.0,13.0,129.0,25.0,50.0,675.0
강원도교육청,강원도강릉교육지원청,강원도 강릉시,S100000607,성산초등학교,2,공립,N,,0.0,1.0,10.0,6.0,0.0,10.0,3.0,0.0,12.0,2.0,0.0,13.0,2.0,0.0,13.0,0.0,0.0,1.0,13.0,1.0,59.0
강원도교육청,강원도강릉교육지원청,강원도 강릉시,S100000609,송양초등학교,2,공립,N,,3.0,0.0,15.0,2.0,2.0,17.0,5.0,4.0,16.0,0.0,1.0,16.0,0.0,0.0,17.0,1.0,2.0,26.0,11.0,9.0,107.0
강원도교육청,강원도강릉교육지원청,강원도 강릉시,S100000611,신영초등학교,2,공립,N,,0.0,0.0,5.0,1.0,0.0,7.0,0.0,1.0,5.0,0.0,0.0,6.0,0.0,0.0,5.0,0.0,0.0,4.0,1.0,1.0,32.0
강원도교육청,강원도강릉교육지원청,강원도 강릉시,S100000612,신왕초등학교,2,공립,N,,0.0,0.0,7.0,0.0,0.0,12.0,0.0,5.0,9.0,0.0,0.0,11.0,0.0,1.0,9.0,0.0,0.0,7.0,0.0,6.0,55.0
강원도교육청,강원도강릉교육지원청,강원도 강릉시,S100000619,연곡초등학교,2,공립,N,,1.0,1.0,28.0,4.0,7.0,34.0,0.0,4.0,30.0,3.0,6.0,32.0,2.0,0.0,29.0,0.0,5.0,27.0,10.0,23.0,180.0
강원도교육청,강원도강릉교육지원청,강원도 강릉시,S100000621,영동초등학교,2,공립,N,,2.0,0.0,13.0,3.0,2.0,17.0,0.0,2.0,31.0,0.0,1.0,25.0,2.0,0.0,16.0,2.0,0.0,27.0,9.0,5.0,129.0
강원도교육청,강원도강릉교육지원청,강원도 강릉시,S100000622,옥계초등학교,2,공립,N,,0.0,1.0,9.0,0.0,0.0,6.0,0.0,2.0,10.0,1.0,1.0,9.0,1.0,2.0,9.0,1.0,2.0,9.0,3.0,8.0,52.0
강원도교육청,강원도강릉교육지원청,강원도 강릉시,S100000627,옥천초등학교,2,공립,N,,0.0,0.0,24.0,2.0,0.0,32.0,6.0,5.0,32.0,4.0,5.0,28.0,3.0,0.0,35.0,1.0,1.0,33.0,16.0,11.0,184.0
강원도교육청,강원도강릉교육지원청,강원도 강릉시,S100000629,왕산초등학교,2,공립,N,,1.0,0.0,5.0,1.0,3.0,6.0,1.0,0.0,10.0,0.0,0.0,7.0,0.0,0.0,10.0,0.0,0.0,6.0,3.0,3.0,44.0
강원도교육청,강원도강릉교육지원청,강원도 강릉시,S100000638,운양초등학교,2,공립,N,,2.0,0.0,11.0,1.0,0.0,13.0,1.0,1.0,13.0,0.0,1.0,9.0,1.0,0.0,10.0,0.0,0.0,9.0,5.0,2.0,65.0
강원도교육청,강원도강릉교육지원청,강원도 강릉시,S100000639,율곡초등학교,2,공립,N,,6.0,3.0,134.0,7.0,6.0,134.0,10.0,15.0,194.0,6.0,7.0,155.0,10.0,7.0,176.0,5.0,7.0,171.0,44.0,45.0,964.0
강원도교육청,강원도강릉교육지원청,강원도 강릉시,S100000640,임곡초등학교,2,공립,N,,0.0,1.0,13.0,0.0,1.0,10.0,0.0,2.0,10.0,0.0,0.0,12.0,0.0,1.0,7.0,0.0,0.0,12.0,0.0,5.0,64.0
강원도교육청,강원도강릉교육지원청,강원도 강릉시,S100000641,정동초등학교,2,공립,N,,0.0,1.0,3.0,0.0,1.0,13.0,0.0,2.0,10.0,1.0,0.0,9.0,0.0,0.0,10.0,0.0,1.0,8.0,1.0,5.0,53.0
강원도교육청,강원도강릉교육지원청,강원도 강릉시,S100000644,주문진초등학교,2,공립,N,,5.0,3.0,39.0,1.0,1.0,51.0,2.0,1.0,50.0,8.0,5.0,62.0,1.0,2.0,63.0,12.0,11.0,52.0,29.0,23.0,317.0
강원도교육청,강원도강릉교육지원청,강원도 강릉시,S100000646,주영초등학교,2,공립,N,,3.0,1.0,19.0,3.0,2.0,15.0,4.0,0.0,23.0,3.0,1.0,18.0,1.0,2.0,5.0,2.0,1.0,20.0,16.0,7.0,100.0
강원도교육청,강원도강릉교육지원청,강원도 강릉시,S100000647,중앙초등학교,2,공립,N,,3.0,5.0,141.0,4.0,1.0,114.0,2.0,1.0,159.0,0.0,4.0,174.0,0.0,3.0,174.0,4.0,2.0,183.0,13.0,16.0,945.0
강원도교육청,강원도강릉교육지원청,강원도 강릉시,S100000648,초당초등학교,2,공립,N,,5.0,1.0,36.0,5.0,1.0,41.0,3.0,4.0,39.0,5.0,1.0,53.0,1.0,1.0,50.0,0.0,0.0,50.0,19.0,8.0,269.0
강원도교육청,강원도강릉교육지원청,강원도 강릉시,S100000650,포남초등학교,2,공립,N,,0.0,0.0,20.0,3.0,1.0,25.0,2.0,4.0,23.0,0.0,2.0,28.0,2.0,1.0,39.0,0.0,1.0,24.0,7.0,9.0,159.0
강원도교육청,강원도강릉교육지원청,강원도 강릉시,S100000651,한솔초등학교,2,공립,N,,4.0,4.0,51.0,5.0,3.0,74.0,4.0,4.0,67.0,8.0,4.0,68.0,2.0,2.0,87.0,3.0,2.0,95.0,26.0,19.0,442.0
강원도교육청,강원도고성교육지원청,강원도 고성군,S100000718,간성초등학교,2,공립,N,,7.0,2.0,34.0,12.0,4.0,53.0,3.0,7.0,51.0,4.0,4.0,53.0,7.0,6.0,49.0,2.0,2.0,49.0,35.0,25.0,289.0
강원도교육청,강원도고성교육지원청,강원도 고성군,S100000720,거성초등학교,2,공립,N,,0.0,0.0,5.0,0.0,1.0,10.0,0.0,1.0,6.0,0.0,1.0,6.0,1.0,0.0,10.0,0.0,0.0,6.0,1.0,3.0,43.0
강원도교육청,강원도고성교육지원청,강원도 고성군,S100000721,거진초등학교,2,공립,N,,0.0,0.0,17.0,0.0,2.0,12.0,1.0,0.0,14.0,0.0,4.0,17.0,0.0,3.0,12.0,0.0,0.0,15.0,1.0,9.0,87.0
강원도교육청,강원도고성교육지원청,강원도 고성군,S100000726,공현진초등학교,2,공립,N,,3.0,1.0,9.0,1.0,0.0,10.0,1.0,2.0,6.0,0.0,1.0,7.0,2.0,1.0,6.0,1.0,0.0,10.0,8.0,5.0,48.0
강원도교육청,강원도고성교육지원청,강원도 고성군,S100000727,광산초등학교,2,공립,N,,1.0,0.0,13.0,1.0,0.0,6.0,2.0,2.0,7.0,1.0,1.0,14.0,0.0,0.0,3.0,0.0,0.0,6.0,5.0,3.0,49.0
강원도교육청,강원도고성교육지원청,강원도 고성군,S100000731,대진초등학교,2,공립,N,,0.0,0.0,10.0,0.0,0.0,4.0,0.0,0.0,9.0,1.0,0.0,4.0,0.0,1.0,7.0,0.0,0.0,6.0,1.0,1.0,40.0
강원도교육청,강원도고성교육지원청,강원도 고성군,S100000733,도학초등학교,2,공립,N,,1.0,0.0,9.0,0.0,1.0,8.0,0.0,0.0,7.0,2.0,1.0,7.0,1.0,1.0,6.0,0.0,2.0,5.0,4.0,5.0,42.0
강원도교육청,강원도고성교육지원청,강원도 고성군,S100000734,동광초등학교,2,공립,N,,0.0,1.0,9.0,1.0,0.0,6.0,0.0,2.0,6.0,1.0,0.0,8.0,0.0,0.0,4.0,0.0,0.0,5.0,2.0,3.0,38.0
강원도교육청,강원도고성교육지원청,강원도 고성군,S100000736,대진초등학교명파분교장,2,공립,N,,0.0,0.0,1.0,0.0,0.0,1.0,1.0,0.0,2.0,0.0,0.0,1.0,0.0,0.0,1.0,0.0,0.0,0.0,1.0,0.0,6.0
강원도교육청,강원도고성교육지원청,강원도 고성군,S100000740,아야진초등학교,2,공립,N,,6.0,3.0,21.0,2.0,0.0,16.0,0.0,2.0,17.0,1.0,1.0,18.0,2.0,4.0,7.0,0.0,1.0,6.0,11.0,11.0,85.0
강원도교육청,강원도고성교육지원청,강원도 고성군,S100000742,오호초등학교,2,공립,N,,1.0,0.0,4.0,0.0,0.0,7.0,0.0,0.0,2.0,0.0,1.0,7.0,0.0,0.0,10.0,0.0,0.0,6.0,1.0,1.0,36.0
강원도교육청,강원도고성교육지원청,강원도 고성군,S100000743,인흥초등학교,2,공립,N,,1.0,1.0,10.0,1.0,1.0,9.0,0.0,3.0,9.0,0.0,0.0,5.0,0.0,0.0,11.0,0.0,0.0,9.0,2.0,5.0,53.0
강원도교육청,강원도고성교육지원청,강원도 고성군,S100000745,죽왕초등학교,2,공립,N,,0.0,1.0,6.0,2.0,1.0,8.0,0.0,3.0,13.0,1.0,0.0,5.0,0.0,3.0,10.0,1.0,0.0,8.0,4.0,8.0,50.0
강원도교육청,강원도고성교육지원청,강원도 고성군,S100000748,천진초등학교,2,공립,N,,6.0,3.0,19.0,10.0,1.0,13.0,16.0,0.0,15.0,5.0,1.0,23.0,8.0,0.0,12.0,4.0,1.0,9.0,49.0,6.0,91.0
강원도교육청,강원도고성교육지원청,강원도 고성군,S100000750,광산초등학교흘리분교장,2,공립,N,,0.0,0.0,0.0,0.0,1.0,1.0,0.0,0.0,1.0,0.0,2.0,3.0,0.0,0.0,2.0,0.0,0.0,1.0,0.0,3.0,8.0
강원도교육청,강원도동해교육지원청,강원도 동해시,S100000777,남호초등학교,2,공립,N,,2.0,3.0,120.0,3.0,9.0,130.0,6.0,4.0,154.0,5.0,8.0,152.0,1.0,9.0,164.0,1.0,7.0,132.0,18.0,40.0,852.0
강원도교육청,강원도동해교육지원청,강원도 동해시,S100000778,동해삼육초등학교,2,사립,N,,6.0,2.0,39.0,3.0,3.0,30.0,5.0,4.0,28.0,6.0,5.0,29.0,7.0,6.0,29.0,1.0,3.0,32.0,28.0,23.0,187.0
강원도교육청,강원도동해교육지원청,강원도 동해시,S100000779,동해중앙초등학교,2,공립,N,,6.0,13.0,118.0,11.0,9.0,116.0,6.0,19.0,132.0,15.0,9.0,133.0,10.0,11.0,124.0,4.0,8.0,146.0,52.0,69.0,769.0
강원도교육청,강원도동해교육지원청,강원도 동해시,S100000780,동해초등학교,2,공립,N,,1.0,4.0,42.0,9.0,6.0,37.0,3.0,8.0,52.0,2.0,0.0,41.0,1.0,3.0,45.0,3.0,4.0,43.0,19.0,25.0,260.0
강원도교육청,강원도동해교육지원청,강원도 동해시,S100000781,동호초등학교,2,공립,N,,0.0,0.0,45.0,2.0,3.0,49.0,2.0,4.0,58.0,2.0,2.0,55.0,1.0,6.0,54.0,2.0,2.0,42.0,9.0,17.0,303.0
강원도교육청,강원도동해교육지원청,강원도 동해시,S100000782,망상초등학교,2,공립,N,,0.0,1.0,13.0,1.0,1.0,14.0,0.0,0.0,15.0,0.0,2.0,7.0,0.0,1.0,13.0,0.0,0.0,5.0,1.0,5.0,67.0
강원도교육청,강원도동해교육지원청,강원도 동해시,S100000783,묵호초등학교,2,공립,N,,1.0,0.0,10.0,4.0,1.0,16.0,1.0,0.0,10.0,2.0,2.0,17.0,2.0,2.0,15.0,1.0,0.0,17.0,11.0,5.0,85.0
강원도교육청,강원도동해교육지원청,강원도 동해시,S100000784,북삼초등학교,2,공립,N,,7.0,5.0,52.0,5.0,5.0,60.0,11.0,4.0,51.0,10.0,3.0,74.0,8.0,3.0,60.0,5.0,1.0,72.0,46.0,21.0,369.0
강원도교육청,강원도동해교육지원청,강원도 동해시,S100000785,북평초등학교,2,공립,N,,7.0,8.0,117.0,11.0,7.0,93.0,11.0,3.0,121.0,9.0,1.0,101.0,3.0,1.0,82.0,6.0,1.0,93.0,47.0,21.0,607.0
강원도교육청,강원도동해교육지원청,강원도 동해시,S100000787,삼화초등학교,2,공립,N,,1.0,2.0,9.0,1.0,2.0,13.0,2.0,2.0,9.0,0.0,2.0,15.0,0.0,0.0,15.0,1.0,0.0,14.0,5.0,8.0,75.0
강원도교육청,강원도동해교육지원청,강원도 동해시,S100000791,송정초등학교,2,공립,N,,2.0,0.0,9.0,0.0,1.0,13.0,0.0,3.0,15.0,0.0,2.0,18.0,0.0,1.0,18.0,0.0,0.0,9.0,2.0,7.0,82.0
강원도교육청,강원도동해교육지원청,강원도 동해시,S100000792,창호초등학교,2,공립,N,,4.0,0.0,10.0,3.0,0.0,6.0,0.0,0.0,11.0,0.0,0.0,8.0,0.0,0.0,7.0,0.0,0.0,8.0,7.0,0.0,50.0
강원도교육청,강원도동해교육지원청,강원도 동해시,S100000794,천곡초등학교,2,공립,N,,1.0,3.0,52.0,2.0,2.0,38.0,4.0,3.0,46.0,2.0,8.0,55.0,2.0,1.0,46.0,3.0,3.0,44.0,14.0,20.0,281.0
강원도교육청,강원도삼척교육지원청,강원도 삼척시,S100000852,근덕초등학교궁촌분교장,2,공립,N,,0.0,0.0,1.0,0.0,0.0,1.0,0.0,1.0,1.0,0.0,1.0,1.0,0.0,1.0,3.0,0.0,1.0,1.0,0.0,4.0,8.0
강원도교육청,강원도삼척교육지원청,강원도 삼척시,S100000855,근덕초등학교,2,공립,N,,0.0,0.0,20.0,0.0,1.0,20.0,0.0,3.0,19.0,0.0,6.0,27.0,0.0,2.0,17.0,0.0,1.0,15.0,0.0,13.0,118.0
강원도교육청,강원도삼척교육지원청,강원도 삼척시,S100000873,도계초등학교,2,공립,N,,0.0,0.0,17.0,0.0,1.0,24.0,0.0,5.0,31.0,0.0,0.0,20.0,1.0,2.0,29.0,0.0,0.0,28.0,1.0,8.0,149.0
강원도교육청,강원도삼척교육지원청,강원도 삼척시,S100000888,맹방초등학교,2,공립,N,,2.0,0.0,12.0,3.0,0.0,13.0,2.0,1.0,14.0,0.0,0.0,12.0,1.0,0.0,11.0,0.0,0.0,11.0,8.0,1.0,73.0
강원도교육청,강원도삼척교육지원청,강원도 삼척시,S100000891,미로초등학교,2,공립,N,,1.0,0.0,6.0,2.0,0.0,6.0,1.0,1.0,11.0,1.0,0.0,10.0,0.0,0.0,7.0,0.0,0.0,11.0,5.0,1.0,51.0
강원도교육청,강원도삼척교육지원청,강원도 삼척시,S100000897,삼척남초등학교,2,공립,N,,0.0,0.0,12.0,0.0,0.0,6.0,2.0,1.0,5.0,0.0,3.0,9.0,1.0,0.0,10.0,2.0,0.0,7.0,5.0,4.0,49.0
강원도교육청,강원도삼척교육지원청,강원도 삼척시,S100000898,삼척중앙초등학교,2,공립,N,,0.0,1.0,6.0,0.0,0.0,2.0,0.0,0.0,1.0,0.0,0.0,5.0,0.0,0.0,0.0,0.0,0.0,4.0,0.0,1.0,18.0
강원도교육청,강원도삼척교육지원청,강원도 삼척시,S100000899,삼척초등학교,2,공립,N,,4.0,5.0,133.0,3.0,10.0,143.0,5.0,7.0,154.0,5.0,9.0,147.0,5.0,6.0,153.0,2.0,7.0,115.0,24.0,44.0,845.0
강원도교육청,강원도삼척교육지원청,강원도 삼척시,S100000900,서부초등학교,2,공립,N,,1.0,1.0,30.0,0.0,1.0,39.0,1.0,2.0,41.0,0.0,2.0,36.0,3.0,1.0,41.0,0.0,1.0,50.0,5.0,8.0,237.0
강원도교육청,강원도삼척교육지원청,강원도 삼척시,S100000902,도계초등학교소달분교장,2,공립,N,,0.0,0.0,0.0,0.0,0.0,0.0,0.0,0.0,1.0,0.0,0.0,2.0,0.0,0.0,1.0,0.0,0.0,3.0,0.0,0.0,7.0
강원도교육청,강원도삼척교육지원청,강원도 삼척시,S100000908,신동초등학교,2,공립,N,,0.0,1.0,1.0,0.0,1.0,2.0,0.0,0.0,2.0,0.0,0.0,3.0,0.0,1.0,4.0,0.0,0.0,0.0,0.0,3.0,12.0
강원도교육청,강원도삼척교육지원청,강원도 삼척시,S100000919,오저초등학교,2,공립,N,,0.0,0.0,2.0,0.0,0.0,1.0,0.0,0.0,1.0,0.0,1.0,2.0,0.0,1.0,5.0,0.0,0.0,2.0,0.0,2.0,13.0
강원도교육청,강원도삼척교육지원청,강원도 삼척시,S100000925,임원초등학교,2,공립,N,,1.0,0.0,1.0,1.0,0.0,7.0,0.0,0.0,0.0,0.0,0.0,7.0,0.0,0.0,2.0,0.0,0.0,6.0,2.0,0.0,23.0
강원도교육청,강원도삼척교육지원청,강원도 삼척시,S100000928,장원초등학교,2,공립,N,,0.0,1.0,8.0,1.0,1.0,6.0,0.0,1.0,12.0,0.0,1.0,9.0,0.0,1.0,10.0,0.0,2.0,21.0,1.0,7.0,66.0
강원도교육청,강원도삼척교육지원청,강원도 삼척시,S100000930,장호초등학교,2,공립,N,,0.0,0.0,4.0,0.0,0.0,1.0,0.0,0.0,4.0,1.0,1.0,1.0,0.0,0.0,2.0,0.0,0.0,3.0,1.0,1.0,15.0
강원도교육청,강원도삼척교육지원청,강원도 삼척시,S100000933,정라초등학교,2,공립,N,,3.0,7.0,87.0,3.0,4.0,99.0,4.0,8.0,113.0,4.0,8.0,90.0,5.0,3.0,130.0,2.0,5.0,111.0,21.0,35.0,630.0
강원도교육청,강원도삼척교육지원청,강원도 삼척시,S100000934,진주초등학교,2,공립,N,,0.0,1.0,22.0,1.0,0.0,18.0,2.0,0.0,31.0,2.0,2.0,42.0,1.0,2.0,24.0,1.0,1.0,31.0,7.0,6.0,168.0
강원도교육청,강원도삼척교육지원청,강원도 삼척시,S100000944,하장초등학교,2,공립,N,,0.0,0.0,2.0,2.0,0.0,0.0,0.0,0.0,4.0,0.0,0.0,4.0,2.0,0.0,4.0,0.0,0.0,1.0,4.0,0.0,15.0
강원도교육청,강원도삼척교육지원청,강원도 삼척시,S100000952,호산초등학교,2,공립,N,,0.0,4.0,13.0,0.0,1.0,7.0,3.0,2.0,12.0,0.0,1.0,10.0,0.0,1.0,10.0,1.0,0.0,8.0,4.0,9.0,60.0
강원도교육청,강원도삼척교육지원청,강원도 삼척시,S100000959,흥전초등학교,2,공립,N,,0.0,1.0,5.0,0.0,0.0,5.0,0.0,0.0,7.0,0.0,0.0,4.0,0.0,0.0,4.0,0.0,0.0,5.0,0.0,1.0,30.0
강원도교육청,강원도속초양양교육지원청,강원도 양양군,S100001003,강현초등학교,2,공립,N,,0.0,1.0,13.0,1.0,0.0,13.0,3.0,0.0,13.0,1.0,0.0,9.0,0.0,1.0,8.0,1.0,0.0,9.0,6.0,2.0,65.0
강원도교육청,강원도속초양양교육지원청,강원도 양양군,S100001004,상평초등학교공수전분교장,2,공립,N,,0.0,0.0,0.0,0.0,0.0,5.0,0.0,0.0,1.0,0.0,0.0,0.0,0.0,0.0,1.0,0.0,0.0,2.0,0.0,0.0,9.0
강원도교육청,강원도속초양양교육지원청,강원도 양양군,S100001006,광정초등학교,2,공립,N,,1.0,0.0,3.0,0.0,1.0,3.0,1.0,2.0,7.0,3.0,0.0,7.0,0.0,0.0,2.0,0.0,0.0,6.0,5.0,3.0,28.0
강원도교육청,강원도속초양양교육지원청,강원도 속초시,S100001007,교동초등학교,2,공립,N,,8.0,9.0,115.0,8.0,6.0,89.0,14.0,9.0,152.0,19.0,6.0,141.0,6.0,10.0,166.0,11.0,7.0,142.0,66.0,47.0,805.0
강원도교육청,강원도속초양양교육지원청,강원도 양양군,S100001008,남애초등학교,2,공립,N,,0.0,0.0,0.0,1.0,0.0,0.0,2.0,0.0,2.0,0.0,0.0,3.0,0.0,0.0,4.0,0.0,0.0,1.0,3.0,0.0,10.0
강원도교육청,강원도속초양양교육지원청,강원도 속초시,S100001010,대포초등학교,2,공립,N,,0.0,1.0,12.0,0.0,0.0,13.0,1.0,0.0,5.0,1.0,1.0,13.0,0.0,0.0,8.0,0.0,0.0,13.0,2.0,2.0,64.0
강원도교육청,강원도속초양양교육지원청,강원도 양양군,S100001013,상평초등학교,2,공립,N,,0.0,3.0,7.0,0.0,1.0,9.0,2.0,2.0,10.0,0.0,0.0,6.0,0.0,1.0,14.0,0.0,2.0,9.0,2.0,9.0,55.0
강원도교육청,강원도속초양양교육지원청,강원도 속초시,S100001018,설악초등학교,2,공립,N,,0.0,2.0,10.0,0.0,2.0,14.0,1.0,0.0,11.0,1.0,0.0,8.0,1.0,0.0,8.0,1.0,0.0,10.0,4.0,4.0,61.0
강원도교육청,강원도속초양양교육지원청,강원도 속초시,S100001019,속초초등학교,2,공립,N,,4.0,2.0,33.0,7.0,3.0,30.0,5.0,3.0,30.0,1.0,6.0,35.0,3.0,5.0,42.0,3.0,4.0,44.0,23.0,23.0,214.0
강원도교육청,강원도속초양양교육지원청,강원도 양양군,S100001020,손양초등학교,2,공립,N,,0.0,0.0,4.0,2.0,0.0,6.0,0.0,0.0,3.0,0.0,0.0,6.0,0.0,0.0,7.0,0.0,0.0,10.0,2.0,0.0,36.0
강원도교육청,강원도속초양양교육지원청,강원도 양양군,S100001021,송포초등학교,2,공립,N,,0.0,2.0,6.0,1.0,1.0,8.0,1.0,0.0,2.0,1.0,0.0,8.0,0.0,0.0,3.0,0.0,0.0,2.0,3.0,3.0,29.0
강원도교육청,강원도속초양양교육지원청,강원도 양양군,S100001022,양양초등학교,2,공립,N,,6.0,4.0,82.0,9.0,8.0,74.0,7.0,7.0,97.0,5.0,10.0,92.0,2.0,4.0,84.0,2.0,4.0,90.0,31.0,37.0,519.0
강원도교육청,강원도속초양양교육지원청,강원도 속초시,S100001024,영랑초등학교,2,공립,N,,0.0,5.0,27.0,3.0,3.0,31.0,2.0,6.0,23.0,1.0,3.0,25.0,2.0,1.0,33.0,1.0,0.0,19.0,9.0,18.0,158.0
강원도교육청,강원도속초양양교육지원청,강원도 양양군,S100001025,상평초등학교오색분교장,2,공립,N,,1.0,0.0,0.0,1.0,0.0,0.0,0.0,0.0,0.0,0.0,0.0,1.0,0.0,0.0,0.0,0.0,0.0,2.0,2.0,0.0,3.0
강원도교육청,강원도속초양양교육지원청,강원도 속초시,S100001026,온정초등학교,2,공립,N,,3.0,1.0,12.0,2.0,2.0,12.0,2.0,2.0,14.0,1.0,1.0,10.0,2.0,1.0,13.0,0.0,1.0,7.0,10.0,8.0,68.0
강원도교육청,강원도속초양양교육지원청,강원도 양양군,S100001029,인구초등학교,2,공립,N,,0.0,0.0,3.0,0.0,1.0,8.0,0.0,0.0,4.0,0.0,0.0,8.0,0.0,1.0,8.0,0.0,0.0,0.0,0.0,2.0,31.0
강원도교육청,강원도속초양양교육지원청,강원도 양양군,S100001035,조산초등학교,2,공립,N,,2.0,0.0,4.0,0.0,2.0,8.0,2.0,2.0,8.0,1.0,0.0,6.0,2.0,0.0,6.0,3.0,0.0,10.0,10.0,4.0,42.0
강원도교육청,강원도속초양양교육지원청,강원도 속초시,S100001037,조양초등학교,2,공립,N,,6.0,4.0,62.0,3.0,9.0,64.0,4.0,5.0,65.0,5.0,7.0,49.0,1.0,5.0,63.0,4.0,4.0,44.0,23.0,34.0,347.0
강원도교육청,강원도속초양양교육지원청,강원도 속초시,S100001039,중앙초등학교,2,공립,N,,2.0,0.0,48.0,7.0,2.0,26.0,0.0,1.0,53.0,1.0,1.0,44.0,0.0,0.0,45.0,2.0,0.0,45.0,12.0,4.0,261.0
강원도교육청,강원도속초양양교육지원청,강원도 속초시,S100001040,청대초등학교,2,공립,N,,4.0,4.0,122.0,5.0,6.0,98.0,11.0,7.0,113.0,9.0,3.0,127.0,3.0,2.0,123.0,5.0,1.0,118.0,37.0,23.0,701.0
강원도교육청,강원도속초양양교육지원청,강원도 속초시,S100001041,청호초등학교,2,공립,N,,2.0,1.0,17.0,2.0,0.0,9.0,2.0,0.0,15.0,2.0,0.0,8.0,3.0,2.0,11.0,1.0,1.0,11.0,12.0,4.0,71.0
강원도교육청,강원도속초양양교육지원청,강원도 양양군,S100001042,한남초등학교,2,공립,N,,0.0,2.0,8.0,1.0,4.0,7.0,0.0,2.0,10.0,0.0,0.0,6.0,0.0,1.0,8.0,0.0,0.0,3.0,1.0,9.0,42.0
강원도교육청,강원도속초양양교육지원청,강원도 양양군,S100001043,현북초등학교,2,공립,N,,2.0,0.0,6.0,3.0,0.0,6.0,5.0,0.0,6.0,1.0,0.0,4.0,2.0,0.0,4.0,0.0,0.0,1.0,13.0,0.0,27.0
강원도교육청,강원도속초양양교육지원청,강원도 양양군,S100001044,상평초등학교현서분교장,2,공립,N,,0.0,0.0,0.0,0.0,0.0,0.0,0.0,0.0,3.0,0.0,0.0,2.0,1.0,0.0,1.0,0.0,0.0,1.0,1.0,0.0,7.0
강원도교육청,강원도속초양양교육지원청,강원도 양양군,S100001047,현성초등학교,2,공립,N,,0.0,0.0,1.0,1.0,0.0,2.0,0.0,0.0,1.0,0.0,0.0,1.0,0.0,0.0,4.0,0.0,0.0,3.0,1.0,0.0,12.0
강원도교육청,강원도속초양양교육지원청,강원도 양양군,S100001050,회룡초등학교,2,공립,N,,0.0,0.0,5.0,1.0,1.0,3.0,0.0,0.0,6.0,1.0,0.0,4.0,0.0,1.0,3.0,0.0,0.0,6.0,2.0,2.0,27.0
강원도교육청,강원도양구교육지원청,강원도 양구군,S100001099,도촌초등학교,2,공립,N,,0.0,1.0,10.0,5.0,0.0,13.0,1.0,0.0,7.0,0.0,0.0,13.0,0.0,0.0,3.0,0.0,0.0,4.0,6.0,1.0,50.0
강원도교육청,강원도양구교육지원청,강원도 양구군,S100001101,방산초등학교,2,공립,N,,0.0,0.0,4.0,0.0,0.0,4.0,0.0,0.0,5.0,1.0,0.0,1.0,0.0,0.0,4.0,0.0,0.0,2.0,1.0,0.0,20.0
강원도교육청,강원도양구교육지원청,강원도 양구군,S100001103,비봉초등학교,2,공립,N,,0.0,0.0,26.0,6.0,7.0,25.0,0.0,0.0,19.0,3.0,0.0,26.0,0.0,1.0,26.0,0.0,3.0,19.0,9.0,11.0,141.0
강원도교육청,강원도양구교육지원청,강원도 양구군,S100001108,양구초등학교,2,공립,N,,5.0,1.0,60.0,6.0,5.0,77.0,15.0,11.0,109.0,5.0,9.0,83.0,8.0,10.0,96.0,3.0,6.0,79.0,42.0,42.0,504.0
강원도교육청,강원도양구교육지원청,강원도 양구군,S100001115,용하초등학교,2,공립,N,,2.0,0.0,7.0,2.0,0.0,2.0,2.0,0.0,3.0,0.0,0.0,13.0,0.0,0.0,4.0,0.0,0.0,7.0,6.0,0.0,36.0
강원도교육청,강원도양구교육지원청,강원도 양구군,S100001118,원당초등학교,2,공립,N,,0.0,0.0,9.0,0.0,0.0,2.0,0.0,1.0,6.0,0.0,1.0,7.0,0.0,0.0,2.0,0.0,1.0,3.0,0.0,3.0,29.0
강원도교육청,강원도양구교육지원청,강원도 양구군,S100001120,임당초등학교,2,공립,N,,1.0,0.0,6.0,1.0,0.0,10.0,1.0,0.0,7.0,3.0,0.0,7.0,0.0,0.0,5.0,2.0,0.0,5.0,8.0,0.0,40.0
강원도교육청,강원도양구교육지원청,강원도 양구군,S100001122,죽리초등학교,2,공립,N,,0.0,3.0,20.0,0.0,2.0,15.0,0.0,3.0,19.0,0.0,0.0,13.0,0.0,1.0,15.0,1.0,1.0,5.0,1.0,10.0,87.0
강원도교육청,강원도양구교육지원청,강원도 양구군,S100001128,한전초등학교,2,공립,N,,2.0,3.0,11.0,2.0,1.0,6.0,1.0,1.0,7.0,1.0,2.0,8.0,2.0,0.0,8.0,0.0,0.0,4.0,8.0,7.0,44.0
강원도교육청,강원도양구교육지원청,강원도 양구군,S100001129,해안초등학교,2,공립,N,,0.0,0.0,2.0,0.0,1.0,6.0,0.0,0.0,0.0,0.0,1.0,7.0,0.0,0.0,5.0,0.0,0.0,2.0,0.0,2.0,22.0
강원도교육청,강원도영월교육지원청,강원도 영월군,S100001160,구래초등학교,2,공립,N,,0.0,0.0,1.0,0.0,1.0,5.0,0.0,0.0,3.0,0.0,1.0,3.0,0.0,0.0,4.0,0.0,0.0,0.0,0.0,2.0,16.0
강원도교육청,강원도영월교육지원청,강원도 영월군,S100001173,내성초등학교,2,공립,N,,1.0,2.0,28.0,1.0,3.0,19.0,2.0,2.0,24.0,4.0,3.0,31.0,2.0,3.0,27.0,1.0,0.0,30.0,11.0,13.0,159.0
강원도교육청,강원도영월교육지원청,강원도 영월군,S100001174,녹전초등학교,2,공립,N,,0.0,0.0,2.0,0.0,0.0,5.0,0.0,1.0,3.0,0.0,0.0,5.0,0.0,0.0,3.0,0.0,0.0,6.0,0.0,1.0,24.0
강원도교육청,강원도영월교육지원청,강원도 영월군,S100001183,마차초등학교,2,공립,N,,0.0,0.0,1.0,0.0,0.0,3.0,1.0,1.0,4.0,0.0,1.0,5.0,1.0,0.0,6.0,0.0,1.0,4.0,2.0,3.0,23.0
강원도교육청,강원도영월교육지원청,강원도 영월군,S100001189,무릉초등학교,2,공립,N,,0.0,1.0,3.0,0.0,0.0,5.0,2.0,1.0,8.0,0.0,1.0,5.0,1.0,1.0,7.0,0.0,0.0,9.0,3.0,4.0,37.0
강원도교육청,강원도영월교육지원청,강원도 영월군,S100001203,봉래초등학교,2,공립,N,,1.0,1.0,14.0,1.0,1.0,6.0,1.0,2.0,14.0,1.0,3.0,20.0,2.0,4.0,15.0,0.0,1.0,15.0,6.0,12.0,84.0
강원도교육청,강원도영월교육지원청,강원도 영월군,S100001211,신천초등학교,2,공립,N,,0.0,1.0,8.0,2.0,1.0,4.0,3.0,0.0,2.0,1.0,1.0,5.0,2.0,1.0,1.0,0.0,1.0,4.0,8.0,5.0,24.0
강원도교육청,강원도영월교육지원청,강원도 영월군,S100001214,쌍룡초등학교,2,공립,N,,0.0,0.0,6.0,0.0,0.0,3.0,0.0,0.0,8.0,0.0,1.0,8.0,0.0,0.0,6.0,0.0,1.0,3.0,0.0,2.0,34.0
강원도교육청,강원도영월교육지원청,강원도 영월군,S100001219,연당초등학교,2,공립,N,,0.0,2.0,7.0,0.0,1.0,6.0,0.0,0.0,4.0,0.0,1.0,7.0,0.0,0.0,6.0,0.0,0.0,5.0,0.0,4.0,35.0
강원도교육청,강원도영월교육지원청,강원도 영월군,S100001226,영월초등학교연하분교장,2,공립,N,,0.0,0.0,0.0,0.0,0.0,1.0,0.0,0.0,0.0,0.0,0.0,0.0,0.0,0.0,0.0,1.0,0.0,2.0,1.0,0.0,3.0
강원도교육청,강원도영월교육지원청,강원도 영월군,S100001227,영월초등학교,2,공립,N,,2.0,4.0,84.0,7.0,1.0,102.0,8.0,6.0,107.0,4.0,3.0,105.0,7.0,4.0,109.0,1.0,1.0,98.0,29.0,19.0,605.0
강원도교육청,강원도영월교육지원청,강원도 영월군,S100001233,옥동초등학교,2,공립,N,,1.0,1.0,4.0,3.0,2.0,7.0,1.0,0.0,4.0,0.0,0.0,8.0,0.0,0.0,7.0,1.0,0.0,6.0,6.0,3.0,36.0
강원도교육청,강원도영월교육지원청,강원도 영월군,S100001249,주천초등학교,2,공립,N,,0.0,0.0,15.0,1.0,1.0,6.0,2.0,0.0,11.0,0.0,0.0,11.0,2.0,1.0,13.0,1.0,0.0,10.0,6.0,2.0,66.0
강원도교육청,강원도영월교육지원청,강원도 영월군,S100001259,청령포초등학교,2,공립,N,,0.0,0.0,6.0,0.0,0.0,7.0,0.0,3.0,12.0,1.0,0.0,17.0,0.0,1.0,14.0,0.0,0.0,8.0,1.0,4.0,64.0
강원도교육청,강원도원주교육지원청,강원도 원주시,S100001321,고산초등학교,2,공립,N,,1.0,0.0,12.0,1.0,0.0,11.0,0.0,0.0,10.0,0.0,1.0,5.0,0.0,0.0,11.0,1.0,0.0,6.0,3.0,1.0,55.0
강원도교육청,강원도원주교육지원청,강원도 원주시,S100001323,관설초등학교,2,공립,N,,2.0,2.0,14.0,1.0,1.0,3.0,2.0,0.0,9.0,1.0,1.0,11.0,0.0,0.0,4.0,2.0,0.0,11.0,8.0,4.0,52.0
강원도교육청,강원도원주교육지원청,강원도 원주시,S100001324,교동초등학교,2,공립,N,,6.0,0.0,53.0,4.0,4.0,72.0,3.0,0.0,62.0,8.0,5.0,60.0,3.0,1.0,61.0,5.0,3.0,58.0,29.0,13.0,366.0
강원도교육청,강원도원주교육지원청,강원도 원주시,S100001325,교학초등학교,2,공립,N,,0.0,0.0,6.0,0.0,0.0,4.0,6.0,0.0,7.0,0.0,0.0,3.0,2.0,0.0,14.0,0.0,0.0,5.0,8.0,0.0,39.0
강원도교육청,강원도원주교육지원청,강원도 원주시,S100001330,귀래초등학교,2,공립,N,,0.0,0.0,8.0,4.0,0.0,10.0,1.0,2.0,7.0,2.0,3.0,11.0,3.0,1.0,15.0,1.0,4.0,11.0,11.0,10.0,62.0
강원도교육청,강원도원주교육지원청,강원도 원주시,S100001335,금대초등학교,2,공립,N,,1.0,0.0,11.0,1.0,3.0,6.0,0.0,1.0,6.0,1.0,0.0,9.0,0.0,1.0,9.0,0.0,1.0,10.0,3.0,6.0,51.0
강원도교육청,강원도원주교육지원청,강원도 원주시,S100001338,남원주초등학교,2,공립,N,,11.0,5.0,120.0,20.0,14.0,117.0,16.0,11.0,162.0,14.0,11.0,138.0,17.0,13.0,188.0,8.0,6.0,171.0,86.0,60.0,896.0
강원도교육청,강원도원주교육지원청,강원도 원주시,S100001341,단계초등학교,2,공립,N,,6.0,2.0,103.0,8.0,11.0,120.0,6.0,7.0,107.0,7.0,16.0,121.0,4.0,3.0,109.0,3.0,4.0,103.0,34.0,43.0,663.0
강원도교육청,강원도원주교육지원청,강원도 원주시,S100001342,단구초등학교,2,공립,N,,2.0,1.0,39.0,4.0,2.0,44.0,10.0,3.0,57.0,5.0,4.0,54.0,2.0,4.0,61.0,2.0,1.0,45.0,25.0,15.0,300.0
강원도교육청,강원도원주교육지원청,강원도 원주시,S100001344,둔둔초등학교,2,공립,N,,1.0,3.0,19.0,2.0,3.0,13.0,3.0,8.0,11.0,3.0,1.0,19.0,2.0,6.0,16.0,2.0,1.0,22.0,13.0,22.0,100.0
강원도교육청,강원도원주교육지원청,강원도 원주시,S100001345,만종초등학교,2,공립,N,,1.0,1.0,15.0,1.0,0.0,14.0,0.0,0.0,11.0,3.0,0.0,14.0,0.0,1.0,12.0,0.0,0.0,13.0,5.0,2.0,79.0
강원도교육청,강원도원주교육지원청,강원도 원주시,S100001347,매지초등학교,2,공립,N,,0.0,0.0,5.0,0.0,2.0,8.0,0.0,2.0,10.0,0.0,2.0,4.0,0.0,0.0,9.0,1.0,0.0,6.0,1.0,6.0,42.0
강원도교육청,강원도원주교육지원청,강원도 원주시,S100001348,명륜초등학교,2,공립,N,,6.0,5.0,62.0,6.0,6.0,54.0,7.0,5.0,84.0,8.0,14.0,94.0,5.0,3.0,71.0,1.0,1.0,85.0,33.0,34.0,450.0
강원도교육청,강원도원주교육지원청,강원도 원주시,S100001349,문막초등학교,2,공립,N,,0.0,3.0,52.0,3.0,8.0,77.0,5.0,21.0,93.0,5.0,22.0,67.0,2.0,17.0,70.0,1.0,14.0,84.0,16.0,85.0,443.0
강원도교육청,강원도원주교육지원청,강원도 원주시,S100001351,반계초등학교,2,공립,N,,1.0,0.0,3.0,0.0,0.0,7.0,0.0,0.0,9.0,0.0,1.0,6.0,0.0,0.0,4.0,0.0,0.0,10.0,1.0,1.0,39.0
강원도교육청,강원도원주교육지원청,강원도 원주시,S100001354,봉대초등학교,2,공립,N,,3.0,9.0,161.0,18.0,13.0,133.0,12.0,12.0,151.0,13.0,11.0,153.0,13.0,13.0,145.0,14.0,14.0,136.0,73.0,72.0,879.0
강원도교육청,강원도원주교육지원청,강원도 원주시,S100001355,부론초등학교,2,공립,N,,1.0,0.0,5.0,3.0,1.0,5.0,0.0,0.0,5.0,1.0,1.0,5.0,0.0,0.0,8.0,0.0,0.0,10.0,5.0,2.0,38.0
강원도교육청,강원도원주교육지원청,강원도 원주시,S100001358,북원초등학교,2,공립,N,,1.0,6.0,32.0,0.0,0.0,27.0,2.0,0.0,28.0,3.0,1.0,40.0,0.0,1.0,39.0,4.0,0.0,30.0,10.0,8.0,196.0
강원도교육청,강원도원주교육지원청,강원도 원주시,S100001359,비두초등학교,2,공립,N,,0.0,0.0,5.0,0.0,1.0,6.0,0.0,0.0,4.0,0.0,0.0,4.0,0.0,0.0,4.0,0.0,0.0,6.0,0.0,1.0,29.0
강원도교육청,강원도원주교육지원청,강원도 원주시,S100001361,산현초등학교,2,공립,N,,0.0,1.0,7.0,2.0,1.0,8.0,1.0,2.0,6.0,0.0,2.0,9.0,0.0,1.0,9.0,0.0,0.0,9.0,3.0,7.0,48.0
강원도교육청,강원도원주교육지원청,강원도 원주시,S100001363,서곡초등학교,2,공립,N,,2.0,1.0,29.0,0.0,4.0,32.0,0.0,10.0,21.0,2.0,0.0,28.0,0.0,5.0,31.0,1.0,0.0,30.0,5.0,20.0,171.0
강원도교육청,강원도원주교육지원청,강원도 원주시,S100001365,서원주초등학교,2,공립,N,,4.0,4.0,104.0,7.0,7.0,81.0,5.0,5.0,107.0,3.0,4.0,127.0,3.0,7.0,123.0,5.0,6.0,126.0,27.0,33.0,668.0
강원도교육청,강원도원주교육지원청,강원도 원주시,S100001366,소초초등학교,2,공립,N,,0.0,0.0,8.0,0.0,0.0,11.0,0.0,0.0,12.0,1.0,0.0,9.0,0.0,0.0,11.0,0.0,0.0,12.0,1.0,0.0,63.0
강원도교육청,강원도원주교육지원청,강원도 원주시,S100001370,신림초등학교,2,공립,N,,1.0,0.0,6.0,2.0,2.0,11.0,1.0,1.0,7.0,0.0,0.0,12.0,0.0,0.0,3.0,1.0,2.0,9.0,5.0,5.0,48.0
강원도교육청,강원도원주교육지원청,강원도 원주시,S100001373,신평초등학교,2,공립,N,,0.0,1.0,26.0,0.0,1.0,14.0,0.0,0.0,15.0,1.0,0.0,16.0,0.0,1.0,12.0,0.0,0.0,12.0,1.0,3.0,95.0
강원도교육청,강원도원주교육지원청,강원도 원주시,S100001375,우산초등학교,2,공립,N,,1.0,0.0,30.0,1.0,0.0,33.0,0.0,2.0,38.0,1.0,0.0,37.0,1.0,1.0,34.0,3.0,0.0,36.0,7.0,3.0,208.0
강원도교육청,강원도원주교육지원청,강원도 원주시,S100001376,원주삼육초등학교,2,사립,N,,3.0,0.0,90.0,3.0,2.0,90.0,6.0,5.0,88.0,4.0,5.0,96.0,7.0,4.0,96.0,4.0,4.0,85.0,27.0,20.0,545.0
강원도교육청,강원도원주교육지원청,강원도 원주시,S100001377,원주초등학교,2,공립,N,,3.0,1.0,31.0,2.0,1.0,32.0,3.0,2.0,36.0,1.0,3.0,40.0,2.0,4.0,45.0,2.0,3.0,47.0,13.0,14.0,231.0
강원도교육청,강원도원주교육지원청,강원도 원주시,S100001379,일산초등학교,2,공립,N,,6.0,2.0,30.0,2.0,4.0,35.0,6.0,3.0,61.0,2.0,3.0,47.0,4.0,1.0,56.0,3.0,0.0,46.0,23.0,13.0,275.0
강원도교육청,강원도원주교육지원청,강원도 원주시,S100001380,장양초등학교,2,공립,N,,1.0,0.0,13.0,0.0,1.0,11.0,0.0,0.0,19.0,2.0,1.0,18.0,1.0,0.0,17.0,0.0,0.0,19.0,4.0,2.0,97.0
강원도교육청,강원도원주교육지원청,강원도 원주시,S100001382,중앙초등학교,2,공립,N,,1.0,4.0,32.0,5.0,5.0,29.0,0.0,1.0,29.0,4.0,5.0,36.0,1.0,0.0,36.0,3.0,1.0,41.0,14.0,16.0,203.0
강원도교육청,강원도원주교육지원청,강원도 원주시,S100001383,지정초등학교,2,공립,N,,2.0,0.0,6.0,1.0,2.0,7.0,2.0,3.0,9.0,0.0,2.0,10.0,1.0,4.0,7.0,2.0,6.0,8.0,8.0,17.0,47.0
강원도교육청,강원도원주교육지원청,강원도 원주시,S100001392,치악초등학교,2,공립,N,,19.0,6.0,29.0,16.0,2.0,32.0,16.0,1.0,39.0,20.0,8.0,36.0,13.0,2.0,49.0,5.0,3.0,44.0,89.0,22.0,229.0
강원도교육청,강원도원주교육지원청,강원도 원주시,S100001393,태장초등학교,2,공립,N,,2.0,8.0,101.0,9.0,5.0,94.0,6.0,7.0,96.0,5.0,4.0,123.0,8.0,10.0,136.0,1.0,7.0,133.0,31.0,41.0,683.0
강원도교육청,강원도원주교육지원청,강원도 원주시,S100001395,평원초등학교,2,공립,N,,0.0,1.0,130.0,2.0,1.0,131.0,0.0,8.0,153.0,4.0,0.0,156.0,7.0,0.0,122.0,4.0,1.0,124.0,17.0,11.0,816.0
강원도교육청,강원도원주교육지원청,강원도 원주시,S100001396,학성초등학교,2,공립,N,,4.0,5.0,76.0,6.0,13.0,93.0,8.0,13.0,123.0,4.0,7.0,97.0,9.0,9.0,95.0,7.0,6.0,108.0,38.0,53.0,592.0
강원도교육청,강원도원주교육지원청,강원도 원주시,S100001397,호저초등학교,2,공립,N,,0.0,0.0,7.0,0.0,0.0,11.0,0.0,1.0,9.0,0.0,1.0,11.0,0.0,0.0,9.0,0.0,0.0,13.0,0.0,2.0,60.0
강원도교육청,강원도원주교육지원청,강원도 원주시,S100001399,황둔초등학교,2,공립,N,,0.0,0.0,5.0,0.0,0.0,4.0,0.0,0.0,1.0,1.0,0.0,4.0,0.0,0.0,2.0,0.0,0.0,4.0,1.0,0.0,20.0
강원도교육청,강원도원주교육지원청,강원도 원주시,S100001402,흥양초등학교,2,공립,N,,0.0,0.0,10.0,1.0,1.0,8.0,1.0,1.0,15.0,1.0,1.0,12.0,0.0,1.0,14.0,0.0,2.0,8.0,3.0,6.0,67.0
강원도교육청,강원도원주교육지원청,강원도 원주시,S100001403,흥업초등학교,2,공립,N,,4.0,2.0,44.0,4.0,3.0,24.0,8.0,2.0,41.0,7.0,3.0,33.0,9.0,2.0,46.0,8.0,0.0,36.0,40.0,12.0,224.0
강원도교육청,강원도인제교육지원청,강원도 인제군,S100001474,귀둔초등학교,2,공립,N,,0.0,0.0,1.0,0.0,0.0,3.0,0.0,1.0,4.0,0.0,0.0,4.0,0.0,1.0,6.0,1.0,0.0,6.0,1.0,2.0,24.0
강원도교육청,강원도인제교육지원청,강원도 인제군,S100001475,기린초등학교,2,공립,N,,3.0,4.0,24.0,13.0,10.0,38.0,6.0,8.0,28.0,1.0,9.0,35.0,8.0,8.0,32.0,1.0,6.0,26.0,32.0,45.0,183.0
강원도교육청,강원도인제교육지원청,강원도 인제군,S100001484,기린초등학교방동분교장,2,공립,N,,0.0,0.0,0.0,0.0,0.0,0.0,1.0,0.0,0.0,0.0,0.0,0.0,0.0,0.0,0.0,0.0,0.0,2.0,1.0,0.0,2.0
강원도교육청,강원도인제교육지원청,강원도 인제군,S100001492,부평초등학교,2,공립,N,,0.0,2.0,9.0,0.0,1.0,12.0,1.0,2.0,18.0,0.0,3.0,7.0,1.0,5.0,15.0,0.0,5.0,18.0,2.0,18.0,79.0
강원도교육청,강원도인제교육지원청,강원도 인제군,S100001501,상남초등학교,2,공립,N,,6.0,0.0,6.0,5.0,0.0,2.0,1.0,0.0,2.0,3.0,0.0,5.0,1.0,0.0,5.0,3.0,0.0,3.0,19.0,0.0,23.0
강원도교육청,강원도인제교육지원청,강원도 인제군,S100001506,서화초등학교서성분교장,2,공립,N,,0.0,1.0,1.0,0.0,0.0,1.0,0.0,0.0,0.0,0.0,0.0,3.0,0.0,0.0,1.0,0.0,0.0,0.0,0.0,1.0,6.0
강원도교육청,강원도인제교육지원청,강원도 인제군,S100001507,서화초등학교,2,공립,N,,0.0,6.0,16.0,2.0,8.0,11.0,4.0,3.0,20.0,0.0,5.0,7.0,2.0,3.0,16.0,0.0,4.0,8.0,8.0,29.0,78.0
강원도교육청,강원도인제교육지원청,강원도 인제군,S100001510,원통초등학교신덕분교장,2,공립,N,,0.0,0.0,0.0,0.0,0.0,1.0,0.0,0.0,0.0,0.0,0.0,3.0,0.0,0.0,0.0,0.0,0.0,1.0,0.0,0.0,5.0
강원도교육청,강원도인제교육지원청,강원도 인제군,S100001513,어론초등학교,2,공립,N,,4.0,10.0,13.0,8.0,12.0,15.0,5.0,8.0,18.0,2.0,5.0,10.0,0.0,8.0,19.0,2.0,3.0,10.0,21.0,46.0,85.0
강원도교육청,강원도인제교육지원청,강원도 인제군,S100001518,용대초등학교,2,공립,N,,1.0,0.0,4.0,1.0,2.0,5.0,1.0,0.0,4.0,0.0,0.0,6.0,0.0,0.0,4.0,0.0,0.0,6.0,3.0,2.0,29.0
강원도교육청,강원도인제교육지원청,강원도 인제군,S100001523,원통초등학교,2,공립,N,,4.0,8.0,52.0,3.0,13.0,43.0,4.0,10.0,63.0,2.0,5.0,46.0,4.0,10.0,52.0,4.0,0.0,37.0,21.0,46.0,293.0
강원도교육청,강원도인제교육지원청,강원도 인제군,S100001527,월학초등학교,2,공립,N,,0.0,0.0,4.0,0.0,0.0,2.0,0.0,0.0,2.0,0.0,0.0,2.0,0.0,0.0,5.0,0.0,0.0,3.0,0.0,0.0,18.0
강원도교육청,강원도인제교육지원청,강원도 인제군,S100001528,인제남초등학교,2,공립,N,,6.0,0.0,24.0,5.0,0.0,31.0,11.0,0.0,51.0,3.0,0.0,30.0,6.0,0.0,35.0,2.0,3.0,35.0,33.0,3.0,206.0
강원도교육청,강원도인제교육지원청,강원도 인제군,S100001534,인제초등학교,2,공립,N,,2.0,5.0,56.0,0.0,1.0,54.0,7.0,0.0,50.0,4.0,2.0,53.0,6.0,0.0,53.0,2.0,0.0,36.0,21.0,8.0,302.0
강원도교육청,강원도인제교육지원청,강원도 인제군,S100001541,기린초등학교진동분교장,2,공립,N,,0.0,0.0,0.0,0.0,0.0,1.0,0.0,0.0,1.0,1.0,0.0,0.0,0.0,0.0,1.0,0.0,0.0,3.0,1.0,0.0,6.0
강원도교육청,강원도인제교육지원청,강원도 인제군,S100001543,하남초등학교,2,공립,N,,0.0,0.0,5.0,1.0,0.0,5.0,0.0,3.0,5.0,0.0,0.0,4.0,0.0,1.0,5.0,0.0,0.0,3.0,1.0,4.0,27.0
강원도교육청,강원도인제교육지원청,강원도 인제군,S100001545,한계초등학교,2,공립,N,,1.0,0.0,5.0,6.0,0.0,15.0,2.0,1.0,8.0,5.0,4.0,9.0,0.0,0.0,6.0,2.0,0.0,11.0,16.0,5.0,54.0
강원도교육청,강원도정선교육지원청,강원도 정선군,S100001585,갈래초등학교,2,공립,N,,0.0,0.0,12.0,1.0,0.0,9.0,1.0,0.0,14.0,1.0,0.0,8.0,0.0,0.0,3.0,0.0,0.0,9.0,3.0,0.0,55.0
강원도교육청,강원도정선교육지원청,강원도 정선군,S100001590,고한초등학교,2,공립,N,,0.0,0.0,8.0,1.0,1.0,11.0,0.0,0.0,12.0,1.0,0.0,10.0,0.0,0.0,12.0,0.0,0.0,7.0,2.0,1.0,60.0
강원도교육청,강원도정선교육지원청,강원도 정선군,S100001603,남선초등학교,2,공립,N,,0.0,1.0,7.0,0.0,0.0,3.0,0.0,1.0,6.0,0.0,0.0,7.0,0.0,2.0,6.0,0.0,1.0,2.0,0.0,5.0,31.0
강원도교육청,강원도정선교육지원청,강원도 정선군,S100001609,남선초등학교남창분교장,2,공립,N,,0.0,0.0,1.0,0.0,0.0,0.0,0.0,0.0,3.0,0.0,0.0,1.0,0.0,0.0,1.0,0.0,0.0,4.0,0.0,0.0,10.0
강원도교육청,강원도정선교육지원청,강원도 정선군,S100001613,남평초등학교,2,공립,N,,0.0,0.0,2.0,0.0,0.0,1.0,0.0,0.0,4.0,0.0,0.0,2.0,0.0,0.0,5.0,0.0,0.0,9.0,0.0,0.0,23.0
강원도교육청,강원도정선교육지원청,강원도 정선군,S100001631,백전초등학교,2,공립,N,,0.0,0.0,4.0,1.0,0.0,5.0,3.0,0.0,6.0,0.0,1.0,5.0,0.0,1.0,1.0,0.0,0.0,0.0,4.0,2.0,21.0
강원도교육청,강원도정선교육지원청,강원도 정선군,S100001633,벽탄초등학교,2,공립,N,,0.0,1.0,12.0,0.0,0.0,2.0,0.0,2.0,9.0,0.0,0.0,5.0,0.0,1.0,3.0,0.0,0.0,2.0,0.0,4.0,33.0
강원도교육청,강원도정선교육지원청,강원도 정선군,S100001637,봉양초등학교,2,공립,N,,0.0,0.0,17.0,2.0,3.0,16.0,1.0,2.0,22.0,1.0,3.0,19.0,0.0,1.0,23.0,0.0,0.0,23.0,4.0,9.0,120.0
강원도교육청,강원도정선교육지원청,강원도 정선군,S100001641,북평초등학교,2,공립,N,,1.0,0.0,7.0,0.0,0.0,7.0,0.0,0.0,9.0,0.0,0.0,8.0,0.0,2.0,10.0,1.0,0.0,13.0,2.0,2.0,54.0
강원도교육청,강원도정선교육지원청,강원도 정선군,S100001645,사북초등학교,2,공립,N,,1.0,1.0,35.0,1.0,1.0,25.0,0.0,4.0,42.0,2.0,1.0,43.0,1.0,2.0,40.0,1.0,0.0,38.0,6.0,9.0,223.0
강원도교육청,강원도정선교육지원청,강원도 정선군,S100001654,여량초등학교,2,공립,N,,0.0,0.0,7.0,0.0,0.0,4.0,0.0,1.0,8.0,0.0,1.0,8.0,0.0,0.0,9.0,0.0,0.0,4.0,0.0,2.0,40.0
강원도교육청,강원도정선교육지원청,강원도 정선군,S100001659,예미초등학교,2,공립,N,,0.0,1.0,9.0,0.0,0.0,8.0,2.0,1.0,6.0,0.0,2.0,11.0,0.0,0.0,10.0,0.0,1.0,12.0,2.0,5.0,56.0
강원도교육청,강원도정선교육지원청,강원도 정선군,S100001665,예미초등학교운치분교장,2,공립,N,,0.0,0.0,0.0,0.0,0.0,2.0,0.0,0.0,0.0,0.0,0.0,1.0,0.0,0.0,1.0,0.0,0.0,0.0,0.0,0.0,4.0
강원도교육청,강원도정선교육지원청,강원도 정선군,S100001669,임계초등학교,2,공립,N,,0.0,0.0,8.0,0.0,0.0,12.0,0.0,0.0,9.0,0.0,0.0,11.0,0.0,0.0,15.0,0.0,0.0,12.0,0.0,0.0,67.0
강원도교육청,강원도정선교육지원청,강원도 정선군,S100001684,정선초등학교,2,공립,N,,0.0,2.0,65.0,2.0,1.0,51.0,3.0,3.0,66.0,1.0,3.0,55.0,6.0,2.0,82.0,1.0,1.0,75.0,13.0,12.0,394.0
강원도교육청,강원도정선교육지원청,강원도 정선군,S100001685,정선초등학교가수분교장,2,공립,N,,0.0,0.0,1.0,0.0,0.0,3.0,0.0,0.0,0.0,0.0,0.0,2.0,0.0,0.0,2.0,0.0,0.0,0.0,0.0,0.0,8.0
강원도교육청,강원도정선교육지원청,강원도 정선군,S100001691,증산초등학교,2,공립,N,,2.0,0.0,6.0,0.0,1.0,13.0,2.0,1.0,10.0,0.0,0.0,13.0,0.0,0.0,10.0,0.0,1.0,10.0,4.0,3.0,62.0
강원도교육청,강원도정선교육지원청,강원도 정선군,S100001693,함백초등학교,2,공립,N,,0.0,0.0,5.0,1.0,0.0,6.0,1.0,0.0,14.0,3.0,0.0,4.0,0.0,1.0,13.0,2.0,0.0,7.0,7.0,1.0,49.0
강원도교육청,강원도정선교육지원청,강원도 정선군,S100001696,화동초등학교,2,공립,N,,0.0,0.0,5.0,0.0,1.0,4.0,0.0,0.0,4.0,0.0,0.0,1.0,0.0,0.0,7.0,0.0,0.0,10.0,0.0,1.0,31.0
강원도교육청,강원도철원교육지원청,강원도 철원군,S100001742,근남초등학교,2,공립,N,,1.0,3.0,18.0,0.0,2.0,15.0,2.0,2.0,19.0,0.0,1.0,10.0,1.0,1.0,15.0,0.0,3.0,16.0,4.0,12.0,93.0
강원도교육청,강원도철원교육지원청,강원도 철원군,S100001743,김화초등학교,2,공립,N,,0.0,0.0,5.0,0.0,3.0,11.0,0.0,2.0,6.0,0.0,2.0,13.0,0.0,1.0,9.0,0.0,0.0,9.0,0.0,8.0,53.0
강원도교육청,강원도철원교육지원청,강원도 철원군,S100001745,내대초등학교,2,공립,N,,1.0,0.0,10.0,0.0,0.0,9.0,1.0,0.0,8.0,0.0,0.0,5.0,0.0,0.0,4.0,0.0,0.0,4.0,2.0,0.0,40.0
강원도교육청,강원도철원교육지원청,강원도 철원군,S100001746,도창초등학교,2,공립,N,,0.0,0.0,2.0,0.0,0.0,1.0,0.0,0.0,1.0,0.0,0.0,1.0,0.0,0.0,2.0,0.0,0.0,2.0,0.0,0.0,9.0
강원도교육청,강원도철원교육지원청,강원도 철원군,S100001748,동송초등학교,2,공립,N,,4.0,12.0,116.0,3.0,11.0,83.0,9.0,11.0,112.0,3.0,10.0,116.0,7.0,11.0,108.0,3.0,4.0,98.0,29.0,59.0,633.0
강원도교육청,강원도철원교육지원청,강원도 철원군,S100001750,묘장초등학교,2,공립,N,,0.0,0.0,7.0,2.0,2.0,6.0,1.0,1.0,1.0,0.0,0.0,6.0,1.0,1.0,6.0,0.0,0.0,4.0,4.0,4.0,30.0
강원도교육청,강원도철원교육지원청,강원도 철원군,S100001751,문혜초등학교,2,공립,N,,0.0,1.0,8.0,0.0,0.0,5.0,0.0,0.0,10.0,0.0,2.0,6.0,2.0,2.0,15.0,0.0,0.0,5.0,2.0,5.0,49.0
강원도교육청,강원도철원교육지원청,강원도 철원군,S100001753,서면초등학교,2,공립,N,,0.0,0.0,13.0,3.0,4.0,12.0,0.0,2.0,12.0,1.0,3.0,5.0,1.0,4.0,9.0,0.0,0.0,8.0,5.0,13.0,59.0
강원도교육청,강원도철원교육지원청,강원도 철원군,S100001754,신철원초등학교,2,공립,N,,0.0,0.0,63.0,0.0,0.0,61.0,0.0,0.0,69.0,0.0,0.0,72.0,0.0,0.0,62.0,3.0,2.0,51.0,3.0,2.0,378.0
강원도교육청,강원도철원교육지원청,강원도 철원군,S100001757,오덕초등학교,2,공립,N,,0.0,0.0,6.0,0.0,1.0,11.0,0.0,1.0,4.0,1.0,0.0,11.0,0.0,1.0,21.0,0.0,0.0,17.0,1.0,3.0,70.0
강원도교육청,강원도철원교육지원청,강원도 철원군,S100001758,와수초등학교,2,공립,N,,3.0,2.0,38.0,4.0,2.0,21.0,2.0,3.0,22.0,2.0,1.0,30.0,1.0,4.0,28.0,1.0,0.0,33.0,13.0,12.0,172.0
강원도교육청,강원도철원교육지원청,강원도 철원군,S100001760,용정초등학교,2,공립,N,,1.0,0.0,6.0,3.0,0.0,4.0,2.0,0.0,6.0,1.0,0.0,6.0,0.0,0.0,10.0,0.0,0.0,4.0,7.0,0.0,36.0
강원도교육청,강원도철원교육지원청,강원도 철원군,S100001766,장흥초등학교,2,공립,N,,0.0,0.0,12.0,2.0,0.0,7.0,0.0,4.0,13.0,0.0,0.0,5.0,0.0,0.0,10.0,0.0,0.0,14.0,2.0,4.0,61.0
강원도교육청,강원도철원교육지원청,강원도 철원군,S100001768,철원초등학교,2,공립,N,,1.0,0.0,23.0,0.0,4.0,24.0,1.0,0.0,20.0,0.0,4.0,25.0,1.0,1.0,23.0,3.0,1.0,20.0,6.0,10.0,135.0
강원도교육청,강원도철원교육지원청,강원도 철원군,S100001770,청양초등학교,2,공립,N,,2.0,4.0,22.0,3.0,6.0,26.0,3.0,4.0,23.0,3.0,4.0,22.0,2.0,4.0,15.0,2.0,1.0,14.0,15.0,23.0,122.0
강원도교육청,강원도철원교육지원청,강원도 철원군,S100001771,토성초등학교,2,공립,N,,0.0,0.0,3.0,2.0,0.0,3.0,0.0,0.0,2.0,0.0,2.0,5.0,1.0,0.0,1.0,0.0,0.0,4.0,3.0,2.0,18.0
강원도교육청,강원도춘천교육지원청,강원도 춘천시,S100001818,가산초등학교,2,공립,N,,1.0,3.0,13.0,2.0,3.0,10.0,0.0,0.0,15.0,2.0,2.0,17.0,3.0,4.0,13.0,1.0,2.0,9.0,9.0,14.0,77.0
강원도교육청,강원도춘천교육지원청,강원도 춘천시,S100001823,광판초등학교,2,공립,N,,0.0,0.0,3.0,0.0,0.0,1.0,1.0,0.0,10.0,0.0,1.0,2.0,0.0,0.0,7.0,1.0,0.0,4.0,2.0,1.0,27.0
강원도교육청,강원도춘천교육지원청,강원도 춘천시,S100001825,교동초등학교,2,공립,N,,0.0,1.0,16.0,1.0,0.0,13.0,1.0,1.0,17.0,1.0,2.0,15.0,2.0,3.0,16.0,0.0,2.0,19.0,5.0,9.0,96.0
강원도교육청,강원도춘천교육지원청,강원도 춘천시,S100001826,근화초등학교,2,공립,N,,0.0,1.0,37.0,0.0,2.0,38.0,2.0,2.0,29.0,2.0,1.0,43.0,1.0,3.0,35.0,0.0,0.0,24.0,5.0,9.0,206.0
강원도교육청,강원도춘천교육지원청,강원도 춘천시,S100001827,금병초등학교,2,공립,N,,2.0,0.0,36.0,0.0,2.0,37.0,0.0,0.0,27.0,0.0,1.0,29.0,0.0,1.0,30.0,0.0,0.0,18.0,2.0,4.0,177.0
강원도교육청,강원도춘천교육지원청,강원도 춘천시,S100001829,금산초등학교,2,공립,N,,1.0,0.0,12.0,0.0,1.0,18.0,0.0,0.0,12.0,0.0,1.0,20.0,0.0,0.0,11.0,0.0,1.0,14.0,1.0,3.0,87.0
강원도교육청,강원도춘천교육지원청,강원도 춘천시,S100001831,남부초등학교,2,공립,N,,4.0,0.0,96.0,0.0,67.0,105.0,0.0,45.0,143.0,0.0,37.0,139.0,0.0,35.0,155.0,0.0,27.0,146.0,4.0,211.0,784.0
강원도교육청,강원도춘천교육지원청,강원도 춘천시,S100001832,남산초등학교,2,공립,N,,0.0,0.0,8.0,0.0,1.0,13.0,0.0,1.0,10.0,0.0,1.0,14.0,1.0,0.0,9.0,0.0,0.0,17.0,1.0,3.0,71.0
강원도교육청,강원도춘천교육지원청,강원도 춘천시,S100001833,남춘천초등학교,2,공립,N,,22.0,4.0,65.0,20.0,6.0,69.0,24.0,5.0,63.0,27.0,6.0,73.0,16.0,4.0,79.0,5.0,3.0,59.0,114.0,28.0,408.0
강원도교육청,강원도춘천교육지원청,강원도 춘천시,S100001835,당림초등학교,2,공립,N,,0.0,0.0,1.0,0.0,0.0,2.0,0.0,0.0,2.0,0.0,0.0,2.0,1.0,0.0,2.0,0.0,0.0,3.0,1.0,0.0,12.0
강원도교육청,강원도춘천교육지원청,강원도 춘천시,S100001838,동내초등학교,2,공립,N,,6.0,2.0,42.0,5.0,4.0,47.0,4.0,5.0,70.0,1.0,6.0,59.0,2.0,4.0,63.0,1.0,2.0,51.0,19.0,23.0,332.0
강원도교육청,강원도춘천교육지원청,강원도 춘천시,S100001840,동부초등학교,2,공립,N,,2.0,5.0,53.0,3.0,3.0,57.0,6.0,3.0,76.0,7.0,5.0,81.0,0.0,2.0,62.0,3.0,4.0,76.0,21.0,22.0,405.0
강원도교육청,강원도춘천교육지원청,강원도 춘천시,S100001842,동춘천초등학교,2,공립,N,,1.0,3.0,41.0,4.0,5.0,44.0,4.0,2.0,32.0,4.0,5.0,40.0,1.0,5.0,46.0,1.0,1.0,43.0,15.0,21.0,246.0
강원도교육청,강원도춘천교육지원청,강원도 춘천시,S100001843,만천초등학교,2,공립,N,,2.0,2.0,148.0,10.0,14.0,162.0,11.0,16.0,155.0,14.0,15.0,168.0,5.0,13.0,190.0,6.0,7.0,198.0,48.0,67.0,1021.0
강원도교육청,강원도춘천교육지원청,강원도 춘천시,S100001852,봄내초등학교,2,공립,N,,5.0,2.0,72.0,5.0,51.0,94.0,4.0,45.0,102.0,3.0,34.0,134.0,3.0,19.0,130.0,2.0,19.0,141.0,22.0,170.0,673.0
강원도교육청,강원도춘천교육지원청,강원도 춘천시,S100001853,봉의초등학교,2,공립,N,,1.0,1.0,47.0,1.0,7.0,44.0,6.0,7.0,43.0,5.0,6.0,49.0,4.0,5.0,49.0,2.0,2.0,56.0,19.0,28.0,288.0
강원도교육청,강원도춘천교육지원청,강원도 춘천시,S100001854,부안초등학교,2,공립,N,,3.0,7.0,181.0,9.0,13.0,155.0,11.0,16.0,159.0,5.0,5.0,133.0,7.0,5.0,94.0,3.0,3.0,102.0,38.0,49.0,824.0
강원도교육청,강원도춘천교육지원청,강원도 춘천시,S100001858,상천초등학교,2,공립,N,,0.0,0.0,17.0,0.0,1.0,16.0,0.0,3.0,16.0,0.0,1.0,16.0,0.0,1.0,23.0,0.0,0.0,15.0,0.0,6.0,103.0
강원도교육청,강원도춘천교육지원청,강원도 춘천시,S100001862,서상초등학교,2,공립,N,,1.0,2.0,12.0,0.0,0.0,9.0,0.0,0.0,11.0,0.0,0.0,13.0,0.0,0.0,8.0,0.0,0.0,10.0,1.0,2.0,63.0
강원도교육청,강원도춘천교육지원청,강원도 춘천시,S100001865,남산초등학교서천분교장,2,공립,N,,0.0,0.0,0.0,0.0,1.0,2.0,0.0,0.0,1.0,0.0,1.0,2.0,0.0,1.0,2.0,0.0,1.0,4.0,0.0,4.0,11.0
강원도교육청,강원도춘천교육지원청,강원도 춘천시,S100001867,석사초등학교,2,공립,N,,1.0,12.0,107.0,5.0,9.0,110.0,3.0,21.0,150.0,3.0,8.0,154.0,2.0,11.0,127.0,2.0,6.0,111.0,16.0,67.0,759.0
강원도교육청,강원도춘천교육지원청,강원도 춘천시,S100001869,소양초등학교,2,공립,N,,10.0,13.0,159.0,26.0,11.0,157.0,25.0,12.0,171.0,15.0,17.0,171.0,19.0,12.0,179.0,9.0,9.0,166.0,104.0,74.0,1003.0
강원도교육청,강원도춘천교육지원청,강원도 춘천시,S100001870,송화초등학교,2,공립,N,,0.0,0.0,3.0,1.0,1.0,6.0,2.0,0.0,6.0,1.0,1.0,8.0,2.0,0.0,11.0,0.0,0.0,6.0,6.0,2.0,40.0
강원도교육청,강원도춘천교육지원청,강원도 춘천시,S100001872,신남초등학교,2,공립,N,,1.0,0.0,58.0,0.0,6.0,49.0,0.0,4.0,53.0,0.0,5.0,50.0,0.0,4.0,56.0,0.0,2.0,46.0,1.0,21.0,312.0
강원도교육청,강원도춘천교육지원청,강원도 춘천시,S100001873,신동초등학교,2,공립,N,,0.0,4.0,44.0,1.0,5.0,43.0,2.0,4.0,57.0,1.0,7.0,48.0,3.0,1.0,44.0,0.0,1.0,43.0,7.0,22.0,279.0
강원도교육청,강원도춘천교육지원청,강원도 춘천시,S100001875,오동초등학교,2,공립,N,,0.0,0.0,15.0,1.0,0.0,19.0,1.0,0.0,16.0,1.0,0.0,20.0,0.0,0.0,7.0,0.0,0.0,9.0,3.0,0.0,86.0
강원도교육청,강원도춘천교육지원청,강원도 춘천시,S100001881,우석초등학교,2,공립,N,,1.0,1.0,67.0,2.0,0.0,72.0,0.0,3.0,76.0,3.0,0.0,73.0,0.0,1.0,86.0,0.0,6.0,78.0,6.0,11.0,452.0
강원도교육청,강원도춘천교육지원청,강원도 춘천시,S100001883,조양초등학교,2,공립,N,,0.0,1.0,9.0,1.0,0.0,9.0,2.0,0.0,5.0,0.0,1.0,11.0,0.0,2.0,16.0,0.0,1.0,9.0,3.0,5.0,59.0
강원도교육청,강원도춘천교육지원청,강원도 춘천시,S100001884,중앙초등학교,2,공립,N,,5.0,7.0,75.0,3.0,10.0,73.0,4.0,13.0,85.0,1.0,6.0,74.0,3.0,4.0,45.0,1.0,4.0,71.0,17.0,44.0,423.0
강원도교육청,강원도춘천교육지원청,강원도 춘천시,S100001885,지촌초등학교지암분교장,2,공립,N,,0.0,0.0,2.0,0.0,0.0,3.0,0.0,0.0,4.0,0.0,0.0,0.0,0.0,0.0,3.0,0.0,0.0,3.0,0.0,0.0,15.0
강원도교육청,강원도춘천교육지원청,강원도 춘천시,S100001888,지촌초등학교,2,공립,N,,0.0,0.0,3.0,0.0,0.0,5.0,1.0,0.0,2.0,0.0,0.0,3.0,0.0,0.0,6.0,0.0,1.0,2.0,1.0,1.0,21.0
강원도교육청,강원도춘천교육지원청,강원도 춘천시,S100001892,천전초등학교,2,공립,N,,1.0,2.0,21.0,0.0,2.0,20.0,2.0,0.0,14.0,2.0,3.0,15.0,0.0,3.0,17.0,0.0,2.0,27.0,5.0,12.0,114.0
강원도교육청,강원도춘천교육지원청,강원도 춘천시,S100001894,추곡초등학교,2,공립,N,,0.0,0.0,1.0,0.0,0.0,2.0,1.0,1.0,1.0,0.0,0.0,0.0,0.0,2.0,5.0,0.0,1.0,1.0,1.0,4.0,10.0
강원도교육청,강원도춘천교육지원청,강원도 춘천시,S100001896,춘천삼육초등학교,2,사립,N,,1.0,3.0,56.0,6.0,4.0,56.0,3.0,5.0,47.0,2.0,5.0,43.0,4.0,2.0,34.0,3.0,4.0,27.0,19.0,23.0,263.0
강원도교육청,강원도춘천교육지원청,강원도 춘천시,S100001897,춘천초등학교,2,공립,N,,7.0,2.0,72.0,7.0,3.0,49.0,10.0,7.0,50.0,12.0,4.0,61.0,11.0,0.0,76.0,2.0,0.0,47.0,49.0,16.0,355.0
강원도교육청,강원도춘천교육지원청,강원도 춘천시,S100001901,호반초등학교,2,공립,N,,2.0,3.0,48.0,5.0,5.0,42.0,5.0,3.0,59.0,1.0,4.0,44.0,1.0,2.0,51.0,0.0,2.0,45.0,14.0,19.0,289.0
강원도교육청,강원도춘천교육지원청,강원도 춘천시,S100001902,효제초등학교,2,공립,N,,2.0,2.0,26.0,5.0,2.0,25.0,4.0,2.0,34.0,5.0,2.0,31.0,2.0,0.0,24.0,1.0,0.0,22.0,19.0,8.0,162.0
강원도교육청,강원도춘천교육지원청,강원도 춘천시,S100001903,후평초등학교,2,공립,N,,3.0,0.0,50.0,6.0,2.0,45.0,3.0,6.0,48.0,3.0,3.0,72.0,3.0,6.0,70.0,2.0,5.0,50.0,20.0,22.0,335.0
강원도교육청,강원도태백교육지원청,강원도 태백시,S100001970,동점초등학교,2,공립,N,,0.0,1.0,4.0,1.0,0.0,2.0,1.0,0.0,5.0,0.0,0.0,4.0,0.0,0.0,1.0,1.0,0.0,2.0,3.0,1.0,18.0
강원도교육청,강원도태백교육지원청,강원도 태백시,S100001972,미동초등학교,2,공립,N,,0.0,0.0,5.0,0.0,0.0,4.0,3.0,1.0,6.0,0.0,2.0,4.0,0.0,0.0,8.0,0.0,0.0,8.0,3.0,3.0,35.0
강원도교육청,강원도태백교육지원청,강원도 태백시,S100001977,삼성초등학교,2,공립,N,,1.0,1.0,4.0,1.0,1.0,8.0,1.0,1.0,7.0,2.0,3.0,14.0,0.0,0.0,7.0,0.0,0.0,7.0,5.0,6.0,47.0
강원도교육청,강원도태백교육지원청,강원도 태백시,S100001978,상장초등학교,2,공립,N,,0.0,1.0,28.0,0.0,1.0,20.0,0.0,1.0,34.0,2.0,0.0,34.0,1.0,1.0,35.0,2.0,1.0,39.0,5.0,5.0,190.0
강원도교육청,강원도태백교육지원청,강원도 태백시,S100001979,장성초등학교,2,공립,N,,0.0,0.0,10.0,0.0,0.0,7.0,0.0,0.0,12.0,0.0,0.0,14.0,0.0,0.0,18.0,0.0,0.0,22.0,0.0,0.0,83.0
강원도교육청,강원도태백교육지원청,강원도 태백시,S100001980,철암초등학교,2,공립,N,,1.0,0.0,5.0,2.0,0.0,6.0,1.0,2.0,2.0,3.0,1.0,10.0,2.0,1.0,10.0,0.0,2.0,9.0,9.0,6.0,42.0
강원도교육청,강원도태백교육지원청,강원도 태백시,S100001983,태백초등학교,2,공립,N,,0.0,0.0,5.0,0.0,1.0,8.0,0.0,0.0,6.0,0.0,1.0,8.0,0.0,0.0,8.0,0.0,0.0,3.0,0.0,2.0,38.0
강원도교육청,강원도태백교육지원청,강원도 태백시,S100001985,태서초등학교,2,공립,N,,0.0,1.0,8.0,0.0,0.0,6.0,0.0,0.0,11.0,0.0,0.0,14.0,0.0,1.0,11.0,2.0,0.0,10.0,2.0,2.0,60.0
강원도교육청,강원도태백교육지원청,강원도 태백시,S100001986,통리초등학교,2,공립,N,,0.0,0.0,11.0,1.0,0.0,17.0,0.0,1.0,11.0,0.0,4.0,10.0,0.0,0.0,10.0,1.0,0.0,7.0,2.0,5.0,66.0
강원도교육청,강원도태백교육지원청,강원도 태백시,S100001988,함태초등학교,2,공립,N,,1.0,0.0,14.0,2.0,0.0,15.0,0.0,1.0,21.0,0.0,0.0,20.0,1.0,5.0,23.0,0.0,0.0,19.0,4.0,6.0,112.0
강원도교육청,강원도태백교육지원청,강원도 태백시,S100001997,황지중앙초등학교,2,공립,N,,0.0,0.0,42.0,0.0,0.0,61.0,1.0,0.0,66.0,0.0,0.0,76.0,0.0,0.0,64.0,0.0,0.0,70.0,1.0,0.0,379.0
강원도교육청,강원도태백교육지원청,강원도 태백시,S100001999,황지초등학교,2,공립,N,,1.0,4.0,154.0,5.0,7.0,138.0,10.0,10.0,166.0,6.0,5.0,149.0,6.0,8.0,170.0,2.0,5.0,161.0,30.0,39.0,938.0
강원도교육청,강원도평창교육지원청,강원도 평창군,S100002037,거문초등학교,2,공립,N,,0.0,0.0,3.0,0.0,0.0,5.0,1.0,1.0,8.0,0.0,2.0,5.0,1.0,0.0,11.0,0.0,1.0,6.0,2.0,4.0,38.0
강원도교육청,강원도평창교육지원청,강원도 평창군,S100002041,계촌초등학교,2,공립,N,,2.0,0.0,5.0,1.0,0.0,5.0,2.0,0.0,7.0,0.0,0.0,7.0,2.0,0.0,3.0,0.0,0.0,6.0,7.0,0.0,33.0
강원도교육청,강원도평창교육지원청,강원도 평창군,S100002055,대화초등학교,2,공립,N,,0.0,0.0,14.0,0.0,0.0,21.0,1.0,2.0,19.0,1.0,0.0,18.0,1.0,1.0,16.0,0.0,0.0,13.0,3.0,3.0,101.0
강원도교육청,강원도평창교육지원청,강원도 평창군,S100002060,도성초등학교,2,공립,N,,0.0,1.0,4.0,0.0,1.0,7.0,0.0,1.0,9.0,0.0,0.0,6.0,0.0,0.0,6.0,0.0,0.0,6.0,0.0,3.0,38.0
강원도교육청,강원도평창교육지원청,강원도 평창군,S100002062,대관령초등학교,2,공립,N,,0.0,3.0,11.0,0.0,0.0,12.0,0.0,2.0,12.0,0.0,1.0,15.0,0.0,1.0,6.0,0.0,1.0,4.0,0.0,8.0,60.0
강원도교육청,강원도평창교육지원청,강원도 평창군,S100002067,면온초등학교,2,공립,N,,0.0,0.0,5.0,0.0,1.0,4.0,1.0,0.0,13.0,0.0,1.0,6.0,1.0,1.0,6.0,0.0,0.0,10.0,2.0,3.0,44.0
강원도교육청,강원도평창교육지원청,강원도 평창군,S100002071,미탄초등학교,2,공립,N,,0.0,0.0,5.0,1.0,0.0,3.0,0.0,0.0,6.0,1.0,0.0,4.0,0.0,1.0,7.0,0.0,0.0,1.0,2.0,1.0,26.0
강원도교육청,강원도평창교육지원청,강원도 평창군,S100002077,방림초등학교,2,공립,N,,0.0,0.0,2.0,0.0,0.0,2.0,0.0,0.0,5.0,0.0,0.0,5.0,0.0,0.0,3.0,0.0,0.0,4.0,0.0,0.0,21.0
강원도교육청,강원도평창교육지원청,강원도 평창군,S100002079,봉평초등학교,2,공립,N,,0.0,1.0,18.0,2.0,4.0,26.0,3.0,1.0,21.0,1.0,3.0,33.0,1.0,2.0,23.0,1.0,2.0,40.0,8.0,13.0,161.0
강원도교육청,강원도평창교육지원청,강원도 평창군,S100002081,속사초등학교,2,공립,N,,2.0,0.0,11.0,1.0,0.0,7.0,1.0,0.0,11.0,0.0,1.0,6.0,0.0,1.0,9.0,1.0,2.0,6.0,5.0,4.0,50.0
강원도교육청,강원도평창교육지원청,강원도 평창군,S100002088,신리초등학교,2,공립,N,,0.0,0.0,4.0,1.0,1.0,6.0,1.0,1.0,12.0,0.0,0.0,4.0,0.0,1.0,4.0,0.0,0.0,3.0,2.0,3.0,33.0
강원도교육청,강원도평창교육지원청,강원도 평창군,S100002089,안미초등학교,2,공립,N,,1.0,0.0,3.0,0.0,0.0,7.0,0.0,1.0,6.0,0.0,1.0,3.0,0.0,0.0,5.0,0.0,0.0,5.0,1.0,2.0,29.0
강원도교육청,강원도평창교육지원청,강원도 평창군,S100002104,장평초등학교,2,공립,N,,0.0,0.0,4.0,0.0,0.0,5.0,2.0,0.0,8.0,0.0,3.0,7.0,0.0,1.0,11.0,0.0,1.0,8.0,2.0,5.0,43.0
강원도교육청,강원도평창교육지원청,강원도 평창군,S100002107,주진초등학교,2,공립,N,,0.0,0.0,0.0,0.0,0.0,1.0,0.0,2.0,5.0,1.0,0.0,2.0,0.0,2.0,6.0,2.0,2.0,4.0,3.0,6.0,18.0
강원도교육청,강원도평창교육지원청,강원도 평창군,S100002108,진부초등학교,2,공립,N,,0.0,0.0,24.0,2.0,2.0,31.0,2.0,1.0,29.0,4.0,3.0,31.0,3.0,2.0,35.0,0.0,0.0,41.0,11.0,8.0,191.0
강원도교육청,강원도평창교육지원청,강원도 평창군,S100002110,평창초등학교,2,공립,N,,1.0,1.0,44.0,2.0,2.0,48.0,2.0,1.0,50.0,1.0,2.0,49.0,2.0,1.0,58.0,2.0,2.0,67.0,10.0,9.0,316.0
강원도교육청,강원도평창교육지원청,강원도 평창군,S100002115,호명초등학교,2,공립,N,,1.0,0.0,11.0,1.0,0.0,13.0,1.0,2.0,3.0,1.0,2.0,8.0,1.0,0.0,13.0,0.0,0.0,4.0,5.0,4.0,52.0
강원도교육청,강원도평창교육지원청,강원도 평창군,S100002116,횡계초등학교,2,공립,N,,6.0,0.0,10.0,4.0,1.0,15.0,4.0,6.0,23.0,2.0,3.0,14.0,1.0,1.0,28.0,1.0,1.0,17.0,18.0,12.0,107.0
강원도교육청,강원도홍천교육지원청,강원도 홍천군,S100002163,구송초등학교,2,공립,N,,0.0,1.0,4.0,0.0,0.0,3.0,0.0,0.0,0.0,0.0,0.0,5.0,0.0,0.0,4.0,0.0,0.0,7.0,0.0,1.0,23.0
강원도교육청,강원도홍천교육지원청,강원도 홍천군,S100002169,남산초등학교,2,공립,N,,2.0,12.0,111.0,7.0,8.0,124.0,6.0,12.0,146.0,7.0,11.0,129.0,4.0,11.0,128.0,3.0,7.0,131.0,29.0,61.0,769.0
강원도교육청,강원도홍천교육지원청,강원도 홍천군,S100002172,내촌초등학교,2,공립,N,,0.0,0.0,5.0,0.0,0.0,6.0,0.0,0.0,7.0,0.0,0.0,2.0,1.0,0.0,9.0,0.0,0.0,5.0,1.0,0.0,34.0
강원도교육청,강원도홍천교육지원청,강원도 홍천군,S100002182,대곡초등학교,2,공립,N,,0.0,2.0,4.0,1.0,1.0,6.0,1.0,3.0,1.0,0.0,2.0,5.0,0.0,2.0,4.0,0.0,0.0,8.0,2.0,10.0,28.0
강원도교육청,강원도홍천교육지원청,강원도 홍천군,S100002190,두촌초등학교,2,공립,N,,0.0,0.0,4.0,0.0,0.0,8.0,1.0,0.0,6.0,1.0,0.0,5.0,1.0,0.0,10.0,0.0,1.0,8.0,3.0,1.0,41.0
강원도교육청,강원도홍천교육지원청,강원도 홍천군,S100002193,매산초등학교,2,공립,N,,0.0,0.0,3.0,1.0,0.0,4.0,0.0,1.0,6.0,0.0,2.0,3.0,1.0,1.0,6.0,1.0,1.0,6.0,3.0,5.0,28.0
강원도교육청,강원도홍천교육지원청,강원도 홍천군,S100002194,명덕초등학교,2,공립,N,,2.0,4.0,22.0,4.0,4.0,21.0,2.0,3.0,28.0,5.0,4.0,28.0,3.0,5.0,34.0,0.0,3.0,13.0,16.0,23.0,146.0
강원도교육청,강원도홍천교육지원청,강원도 홍천군,S100002196,모곡초등학교,2,공립,N,,0.0,0.0,3.0,0.0,1.0,1.0,0.0,0.0,4.0,0.0,0.0,0.0,1.0,1.0,1.0,0.0,0.0,0.0,1.0,2.0,9.0
강원도교육청,강원도홍천교육지원청,강원도 홍천군,S100002201,반곡초등학교,2,공립,N,,0.0,0.0,2.0,0.0,0.0,4.0,0.0,0.0,4.0,0.0,1.0,3.0,0.0,0.0,4.0,0.0,0.0,6.0,0.0,1.0,23.0
강원도교육청,강원도홍천교육지원청,강원도 홍천군,S100002208,삼생초등학교,2,공립,N,,0.0,1.0,4.0,0.0,0.0,1.0,0.0,0.0,8.0,0.0,0.0,4.0,0.0,0.0,2.0,0.0,0.0,6.0,0.0,1.0,25.0
강원도교육청,강원도홍천교육지원청,강원도 홍천군,S100002212,삼포초등학교,2,공립,N,,0.0,0.0,4.0,1.0,1.0,5.0,0.0,1.0,9.0,0.0,0.0,10.0,1.0,0.0,3.0,0.0,0.0,10.0,2.0,2.0,41.0
강원도교육청,강원도홍천교육지원청,강원도 홍천군,S100002214,서석초등학교,2,공립,N,,1.0,0.0,8.0,1.0,0.0,6.0,1.0,0.0,8.0,0.0,0.0,11.0,0.0,0.0,7.0,0.0,1.0,6.0,3.0,1.0,46.0
강원도교육청,강원도홍천교육지원청,강원도 홍천군,S100002217,석화초등학교,2,공립,N,,0.0,0.0,47.0,3.0,2.0,44.0,5.0,5.0,50.0,7.0,4.0,46.0,1.0,4.0,45.0,3.0,2.0,65.0,19.0,17.0,297.0
강원도교육청,강원도홍천교육지원청,강원도 홍천군,S100002222,속초초등학교,2,공립,N,,0.0,0.0,6.0,1.0,0.0,8.0,1.0,0.0,13.0,0.0,0.0,3.0,3.0,0.0,6.0,0.0,0.0,12.0,5.0,0.0,48.0
강원도교육청,강원도홍천교육지원청,강원도 홍천군,S100002227,오안초등학교,2,공립,N,,0.0,0.0,4.0,0.0,0.0,6.0,1.0,0.0,11.0,1.0,0.0,9.0,1.0,1.0,11.0,1.0,0.0,6.0,4.0,1.0,47.0
강원도교육청,강원도홍천교육지원청,강원도 홍천군,S100002238,원당초등학교,2,공립,N,,2.0,0.0,0.0,2.0,0.0,1.0,1.0,1.0,2.0,0.0,0.0,2.0,0.0,1.0,1.0,0.0,0.0,3.0,5.0,2.0,9.0
강원도교육청,강원도홍천교육지원청,강원도 홍천군,S100002245,율전초등학교,2,공립,N,,0.0,0.0,1.0,0.0,0.0,4.0,0.0,0.0,2.0,0.0,0.0,1.0,0.0,0.0,4.0,0.0,0.0,3.0,0.0,0.0,15.0
강원도교육청,강원도홍천교육지원청,강원도 홍천군,S100002254,주봉초등학교,2,공립,N,,0.0,0.0,10.0,1.0,2.0,14.0,0.0,3.0,21.0,0.0,1.0,8.0,0.0,0.0,21.0,0.0,0.0,8.0,1.0,6.0,82.0
강원도교육청,강원도홍천교육지원청,강원도 홍천군,S100002256,창촌초등학교,2,공립,N,,0.0,0.0,6.0,0.0,0.0,9.0,1.0,0.0,5.0,0.0,0.0,7.0,0.0,0.0,9.0,0.0,0.0,3.0,1.0,0.0,39.0
강원도교육청,강원도홍천교육지원청,강원도 홍천군,S100002264,서석초등학교청량분교장,2,공립,N,,0.0,0.0,3.0,0.0,0.0,3.0,0.0,0.0,3.0,0.0,0.0,3.0,0.0,0.0,4.0,0.0,0.0,5.0,0.0,0.0,21.0
강원도교육청,강원도홍천교육지원청,강원도 홍천군,S100002271,한서초등학교,2,공립,N,,1.0,0.0,4.0,0.0,0.0,1.0,1.0,0.0,2.0,1.0,3.0,6.0,0.0,0.0,1.0,1.0,1.0,2.0,4.0,4.0,16.0
강원도교육청,강원도홍천교육지원청,강원도 홍천군,S100002279,협신초등학교,2,공립,N,,0.0,0.0,2.0,0.0,0.0,6.0,2.0,0.0,4.0,0.0,0.0,4.0,3.0,0.0,9.0,0.0,0.0,4.0,5.0,0.0,29.0
강원도교육청,강원도홍천교육지원청,강원도 홍천군,S100002280,홍천초등학교,2,공립,N,,2.0,5.0,58.0,5.0,3.0,81.0,3.0,4.0,77.0,1.0,8.0,118.0,3.0,4.0,104.0,3.0,4.0,121.0,17.0,28.0,559.0
강원도교육청,강원도홍천교육지원청,강원도 홍천군,S100002281,화계초등학교,2,공립,N,,1.0,0.0,11.0,1.0,1.0,19.0,2.0,0.0,15.0,0.0,1.0,14.0,1.0,0.0,12.0,0.0,1.0,14.0,5.0,3.0,85.0
강원도교육청,강원도홍천교육지원청,강원도 홍천군,S100002295,화촌초등학교,2,공립,N,,0.0,2.0,5.0,0.0,0.0,5.0,0.0,2.0,8.0,0.0,3.0,8.0,0.0,1.0,4.0,1.0,0.0,4.0,1.0,8.0,34.0
강원도교육청,강원도화천교육지원청,강원도 화천군,S100002332,광덕초등학교,2,공립,N,,0.0,2.0,12.0,0.0,2.0,12.0,2.0,0.0,6.0,0.0,1.0,2.0,0.0,4.0,12.0,0.0,0.0,7.0,2.0,9.0,51.0
강원도교육청,강원도화천교육지원청,강원도 화천군,S100002342,다목초등학교,2,공립,N,,1.0,2.0,8.0,1.0,0.0,1.0,0.0,2.0,3.0,1.0,1.0,4.0,0.0,0.0,1.0,1.0,0.0,2.0,4.0,5.0,19.0
강원도교육청,강원도화천교육지원청,강원도 화천군,S100002351,봉오초등학교,2,공립,N,,0.0,0.0,3.0,0.0,0.0,0.0,0.0,0.0,1.0,0.0,0.0,1.0,0.0,0.0,2.0,0.0,0.0,1.0,0.0,0.0,8.0
강원도교육청,강원도화천교육지원청,강원도 화천군,S100002352,사내초등학교,2,공립,N,,12.0,6.0,39.0,7.0,12.0,30.0,8.0,10.0,50.0,3.0,10.0,35.0,4.0,13.0,38.0,2.0,5.0,37.0,36.0,56.0,229.0
강원도교육청,강원도화천교육지원청,강원도 화천군,S100002356,산양초등학교,2,공립,N,,1.0,0.0,4.0,3.0,0.0,7.0,0.0,0.0,7.0,2.0,0.0,2.0,2.0,0.0,2.0,2.0,0.0,3.0,10.0,0.0,25.0
강원도교육청,강원도화천교육지원청,강원도 화천군,S100002357,상승초등학교,2,공립,N,,1.0,2.0,10.0,0.0,2.0,5.0,1.0,1.0,6.0,0.0,1.0,10.0,1.0,0.0,6.0,0.0,0.0,2.0,3.0,6.0,39.0
강원도교육청,강원도화천교육지원청,강원도 화천군,S100002362,실내초등학교,2,공립,N,,4.0,0.0,12.0,0.0,5.0,8.0,2.0,1.0,6.0,5.0,0.0,9.0,1.0,0.0,3.0,1.0,0.0,2.0,13.0,6.0,40.0
강원도교육청,강원도화천교육지원청,강원도 화천군,S100002363,오음초등학교,2,공립,N,,1.0,1.0,2.0,0.0,0.0,1.0,0.0,2.0,4.0,0.0,0.0,1.0,1.0,0.0,4.0,0.0,1.0,3.0,2.0,4.0,15.0
강원도교육청,강원도화천교육지원청,강원도 화천군,S100002366,용암초등학교,2,공립,N,,1.0,0.0,5.0,0.0,0.0,6.0,1.0,0.0,6.0,0.0,2.0,9.0,2.0,0.0,4.0,0.0,1.0,7.0,4.0,3.0,37.0
강원도교육청,강원도화천교육지원청,강원도 화천군,S100002368,원천초등학교,2,공립,N,,0.0,0.0,8.0,0.0,1.0,8.0,0.0,0.0,5.0,0.0,0.0,6.0,0.0,0.0,3.0,0.0,0.0,4.0,0.0,1.0,34.0
강원도교육청,강원도화천교육지원청,강원도 화천군,S100002371,유촌초등학교,2,공립,N,,0.0,0.0,5.0,1.0,0.0,4.0,1.0,0.0,4.0,0.0,0.0,7.0,0.0,0.0,3.0,0.0,0.0,6.0,2.0,0.0,29.0
강원도교육청,강원도화천교육지원청,강원도 화천군,S100002373,풍산초등학교,2,공립,N,,2.0,1.0,13.0,2.0,2.0,6.0,0.0,1.0,10.0,1.0,0.0,9.0,0.0,0.0,8.0,1.0,1.0,9.0,6.0,5.0,55.0
강원도교육청,강원도화천교육지원청,강원도 화천군,S100002375,화천초등학교,2,공립,N,,1.0,3.0,54.0,0.0,3.0,76.0,0.0,6.0,71.0,0.0,1.0,70.0,3.0,0.0,74.0,1.0,4.0,73.0,5.0,17.0,418.0
강원도교육청,강원도횡성교육지원청,강원도 횡성군,S100002411,갑천초등학교,2,공립,N,,0.0,0.0,2.0,0.0,1.0,3.0,0.0,0.0,0.0,1.0,1.0,4.0,0.0,0.0,3.0,1.0,0.0,5.0,2.0,2.0,17.0
강원도교육청,강원도횡성교육지원청,강원도 횡성군,S100002413,강림초등학교,2,공립,N,,1.0,1.0,6.0,2.0,1.0,2.0,0.0,0.0,4.0,1.0,0.0,5.0,1.0,0.0,6.0,0.0,1.0,2.0,5.0,3.0,25.0
강원도교육청,강원도횡성교육지원청,강원도 횡성군,S100002416,공근초등학교,2,공립,N,,0.0,1.0,9.0,0.0,2.0,10.0,0.0,1.0,6.0,0.0,0.0,15.0,0.0,0.0,6.0,0.0,0.0,11.0,0.0,4.0,57.0
강원도교육청,강원도횡성교육지원청,강원도 횡성군,S100002435,안흥초등학교덕천분교장,2,공립,N,,0.0,0.0,3.0,0.0,0.0,0.0,0.0,0.0,1.0,0.0,0.0,1.0,0.0,0.0,1.0,0.0,0.0,3.0,0.0,0.0,9.0
강원도교육청,강원도횡성교육지원청,강원도 횡성군,S100002437,둔내초등학교,2,공립,N,,0.0,3.0,22.0,3.0,1.0,21.0,1.0,3.0,29.0,2.0,0.0,28.0,2.0,3.0,35.0,1.0,4.0,31.0,9.0,14.0,166.0
강원도교육청,강원도횡성교육지원청,강원도 횡성군,S100002451,서원초등학교,2,공립,N,,2.0,0.0,6.0,0.0,1.0,7.0,0.0,1.0,9.0,0.0,3.0,8.0,0.0,2.0,8.0,0.0,1.0,3.0,2.0,8.0,41.0
강원도교육청,강원도횡성교육지원청,강원도 횡성군,S100002457,성남초등학교,2,공립,N,,3.0,1.0,12.0,0.0,1.0,10.0,0.0,3.0,12.0,0.0,2.0,9.0,0.0,2.0,12.0,0.0,0.0,7.0,3.0,9.0,62.0
강원도교육청,강원도횡성교육지원청,강원도 횡성군,S100002459,성북초등학교,2,공립,N,,3.0,2.0,55.0,5.0,4.0,55.0,6.0,12.0,81.0,6.0,7.0,68.0,3.0,4.0,71.0,0.0,5.0,82.0,23.0,34.0,412.0
강원도교육청,강원도횡성교육지원청,강원도 횡성군,S100002460,수백초등학교,2,공립,N,,0.0,0.0,12.0,0.0,0.0,6.0,0.0,0.0,12.0,0.0,1.0,11.0,0.0,0.0,12.0,0.0,0.0,12.0,0.0,1.0,65.0
강원도교육청,강원도횡성교육지원청,강원도 횡성군,S100002464,안흥초등학교,2,공립,N,,0.0,0.0,1.0,2.0,1.0,9.0,1.0,0.0,6.0,1.0,0.0,8.0,1.0,1.0,7.0,0.0,2.0,13.0,5.0,4.0,44.0
강원도교육청,강원도횡성교육지원청,강원도 횡성군,S100002474,우천초등학교,2,공립,N,,1.0,0.0,12.0,0.0,0.0,7.0,0.0,0.0,12.0,0.0,0.0,10.0,1.0,0.0,14.0,0.0,0.0,6.0,2.0,0.0,61.0
강원도교육청,강원도횡성교육지원청,강원도 횡성군,S100002476,유현초등학교,2,공립,N,,0.0,0.0,3.0,0.0,0.0,1.0,0.0,0.0,2.0,1.0,0.0,2.0,0.0,0.0,1.0,0.0,0.0,3.0,1.0,0.0,12.0
강원도교육청,강원도횡성교육지원청,강원도 횡성군,S100002479,정금초등학교,2,공립,N,,0.0,0.0,7.0,0.0,0.0,2.0,0.0,0.0,1.0,0.0,0.0,5.0,0.0,0.0,5.0,0.0,0.0,6.0,0.0,0.0,26.0
강원도교육청,강원도횡성교육지원청,강원도 횡성군,S100002481,창림초등학교,2,공립,N,,0.0,0.0,10.0,0.0,5.0,10.0,1.0,2.0,6.0,1.0,1.0,8.0,1.0,0.0,3.0,0.0,1.0,5.0,3.0,9.0,42.0
강원도교육청,강원도횡성교육지원청,강원도 횡성군,S100002483,청일초등학교,2,공립,N,,0.0,0.0,1.0,0.0,0.0,1.0,0.0,2.0,4.0,0.0,1.0,3.0,0.0,0.0,1.0,0.0,0.0,6.0,0.0,3.0,16.0
강원도교육청,강원도횡성교육지원청,강원도 횡성군,S100002485,춘당초등학교,2,공립,N,,0.0,0.0,2.0,0.0,0.0,1.0,0.0,0.0,1.0,0.0,0.0,0.0,0.0,0.0,5.0,0.0,0.0,2.0,0.0,0.0,11.0
강원도교육청,강원도횡성교육지원청,강원도 횡성군,S100002488,횡성초등학교,2,공립,N,,4.0,2.0,63.0,7.0,4.0,74.0,13.0,2.0,83.0,8.0,2.0,78.0,10.0,1.0,83.0,6.0,3.0,81.0,48.0,14.0,462.0
강원도교육청,강원도원주교육지원청,강원도 원주시,S100003292,태봉초등학교,2,공립,N,,0.0,1.0,83.0,4.0,0.0,81.0,2.0,1.0,74.0,5.0,1.0,87.0,2.0,4.0,89.0,1.0,1.0,101.0,14.0,8.0,515.0
강원도교육청,강원도강릉교육지원청,강원도 강릉시,S100003354,주문진초등학교삼덕분교장,2,공립,N,,0.0,0.0,1.0,0.0,1.0,1.0,0.0,0.0,3.0,0.0,0.0,2.0,0.0,0.0,2.0,0.0,0.0,3.0,0.0,1.0,12.0
강원도교육청,강원도화천교육지원청,강원도 화천군,S100003395,화천초등학교논미분교장,2,공립,N,,0.0,1.0,1.0,1.0,1.0,4.0,0.0,0.0,1.0,0.0,0.0,4.0,0.0,1.0,5.0,0.0,0.0,2.0,1.0,3.0,17.0
강원도교육청,강원도홍천교육지원청,강원도 홍천군,S100003468,화계초등학교대룡분교장,2,공립,N,,0.0,0.0,1.0,0.0,0.0,1.0,0.0,0.0,0.0,0.0,0.0,2.0,0.0,0.0,0.0,0.0,0.0,0.0,0.0,0.0,4.0
강원도교육청,강원도춘천교육지원청,강원도 춘천시,S100003536,성림초등학교,2,공립,N,,7.0,8.0,127.0,8.0,30.0,166.0,12.0,29.0,191.0,9.0,27.0,181.0,8.0,31.0,186.0,3.0,11.0,178.0,47.0,136.0,1029.0
강원도교육청,강원도속초양양교육지원청,강원도 속초시,S100003567,소야초등학교,2,공립,N,,5.0,3.0,49.0,6.0,3.0,51.0,6.0,5.0,66.0,5.0,4.0,65.0,3.0,2.0,61.0,0.0,2.0,54.0,25.0,19.0,346.0
강원도교육청,강원도동해교육지원청,강원도 동해시,S100003577,청운초등학교,2,공립,N,,11.0,5.0,111.0,20.0,14.0,149.0,11.0,8.0,161.0,7.0,12.0,138.0,4.0,5.0,123.0,3.0,6.0,175.0,56.0,50.0,857.0
강원도교육청,강원도원주교육지원청,강원도 원주시,S100003709,동화초등학교,2,공립,N,,2.0,0.0,46.0,3.0,28.0,63.0,0.0,20.0,59.0,0.0,22.0,67.0,0.0,23.0,64.0,1.0,12.0,61.0,6.0,105.0,360.0
강원도교육청,강원도원주교육지원청,강원도 원주시,S100003713,단관초등학교,2,공립,N,,3.0,5.0,111.0,9.0,14.0,112.0,11.0,15.0,155.0,6.0,8.0,156.0,9.0,5.0,157.0,4.0,5.0,162.0,42.0,52.0,853.0
강원도교육청,강원도원주교육지원청,강원도 원주시,S100003714,무실초등학교,2,공립,N,,6.0,2.0,71.0,4.0,22.0,81.0,8.0,8.0,101.0,2.0,8.0,100.0,4.0,10.0,88.0,0.0,7.0,101.0,24.0,57.0,542.0
강원도교육청,강원도춘천교육지원청,강원도 춘천시,S100003736,성원초등학교,2,공립,N,,1.0,0.0,97.0,1.0,3.0,117.0,0.0,6.0,151.0,0.0,7.0,176.0,0.0,8.0,159.0,2.0,3.0,169.0,4.0,27.0,869.0
강원도교육청,강원도원주교육지원청,강원도 원주시,S100003739,구곡초등학교,2,공립,N,,2.0,2.0,83.0,5.0,6.0,116.0,4.0,8.0,161.0,6.0,8.0,147.0,2.0,3.0,136.0,5.0,6.0,173.0,24.0,33.0,816.0
강원도교육청,강원도속초양양교육지원청,강원도 속초시,S100003741,청봉초등학교,2,공립,N,,1.0,6.0,120.0,6.0,9.0,145.0,8.0,7.0,148.0,3.0,3.0,133.0,6.0,4.0,134.0,3.0,4.0,106.0,27.0,33.0,786.0
강원도교육청,강원도원주교육지원청,강원도 원주시,S100003745,반곡초등학교,2,공립,N,,15.0,4.0,153.0,23.0,7.0,185.0,22.0,7.0,170.0,26.0,11.0,189.0,19.0,11.0,202.0,11.0,6.0,196.0,116.0,46.0,1095.0
강원도교육청,강원도원주교육지원청,강원도 원주시,S100003820,만대초등학교,2,공립,N,,9.0,4.0,115.0,2.0,8.0,120.0,10.0,14.0,125.0,8.0,17.0,140.0,3.0,11.0,144.0,4.0,7.0,129.0,36.0,61.0,773.0
강원도교육청,강원도원주교육지원청,강원도 원주시,S100003836,솔샘초등학교,2,공립,N,,3.0,5.0,134.0,6.0,9.0,138.0,8.0,16.0,161.0,9.0,11.0,172.0,8.0,7.0,194.0,3.0,3.0,161.0,37.0,51.0,960.0
강원도교육청,강원도원주교육지원청,강원도 원주시,S100003844,버들초등학교,2,공립,N,,1.0,0.0,194.0,7.0,9.0,207.0,2.0,8.0,215.0,10.0,7.0,227.0,0.0,8.0,207.0,2.0,7.0,193.0,22.0,39.0,1243.0
강원도교육청,강원도춘천교육지원청,강원도 춘천시,S100003896,장학초등학교,2,공립,N,,7.0,9.0,130.0,5.0,11.0,148.0,9.0,11.0,161.0,9.0,6.0,140.0,4.0,9.0,119.0,12.0,2.0,131.0,46.0,48.0,829.0
강원도교육청,강원도원주교육지원청,강원도 원주시,S100003975,섬강초등학교,2,공립,N,,16.0,13.0,193.0,15.0,119.0,227.0,22.0,114.0,232.0,20.0,88.0,209.0,18.0,82.0,188.0,9.0,72.0,193.0,100.0,488.0,1242.0
강원도교육청,강원도강릉교육지원청,강원도 강릉시,S100004002,유천초등학교,2,공립,N,,11.0,0.0,149.0,11.0,0.0,149.0,30.0,0.0,118.0,15.0,0.0,120.0,20.0,0.0,99.0,13.0,0.0,92.0,100.0,0.0,727.0
강원도교육청,강원도춘천교육지원청,강원도 춘천시,S100004016,퇴계초등학교,2,공립,N,,21.0,4.0,188.0,13.0,4.0,151.0,19.0,2.0,144.0,17.0,2.0,123.0,8.0,2.0,117.0,1.0,0.0,74.0,79.0,14.0,797.0
강원도교육청,강원도원주교육지원청,강원도 원주시,S100004018,샘마루초등학교,2,공립,N,,16.0,10.0,202.0,20.0,6.0,172.0,16.0,16.0,161.0,14.0,6.0,135.0,11.0,10.0,144.0,7.0,6.0,94.0,84.0,54.0,908.0
강원도교육청,강원도강릉교육지원청,강원도 강릉시,S100004026,운산초등학교,2,공립,N,,0.0,0.0,0.0,0.0,0.0,0.0,0.0,0.0,0.0,1.0,2.0,0.0,1.0,0.0,0.0,0.0,0.0,0.0,2.0,2.0,0.0
충청북도교육청,교육부,충청북도 청주시 서원구,S000003528,청주교육대학교부설초등학교,2,국립,N,,0.0,0.0,72.0,0.0,2.0,72.0,2.0,2.0,72.0,2.0,0.0,72.0,3.0,1.0,70.0,0.0,0.0,72.0,7.0,5.0,430.0
충청북도교육청,교육부,충청북도 청주시 흥덕구,S000003536,한국교원대학교부설월곡초등학교,2,국립,N,,1.0,5.0,72.0,7.0,6.0,76.0,8.0,5.0,93.0,4.0,4.0,71.0,7.0,11.0,97.0,2.0,1.0,95.0,29.0,32.0,504.0
충청북도교육청,충청북도괴산증평교육지원청,충청북도 괴산군,S110000278,감물초등학교,2,공립,N,,0.0,1.0,7.0,1.0,0.0,7.0,1.0,1.0,4.0,0.0,0.0,12.0,0.0,0.0,8.0,1.0,0.0,10.0,3.0,2.0,48.0
충청북도교육청,충청북도괴산증평교육지원청,충청북도 괴산군,S110000286,괴산명덕초등학교,2,공립,N,,1.0,4.0,22.0,1.0,3.0,20.0,1.0,2.0,29.0,0.0,2.0,23.0,0.0,1.0,27.0,1.0,2.0,32.0,4.0,14.0,153.0
충청북도교육청,충청북도괴산증평교육지원청,충청북도 증평군,S110000290,도안초등학교,2,공립,N,,1.0,2.0,19.0,0.0,0.0,21.0,3.0,1.0,13.0,2.0,1.0,18.0,1.0,2.0,12.0,0.0,0.0,10.0,7.0,6.0,93.0
충청북도교육청,충청북도괴산증평교육지원청,충청북도 괴산군,S110000293,동인초등학교,2,공립,N,,6.0,3.0,44.0,2.0,7.0,42.0,8.0,5.0,57.0,3.0,7.0,41.0,4.0,3.0,64.0,3.0,1.0,61.0,26.0,26.0,309.0
충청북도교육청,충청북도괴산증평교육지원청,충청북도 괴산군,S110000296,목도초등학교,2,공립,N,,1.0,2.0,13.0,2.0,1.0,7.0,1.0,1.0,11.0,0.0,0.0,8.0,0.0,1.0,7.0,0.0,0.0,6.0,4.0,5.0,52.0
충청북도교육청,충청북도괴산증평교육지원청,충청북도 괴산군,S110000297,문광초등학교,2,공립,N,,1.0,2.0,13.0,0.0,0.0,8.0,1.0,2.0,10.0,2.0,0.0,7.0,0.0,0.0,9.0,1.0,1.0,11.0,5.0,5.0,58.0
충청북도교육청,충청북도괴산증평교육지원청,충청북도 괴산군,S110000300,백봉초등학교,2,공립,N,,0.0,1.0,9.0,2.0,0.0,8.0,6.0,2.0,11.0,1.0,2.0,5.0,0.0,5.0,7.0,1.0,2.0,2.0,10.0,12.0,42.0
충청북도교육청,충청북도괴산증평교육지원청,충청북도 괴산군,S110000303,보광초등학교,2,공립,N,,1.0,2.0,12.0,2.0,0.0,18.0,0.0,1.0,16.0,1.0,0.0,10.0,1.0,0.0,15.0,1.0,2.0,12.0,6.0,5.0,83.0
충청북도교육청,충청북도괴산증평교육지원청,충청북도 증평군,S110000308,삼보초등학교,2,공립,N,,1.0,4.0,97.0,4.0,7.0,99.0,4.0,5.0,107.0,3.0,6.0,127.0,2.0,9.0,123.0,1.0,2.0,93.0,15.0,33.0,646.0
충청북도교육청,충청북도괴산증평교육지원청,충청북도 괴산군,S110000311,소수초등학교,2,공립,N,,3.0,0.0,9.0,2.0,0.0,7.0,0.0,0.0,4.0,1.0,3.0,4.0,1.0,0.0,5.0,0.0,0.0,5.0,7.0,3.0,34.0
충청북도교육청,충청북도괴산증평교육지원청,충청북도 괴산군,S110000314,송면초등학교,2,공립,N,,3.0,0.0,4.0,1.0,1.0,9.0,2.0,0.0,8.0,2.0,1.0,8.0,1.0,0.0,8.0,1.0,1.0,12.0,10.0,3.0,49.0
충청북도교육청,충청북도괴산증평교육지원청,충청북도 괴산군,S110000323,연풍초등학교,2,공립,N,,0.0,1.0,6.0,0.0,1.0,5.0,1.0,0.0,3.0,0.0,0.0,3.0,1.0,0.0,7.0,1.0,2.0,4.0,3.0,4.0,28.0
충청북도교육청,충청북도괴산증평교육지원청,충청북도 괴산군,S110000333,장연초등학교,2,공립,N,,0.0,0.0,7.0,1.0,0.0,5.0,1.0,0.0,6.0,0.0,0.0,5.0,1.0,0.0,9.0,1.0,0.0,7.0,4.0,0.0,39.0
충청북도교육청,충청북도괴산증평교육지원청,충청북도 증평군,S110000338,죽리초등학교,2,공립,N,,0.0,1.0,26.0,2.0,2.0,21.0,0.0,3.0,16.0,0.0,4.0,12.0,0.0,4.0,13.0,0.0,0.0,12.0,2.0,14.0,100.0
충청북도교육청,충청북도괴산증평교육지원청,충청북도 증평군,S110000340,증평초등학교,2,공립,N,,0.0,0.0,189.0,0.0,0.0,199.0,0.0,0.0,217.0,0.0,0.0,195.0,0.0,0.0,204.0,0.0,0.0,199.0,0.0,0.0,1203.0
충청북도교육청,충청북도괴산증평교육지원청,충청북도 괴산군,S110000341,청안초등학교,2,공립,N,,0.0,2.0,11.0,0.0,0.0,6.0,0.0,0.0,6.0,1.0,1.0,4.0,0.0,1.0,6.0,0.0,0.0,5.0,1.0,4.0,38.0
충청북도교육청,충청북도괴산증평교육지원청,충청북도 괴산군,S110000342,청천초등학교,2,공립,N,,1.0,0.0,3.0,0.0,0.0,4.0,2.0,0.0,9.0,1.0,0.0,7.0,2.0,1.0,5.0,0.0,0.0,11.0,6.0,1.0,39.0
충청북도교육청,충청북도괴산증평교육지원청,충청북도 괴산군,S110000346,칠성초등학교,2,공립,N,,2.0,0.0,6.0,1.0,0.0,3.0,0.0,1.0,11.0,3.0,0.0,7.0,1.0,0.0,9.0,3.0,1.0,15.0,10.0,2.0,51.0
충청북도교육청,충청북도단양교육지원청,충청북도 단양군,S110000358,가곡초등학교,2,공립,N,,1.0,0.0,0.0,0.0,0.0,4.0,1.0,0.0,2.0,0.0,1.0,4.0,0.0,0.0,4.0,0.0,0.0,4.0,2.0,1.0,18.0
충청북도교육청,충청북도단양교육지원청,충청북도 단양군,S110000359,가곡초등학교대곡분교장,2,공립,N,,0.0,1.0,2.0,1.0,0.0,3.0,2.0,2.0,4.0,3.0,0.0,6.0,4.0,3.0,9.0,3.0,1.0,11.0,13.0,7.0,35.0
충청북도교육청,충청북도단양교육지원청,충청북도 단양군,S110000360,가곡초등학교보발분교장,2,공립,N,,0.0,0.0,0.0,0.0,1.0,2.0,0.0,0.0,0.0,0.0,0.0,0.0,1.0,0.0,1.0,0.0,0.0,0.0,1.0,1.0,3.0
충청북도교육청,충청북도단양교육지원청,충청북도 단양군,S110000364,가평초등학교,2,공립,N,,3.0,0.0,4.0,0.0,0.0,2.0,2.0,0.0,7.0,1.0,0.0,5.0,2.0,0.0,3.0,0.0,0.0,2.0,8.0,0.0,23.0
충청북도교육청,충청북도단양교육지원청,충청북도 단양군,S110000368,단양초등학교,2,공립,N,,1.0,0.0,57.0,5.0,1.0,42.0,2.0,2.0,56.0,4.0,3.0,58.0,2.0,1.0,46.0,1.0,0.0,65.0,15.0,7.0,324.0
충청북도교육청,충청북도단양교육지원청,충청북도 단양군,S110000373,단천초등학교,2,공립,N,,0.0,0.0,5.0,0.0,0.0,6.0,1.0,2.0,4.0,0.0,0.0,6.0,0.0,0.0,6.0,0.0,1.0,9.0,1.0,3.0,36.0
충청북도교육청,충청북도단양교육지원청,충청북도 단양군,S110000376,대가초등학교,2,공립,N,,0.0,1.0,3.0,0.0,2.0,4.0,1.0,0.0,4.0,0.0,0.0,5.0,1.0,0.0,3.0,0.0,0.0,4.0,2.0,3.0,23.0
충청북도교육청,충청북도단양교육지원청,충청북도 단양군,S110000377,대강초등학교,2,공립,N,,0.0,0.0,3.0,0.0,1.0,7.0,0.0,0.0,11.0,0.0,1.0,8.0,1.0,1.0,7.0,0.0,0.0,3.0,1.0,3.0,39.0
충청북도교육청,충청북도단양교육지원청,충청북도 단양군,S110000387,매포초등학교,2,공립,N,,0.0,2.0,19.0,1.0,3.0,19.0,1.0,2.0,27.0,0.0,2.0,28.0,1.0,4.0,31.0,1.0,1.0,25.0,4.0,14.0,149.0
충청북도교육청,충청북도단양교육지원청,충청북도 단양군,S110000393,상진초등학교,2,공립,N,,1.0,1.0,13.0,1.0,1.0,19.0,1.0,2.0,23.0,0.0,2.0,32.0,2.0,1.0,25.0,1.0,0.0,17.0,6.0,7.0,129.0
충청북도교육청,충청북도단양교육지원청,충청북도 단양군,S110000396,어상천초등학교,2,공립,N,,0.0,0.0,4.0,0.0,0.0,4.0,0.0,2.0,10.0,0.0,0.0,1.0,0.0,0.0,3.0,1.0,0.0,8.0,1.0,2.0,30.0
충청북도교육청,충청북도단양교육지원청,충청북도 단양군,S110000404,영춘초등학교,2,공립,N,,0.0,0.0,7.0,2.0,2.0,8.0,0.0,0.0,12.0,0.0,1.0,8.0,0.0,1.0,11.0,1.0,0.0,8.0,3.0,4.0,54.0
충청북도교육청,충청북도보은교육지원청,충청북도 보은군,S110000422,관기초등학교,2,공립,N,,0.0,0.0,3.0,0.0,0.0,7.0,0.0,0.0,3.0,0.0,0.0,8.0,0.0,1.0,7.0,1.0,1.0,5.0,1.0,2.0,33.0
충청북도교육청,충청북도보은교육지원청,충청북도 보은군,S110000427,내북초등학교,2,공립,N,,1.0,0.0,6.0,1.0,0.0,1.0,1.0,1.0,2.0,0.0,0.0,4.0,0.0,1.0,4.0,1.0,0.0,6.0,4.0,2.0,23.0
충청북도교육청,충청북도보은교육지원청,충청북도 보은군,S110000431,동광초등학교,2,공립,N,,0.0,2.0,53.0,4.0,0.0,51.0,0.0,1.0,66.0,2.0,1.0,70.0,4.0,5.0,78.0,1.0,0.0,86.0,11.0,9.0,404.0
충청북도교육청,충청북도보은교육지원청,충청북도 보은군,S110000444,산외초등학교,2,공립,N,,0.0,0.0,1.0,0.0,0.0,1.0,0.0,0.0,2.0,0.0,0.0,6.0,0.0,0.0,2.0,0.0,0.0,4.0,0.0,0.0,16.0
충청북도교육청,충청북도보은교육지원청,충청북도 보은군,S110000448,보은삼산초등학교,2,공립,N,,1.0,3.0,39.0,0.0,2.0,48.0,2.0,5.0,51.0,2.0,4.0,52.0,2.0,0.0,32.0,3.0,4.0,40.0,10.0,18.0,262.0
충청북도교육청,충청북도보은교육지원청,충청북도 보은군,S110000452,세중초등학교,2,공립,N,,0.0,0.0,4.0,0.0,0.0,3.0,0.0,0.0,3.0,1.0,0.0,7.0,0.0,0.0,3.0,1.0,0.0,5.0,2.0,0.0,25.0
충청북도교육청,충청북도보은교육지원청,충청북도 보은군,S110000454,속리초등학교,2,공립,N,,1.0,0.0,7.0,1.0,0.0,8.0,1.0,1.0,9.0,1.0,1.0,6.0,0.0,0.0,7.0,0.0,1.0,7.0,4.0,3.0,44.0
충청북도교육청,충청북도보은교육지원청,충청북도 보은군,S110000457,수정초등학교,2,공립,N,,1.0,0.0,7.0,0.0,0.0,5.0,0.0,1.0,5.0,0.0,2.0,6.0,0.0,3.0,16.0,1.0,1.0,8.0,2.0,7.0,47.0
충청북도교육청,충청북도보은교육지원청,충청북도 보은군,S110000461,수한초등학교,2,공립,N,,0.0,0.0,3.0,0.0,0.0,3.0,0.0,0.0,5.0,0.0,0.0,8.0,1.0,0.0,6.0,0.0,0.0,5.0,1.0,0.0,30.0
충청북도교육청,충청북도보은교육지원청,충청북도 보은군,S110000466,종곡초등학교,2,공립,N,,0.0,0.0,7.0,0.0,1.0,5.0,0.0,2.0,8.0,0.0,0.0,4.0,0.0,2.0,4.0,0.0,2.0,9.0,0.0,7.0,37.0
충청북도교육청,충청북도보은교육지원청,충청북도 보은군,S110000468,탄부초등학교,2,공립,N,,1.0,0.0,1.0,2.0,0.0,1.0,1.0,0.0,3.0,0.0,0.0,5.0,0.0,1.0,2.0,0.0,0.0,5.0,4.0,1.0,17.0
충청북도교육청,충청북도보은교육지원청,충청북도 보은군,S110000470,판동초등학교,2,공립,N,,0.0,0.0,5.0,0.0,1.0,7.0,2.0,1.0,7.0,0.0,0.0,7.0,0.0,1.0,8.0,0.0,1.0,2.0,2.0,4.0,36.0
충청북도교육청,충청북도보은교육지원청,충청북도 보은군,S110000472,회남초등학교,2,공립,N,,0.0,0.0,3.0,0.0,1.0,0.0,0.0,0.0,4.0,0.0,0.0,4.0,0.0,1.0,1.0,0.0,0.0,3.0,0.0,2.0,15.0
충청북도교육청,충청북도보은교육지원청,충청북도 보은군,S110000478,회인초등학교,2,공립,N,,0.0,0.0,7.0,0.0,0.0,9.0,1.0,0.0,9.0,0.0,0.0,8.0,1.0,0.0,11.0,0.0,0.0,9.0,2.0,0.0,53.0
충청북도교육청,충청북도영동교육지원청,충청북도 영동군,S110000501,매곡초등학교,2,공립,N,,0.0,0.0,2.0,0.0,0.0,6.0,0.0,0.0,2.0,0.0,0.0,4.0,1.0,0.0,4.0,0.0,0.0,1.0,1.0,0.0,19.0
충청북도교육청,충청북도영동교육지원청,충청북도 영동군,S110000508,부용초등학교,2,공립,N,,1.0,0.0,19.0,5.0,3.0,15.0,4.0,1.0,21.0,2.0,2.0,22.0,2.0,4.0,29.0,1.0,1.0,26.0,15.0,11.0,132.0
충청북도교육청,충청북도영동교육지원청,충청북도 영동군,S110000512,상촌초등학교,2,공립,N,,0.0,0.0,3.0,0.0,0.0,6.0,2.0,0.0,12.0,1.0,0.0,6.0,0.0,1.0,6.0,0.0,0.0,5.0,3.0,1.0,38.0
충청북도교육청,충청북도영동교육지원청,충청북도 영동군,S110000519,심천초등학교,2,공립,N,,0.0,0.0,2.0,0.0,0.0,2.0,0.0,0.0,6.0,0.0,0.0,5.0,0.0,0.0,4.0,0.0,0.0,2.0,0.0,0.0,21.0
충청북도교육청,충청북도영동교육지원청,충청북도 영동군,S110000522,양강초등학교,2,공립,N,,1.0,0.0,2.0,0.0,1.0,4.0,1.0,0.0,9.0,0.0,0.0,4.0,0.0,0.0,7.0,1.0,0.0,9.0,3.0,1.0,35.0
충청북도교육청,충청북도영동교육지원청,충청북도 영동군,S110000524,양산초등학교,2,공립,N,,0.0,0.0,2.0,0.0,0.0,6.0,0.0,1.0,4.0,0.0,2.0,6.0,0.0,2.0,7.0,0.0,0.0,9.0,0.0,5.0,34.0
충청북도교육청,충청북도영동교육지원청,충청북도 영동군,S110000527,구룡초등학교,2,공립,N,,0.0,1.0,10.0,1.0,0.0,3.0,0.0,0.0,7.0,2.0,2.0,21.0,0.0,0.0,7.0,0.0,0.0,11.0,3.0,3.0,59.0
충청북도교육청,충청북도영동교육지원청,충청북도 영동군,S110000528,영동초등학교,2,공립,N,,2.0,1.0,108.0,3.0,6.0,90.0,2.0,3.0,113.0,2.0,1.0,99.0,1.0,2.0,107.0,1.0,2.0,101.0,11.0,15.0,618.0
충청북도교육청,충청북도영동교육지원청,충청북도 영동군,S110000535,용화초등학교,2,공립,N,,0.0,0.0,2.0,0.0,0.0,4.0,0.0,1.0,4.0,0.0,0.0,4.0,0.0,1.0,8.0,0.0,0.0,4.0,0.0,2.0,26.0
충청북도교육청,충청북도영동교육지원청,충청북도 영동군,S110000539,이수초등학교,2,공립,N,,3.0,2.0,50.0,4.0,0.0,60.0,4.0,5.0,55.0,1.0,3.0,63.0,3.0,0.0,65.0,0.0,1.0,55.0,15.0,11.0,348.0
충청북도교육청,충청북도영동교육지원청,충청북도 영동군,S110000548,추풍령초등학교,2,공립,N,,0.0,0.0,8.0,0.0,0.0,2.0,0.0,0.0,10.0,0.0,0.0,5.0,0.0,0.0,7.0,0.0,0.0,6.0,0.0,0.0,38.0
충청북도교육청,충청북도영동교육지원청,충청북도 영동군,S110000552,학산초등학교,2,공립,N,,0.0,1.0,3.0,0.0,0.0,3.0,0.0,1.0,7.0,0.0,0.0,6.0,0.0,0.0,7.0,0.0,0.0,8.0,0.0,2.0,34.0
충청북도교육청,충청북도영동교육지원청,충청북도 영동군,S110000555,황간초등학교,2,공립,N,,1.0,1.0,14.0,0.0,0.0,11.0,1.0,1.0,14.0,0.0,0.0,29.0,1.0,1.0,31.0,0.0,2.0,27.0,3.0,5.0,126.0
충청북도교육청,충청북도옥천교육지원청,충청북도 옥천군,S110000566,군남초등학교,2,공립,N,,0.0,1.0,10.0,3.0,0.0,8.0,2.0,2.0,14.0,1.0,0.0,10.0,1.0,0.0,19.0,3.0,1.0,17.0,10.0,4.0,78.0
충청북도교육청,충청북도옥천교육지원청,충청북도 옥천군,S110000569,군서초등학교,2,공립,N,,0.0,3.0,7.0,0.0,0.0,3.0,0.0,2.0,7.0,0.0,0.0,7.0,1.0,1.0,4.0,0.0,0.0,5.0,1.0,6.0,33.0
충청북도교육청,충청북도옥천교육지원청,충청북도 옥천군,S110000574,동이초등학교,2,공립,N,,0.0,0.0,5.0,2.0,0.0,6.0,0.0,0.0,4.0,2.0,1.0,7.0,2.0,0.0,8.0,0.0,0.0,9.0,6.0,1.0,39.0
충청북도교육청,충청북도옥천교육지원청,충청북도 옥천군,S110000575,동이초등학교우산분교장,2,공립,N,,0.0,0.0,4.0,0.0,0.0,1.0,0.0,0.0,3.0,1.0,0.0,5.0,0.0,0.0,3.0,0.0,0.0,4.0,1.0,0.0,20.0
충청북도교육청,충청북도옥천교육지원청,충청북도 옥천군,S110000577,삼양초등학교,2,공립,N,,5.0,4.0,128.0,6.0,10.0,131.0,5.0,8.0,138.0,1.0,7.0,136.0,5.0,5.0,138.0,3.0,3.0,118.0,25.0,37.0,789.0
충청북도교육청,충청북도옥천교육지원청,충청북도 옥천군,S110000580,안남초등학교,2,공립,N,,0.0,0.0,9.0,0.0,0.0,1.0,0.0,0.0,1.0,1.0,0.0,3.0,0.0,0.0,6.0,1.0,0.0,5.0,2.0,0.0,25.0
충청북도교육청,충청북도옥천교육지원청,충청북도 옥천군,S110000581,안내초등학교,2,공립,N,,0.0,0.0,5.0,1.0,0.0,7.0,0.0,0.0,6.0,2.0,0.0,3.0,0.0,0.0,7.0,0.0,0.0,6.0,3.0,0.0,34.0
충청북도교육청,충청북도옥천교육지원청,충청북도 옥천군,S110000593,이원초등학교,2,공립,N,,0.0,1.0,8.0,1.0,1.0,8.0,0.0,0.0,10.0,0.0,0.0,17.0,0.0,1.0,15.0,0.0,1.0,16.0,1.0,4.0,74.0
충청북도교육청,충청북도옥천교육지원청,충청북도 옥천군,S110000595,죽향초등학교,2,공립,N,,1.0,1.0,44.0,1.0,2.0,38.0,2.0,2.0,49.0,7.0,7.0,56.0,1.0,3.0,54.0,0.0,4.0,54.0,12.0,19.0,295.0
충청북도교육청,충청북도옥천교육지원청,충청북도 옥천군,S110000597,증약초등학교,2,공립,N,,0.0,0.0,4.0,0.0,0.0,7.0,0.0,0.0,8.0,0.0,0.0,9.0,0.0,1.0,13.0,0.0,0.0,6.0,0.0,1.0,47.0
충청북도교육청,충청북도옥천교육지원청,충청북도 옥천군,S110000599,증약초등학교대정분교장,2,공립,N,,0.0,0.0,1.0,0.0,0.0,1.0,0.0,0.0,3.0,0.0,0.0,0.0,0.0,0.0,1.0,0.0,0.0,0.0,0.0,0.0,6.0
충청북도교육청,충청북도옥천교육지원청,충청북도 옥천군,S110000604,청산초등학교,2,공립,N,,0.0,0.0,2.0,0.0,1.0,3.0,0.0,1.0,3.0,0.0,2.0,11.0,0.0,0.0,8.0,0.0,0.0,13.0,0.0,4.0,40.0
충청북도교육청,충청북도옥천교육지원청,충청북도 옥천군,S110000607,청성초등학교,2,공립,N,,2.0,0.0,2.0,5.0,0.0,2.0,1.0,0.0,3.0,2.0,2.0,4.0,2.0,0.0,4.0,2.0,0.0,2.0,14.0,2.0,17.0
충청북도교육청,충청북도음성교육지원청,충청북도 음성군,S110000624,감곡초등학교,2,공립,N,,3.0,2.0,41.0,2.0,1.0,49.0,1.0,1.0,35.0,2.0,1.0,29.0,1.0,5.0,43.0,0.0,2.0,41.0,9.0,12.0,238.0
충청북도교육청,충청북도음성교육지원청,충청북도 음성군,S110000627,남신초등학교,2,공립,N,,0.0,1.0,56.0,3.0,3.0,55.0,1.0,3.0,54.0,3.0,4.0,55.0,1.0,5.0,53.0,0.0,0.0,46.0,8.0,16.0,319.0
충청북도교육청,충청북도음성교육지원청,충청북도 음성군,S110000629,능산초등학교,2,공립,N,,0.0,1.0,3.0,0.0,0.0,0.0,0.0,1.0,4.0,0.0,0.0,3.0,0.0,0.0,3.0,0.0,0.0,6.0,0.0,2.0,19.0
충청북도교육청,충청북도음성교육지원청,충청북도 음성군,S110000630,대소초등학교,2,공립,N,,3.0,3.0,111.0,9.0,1.0,107.0,10.0,9.0,123.0,8.0,6.0,121.0,5.0,5.0,111.0,3.0,3.0,120.0,38.0,27.0,693.0
충청북도교육청,충청북도음성교육지원청,충청북도 음성군,S110000633,맹동초등학교,2,공립,N,,1.0,0.0,9.0,0.0,3.0,10.0,0.0,1.0,14.0,0.0,1.0,37.0,0.0,1.0,15.0,0.0,1.0,3.0,1.0,7.0,88.0
충청북도교육청,충청북도음성교육지원청,충청북도 음성군,S110000635,무극초등학교,2,공립,N,,0.0,0.0,53.0,0.0,0.0,52.0,0.0,0.0,65.0,0.0,0.0,66.0,0.0,0.0,58.0,1.0,4.0,62.0,1.0,4.0,356.0
충청북도교육청,충청북도음성교육지원청,충청북도 음성군,S110000638,부윤초등학교,2,공립,N,,0.0,1.0,8.0,2.0,0.0,8.0,0.0,0.0,12.0,0.0,1.0,8.0,0.0,2.0,13.0,0.0,0.0,12.0,2.0,4.0,61.0
충청북도교육청,충청북도음성교육지원청,충청북도 음성군,S110000640,삼성초등학교,2,공립,N,,1.0,0.0,21.0,1.0,2.0,26.0,2.0,3.0,26.0,0.0,2.0,23.0,2.0,1.0,31.0,0.0,2.0,27.0,6.0,10.0,154.0
충청북도교육청,충청북도음성교육지원청,충청북도 음성군,S110000642,생극초등학교,2,공립,N,,0.0,0.0,26.0,0.0,1.0,15.0,1.0,0.0,25.0,1.0,0.0,26.0,0.0,0.0,21.0,0.0,1.0,20.0,2.0,2.0,133.0
충청북도교육청,충청북도음성교육지원청,충청북도 음성군,S110000646,소이초등학교,2,공립,N,,0.0,0.0,5.0,1.0,0.0,8.0,1.0,0.0,8.0,3.0,1.0,8.0,1.0,0.0,12.0,0.0,1.0,13.0,6.0,2.0,54.0
충청북도교육청,충청북도음성교육지원청,충청북도 음성군,S110000648,수봉초등학교,2,공립,N,,3.0,1.0,25.0,2.0,2.0,41.0,2.0,3.0,37.0,2.0,4.0,35.0,3.0,5.0,53.0,1.0,4.0,51.0,13.0,19.0,242.0
충청북도교육청,충청북도음성교육지원청,충청북도 음성군,S110000649,쌍봉초등학교,2,공립,N,,1.0,0.0,11.0,0.0,1.0,12.0,1.0,1.0,11.0,0.0,1.0,4.0,0.0,2.0,10.0,0.0,0.0,7.0,2.0,5.0,55.0
충청북도교육청,충청북도음성교육지원청,충청북도 음성군,S110000650,오갑초등학교,2,공립,N,,0.0,0.0,5.0,1.0,0.0,7.0,1.0,0.0,6.0,1.0,0.0,3.0,1.0,0.0,4.0,0.0,0.0,8.0,4.0,0.0,33.0
충청북도교육청,충청북도음성교육지원청,충청북도 음성군,S110000652,오선초등학교,2,공립,N,,0.0,3.0,12.0,2.0,1.0,7.0,0.0,2.0,14.0,0.0,1.0,11.0,1.0,0.0,11.0,0.0,1.0,11.0,3.0,8.0,66.0
충청북도교육청,충청북도음성교육지원청,충청북도 음성군,S110000653,용천초등학교,2,공립,N,,2.0,2.0,73.0,0.0,5.0,76.0,0.0,7.0,96.0,0.0,8.0,79.0,0.0,6.0,105.0,2.0,0.0,91.0,4.0,28.0,520.0
충청북도교육청,충청북도음성교육지원청,충청북도 음성군,S110000654,원남초등학교,2,공립,N,,2.0,0.0,7.0,1.0,2.0,9.0,1.0,0.0,14.0,1.0,1.0,11.0,0.0,0.0,13.0,0.0,1.0,5.0,5.0,4.0,59.0
충청북도교육청,충청북도음성교육지원청,충청북도 음성군,S110000657,원당초등학교,2,공립,N,,1.0,0.0,7.0,0.0,1.0,7.0,2.0,1.0,7.0,1.0,1.0,15.0,0.0,3.0,12.0,0.0,0.0,15.0,4.0,6.0,63.0
충청북도교육청,충청북도음성교육지원청,충청북도 음성군,S110000660,청룡초등학교,2,공립,N,,0.0,0.0,6.0,0.0,1.0,9.0,0.0,1.0,12.0,0.0,1.0,9.0,0.0,1.0,9.0,0.0,0.0,7.0,0.0,4.0,52.0
충청북도교육청,충청북도음성교육지원청,충청북도 음성군,S110000663,평곡초등학교,2,공립,N,,0.0,0.0,4.0,0.0,0.0,4.0,0.0,0.0,1.0,0.0,0.0,10.0,0.0,0.0,8.0,0.0,0.0,12.0,0.0,0.0,39.0
충청북도교육청,충청북도음성교육지원청,충청북도 음성군,S110000664,하당초등학교,2,공립,N,,1.0,0.0,4.0,0.0,0.0,11.0,0.0,1.0,10.0,0.0,0.0,16.0,1.0,1.0,6.0,1.0,0.0,14.0,3.0,2.0,61.0
충청북도교육청,충청북도제천교육지원청,충청북도 제천시,S110000683,금성초등학교,2,공립,N,,0.0,1.0,7.0,0.0,0.0,5.0,0.0,0.0,5.0,0.0,0.0,4.0,0.0,0.0,9.0,0.0,0.0,3.0,0.0,1.0,33.0
충청북도교육청,충청북도제천교육지원청,충청북도 제천시,S110000688,남당초등학교,2,공립,N,,0.0,1.0,27.0,0.0,1.0,20.0,0.0,0.0,21.0,0.0,0.0,22.0,0.0,2.0,31.0,0.0,0.0,27.0,0.0,4.0,148.0
충청북도교육청,충청북도제천교육지원청,충청북도 제천시,S110000689,남천초등학교,2,공립,N,,1.0,1.0,18.0,4.0,2.0,17.0,4.0,1.0,14.0,7.0,3.0,26.0,2.0,1.0,31.0,1.0,1.0,29.0,19.0,9.0,135.0
충청북도교육청,충청북도제천교육지원청,충청북도 제천시,S110000696,동명초등학교,2,공립,N,,2.0,1.0,116.0,2.0,6.0,118.0,5.0,7.0,135.0,2.0,6.0,120.0,2.0,6.0,130.0,0.0,2.0,119.0,13.0,28.0,738.0
충청북도교육청,충청북도제천교육지원청,충청북도 제천시,S110000698,두학초등학교,2,공립,N,,0.0,0.0,8.0,0.0,0.0,9.0,1.0,0.0,8.0,1.0,0.0,11.0,0.0,1.0,12.0,0.0,1.0,9.0,2.0,2.0,57.0
충청북도교육청,충청북도제천교육지원청,충청북도 제천시,S110000700,명지초등학교,2,공립,N,,2.0,4.0,140.0,7.0,4.0,135.0,2.0,5.0,134.0,6.0,4.0,161.0,6.0,6.0,153.0,4.0,3.0,113.0,27.0,26.0,836.0
충청북도교육청,충청북도제천교육지원청,충청북도 제천시,S110000701,백운초등학교,2,공립,N,,0.0,0.0,6.0,0.0,0.0,6.0,1.0,0.0,13.0,0.0,1.0,11.0,0.0,0.0,11.0,1.0,0.0,7.0,2.0,1.0,54.0
충청북도교육청,충청북도제천교육지원청,충청북도 제천시,S110000706,봉양초등학교,2,공립,N,,1.0,2.0,14.0,0.0,0.0,9.0,0.0,1.0,12.0,0.0,0.0,15.0,0.0,2.0,12.0,0.0,1.0,11.0,1.0,6.0,73.0
충청북도교육청,충청북도제천교육지원청,충청북도 제천시,S110000717,송학초등학교,2,공립,N,,0.0,0.0,11.0,2.0,1.0,7.0,3.0,1.0,13.0,3.0,1.0,10.0,0.0,2.0,9.0,0.0,0.0,6.0,8.0,5.0,56.0
충청북도교육청,충청북도제천교육지원청,충청북도 제천시,S110000721,수산초등학교,2,공립,N,,0.0,0.0,2.0,0.0,0.0,4.0,0.0,0.0,4.0,0.0,0.0,1.0,0.0,0.0,4.0,0.0,0.0,6.0,0.0,0.0,21.0
충청북도교육청,충청북도제천교육지원청,충청북도 제천시,S110000726,신백초등학교,2,공립,N,,0.0,1.0,38.0,4.0,5.0,36.0,4.0,4.0,48.0,3.0,5.0,57.0,3.0,0.0,56.0,5.0,1.0,55.0,19.0,16.0,290.0
충청북도교육청,충청북도제천교육지원청,충청북도 제천시,S110000731,왕미초등학교,2,공립,N,,1.0,2.0,63.0,2.0,3.0,43.0,4.0,1.0,48.0,0.0,3.0,34.0,3.0,2.0,42.0,1.0,3.0,40.0,11.0,14.0,270.0
충청북도교육청,충청북도제천교육지원청,충청북도 제천시,S110000732,용두초등학교,2,공립,N,,0.0,2.0,30.0,5.0,5.0,36.0,1.0,2.0,43.0,0.0,0.0,34.0,1.0,6.0,40.0,1.0,5.0,51.0,8.0,20.0,234.0
충청북도교육청,충청북도제천교육지원청,충청북도 제천시,S110000739,의림초등학교,2,공립,N,,3.0,2.0,70.0,2.0,6.0,75.0,1.0,4.0,97.0,8.0,7.0,85.0,4.0,2.0,112.0,3.0,1.0,108.0,21.0,22.0,547.0
충청북도교육청,충청북도제천교육지원청,충청북도 제천시,S110000741,제천덕산초등학교,2,공립,N,,0.0,0.0,4.0,0.0,2.0,8.0,0.0,1.0,12.0,0.0,0.0,7.0,0.0,0.0,8.0,0.0,1.0,12.0,0.0,4.0,51.0
충청북도교육청,충청북도제천교육지원청,충청북도 제천시,S110000743,제천중앙초등학교,2,공립,N,,1.0,2.0,32.0,1.0,3.0,43.0,6.0,4.0,57.0,4.0,4.0,36.0,3.0,1.0,43.0,5.0,2.0,56.0,20.0,16.0,267.0
충청북도교육청,충청북도제천교육지원청,충청북도 제천시,S110000746,청풍초등학교,2,공립,N,,0.0,0.0,3.0,0.0,0.0,4.0,0.0,1.0,6.0,0.0,0.0,5.0,0.0,0.0,3.0,0.0,0.0,3.0,0.0,1.0,24.0
충청북도교육청,충청북도제천교육지원청,충청북도 제천시,S110000753,한송초등학교,2,공립,N,,0.0,0.0,3.0,1.0,0.0,2.0,0.0,0.0,0.0,2.0,0.0,4.0,0.0,0.0,2.0,1.0,0.0,1.0,4.0,0.0,12.0
충청북도교육청,충청북도제천교육지원청,충청북도 제천시,S110000756,홍광초등학교,2,공립,N,,3.0,5.0,112.0,6.0,6.0,99.0,4.0,1.0,116.0,4.0,9.0,121.0,2.0,3.0,99.0,2.0,2.0,106.0,21.0,26.0,653.0
충청북도교육청,충청북도제천교육지원청,충청북도 제천시,S110000757,화당초등학교,2,공립,N,,1.0,0.0,8.0,2.0,0.0,20.0,0.0,0.0,6.0,1.0,1.0,7.0,1.0,0.0,7.0,0.0,1.0,8.0,5.0,2.0,56.0
충청북도교육청,충청북도제천교육지원청,충청북도 제천시,S110000760,화산초등학교,2,공립,N,,3.0,1.0,46.0,3.0,4.0,42.0,3.0,5.0,42.0,1.0,4.0,53.0,2.0,5.0,48.0,2.0,3.0,46.0,14.0,22.0,277.0
충청북도교육청,충청북도진천교육지원청,충청북도 진천군,S110000769,구정초등학교,2,공립,N,,0.0,1.0,11.0,0.0,0.0,11.0,0.0,0.0,12.0,3.0,2.0,12.0,1.0,2.0,17.0,0.0,1.0,10.0,4.0,6.0,73.0
충청북도교육청,충청북도진천교육지원청,충청북도 진천군,S110000771,금구초등학교,2,공립,N,,0.0,1.0,7.0,0.0,0.0,16.0,0.0,0.0,6.0,0.0,0.0,13.0,0.0,2.0,6.0,0.0,0.0,4.0,0.0,3.0,52.0
충청북도교육청,충청북도진천교육지원청,충청북도 진천군,S110000773,만승초등학교,2,공립,N,,3.0,4.0,86.0,7.0,8.0,94.0,5.0,7.0,110.0,7.0,6.0,128.0,5.0,2.0,94.0,4.0,2.0,119.0,31.0,29.0,631.0
충청북도교육청,충청북도진천교육지원청,충청북도 진천군,S110000775,문백초등학교,2,공립,N,,0.0,0.0,9.0,0.0,0.0,8.0,1.0,0.0,13.0,0.0,1.0,16.0,1.0,1.0,5.0,0.0,0.0,6.0,2.0,2.0,57.0
충청북도교육청,충청북도진천교육지원청,충청북도 진천군,S110000777,문상초등학교,2,공립,N,,0.0,1.0,25.0,1.0,2.0,15.0,1.0,1.0,9.0,2.0,3.0,29.0,1.0,0.0,22.0,1.0,1.0,24.0,6.0,8.0,124.0
충청북도교육청,충청북도진천교육지원청,충청북도 진천군,S110000778,백곡초등학교,2,공립,N,,0.0,0.0,11.0,0.0,0.0,6.0,0.0,1.0,6.0,0.0,1.0,8.0,0.0,1.0,11.0,0.0,1.0,9.0,0.0,4.0,51.0
충청북도교육청,충청북도진천교육지원청,충청북도 진천군,S110000783,성암초등학교,2,공립,N,,0.0,0.0,7.0,0.0,2.0,6.0,0.0,0.0,9.0,1.0,0.0,4.0,1.0,0.0,15.0,0.0,0.0,8.0,2.0,2.0,49.0
충청북도교육청,충청북도진천교육지원청,충청북도 진천군,S110000787,옥동초등학교,2,공립,N,,12.0,4.0,209.0,15.0,3.0,215.0,25.0,7.0,231.0,13.0,6.0,232.0,20.0,8.0,254.0,15.0,5.0,214.0,100.0,33.0,1355.0
충청북도교육청,충청북도진천교육지원청,충청북도 진천군,S110000789,이월초등학교,2,공립,N,,1.0,0.0,19.0,3.0,0.0,16.0,0.0,3.0,24.0,0.0,2.0,23.0,1.0,1.0,26.0,0.0,0.0,21.0,5.0,6.0,129.0
충청북도교육청,충청북도진천교육지원청,충청북도 진천군,S110000790,진천삼수초등학교,2,공립,N,,3.0,3.0,105.0,6.0,5.0,110.0,4.0,6.0,135.0,4.0,3.0,148.0,3.0,5.0,145.0,3.0,1.0,113.0,23.0,23.0,756.0
충청북도교육청,충청북도진천교육지원청,충청북도 진천군,S110000792,진천상산초등학교,2,공립,N,,3.0,2.0,110.0,6.0,8.0,119.0,3.0,3.0,125.0,4.0,2.0,135.0,1.0,5.0,154.0,0.0,1.0,138.0,17.0,21.0,781.0
충청북도교육청,충청북도진천교육지원청,충청북도 진천군,S110000794,초평초등학교,2,공립,N,,0.0,1.0,23.0,1.0,2.0,14.0,1.0,1.0,6.0,0.0,2.0,12.0,0.0,0.0,12.0,0.0,1.0,16.0,2.0,7.0,83.0
충청북도교육청,충청북도진천교육지원청,충청북도 진천군,S110000795,학성초등학교,2,공립,N,,0.0,0.0,7.0,0.0,0.0,9.0,0.0,1.0,14.0,0.0,2.0,15.0,0.0,2.0,10.0,0.0,1.0,13.0,0.0,6.0,68.0
충청북도교육청,충청북도진천교육지원청,충청북도 진천군,S110000796,한천초등학교,2,공립,N,,2.0,2.0,30.0,4.0,4.0,29.0,3.0,4.0,35.0,2.0,4.0,31.0,0.0,2.0,35.0,1.0,4.0,33.0,12.0,20.0,193.0
충청북도교육청,충청북도청주교육지원청,충청북도 청주시 상당구,S110000808,가덕초등학교,2,공립,N,,1.0,0.0,7.0,1.0,0.0,4.0,2.0,0.0,11.0,1.0,1.0,10.0,0.0,0.0,5.0,0.0,1.0,8.0,5.0,2.0,45.0
충청북도교육청,충청북도청주교육지원청,충청북도 청주시 청원구,S110000812,각리초등학교,2,공립,N,,6.0,5.0,225.0,17.0,17.0,241.0,12.0,15.0,265.0,11.0,19.0,264.0,11.0,9.0,288.0,7.0,7.0,256.0,64.0,72.0,1539.0
충청북도교육청,충청북도청주교육지원청,충청북도 청주시 서원구,S110000815,갈원초등학교,2,공립,N,,3.0,1.0,8.0,1.0,1.0,3.0,3.0,2.0,12.0,2.0,2.0,12.0,1.0,1.0,5.0,0.0,2.0,14.0,10.0,9.0,54.0
충청북도교육청,충청북도청주교육지원청,충청북도 청주시 흥덕구,S110000816,강내초등학교,2,공립,N,,2.0,0.0,8.0,0.0,1.0,15.0,0.0,0.0,10.0,0.0,0.0,18.0,0.0,1.0,12.0,0.0,0.0,10.0,2.0,2.0,73.0
충청북도교육청,충청북도청주교육지원청,충청북도 청주시 흥덕구,S110000818,오송초등학교,2,공립,N,,2.0,0.0,27.0,1.0,6.0,26.0,5.0,1.0,27.0,1.0,1.0,32.0,3.0,0.0,32.0,3.0,1.0,47.0,15.0,9.0,191.0
충청북도교육청,충청북도청주교육지원청,충청북도 청주시 서원구,S110000828,남이초등학교,2,공립,N,,1.0,2.0,12.0,3.0,1.0,13.0,2.0,4.0,17.0,0.0,2.0,17.0,2.0,7.0,24.0,1.0,2.0,21.0,9.0,18.0,104.0
충청북도교육청,충청북도청주교육지원청,충청북도 청주시 상당구,S110000829,남일초등학교,2,공립,N,,1.0,3.0,48.0,2.0,1.0,35.0,7.0,8.0,48.0,2.0,5.0,41.0,1.0,4.0,42.0,3.0,1.0,44.0,16.0,22.0,258.0
충청북도교육청,충청북도청주교육지원청,충청북도 청주시 상당구,S110000832,낭성초등학교,2,공립,N,,1.0,0.0,10.0,1.0,0.0,10.0,1.0,0.0,11.0,0.0,0.0,8.0,0.0,0.0,13.0,0.0,0.0,5.0,3.0,0.0,57.0
충청북도교육청,충청북도청주교육지원청,충청북도 청주시 청원구,S110000834,내수초등학교,2,공립,N,,0.0,1.0,38.0,2.0,3.0,49.0,1.0,2.0,64.0,1.0,2.0,65.0,1.0,2.0,58.0,1.0,1.0,48.0,6.0,11.0,322.0
충청북도교육청,충청북도청주교육지원청,충청북도 청주시 청원구,S110000836,대길초등학교,2,공립,N,,0.0,0.0,4.0,0.0,0.0,4.0,0.0,0.0,3.0,0.0,1.0,6.0,0.0,1.0,3.0,0.0,3.0,11.0,0.0,5.0,31.0
충청북도교육청,충청북도청주교육지원청,충청북도 청주시 상당구,S110000838,동화초등학교,2,공립,N,,0.0,2.0,16.0,2.0,1.0,12.0,2.0,3.0,10.0,0.0,2.0,13.0,0.0,3.0,11.0,1.0,1.0,13.0,5.0,12.0,75.0
충청북도교육청,충청북도청주교육지원청,충청북도 청주시 흥덕구,S110000840,만수초등학교,2,공립,N,,3.0,11.0,213.0,14.0,19.0,191.0,8.0,21.0,230.0,21.0,12.0,232.0,15.0,14.0,208.0,8.0,12.0,211.0,69.0,89.0,1285.0
충청북도교육청,충청북도청주교육지원청,충청북도 청주시 상당구,S110000843,문의초등학교,2,공립,N,,0.0,1.0,11.0,0.0,0.0,9.0,0.0,0.0,15.0,0.0,2.0,10.0,0.0,1.0,19.0,0.0,2.0,10.0,0.0,6.0,74.0
충청북도교육청,충청북도청주교육지원청,충청북도 청주시 상당구,S110000845,문의초등학교도원분교장,2,공립,N,,0.0,0.0,12.0,0.0,1.0,8.0,0.0,2.0,15.0,0.0,2.0,8.0,0.0,0.0,13.0,0.0,1.0,9.0,0.0,6.0,65.0
충청북도교육청,충청북도청주교육지원청,충청북도 청주시 상당구,S110000848,미원초등학교,2,공립,N,,0.0,0.0,14.0,0.0,0.0,9.0,1.0,1.0,15.0,0.0,2.0,13.0,0.0,1.0,5.0,0.0,0.0,7.0,1.0,4.0,63.0
충청북도교육청,충청북도청주교육지원청,충청북도 청주시 상당구,S110000849,미원초등학교금관분교장,2,공립,N,,0.0,0.0,2.0,0.0,0.0,1.0,0.0,1.0,2.0,0.0,2.0,4.0,0.0,0.0,0.0,0.0,2.0,3.0,0.0,5.0,12.0
충청북도교육청,충청북도청주교육지원청,충청북도 청주시 청원구,S110000855,북이초등학교,2,공립,N,,1.0,0.0,4.0,0.0,2.0,5.0,1.0,0.0,10.0,0.0,3.0,10.0,0.0,0.0,14.0,0.0,0.0,11.0,2.0,5.0,54.0
충청북도교육청,충청북도청주교육지원청,충청북도 청주시 청원구,S110000856,비상초등학교,2,공립,N,,0.0,0.0,14.0,1.0,1.0,11.0,1.0,0.0,14.0,3.0,1.0,19.0,0.0,2.0,7.0,0.0,0.0,14.0,5.0,4.0,79.0
충청북도교육청,충청북도청주교육지원청,충청북도 청주시 흥덕구,S110000858,상봉초등학교,2,공립,N,,0.0,0.0,7.0,0.0,0.0,5.0,0.0,1.0,5.0,0.0,0.0,2.0,0.0,2.0,6.0,0.0,0.0,6.0,0.0,3.0,31.0
충청북도교육청,충청북도청주교육지원청,충청북도 청주시 청원구,S110000860,석성초등학교,2,공립,N,,0.0,0.0,7.0,1.0,0.0,7.0,1.0,1.0,4.0,1.0,1.0,6.0,0.0,1.0,6.0,0.0,0.0,4.0,3.0,3.0,34.0
충청북도교육청,충청북도청주교육지원청,충청북도 청주시 청원구,S110000862,수성초등학교,2,공립,N,,5.0,6.0,86.0,5.0,9.0,92.0,8.0,17.0,122.0,3.0,16.0,108.0,5.0,6.0,108.0,1.0,6.0,91.0,27.0,60.0,607.0
충청북도교육청,충청북도청주교육지원청,충청북도 청주시 청원구,S110000863,수성초등학교구성분교장,2,공립,N,,1.0,1.0,3.0,1.0,0.0,8.0,1.0,1.0,3.0,1.0,0.0,2.0,0.0,0.0,3.0,0.0,1.0,5.0,4.0,3.0,24.0
충청북도교육청,충청북도청주교육지원청,충청북도 청주시 상당구,S110000865,신송초등학교,2,공립,N,,0.0,0.0,6.0,1.0,2.0,6.0,0.0,1.0,4.0,0.0,0.0,7.0,1.0,1.0,17.0,0.0,0.0,2.0,2.0,4.0,42.0
충청북도교육청,충청북도청주교육지원청,충청북도 청주시 청원구,S110000866,오창초등학교,2,공립,N,,2.0,1.0,32.0,4.0,1.0,23.0,2.0,1.0,34.0,3.0,3.0,26.0,2.0,0.0,26.0,1.0,1.0,34.0,14.0,7.0,175.0
충청북도교육청,충청북도청주교육지원청,충청북도 청주시 흥덕구,S110000869,옥산초등학교,2,공립,N,,3.0,1.0,53.0,6.0,3.0,47.0,4.0,4.0,57.0,3.0,4.0,72.0,2.0,6.0,60.0,3.0,4.0,51.0,21.0,22.0,340.0
충청북도교육청,충청북도청주교육지원청,충청북도 청주시 서원구,S110000873,옥포초등학교,2,공립,N,,0.0,2.0,6.0,0.0,0.0,3.0,1.0,2.0,9.0,0.0,0.0,4.0,0.0,1.0,7.0,0.0,0.0,3.0,1.0,5.0,32.0
충청북도교육청,충청북도청주교육지원청,충청북도 청주시 청원구,S110000887,청원초등학교,2,공립,N,,3.0,7.0,125.0,6.0,15.0,142.0,10.0,13.0,175.0,5.0,6.0,139.0,5.0,9.0,144.0,5.0,5.0,153.0,34.0,55.0,878.0
충청북도교육청,충청북도청주교육지원청,충청북도 청주시 상당구,S110000888,행정초등학교,2,공립,N,,0.0,0.0,6.0,0.0,0.0,6.0,0.0,1.0,4.0,0.0,0.0,10.0,0.0,0.0,8.0,0.0,0.0,5.0,0.0,1.0,39.0
충청북도교육청,충청북도청주교육지원청,충청북도 청주시 서원구,S110000889,현도초등학교,2,공립,N,,1.0,0.0,6.0,0.0,0.0,6.0,0.0,0.0,5.0,0.0,1.0,4.0,0.0,0.0,3.0,0.0,0.0,8.0,1.0,1.0,32.0
충청북도교육청,충청북도청주교육지원청,충청북도 청주시 흥덕구,S110000924,가경초등학교,2,공립,N,,2.0,0.0,27.0,5.0,2.0,39.0,5.0,8.0,46.0,4.0,3.0,53.0,2.0,1.0,53.0,2.0,2.0,28.0,20.0,16.0,246.0
충청북도교육청,충청북도청주교육지원청,충청북도 청주시 흥덕구,S110000925,강서초등학교,2,공립,N,,4.0,8.0,160.0,7.0,12.0,141.0,8.0,2.0,142.0,7.0,10.0,141.0,7.0,3.0,146.0,2.0,1.0,127.0,35.0,36.0,857.0
충청북도교육청,충청북도청주교육지원청,충청북도 청주시 서원구,S110000926,개신초등학교,2,공립,N,,2.0,4.0,115.0,5.0,7.0,134.0,10.0,12.0,173.0,6.0,8.0,154.0,1.0,4.0,184.0,0.0,3.0,166.0,24.0,38.0,926.0
충청북도교육청,충청북도청주교육지원청,충청북도 청주시 흥덕구,S110000927,경덕초등학교,2,공립,N,,6.0,1.0,86.0,5.0,4.0,82.0,9.0,3.0,93.0,3.0,9.0,91.0,4.0,5.0,104.0,6.0,4.0,101.0,33.0,26.0,557.0
충청북도교육청,충청북도청주교육지원청,충청북도 청주시 흥덕구,S110000928,경산초등학교,2,공립,N,,14.0,3.0,72.0,26.0,3.0,60.0,16.0,4.0,87.0,19.0,2.0,70.0,14.0,4.0,58.0,10.0,0.0,84.0,99.0,16.0,431.0
충청북도교육청,충청북도청주교육지원청,충청북도 청주시 상당구,S110000929,교동초등학교,2,공립,N,,8.0,1.0,121.0,8.0,2.0,132.0,16.0,2.0,148.0,3.0,0.0,164.0,4.0,1.0,155.0,5.0,1.0,155.0,44.0,7.0,875.0
충청북도교육청,충청북도청주교육지원청,충청북도 청주시 상당구,S110000930,금천초등학교,2,공립,N,,3.0,2.0,127.0,5.0,0.0,149.0,6.0,0.0,181.0,4.0,0.0,153.0,4.0,0.0,176.0,1.0,0.0,131.0,23.0,2.0,917.0
충청북도교육청,충청북도청주교육지원청,충청북도 청주시 서원구,S110000931,남성초등학교,2,공립,N,,3.0,2.0,97.0,6.0,5.0,91.0,6.0,5.0,117.0,4.0,3.0,112.0,6.0,4.0,129.0,7.0,1.0,110.0,32.0,20.0,656.0
충청북도교육청,충청북도청주교육지원청,충청북도 청주시 서원구,S110000932,남평초등학교,2,공립,N,,3.0,1.0,114.0,2.0,3.0,113.0,6.0,0.0,144.0,3.0,4.0,143.0,6.0,0.0,153.0,3.0,0.0,167.0,23.0,8.0,834.0
충청북도교육청,충청북도청주교육지원청,충청북도 청주시 청원구,S110000934,청주내덕초등학교,2,공립,N,,1.0,0.0,37.0,9.0,4.0,39.0,3.0,2.0,28.0,11.0,5.0,48.0,5.0,0.0,41.0,6.0,2.0,39.0,35.0,13.0,232.0
충청북도교육청,충청북도청주교육지원청,충청북도 청주시 청원구,S110000935,청주대성초등학교,2,사립,N,,1.0,1.0,96.0,8.0,8.0,96.0,8.0,7.0,95.0,5.0,9.0,95.0,1.0,16.0,81.0,1.0,1.0,50.0,24.0,42.0,513.0
충청북도교육청,충청북도청주교육지원청,충청북도 청주시 청원구,S110000936,덕벌초등학교,2,공립,N,,4.0,3.0,62.0,4.0,4.0,44.0,5.0,2.0,54.0,3.0,3.0,68.0,4.0,2.0,56.0,0.0,1.0,56.0,20.0,15.0,340.0
충청북도교육청,충청북도청주교육지원청,충청북도 청주시 청원구,S110000937,덕성초등학교,2,공립,N,,4.0,2.0,59.0,6.0,5.0,53.0,6.0,7.0,72.0,4.0,5.0,67.0,10.0,10.0,81.0,3.0,2.0,83.0,33.0,31.0,415.0
충청북도교육청,충청북도청주교육지원청,충청북도 청주시 상당구,S110000938,동주초등학교,2,공립,N,,7.0,3.0,144.0,9.0,15.0,193.0,8.0,6.0,181.0,10.0,7.0,186.0,5.0,3.0,165.0,2.0,0.0,173.0,41.0,34.0,1042.0
충청북도교육청,충청북도청주교육지원청,충청북도 청주시 서원구,S110000939,모충초등학교,2,공립,N,,6.0,1.0,55.0,8.0,3.0,54.0,8.0,0.0,58.0,4.0,4.0,58.0,6.0,4.0,56.0,3.0,2.0,59.0,35.0,14.0,340.0
충청북도교육청,충청북도청주교육지원청,충청북도 청주시 흥덕구,S110000940,복대초등학교,2,공립,N,,1.0,1.0,30.0,2.0,3.0,23.0,0.0,2.0,29.0,2.0,2.0,27.0,1.0,0.0,26.0,0.0,1.0,38.0,6.0,9.0,173.0
충청북도교육청,충청북도청주교육지원청,충청북도 청주시 흥덕구,S110000941,봉명초등학교,2,공립,N,,9.0,4.0,74.0,3.0,6.0,69.0,5.0,10.0,87.0,0.0,7.0,83.0,4.0,2.0,69.0,2.0,4.0,81.0,23.0,33.0,463.0
충청북도교육청,충청북도청주교육지원청,충청북도 청주시 흥덕구,S110000942,봉정초등학교,2,공립,N,,2.0,3.0,86.0,2.0,6.0,71.0,5.0,7.0,81.0,3.0,5.0,101.0,5.0,9.0,96.0,1.0,6.0,91.0,18.0,36.0,526.0
충청북도교육청,충청북도청주교육지원청,충청북도 청주시 청원구,S110000943,북일초등학교,2,공립,N,,2.0,0.0,6.0,2.0,2.0,5.0,2.0,0.0,6.0,0.0,0.0,12.0,0.0,0.0,3.0,0.0,0.0,4.0,6.0,2.0,36.0
충청북도교육청,충청북도청주교육지원청,충청북도 청주시 서원구,S110000945,분평초등학교,2,공립,N,,0.0,5.0,73.0,3.0,0.0,85.0,0.0,2.0,92.0,0.0,3.0,73.0,0.0,1.0,88.0,2.0,0.0,70.0,5.0,11.0,481.0
충청북도교육청,충청북도청주교육지원청,충청북도 청주시 서원구,S110000946,사직초등학교,2,공립,N,,1.0,3.0,44.0,3.0,2.0,39.0,3.0,4.0,42.0,4.0,4.0,59.0,1.0,4.0,44.0,4.0,2.0,46.0,16.0,19.0,274.0
충청북도교육청,충청북도청주교육지원청,충청북도 청주시 상당구,S110000950,상당초등학교,2,공립,N,,1.0,2.0,57.0,2.0,3.0,73.0,1.0,11.0,73.0,3.0,7.0,74.0,3.0,5.0,93.0,1.0,1.0,73.0,11.0,29.0,443.0
충청북도교육청,충청북도청주교육지원청,충청북도 청주시 청원구,S110000951,새터초등학교,2,공립,N,,1.0,1.0,71.0,1.0,6.0,95.0,3.0,5.0,95.0,4.0,5.0,94.0,2.0,4.0,87.0,0.0,5.0,99.0,11.0,26.0,541.0
충청북도교육청,충청북도청주교육지원청,충청북도 청주시 흥덕구,S110000952,서원초등학교,2,공립,N,,2.0,1.0,24.0,2.0,2.0,32.0,6.0,2.0,27.0,4.0,6.0,39.0,4.0,2.0,40.0,1.0,0.0,47.0,19.0,13.0,209.0
충청북도교육청,충청북도청주교육지원청,충청북도 청주시 흥덕구,S110000953,서촌초등학교,2,공립,N,,0.0,2.0,11.0,3.0,1.0,8.0,0.0,0.0,11.0,0.0,2.0,8.0,0.0,3.0,8.0,3.0,0.0,7.0,6.0,8.0,53.0
충청북도교육청,충청북도청주교육지원청,충청북도 청주시 상당구,S110000954,석교초등학교,2,공립,N,,5.0,2.0,29.0,4.0,3.0,30.0,14.0,5.0,33.0,4.0,6.0,49.0,3.0,3.0,47.0,0.0,5.0,37.0,30.0,24.0,225.0
충청북도교육청,충청북도청주교육지원청,충청북도 청주시 서원구,S110000955,수곡초등학교,2,공립,N,,6.0,0.0,72.0,13.0,3.0,70.0,17.0,8.0,83.0,15.0,2.0,78.0,11.0,4.0,90.0,16.0,1.0,72.0,78.0,18.0,465.0
충청북도교육청,충청북도청주교육지원청,충청북도 청주시 상당구,S110000956,용담초등학교,2,공립,N,,5.0,4.0,40.0,6.0,5.0,33.0,2.0,2.0,46.0,3.0,4.0,55.0,3.0,6.0,53.0,1.0,1.0,57.0,20.0,22.0,284.0
충청북도교육청,충청북도청주교육지원청,충청북도 청주시 상당구,S110000957,용담초등학교현양원분교장,2,공립,N,,0.0,0.0,4.0,0.0,0.0,2.0,0.0,0.0,4.0,0.0,0.0,6.0,0.0,0.0,1.0,0.0,0.0,1.0,0.0,0.0,18.0
충청북도교육청,충청북도청주교육지원청,충청북도 청주시 상당구,S110000958,용암초등학교,2,공립,N,,6.0,7.0,83.0,7.0,7.0,95.0,8.0,14.0,111.0,4.0,10.0,100.0,2.0,9.0,115.0,4.0,4.0,120.0,31.0,51.0,624.0
충청북도교육청,충청북도청주교육지원청,충청북도 청주시 청원구,S110000960,우암초등학교,2,공립,N,,2.0,2.0,41.0,3.0,0.0,28.0,1.0,3.0,26.0,2.0,1.0,33.0,0.0,5.0,39.0,0.0,1.0,37.0,8.0,12.0,204.0
충청북도교육청,충청북도청주교육지원청,충청북도 청주시 상당구,S110000961,운동초등학교,2,공립,N,,1.0,2.0,129.0,28.0,2.0,87.0,32.0,2.0,75.0,30.0,0.0,78.0,31.0,2.0,76.0,20.0,3.0,64.0,142.0,11.0,509.0
충청북도교육청,충청북도청주교육지원청,충청북도 청주시 흥덕구,S110000962,운천초등학교,2,공립,N,,3.0,5.0,65.0,0.0,3.0,64.0,5.0,4.0,79.0,1.0,6.0,89.0,3.0,4.0,84.0,6.0,1.0,83.0,18.0,23.0,464.0
충청북도교육청,충청북도청주교육지원청,충청북도 청주시 상당구,S110000964,원봉초등학교,2,공립,N,,7.0,8.0,73.0,5.0,5.0,77.0,4.0,12.0,99.0,5.0,5.0,105.0,6.0,3.0,115.0,3.0,3.0,100.0,30.0,36.0,569.0
충청북도교육청,충청북도청주교육지원청,충청북도 청주시 서원구,S110000965,원평초등학교,2,공립,N,,1.0,0.0,76.0,0.0,0.0,70.0,6.0,2.0,85.0,4.0,4.0,98.0,1.0,2.0,101.0,4.0,6.0,90.0,16.0,14.0,520.0
충청북도교육청,충청북도청주교육지원청,충청북도 청주시 청원구,S110000966,율량초등학교,2,공립,N,,2.0,4.0,84.0,3.0,6.0,82.0,6.0,3.0,112.0,2.0,5.0,87.0,8.0,7.0,110.0,6.0,3.0,107.0,27.0,28.0,582.0
충청북도교육청,충청북도청주교육지원청,충청북도 청주시 상당구,S110000967,주성초등학교,2,공립,N,,1.0,0.0,28.0,7.0,0.0,38.0,5.0,0.0,46.0,4.0,0.0,37.0,5.0,1.0,43.0,5.0,0.0,38.0,27.0,1.0,230.0
충청북도교육청,충청북도청주교육지원청,충청북도 청주시 청원구,S110000968,중앙초등학교,2,공립,N,,8.0,10.0,276.0,12.0,23.0,315.0,12.0,17.0,267.0,12.0,21.0,293.0,12.0,15.0,299.0,13.0,6.0,267.0,69.0,92.0,1717.0
충청북도교육청,충청북도청주교육지원청,충청북도 청주시 흥덕구,S110000969,증안초등학교,2,공립,N,,3.0,8.0,102.0,6.0,12.0,130.0,3.0,5.0,141.0,6.0,16.0,164.0,9.0,5.0,128.0,1.0,5.0,127.0,28.0,51.0,792.0
충청북도교육청,충청북도청주교육지원청,충청북도 청주시 흥덕구,S110000970,진흥초등학교,2,공립,N,,5.0,8.0,107.0,4.0,8.0,117.0,3.0,14.0,109.0,5.0,8.0,116.0,2.0,6.0,159.0,1.0,4.0,132.0,20.0,48.0,740.0
충청북도교육청,충청북도청주교육지원청,충청북도 청주시 서원구,S110000971,창신초등학교,2,공립,N,,5.0,9.0,194.0,8.0,22.0,201.0,6.0,29.0,242.0,2.0,17.0,236.0,4.0,22.0,225.0,3.0,24.0,226.0,28.0,123.0,1324.0
충청북도교육청,충청북도청주교육지원청,충청북도 청주시 상당구,S110000972,청남초등학교,2,공립,N,,0.0,1.0,40.0,5.0,0.0,58.0,0.0,4.0,55.0,3.0,1.0,58.0,4.0,7.0,77.0,2.0,2.0,77.0,14.0,15.0,365.0
충청북도교육청,충청북도청주교육지원청,충청북도 청주시 흥덕구,S110000974,풍광초등학교,2,공립,N,,4.0,1.0,68.0,3.0,1.0,73.0,7.0,3.0,80.0,2.0,4.0,77.0,6.0,5.0,86.0,7.0,1.0,78.0,29.0,15.0,462.0
충청북도교육청,충청북도청주교육지원청,충청북도 청주시 서원구,S110000975,한벌초등학교,2,공립,N,,1.0,8.0,46.0,2.0,4.0,50.0,3.0,0.0,63.0,3.0,4.0,39.0,2.0,6.0,65.0,3.0,1.0,62.0,14.0,23.0,325.0
충청북도교육청,충청북도청주교육지원청,충청북도 청주시 서원구,S110000976,한솔초등학교,2,공립,N,,5.0,3.0,38.0,2.0,1.0,40.0,2.0,3.0,44.0,3.0,3.0,52.0,2.0,4.0,34.0,1.0,2.0,44.0,15.0,16.0,252.0
충청북도교육청,충청북도청주교육지원청,충청북도 청주시 흥덕구,S110000978,흥덕초등학교,2,공립,N,,1.0,1.0,31.0,1.0,3.0,47.0,0.0,0.0,59.0,7.0,3.0,46.0,3.0,6.0,63.0,1.0,1.0,62.0,13.0,14.0,308.0
충청북도교육청,충청북도충주교육지원청,충청북도 충주시,S110000998,가흥초등학교,2,공립,N,,1.0,1.0,11.0,3.0,0.0,7.0,0.0,1.0,5.0,2.0,0.0,8.0,0.0,0.0,3.0,0.0,1.0,2.0,6.0,3.0,36.0
충청북도교육청,충청북도충주교육지원청,충청북도 충주시,S110001003,금가초등학교,2,공립,N,,6.0,6.0,24.0,4.0,5.0,34.0,4.0,7.0,26.0,6.0,4.0,23.0,0.0,7.0,24.0,1.0,0.0,16.0,21.0,29.0,147.0
충청북도교육청,충청북도충주교육지원청,충청북도 충주시,S110001006,노은초등학교,2,공립,N,,1.0,1.0,9.0,0.0,1.0,8.0,0.0,1.0,11.0,0.0,1.0,11.0,0.0,0.0,9.0,0.0,0.0,3.0,1.0,4.0,51.0
충청북도교육청,충청북도충주교육지원청,충청북도 충주시,S110001011,단월초등학교,2,공립,N,,1.0,0.0,7.0,0.0,0.0,4.0,0.0,1.0,11.0,0.0,0.0,13.0,1.0,0.0,5.0,0.0,0.0,3.0,2.0,1.0,43.0
충청북도교육청,충청북도충주교육지원청,충청북도 충주시,S110001012,달천초등학교,2,공립,N,,1.0,0.0,8.0,1.0,2.0,2.0,1.0,0.0,6.0,2.0,1.0,6.0,4.0,0.0,14.0,0.0,1.0,10.0,9.0,4.0,46.0
충청북도교육청,충청북도충주교육지원청,충청북도 충주시,S110001013,달천초등학교매현분교장,2,공립,N,,0.0,1.0,3.0,0.0,3.0,9.0,1.0,1.0,7.0,1.0,0.0,6.0,0.0,2.0,6.0,0.0,0.0,6.0,2.0,7.0,37.0
충청북도교육청,충청북도충주교육지원청,충청북도 충주시,S110001015,대미초등학교,2,공립,N,,1.0,0.0,4.0,2.0,0.0,6.0,2.0,0.0,4.0,4.0,0.0,9.0,2.0,2.0,10.0,1.0,0.0,5.0,12.0,2.0,38.0
충청북도교육청,충청북도충주교육지원청,충청북도 충주시,S110001017,덕신초등학교,2,공립,N,,0.0,0.0,20.0,1.0,0.0,13.0,1.0,0.0,13.0,2.0,2.0,11.0,0.0,0.0,12.0,0.0,3.0,13.0,4.0,5.0,82.0
충청북도교육청,충청북도충주교육지원청,충청북도 충주시,S110001020,동량초등학교,2,공립,N,,0.0,0.0,6.0,0.0,1.0,8.0,2.0,1.0,9.0,1.0,1.0,6.0,3.0,1.0,8.0,0.0,0.0,7.0,6.0,4.0,44.0
충청북도교육청,충청북도충주교육지원청,충청북도 충주시,S110001031,목행초등학교,2,공립,N,,2.0,1.0,49.0,1.0,3.0,56.0,5.0,8.0,81.0,2.0,3.0,76.0,5.0,2.0,76.0,1.0,2.0,75.0,16.0,19.0,413.0
충청북도교육청,충청북도충주교육지원청,충청북도 충주시,S110001034,산척초등학교,2,공립,N,,0.0,0.0,7.0,0.0,0.0,4.0,0.0,0.0,6.0,0.0,0.0,7.0,0.0,0.0,10.0,0.0,0.0,4.0,0.0,0.0,38.0
충청북도교육청,충청북도충주교육지원청,충청북도 충주시,S110001045,세성초등학교,2,공립,N,,2.0,0.0,9.0,1.0,0.0,10.0,0.0,0.0,4.0,0.0,1.0,7.0,0.0,0.0,8.0,0.0,0.0,8.0,3.0,1.0,46.0
충청북도교육청,충청북도충주교육지원청,충청북도 충주시,S110001049,소태초등학교,2,공립,N,,0.0,0.0,4.0,0.0,0.0,2.0,0.0,1.0,6.0,0.0,0.0,3.0,0.0,0.0,5.0,0.0,0.0,2.0,0.0,1.0,22.0
충청북도교육청,충청북도충주교육지원청,충청북도 충주시,S110001053,수안보초등학교,2,공립,N,,0.0,0.0,6.0,1.0,1.0,5.0,1.0,1.0,9.0,2.0,1.0,6.0,0.0,0.0,5.0,0.0,2.0,5.0,4.0,5.0,36.0
충청북도교육청,충청북도충주교육지원청,충청북도 충주시,S110001057,수회초등학교,2,공립,N,,1.0,0.0,6.0,0.0,1.0,6.0,1.0,1.0,6.0,0.0,0.0,7.0,2.0,0.0,4.0,0.0,0.0,7.0,4.0,2.0,36.0
충청북도교육청,충청북도충주교육지원청,충청북도 충주시,S110001060,앙성초등학교,2,공립,N,,1.0,0.0,8.0,0.0,2.0,5.0,0.0,1.0,8.0,1.0,1.0,8.0,0.0,0.0,5.0,1.0,3.0,11.0,3.0,7.0,45.0
충청북도교육청,충청북도충주교육지원청,충청북도 충주시,S110001064,엄정초등학교,2,공립,N,,0.0,0.0,6.0,2.0,2.0,10.0,0.0,1.0,11.0,1.0,4.0,9.0,0.0,0.0,5.0,0.0,1.0,15.0,3.0,8.0,56.0
충청북도교육청,충청북도충주교육지원청,충청북도 충주시,S110001065,연수초등학교,2,공립,N,,1.0,3.0,29.0,1.0,2.0,17.0,3.0,2.0,17.0,2.0,4.0,29.0,0.0,1.0,28.0,1.0,0.0,28.0,8.0,12.0,148.0
충청북도교육청,충청북도충주교육지원청,충청북도 충주시,S110001068,오석초등학교,2,공립,N,,0.0,0.0,3.0,1.0,0.0,8.0,0.0,0.0,4.0,0.0,4.0,7.0,1.0,1.0,4.0,0.0,1.0,9.0,2.0,6.0,35.0
충청북도교육청,충청북도충주교육지원청,충청북도 충주시,S110001069,충주용산초등학교,2,공립,N,,1.0,1.0,90.0,7.0,1.0,93.0,10.0,2.0,123.0,2.0,3.0,114.0,7.0,3.0,139.0,2.0,1.0,94.0,29.0,11.0,653.0
충청북도교육청,충청북도충주교육지원청,충청북도 충주시,S110001070,용원초등학교,2,공립,N,,0.0,1.0,12.0,3.0,0.0,4.0,3.0,0.0,7.0,0.0,0.0,2.0,2.0,0.0,5.0,0.0,0.0,6.0,8.0,1.0,36.0
충청북도교육청,충청북도충주교육지원청,충청북도 충주시,S110001075,주덕초등학교,2,공립,N,,0.0,0.0,5.0,1.0,1.0,6.0,0.0,1.0,8.0,0.0,5.0,18.0,0.0,0.0,9.0,0.0,1.0,9.0,1.0,8.0,55.0
충청북도교육청,충청북도충주교육지원청,충청북도 충주시,S110001079,충주교현초등학교,2,공립,N,,3.0,5.0,48.0,4.0,1.0,26.0,4.0,2.0,44.0,5.0,5.0,42.0,1.0,1.0,44.0,4.0,4.0,61.0,21.0,18.0,265.0
충청북도교육청,충청북도충주교육지원청,충청북도 충주시,S110001080,충주남산초등학교,2,공립,N,,11.0,4.0,111.0,13.0,4.0,122.0,15.0,7.0,149.0,10.0,8.0,173.0,9.0,6.0,175.0,12.0,3.0,166.0,70.0,32.0,896.0
충청북도교육청,충청북도충주교육지원청,충청북도 충주시,S110001081,충주대림초등학교,2,공립,N,,5.0,2.0,33.0,5.0,5.0,32.0,4.0,5.0,29.0,3.0,3.0,49.0,3.0,3.0,48.0,1.0,1.0,48.0,21.0,19.0,239.0
충청북도교육청,충청북도충주교육지원청,충청북도 충주시,S110001082,충주삼원초등학교,2,공립,N,,2.0,3.0,37.0,2.0,2.0,45.0,3.0,2.0,32.0,1.0,1.0,45.0,1.0,3.0,49.0,2.0,4.0,39.0,11.0,15.0,247.0
충청북도교육청,충청북도충주교육지원청,충청북도 충주시,S110001083,충주성남초등학교,2,공립,N,,5.0,6.0,75.0,3.0,3.0,91.0,5.0,3.0,76.0,8.0,3.0,112.0,3.0,6.0,117.0,2.0,1.0,125.0,26.0,22.0,596.0
충청북도교육청,충청북도충주교육지원청,충청북도 충주시,S110001087,충주예성초등학교,2,공립,N,,0.0,1.0,18.0,0.0,0.0,23.0,0.0,4.0,23.0,0.0,3.0,22.0,2.0,1.0,26.0,2.0,1.0,29.0,4.0,10.0,141.0
충청북도교육청,충청북도충주교육지원청,충청북도 충주시,S110001089,충주중앙초등학교,2,공립,N,,1.0,3.0,47.0,1.0,4.0,44.0,0.0,4.0,51.0,3.0,5.0,71.0,1.0,4.0,51.0,2.0,3.0,57.0,8.0,23.0,321.0
충청북도교육청,충청북도충주교육지원청,충청북도 충주시,S110001090,칠금초등학교,2,공립,N,,3.0,3.0,52.0,5.0,7.0,63.0,1.0,2.0,79.0,4.0,6.0,66.0,4.0,8.0,87.0,2.0,0.0,80.0,19.0,26.0,427.0
충청북도교육청,충청북도충주교육지원청,충청북도 충주시,S110001091,탄금초등학교,2,공립,N,,6.0,2.0,113.0,10.0,8.0,119.0,7.0,7.0,120.0,14.0,10.0,140.0,10.0,8.0,162.0,4.0,6.0,139.0,51.0,41.0,793.0
충청북도교육청,충청북도영동교육지원청,충청북도 영동군,S110001837,초강초등학교,2,공립,N,,1.0,0.0,2.0,2.0,0.0,5.0,0.0,0.0,2.0,0.0,0.0,6.0,0.0,0.0,5.0,1.0,0.0,4.0,4.0,0.0,24.0
충청북도교육청,충청북도제천교육지원청,충청북도 제천시,S110001845,장락초등학교,2,공립,N,,1.0,3.0,161.0,10.0,6.0,161.0,5.0,8.0,171.0,3.0,6.0,172.0,2.0,5.0,160.0,4.0,2.0,156.0,25.0,30.0,981.0
충청북도교육청,충청북도청주교육지원청,충청북도 청주시 서원구,S110001857,죽림초등학교,2,공립,N,,4.0,8.0,83.0,6.0,15.0,103.0,3.0,21.0,100.0,3.0,9.0,111.0,2.0,10.0,105.0,1.0,11.0,112.0,19.0,74.0,614.0
충청북도교육청,충청북도청주교육지원청,충청북도 청주시 상당구,S110001858,산성초등학교,2,공립,N,,8.0,7.0,238.0,10.0,18.0,251.0,10.0,13.0,258.0,15.0,15.0,266.0,10.0,11.0,248.0,1.0,5.0,221.0,54.0,69.0,1482.0
충청북도교육청,충청북도청주교육지원청,충청북도 청주시 청원구,S110001859,주중초등학교,2,공립,N,,5.0,5.0,124.0,6.0,8.0,145.0,7.0,12.0,175.0,12.0,7.0,157.0,1.0,9.0,168.0,7.0,4.0,141.0,38.0,45.0,910.0
충청북도교육청,충청북도청주교육지원청,충청북도 청주시 청원구,S110001860,사천초등학교,2,공립,N,,1.0,5.0,130.0,5.0,8.0,126.0,3.0,8.0,143.0,2.0,3.0,123.0,4.0,7.0,109.0,0.0,7.0,119.0,15.0,38.0,750.0
충청북도교육청,충청북도청주교육지원청,충청북도 청주시 흥덕구,S110001861,서경초등학교,2,공립,N,,5.0,1.0,104.0,17.0,4.0,97.0,15.0,11.0,130.0,9.0,3.0,131.0,19.0,2.0,124.0,6.0,4.0,146.0,71.0,25.0,732.0
충청북도교육청,충청북도청주교육지원청,충청북도 청주시 흥덕구,S110001862,봉덕초등학교,2,공립,N,,1.0,2.0,106.0,5.0,8.0,87.0,8.0,8.0,112.0,5.0,4.0,102.0,3.0,9.0,111.0,1.0,3.0,113.0,23.0,34.0,631.0
충청북도교육청,충청북도청주교육지원청,충청북도 청주시 상당구,S110001863,용성초등학교,2,공립,N,,5.0,13.0,101.0,1.0,15.0,112.0,12.0,17.0,162.0,10.0,12.0,153.0,7.0,10.0,172.0,7.0,3.0,164.0,42.0,70.0,864.0
충청북도교육청,충청북도제천교육지원청,충청북도 제천시,S110001865,내토초등학교,2,공립,N,,0.0,0.0,33.0,1.0,2.0,38.0,0.0,3.0,43.0,2.0,4.0,48.0,1.0,2.0,57.0,0.0,0.0,45.0,4.0,11.0,264.0
충청북도교육청,충청북도충주교육지원청,충청북도 충주시,S110001872,충주금릉초등학교,2,공립,N,,2.0,7.0,122.0,6.0,7.0,115.0,4.0,12.0,121.0,6.0,4.0,111.0,1.0,2.0,107.0,3.0,6.0,95.0,22.0,38.0,671.0
충청북도교육청,충청북도청주교육지원청,충청북도 청주시 서원구,S110001874,산남초등학교,2,공립,N,,11.0,4.0,122.0,10.0,8.0,103.0,13.0,14.0,161.0,15.0,10.0,166.0,9.0,10.0,138.0,3.0,3.0,165.0,61.0,49.0,855.0
충청북도교육청,충청북도청주교육지원청,충청북도 청주시 서원구,S110001878,샛별초등학교,2,공립,N,,5.0,6.0,107.0,4.0,7.0,123.0,10.0,9.0,164.0,7.0,9.0,141.0,8.0,10.0,147.0,7.0,7.0,143.0,41.0,48.0,825.0
충청북도교육청,충청북도청주교육지원청,충청북도 청주시 청원구,S110001886,비봉초등학교,2,공립,N,,6.0,3.0,112.0,8.0,5.0,109.0,12.0,8.0,139.0,8.0,5.0,145.0,8.0,10.0,155.0,4.0,9.0,161.0,46.0,40.0,821.0
충청북도교육청,충청북도옥천교육지원청,충청북도 옥천군,S110001889,장야초등학교,2,공립,N,,3.0,1.0,69.0,6.0,2.0,62.0,9.0,4.0,85.0,11.0,4.0,102.0,5.0,1.0,87.0,2.0,4.0,101.0,36.0,16.0,506.0
충청북도교육청,충청북도청주교육지원청,충청북도 청주시 서원구,S110001891,성화초등학교,2,공립,N,,4.0,2.0,95.0,1.0,13.0,126.0,4.0,14.0,134.0,6.0,18.0,126.0,2.0,9.0,142.0,0.0,3.0,122.0,17.0,59.0,745.0
충청북도교육청,충청북도충주교육지원청,충청북도 충주시,S110001919,국원초등학교,2,공립,N,,16.0,8.0,172.0,11.0,10.0,186.0,10.0,17.0,187.0,13.0,16.0,190.0,5.0,9.0,216.0,5.0,2.0,171.0,60.0,62.0,1122.0
충청북도교육청,충청북도청주교육지원청,충청북도 청주시 흥덕구,S110001951,서현초등학교,2,공립,N,,10.0,5.0,166.0,21.0,9.0,190.0,20.0,13.0,187.0,27.0,6.0,199.0,18.0,5.0,198.0,10.0,5.0,163.0,106.0,43.0,1103.0
충청북도교육청,충청북도청주교육지원청,충청북도 청주시 흥덕구,S110001955,직지초등학교,2,공립,N,,0.0,3.0,112.0,0.0,3.0,114.0,1.0,4.0,114.0,1.0,0.0,110.0,0.0,2.0,115.0,1.0,2.0,118.0,3.0,14.0,683.0
충청북도교육청,충청북도청주교육지원청,충청북도 청주시 흥덕구,S110001958,솔밭초등학교,2,공립,N,,13.0,13.0,283.0,28.0,28.0,320.0,21.0,21.0,345.0,17.0,17.0,314.0,16.0,16.0,285.0,4.0,4.0,309.0,99.0,99.0,1856.0
충청북도교육청,충청북도음성교육지원청,충청북도 음성군,S110001998,동성초등학교,2,공립,N,,5.0,10.0,146.0,8.0,13.0,142.0,13.0,16.0,156.0,15.0,8.0,149.0,10.0,12.0,134.0,5.0,12.0,124.0,56.0,71.0,851.0
충청북도교육청,충청북도청주교육지원청,충청북도 청주시 청원구,S110002003,양청초등학교,2,공립,N,,1.0,6.0,102.0,6.0,16.0,100.0,4.0,11.0,79.0,2.0,10.0,58.0,3.0,4.0,51.0,2.0,2.0,37.0,18.0,49.0,427.0
충청북도교육청,충청북도청주교육지원청,충청북도 청주시 청원구,S110002005,창리초등학교,2,공립,N,,6.0,23.0,282.0,10.0,13.0,259.0,13.0,24.0,228.0,8.0,14.0,191.0,9.0,16.0,183.0,7.0,15.0,145.0,53.0,105.0,1288.0
충청북도교육청,충청북도청주교육지원청,충청북도 청주시 흥덕구,S110002199,청주소로초등학교,2,공립,N,,5.0,8.0,154.0,5.0,13.0,169.0,7.0,13.0,130.0,6.0,11.0,104.0,2.0,10.0,91.0,0.0,6.0,68.0,25.0,61.0,716.0
충청북도교육청,충청북도청주교육지원청,충청북도 청주시 흥덕구,S110002200,청주내곡초등학교,2,공립,N,,8.0,8.0,246.0,17.0,12.0,247.0,8.0,16.0,248.0,10.0,11.0,188.0,4.0,10.0,152.0,2.0,3.0,113.0,49.0,60.0,1194.0
충청북도교육청,충청북도진천교육지원청,충청북도 진천군,S110002201,진천상신초등학교,2,공립,N,,6.0,8.0,207.0,10.0,10.0,204.0,15.0,8.0,195.0,8.0,5.0,125.0,7.0,6.0,132.0,6.0,1.0,92.0,52.0,38.0,955.0
충청북도교육청,충청북도청주교육지원청,충청북도 청주시 상당구,S110002202,단재초등학교,2,공립,N,,0.0,0.0,208.0,0.0,0.0,216.0,0.0,0.0,208.0,0.0,0.0,170.0,0.0,0.0,151.0,0.0,0.0,127.0,0.0,0.0,1080.0
충청북도교육청,충청북도충주교육지원청,충청북도 충주시,S110002213,충주중앙탑초등학교,2,공립,N,,8.0,11.0,153.0,20.0,20.0,188.0,20.0,18.0,186.0,16.0,6.0,159.0,13.0,10.0,125.0,11.0,9.0,120.0,88.0,74.0,931.0
충청북도교육청,충청북도청주교육지원청,충청북도 청주시 청원구,S110002234,생명초등학교,2,공립,N,,5.0,7.0,183.0,18.0,8.0,144.0,17.0,5.0,136.0,14.0,5.0,83.0,13.0,1.0,65.0,2.0,0.0,67.0,69.0,26.0,678.0
충청북도교육청,충청북도충주교육지원청,충청북도 충주시,S110002236,충주대소원초등학교,2,공립,N,,8.0,1.0,43.0,3.0,10.0,33.0,4.0,5.0,30.0,6.0,3.0,40.0,6.0,2.0,44.0,2.0,1.0,29.0,29.0,22.0,219.0
충청북도교육청,충청북도충주교육지원청,충청북도 충주시,S110002238,충주남한강초등학교,2,공립,N,,10.0,10.0,174.0,11.0,8.0,192.0,14.0,4.0,172.0,11.0,5.0,166.0,11.0,7.0,146.0,6.0,3.0,148.0,63.0,37.0,998.0
충청북도교육청,충청북도청주교육지원청,충청북도 청주시 상당구,S110002253,용아초등학교,2,공립,N,,27.0,1.0,203.0,58.0,2.0,180.0,50.0,2.0,184.0,38.0,3.0,143.0,30.0,2.0,128.0,3.0,0.0,105.0,206.0,10.0,943.0
충청북도교육청,충청북도충주교육지원청,충청북도 충주시,S110002320,용원초등학교동락분교장,2,공립,N,,0.0,0.0,0.0,0.0,0.0,0.0,0.0,2.0,0.0,0.0,1.0,0.0,0.0,1.0,0.0,0.0,0.0,0.0,0.0,4.0,0.0
충청북도교육청,충청북도단양교육지원청,충청북도 단양군,S110002321,영춘초등학교별방분교장,2,공립,N,,0.0,1.0,0.0,0.0,0.0,0.0,0.0,0.0,0.0,0.0,0.0,0.0,0.0,0.0,0.0,1.0,0.0,0.0,1.0,1.0,0.0
충청북도교육청,충청북도보은교육지원청,충청북도 보은군,S110002322,판동초등학교송죽분교장,2,공립,N,,0.0,0.0,0.0,0.0,0.0,0.0,0.0,0.0,0.0,0.0,0.0,0.0,0.0,0.0,0.0,0.0,0.0,0.0,0.0,0.0,0.0
충청남도교육청,교육부,충청남도 공주시,S000003499,공주교육대학교부설초등학교,2,국립,N,,0.0,0.0,80.0,1.0,3.0,80.0,0.0,1.0,80.0,0.0,1.0,79.0,0.0,2.0,87.0,0.0,2.0,96.0,1.0,9.0,502.0
충청남도교육청,충청남도공주교육지원청,충청남도 공주시,S120000293,경천초등학교,2,공립,N,,1.0,0.0,4.0,1.0,0.0,5.0,1.0,0.0,5.0,0.0,0.0,5.0,0.0,0.0,8.0,0.0,0.0,8.0,3.0,0.0,35.0
충청남도교육청,충청남도공주교육지원청,충청남도 공주시,S120000294,계룡초등학교,2,공립,N,,0.0,1.0,10.0,0.0,1.0,11.0,0.0,1.0,13.0,1.0,1.0,14.0,0.0,2.0,13.0,0.0,1.0,20.0,1.0,7.0,81.0
충청남도교육청,충청남도공주교육지원청,충청남도 공주시,S120000295,공주교동초등학교,2,공립,N,,2.0,1.0,27.0,1.0,0.0,19.0,4.0,1.0,29.0,4.0,3.0,19.0,1.0,0.0,25.0,1.0,0.0,25.0,13.0,5.0,144.0
충청남도교육청,충청남도공주교육지원청,충청남도 공주시,S120000296,공주금학초등학교,2,공립,N,,0.0,1.0,13.0,2.0,0.0,10.0,0.0,1.0,12.0,3.0,0.0,13.0,1.0,1.0,18.0,2.0,0.0,16.0,8.0,3.0,82.0
충청남도교육청,충청남도공주교육지원청,충청남도 공주시,S120000297,공주봉황초등학교,2,공립,N,,0.0,0.0,16.0,0.0,0.0,17.0,2.0,1.0,20.0,0.0,0.0,15.0,0.0,1.0,15.0,1.0,0.0,6.0,3.0,2.0,89.0
충청남도교육청,충청남도공주교육지원청,충청남도 공주시,S120000298,공주신월초등학교,2,공립,N,,2.0,4.0,187.0,5.0,10.0,210.0,6.0,6.0,203.0,8.0,7.0,185.0,6.0,5.0,197.0,1.0,8.0,160.0,28.0,40.0,1142.0
충청남도교육청,충청남도공주교육지원청,충청남도 공주시,S120000299,공주중동초등학교,2,공립,N,,0.0,2.0,21.0,7.0,2.0,29.0,7.0,1.0,29.0,5.0,3.0,47.0,5.0,0.0,30.0,1.0,0.0,50.0,25.0,8.0,206.0
충청남도교육청,충청남도공주교육지원청,충청남도 공주시,S120000302,구산초등학교,2,공립,N,,0.0,1.0,7.0,0.0,2.0,8.0,0.0,1.0,9.0,3.0,1.0,11.0,0.0,2.0,9.0,0.0,1.0,3.0,3.0,8.0,47.0
충청남도교육청,충청남도공주교육지원청,충청남도 공주시,S120000304,귀산초등학교,2,공립,N,,0.0,1.0,11.0,0.0,1.0,10.0,0.0,0.0,8.0,0.0,2.0,13.0,0.0,0.0,13.0,0.0,0.0,11.0,0.0,4.0,66.0
충청남도교육청,충청남도공주교육지원청,충청남도 공주시,S120000312,덕암초등학교,2,공립,N,,1.0,1.0,5.0,0.0,1.0,3.0,2.0,1.0,7.0,0.0,0.0,10.0,0.0,0.0,6.0,0.0,0.0,5.0,3.0,3.0,36.0
충청남도교육청,충청남도공주교육지원청,충청남도 공주시,S120000315,마곡초등학교,2,공립,N,,0.0,1.0,4.0,0.0,1.0,4.0,1.0,0.0,5.0,0.0,0.0,10.0,0.0,0.0,6.0,0.0,0.0,9.0,1.0,2.0,38.0
충청남도교육청,충청남도공주교육지원청,충청남도 공주시,S120000317,반포초등학교,2,공립,N,,1.0,0.0,7.0,1.0,1.0,6.0,0.0,0.0,6.0,1.0,1.0,16.0,0.0,0.0,15.0,0.0,0.0,8.0,3.0,2.0,58.0
충청남도교육청,충청남도공주교육지원청,충청남도 공주시,S120000323,상서초등학교,2,공립,N,,0.0,1.0,16.0,0.0,0.0,16.0,1.0,0.0,16.0,0.0,2.0,13.0,1.0,2.0,17.0,0.0,0.0,7.0,2.0,5.0,85.0
충청남도교육청,충청남도공주교육지원청,충청남도 공주시,S120000326,석송초등학교,2,공립,N,,0.0,0.0,10.0,0.0,0.0,8.0,1.0,4.0,5.0,2.0,0.0,5.0,0.0,0.0,7.0,1.0,0.0,10.0,4.0,4.0,45.0
충청남도교육청,충청남도공주교육지원청,충청남도 공주시,S120000330,수촌초등학교,2,공립,N,,1.0,1.0,11.0,4.0,1.0,8.0,2.0,1.0,12.0,4.0,3.0,15.0,2.0,3.0,16.0,2.0,2.0,16.0,15.0,11.0,78.0
충청남도교육청,충청남도공주교육지원청,충청남도 공주시,S120000331,신관초등학교,2,공립,N,,2.0,1.0,89.0,7.0,8.0,101.0,7.0,10.0,155.0,6.0,8.0,142.0,5.0,5.0,149.0,1.0,4.0,139.0,28.0,36.0,775.0
충청남도교육청,충청남도공주교육지원청,충청남도 공주시,S120000332,신풍초등학교,2,공립,N,,0.0,0.0,3.0,0.0,2.0,9.0,0.0,0.0,4.0,0.0,1.0,8.0,0.0,1.0,6.0,1.0,0.0,5.0,1.0,4.0,35.0
충청남도교육청,충청남도공주교육지원청,충청남도 공주시,S120000338,우성초등학교,2,공립,N,,2.0,0.0,9.0,2.0,0.0,6.0,0.0,1.0,7.0,0.0,0.0,10.0,1.0,0.0,11.0,0.0,0.0,13.0,5.0,1.0,56.0
충청남도교육청,충청남도공주교육지원청,충청남도 공주시,S120000343,유구초등학교,2,공립,N,,2.0,1.0,18.0,2.0,0.0,30.0,0.0,2.0,22.0,0.0,1.0,23.0,0.0,0.0,20.0,0.0,2.0,28.0,4.0,6.0,141.0
충청남도교육청,충청남도공주교육지원청,충청남도 공주시,S120000345,의당초등학교,2,공립,N,,0.0,1.0,12.0,0.0,0.0,16.0,0.0,0.0,19.0,1.0,1.0,21.0,1.0,2.0,12.0,0.0,0.0,10.0,2.0,4.0,90.0
충청남도교육청,충청남도공주교육지원청,충청남도 공주시,S120000348,이인초등학교,2,공립,N,,0.0,1.0,7.0,1.0,1.0,12.0,0.0,0.0,5.0,0.0,1.0,11.0,0.0,0.0,9.0,0.0,1.0,3.0,1.0,4.0,47.0
충청남도교육청,충청남도공주교육지원청,충청남도 공주시,S120000353,정안초등학교,2,공립,N,,0.0,0.0,8.0,0.0,0.0,10.0,0.0,0.0,11.0,0.0,1.0,14.0,0.0,0.0,6.0,0.0,0.0,12.0,0.0,1.0,61.0
충청남도교육청,충청남도공주교육지원청,충청남도 공주시,S120000360,탄천초등학교,2,공립,N,,1.0,1.0,10.0,0.0,1.0,5.0,0.0,1.0,12.0,0.0,0.0,8.0,1.0,2.0,9.0,0.0,0.0,11.0,2.0,5.0,55.0
충청남도교육청,충청남도공주교육지원청,충청남도 공주시,S120000361,태봉초등학교,2,공립,N,,1.0,0.0,9.0,1.0,1.0,13.0,0.0,4.0,11.0,0.0,7.0,13.0,0.0,0.0,10.0,0.0,1.0,12.0,2.0,13.0,68.0
충청남도교육청,충청남도공주교육지원청,충청남도 공주시,S120000362,학봉초등학교,2,공립,N,,0.0,1.0,5.0,3.0,0.0,8.0,0.0,0.0,8.0,0.0,0.0,13.0,1.0,1.0,9.0,0.0,0.0,7.0,4.0,2.0,50.0
충청남도교육청,충청남도공주교육지원청,충청남도 공주시,S120000364,호계초등학교,2,공립,N,,0.0,0.0,9.0,0.0,0.0,5.0,0.0,0.0,5.0,0.0,2.0,5.0,0.0,0.0,5.0,0.0,0.0,5.0,0.0,2.0,34.0
충청남도교육청,충청남도공주교육지원청,충청남도 공주시,S120000366,효포초등학교,2,공립,N,,0.0,0.0,9.0,0.0,0.0,12.0,0.0,1.0,7.0,0.0,0.0,4.0,0.0,1.0,9.0,0.0,0.0,6.0,0.0,2.0,47.0
충청남도교육청,충청남도금산교육지원청,충청남도 금산군,S120000376,군북초등학교,2,공립,N,,1.0,0.0,6.0,3.0,0.0,5.0,0.0,0.0,8.0,0.0,0.0,8.0,1.0,0.0,3.0,0.0,0.0,3.0,5.0,0.0,33.0
충청남도교육청,충청남도금산교육지원청,충청남도 금산군,S120000378,금성초등학교금계분교장,2,공립,N,,0.0,0.0,2.0,0.0,0.0,1.0,0.0,0.0,0.0,0.0,1.0,6.0,0.0,0.0,0.0,0.0,0.0,2.0,0.0,1.0,11.0
충청남도교육청,충청남도금산교육지원청,충청남도 금산군,S120000382,금산동초등학교,2,공립,N,,1.0,2.0,14.0,0.0,2.0,24.0,0.0,1.0,15.0,0.0,2.0,21.0,1.0,0.0,26.0,0.0,2.0,44.0,2.0,9.0,144.0
충청남도교육청,충청남도금산교육지원청,충청남도 금산군,S120000383,금산중앙초등학교,2,공립,N,,0.0,2.0,81.0,1.0,1.0,78.0,4.0,2.0,71.0,1.0,5.0,91.0,2.0,5.0,91.0,1.0,1.0,72.0,9.0,16.0,484.0
충청남도교육청,충청남도금산교육지원청,충청남도 금산군,S120000385,금산초등학교,2,공립,N,,0.0,0.0,72.0,2.0,5.0,88.0,2.0,2.0,113.0,0.0,1.0,117.0,2.0,2.0,137.0,4.0,2.0,121.0,10.0,12.0,648.0
충청남도교육청,충청남도금산교육지원청,충청남도 금산군,S120000386,금성초등학교,2,공립,N,,1.0,0.0,5.0,1.0,0.0,6.0,1.0,0.0,9.0,0.0,0.0,6.0,1.0,0.0,8.0,0.0,0.0,7.0,4.0,0.0,41.0
충청남도교육청,충청남도금산교육지원청,충청남도 금산군,S120000389,남이초등학교,2,공립,N,,0.0,0.0,1.0,0.0,1.0,4.0,0.0,0.0,1.0,0.0,0.0,6.0,0.0,0.0,2.0,0.0,0.0,6.0,0.0,1.0,20.0
충청남도교육청,충청남도금산교육지원청,충청남도 금산군,S120000392,남일초등학교,2,공립,N,,0.0,1.0,10.0,0.0,1.0,11.0,0.0,1.0,6.0,0.0,0.0,12.0,1.0,0.0,11.0,0.0,0.0,11.0,1.0,3.0,61.0
충청남도교육청,충청남도금산교육지원청,충청남도 금산군,S120000395,복수초등학교,2,공립,N,,0.0,0.0,3.0,1.0,0.0,4.0,1.0,0.0,4.0,1.0,0.0,2.0,0.0,0.0,4.0,0.0,0.0,10.0,3.0,0.0,27.0
충청남도교육청,충청남도금산교육지원청,충청남도 금산군,S120000399,부리초등학교,2,공립,N,,0.0,1.0,10.0,0.0,0.0,6.0,0.0,1.0,9.0,0.0,2.0,12.0,0.0,0.0,5.0,0.0,0.0,3.0,0.0,4.0,45.0
충청남도교육청,충청남도금산교육지원청,충청남도 금산군,S120000402,상곡초등학교,2,공립,N,,0.0,1.0,5.0,2.0,2.0,8.0,1.0,0.0,4.0,3.0,0.0,8.0,0.0,1.0,4.0,0.0,0.0,8.0,6.0,4.0,37.0
충청남도교육청,충청남도금산교육지원청,충청남도 금산군,S120000405,성대초등학교,2,공립,N,,0.0,1.0,6.0,0.0,1.0,9.0,1.0,0.0,7.0,0.0,1.0,5.0,1.0,2.0,5.0,0.0,1.0,5.0,2.0,6.0,37.0
충청남도교육청,충청남도금산교육지원청,충청남도 금산군,S120000406,신대초등학교,2,공립,N,,0.0,0.0,4.0,1.0,0.0,4.0,0.0,0.0,5.0,0.0,0.0,5.0,0.0,1.0,6.0,0.0,0.0,7.0,1.0,1.0,31.0
충청남도교육청,충청남도금산교육지원청,충청남도 금산군,S120000408,용문초등학교,2,공립,N,,0.0,0.0,12.0,0.0,3.0,11.0,1.0,0.0,17.0,1.0,1.0,21.0,0.0,2.0,12.0,0.0,0.0,12.0,2.0,6.0,85.0
충청남도교육청,충청남도금산교육지원청,충청남도 금산군,S120000410,제원초등학교,2,공립,N,,0.0,0.0,4.0,0.0,0.0,4.0,0.0,2.0,9.0,1.0,0.0,10.0,0.0,1.0,6.0,1.0,2.0,8.0,2.0,5.0,41.0
충청남도교육청,충청남도금산교육지원청,충청남도 금산군,S120000414,진산초등학교,2,공립,N,,0.0,0.0,4.0,0.0,2.0,7.0,1.0,0.0,12.0,1.0,0.0,10.0,1.0,0.0,18.0,1.0,0.0,13.0,4.0,2.0,64.0
충청남도교육청,충청남도금산교육지원청,충청남도 금산군,S120000418,추부초등학교,2,공립,N,,0.0,0.0,17.0,4.0,1.0,26.0,2.0,1.0,27.0,1.0,4.0,27.0,4.0,3.0,44.0,4.0,1.0,40.0,15.0,10.0,181.0
충청남도교육청,충청남도논산계룡교육지원청,충청남도 논산시,S120000440,가야곡초등학교,2,공립,N,,0.0,0.0,5.0,1.0,0.0,5.0,0.0,1.0,8.0,0.0,1.0,3.0,0.0,0.0,5.0,0.0,0.0,9.0,1.0,2.0,35.0
충청남도교육청,충청남도논산계룡교육지원청,충청남도 논산시,S120000441,감곡초등학교,2,공립,N,,0.0,0.0,3.0,0.0,0.0,2.0,0.0,1.0,10.0,0.0,0.0,10.0,0.0,0.0,6.0,0.0,1.0,11.0,0.0,2.0,42.0
충청남도교육청,충청남도논산계룡교육지원청,충청남도 논산시,S120000442,강경산양초등학교,2,공립,N,,0.0,1.0,9.0,1.0,1.0,8.0,0.0,1.0,6.0,0.0,0.0,8.0,0.0,0.0,7.0,1.0,1.0,12.0,2.0,4.0,50.0
충청남도교육청,충청남도논산계룡교육지원청,충청남도 논산시,S120000443,강경중앙초등학교,2,공립,N,,0.0,1.0,10.0,2.0,1.0,8.0,1.0,0.0,6.0,2.0,1.0,9.0,1.0,1.0,6.0,0.0,2.0,4.0,6.0,6.0,43.0
충청남도교육청,충청남도논산계룡교육지원청,충청남도 논산시,S120000444,강경황산초등학교,2,공립,N,,1.0,0.0,24.0,1.0,1.0,26.0,1.0,3.0,34.0,1.0,1.0,42.0,1.0,1.0,42.0,0.0,2.0,36.0,5.0,8.0,204.0
충청남도교육청,충청남도논산계룡교육지원청,충청남도 논산시,S120000446,광석초등학교,2,공립,N,,0.0,0.0,5.0,0.0,2.0,7.0,1.0,1.0,6.0,2.0,0.0,11.0,2.0,0.0,12.0,0.0,0.0,5.0,5.0,3.0,46.0
충청남도교육청,충청남도논산계룡교육지원청,충청남도 논산시,S120000447,구자곡초등학교,2,공립,N,,3.0,1.0,14.0,1.0,0.0,11.0,4.0,0.0,13.0,2.0,2.0,9.0,4.0,0.0,13.0,1.0,0.0,13.0,15.0,3.0,73.0
충청남도교육청,충청남도논산계룡교육지원청,충청남도 논산시,S120000448,노성초등학교,2,공립,N,,0.0,2.0,13.0,0.0,1.0,8.0,0.0,0.0,9.0,0.0,0.0,18.0,0.0,1.0,12.0,0.0,1.0,17.0,0.0,5.0,77.0
충청남도교육청,충청남도논산계룡교육지원청,충청남도 논산시,S120000449,논산동성초등학교,2,공립,N,,5.0,5.0,96.0,7.0,3.0,107.0,3.0,10.0,86.0,3.0,6.0,112.0,5.0,3.0,113.0,3.0,1.0,105.0,26.0,28.0,619.0
충청남도교육청,충청남도논산계룡교육지원청,충청남도 논산시,S120000450,논산반월초등학교,2,공립,N,,2.0,1.0,14.0,2.0,3.0,20.0,1.0,1.0,22.0,2.0,1.0,25.0,1.0,0.0,28.0,0.0,0.0,26.0,8.0,6.0,135.0
충청남도교육청,충청남도논산계룡교육지원청,충청남도 논산시,S120000451,논산부창초등학교,2,공립,N,,2.0,4.0,42.0,3.0,4.0,33.0,2.0,2.0,46.0,2.0,4.0,49.0,1.0,1.0,65.0,1.0,1.0,49.0,11.0,16.0,284.0
충청남도교육청,충청남도논산계룡교육지원청,충청남도 논산시,S120000452,논산중앙초등학교,2,공립,N,,5.0,3.0,126.0,8.0,5.0,118.0,5.0,4.0,147.0,10.0,2.0,142.0,5.0,2.0,119.0,7.0,2.0,128.0,40.0,18.0,780.0
충청남도교육청,충청남도논산계룡교육지원청,충청남도 논산시,S120000456,도산초등학교,2,공립,N,,0.0,1.0,19.0,3.0,2.0,15.0,0.0,1.0,14.0,0.0,2.0,10.0,0.0,3.0,18.0,0.0,3.0,26.0,3.0,12.0,102.0
충청남도교육청,충청남도논산계룡교육지원청,충청남도 계룡시,S120000459,두마초등학교,2,공립,N,,7.0,5.0,62.0,13.0,4.0,68.0,15.0,9.0,80.0,9.0,6.0,96.0,6.0,6.0,74.0,3.0,6.0,81.0,53.0,36.0,461.0
충청남도교육청,충청남도논산계룡교육지원청,충청남도 논산시,S120000460,반곡초등학교,2,공립,N,,15.0,6.0,28.0,5.0,9.0,24.0,10.0,7.0,18.0,15.0,7.0,32.0,5.0,9.0,26.0,0.0,4.0,21.0,50.0,42.0,149.0
충청남도교육청,충청남도논산계룡교육지원청,충청남도 논산시,S120000461,백석초등학교,2,공립,N,,0.0,0.0,9.0,1.0,0.0,10.0,3.0,1.0,12.0,2.0,0.0,12.0,2.0,1.0,10.0,1.0,0.0,16.0,9.0,2.0,69.0
충청남도교육청,충청남도논산계룡교육지원청,충청남도 논산시,S120000462,벌곡초등학교,2,공립,N,,0.0,1.0,11.0,0.0,0.0,14.0,0.0,0.0,12.0,0.0,0.0,11.0,0.0,0.0,14.0,0.0,0.0,13.0,0.0,1.0,75.0
충청남도교육청,충청남도논산계룡교육지원청,충청남도 논산시,S120000466,부적초등학교,2,공립,N,,0.0,0.0,13.0,0.0,1.0,12.0,0.0,0.0,6.0,0.0,1.0,9.0,1.0,0.0,8.0,0.0,0.0,10.0,1.0,2.0,58.0
충청남도교육청,충청남도논산계룡교육지원청,충청남도 논산시,S120000469,상월초등학교,2,공립,N,,2.0,0.0,2.0,3.0,0.0,5.0,5.0,0.0,2.0,4.0,0.0,8.0,4.0,1.0,6.0,0.0,0.0,8.0,18.0,1.0,31.0
충청남도교육청,충청남도논산계룡교육지원청,충청남도 논산시,S120000472,성덕초등학교,2,공립,N,,0.0,3.0,22.0,1.0,0.0,18.0,0.0,0.0,18.0,2.0,0.0,9.0,1.0,0.0,8.0,1.0,0.0,12.0,5.0,3.0,87.0
충청남도교육청,충청남도논산계룡교육지원청,충청남도 논산시,S120000473,성동초등학교,2,공립,N,,1.0,1.0,13.0,0.0,0.0,8.0,1.0,1.0,5.0,0.0,1.0,9.0,1.0,0.0,7.0,0.0,0.0,4.0,3.0,3.0,46.0
충청남도교육청,충청남도논산계룡교육지원청,충청남도 논산시,S120000476,양촌초등학교,2,공립,N,,0.0,0.0,11.0,0.0,0.0,14.0,1.0,1.0,18.0,0.0,1.0,9.0,0.0,0.0,14.0,1.0,2.0,21.0,2.0,4.0,87.0
충청남도교육청,충청남도논산계룡교육지원청,충청남도 계룡시,S120000479,엄사초등학교,2,공립,N,,4.0,2.0,53.0,10.0,5.0,54.0,3.0,6.0,65.0,9.0,5.0,85.0,5.0,4.0,99.0,3.0,2.0,109.0,34.0,24.0,465.0
충청남도교육청,충청남도논산계룡교육지원청,충청남도 논산시,S120000481,연무중앙초등학교,2,공립,N,,1.0,5.0,65.0,0.0,5.0,62.0,0.0,4.0,72.0,0.0,3.0,57.0,2.0,2.0,64.0,0.0,3.0,72.0,3.0,22.0,392.0
충청남도교육청,충청남도논산계룡교육지원청,충청남도 논산시,S120000482,연무초등학교,2,공립,N,,2.0,0.0,5.0,1.0,0.0,9.0,9.0,0.0,14.0,5.0,0.0,7.0,2.0,0.0,9.0,0.0,1.0,10.0,19.0,1.0,54.0
충청남도교육청,충청남도논산계룡교육지원청,충청남도 논산시,S120000483,연산초등학교,2,공립,N,,0.0,2.0,21.0,0.0,1.0,10.0,0.0,2.0,15.0,1.0,0.0,17.0,0.0,3.0,19.0,0.0,1.0,24.0,1.0,9.0,106.0
충청남도교육청,충청남도논산계룡교육지원청,충청남도 논산시,S120000487,왕전초등학교,2,공립,N,,0.0,0.0,4.0,4.0,0.0,4.0,1.0,1.0,12.0,0.0,0.0,6.0,0.0,1.0,11.0,0.0,1.0,7.0,5.0,3.0,44.0
충청남도교육청,충청남도논산계룡교육지원청,충청남도 계룡시,S120000488,용남초등학교,2,공립,N,,7.0,0.0,171.0,2.0,2.0,148.0,0.0,12.0,176.0,0.0,9.0,160.0,7.0,0.0,164.0,13.0,3.0,198.0,29.0,26.0,1017.0
충청남도교육청,충청남도논산계룡교육지원청,충청남도 논산시,S120000489,원봉초등학교,2,공립,N,,0.0,2.0,7.0,1.0,0.0,10.0,2.0,2.0,12.0,1.0,0.0,12.0,1.0,0.0,6.0,1.0,0.0,5.0,6.0,4.0,52.0
충청남도교육청,충청남도논산계룡교육지원청,충청남도 논산시,S120000490,은진초등학교,2,공립,N,,3.0,0.0,17.0,3.0,1.0,17.0,1.0,3.0,31.0,3.0,2.0,14.0,0.0,0.0,20.0,2.0,0.0,16.0,12.0,6.0,115.0
충청남도교육청,충청남도논산계룡교육지원청,충청남도 논산시,S120000491,이화초등학교,2,공립,N,,0.0,0.0,6.0,0.0,0.0,5.0,1.0,0.0,4.0,0.0,0.0,4.0,1.0,0.0,4.0,0.0,0.0,5.0,2.0,0.0,28.0
충청남도교육청,충청남도논산계룡교육지원청,충청남도 논산시,S120000494,채운초등학교,2,공립,N,,0.0,1.0,16.0,2.0,4.0,11.0,1.0,1.0,15.0,1.0,3.0,10.0,0.0,0.0,20.0,1.0,0.0,18.0,5.0,9.0,90.0
충청남도교육청,충청남도논산계룡교육지원청,충청남도 논산시,S120000495,청동초등학교,2,공립,N,,1.0,0.0,16.0,2.0,1.0,13.0,0.0,1.0,7.0,1.0,0.0,15.0,1.0,0.0,14.0,1.0,0.0,12.0,6.0,2.0,77.0
충청남도교육청,충청남도부여교육지원청,충청남도 부여군,S120000520,구룡초등학교,2,공립,N,,0.0,0.0,0.0,0.0,0.0,4.0,0.0,0.0,2.0,0.0,0.0,8.0,0.0,0.0,2.0,1.0,0.0,5.0,1.0,0.0,21.0
충청남도교육청,충청남도부여교육지원청,충청남도 부여군,S120000521,궁남초등학교,2,공립,N,,0.0,1.0,10.0,0.0,0.0,7.0,0.0,0.0,9.0,0.0,1.0,15.0,0.0,0.0,15.0,2.0,0.0,9.0,2.0,2.0,65.0
충청남도교육청,충청남도부여교육지원청,충청남도 부여군,S120000522,규암초등학교,2,공립,N,,3.0,6.0,81.0,3.0,7.0,86.0,2.0,4.0,84.0,3.0,2.0,65.0,1.0,4.0,86.0,3.0,1.0,88.0,15.0,24.0,490.0
충청남도교육청,충청남도부여교육지원청,충청남도 부여군,S120000527,내산초등학교,2,공립,N,,0.0,0.0,8.0,0.0,0.0,4.0,0.0,0.0,6.0,0.0,0.0,9.0,0.0,0.0,7.0,0.0,0.0,6.0,0.0,0.0,40.0
충청남도교육청,충청남도부여교육지원청,충청남도 부여군,S120000530,대왕초등학교,2,공립,N,,0.0,0.0,4.0,0.0,0.0,1.0,1.0,0.0,4.0,0.0,0.0,3.0,2.0,0.0,7.0,0.0,0.0,8.0,3.0,0.0,27.0
충청남도교육청,충청남도부여교육지원청,충청남도 부여군,S120000531,마정초등학교,2,공립,N,,0.0,0.0,1.0,1.0,0.0,1.0,0.0,0.0,2.0,0.0,0.0,1.0,0.0,0.0,0.0,0.0,0.0,3.0,1.0,0.0,8.0
충청남도교육청,충청남도부여교육지원청,충청남도 부여군,S120000535,백강초등학교,2,공립,N,,0.0,1.0,7.0,2.0,0.0,5.0,1.0,1.0,11.0,0.0,1.0,9.0,1.0,0.0,6.0,0.0,0.0,7.0,4.0,3.0,45.0
충청남도교육청,충청남도부여교육지원청,충청남도 부여군,S120000537,백제초등학교,2,공립,N,,2.0,2.0,18.0,2.0,2.0,29.0,1.0,3.0,27.0,1.0,0.0,37.0,2.0,2.0,39.0,0.0,0.0,40.0,8.0,9.0,190.0
충청남도교육청,충청남도부여교육지원청,충청남도 부여군,S120000540,부여초등학교,2,공립,N,,7.0,6.0,101.0,5.0,5.0,94.0,2.0,4.0,121.0,5.0,6.0,106.0,1.0,3.0,97.0,0.0,2.0,110.0,20.0,26.0,629.0
충청남도교육청,충청남도부여교육지원청,충청남도 부여군,S120000543,석성초등학교,2,공립,N,,0.0,0.0,4.0,1.0,1.0,3.0,1.0,0.0,2.0,0.0,2.0,4.0,1.0,0.0,5.0,0.0,2.0,5.0,3.0,5.0,23.0
충청남도교육청,충청남도부여교육지원청,충청남도 부여군,S120000544,석양초등학교,2,공립,N,,1.0,0.0,11.0,1.0,0.0,6.0,1.0,1.0,9.0,0.0,0.0,11.0,0.0,1.0,9.0,0.0,0.0,9.0,3.0,2.0,55.0
충청남도교육청,충청남도부여교육지원청,충청남도 부여군,S120000546,세도초등학교,2,공립,N,,0.0,1.0,7.0,0.0,0.0,9.0,0.0,1.0,11.0,0.0,0.0,13.0,0.0,0.0,13.0,0.0,0.0,4.0,0.0,2.0,57.0
충청남도교육청,충청남도부여교육지원청,충청남도 부여군,S120000548,송간초등학교,2,공립,N,,0.0,1.0,7.0,0.0,0.0,9.0,1.0,0.0,11.0,0.0,0.0,7.0,0.0,2.0,9.0,0.0,0.0,0.0,1.0,3.0,43.0
충청남도교육청,충청남도부여교육지원청,충청남도 부여군,S120000552,양화초등학교,2,공립,N,,1.0,0.0,2.0,1.0,0.0,2.0,0.0,0.0,2.0,0.0,0.0,1.0,0.0,0.0,5.0,0.0,0.0,4.0,2.0,0.0,16.0
충청남도교육청,충청남도부여교육지원청,충청남도 부여군,S120000554,옥산초등학교,2,공립,N,,1.0,0.0,2.0,0.0,0.0,2.0,0.0,0.0,2.0,0.0,0.0,3.0,0.0,0.0,3.0,0.0,0.0,1.0,1.0,0.0,13.0
충청남도교육청,충청남도부여교육지원청,충청남도 부여군,S120000555,외산초등학교,2,공립,N,,0.0,0.0,3.0,0.0,0.0,9.0,0.0,0.0,8.0,0.0,0.0,4.0,0.0,0.0,8.0,0.0,0.0,6.0,0.0,0.0,38.0
충청남도교육청,충청남도부여교육지원청,충청남도 부여군,S120000557,용당초등학교,2,공립,N,,0.0,0.0,4.0,0.0,0.0,1.0,0.0,0.0,3.0,0.0,0.0,4.0,0.0,0.0,3.0,0.0,0.0,4.0,0.0,0.0,19.0
충청남도교육청,충청남도부여교육지원청,충청남도 부여군,S120000558,은산초등학교,2,공립,N,,0.0,0.0,13.0,0.0,0.0,11.0,0.0,0.0,9.0,0.0,0.0,12.0,1.0,1.0,20.0,0.0,0.0,16.0,1.0,1.0,81.0
충청남도교육청,충청남도부여교육지원청,충청남도 부여군,S120000563,임천초등학교,2,공립,N,,0.0,1.0,14.0,2.0,1.0,8.0,0.0,1.0,9.0,0.0,0.0,15.0,0.0,1.0,6.0,0.0,1.0,12.0,2.0,5.0,64.0
충청남도교육청,충청남도부여교육지원청,충청남도 부여군,S120000568,장암초등학교,2,공립,N,,0.0,0.0,10.0,0.0,0.0,9.0,0.0,1.0,8.0,0.0,3.0,11.0,0.0,1.0,13.0,0.0,0.0,13.0,0.0,5.0,64.0
충청남도교육청,충청남도부여교육지원청,충청남도 부여군,S120000571,초촌초등학교,2,공립,N,,0.0,1.0,5.0,0.0,0.0,4.0,0.0,0.0,8.0,0.0,1.0,9.0,0.0,0.0,6.0,0.0,0.0,8.0,0.0,2.0,40.0
충청남도교육청,충청남도부여교육지원청,충청남도 부여군,S120000572,충화초등학교,2,공립,N,,2.0,0.0,1.0,1.0,0.0,4.0,0.0,0.0,4.0,0.0,0.0,1.0,0.0,0.0,3.0,0.0,0.0,1.0,3.0,0.0,14.0
충청남도교육청,충청남도부여교육지원청,충청남도 부여군,S120000575,합송초등학교,2,공립,N,,2.0,1.0,8.0,0.0,0.0,5.0,0.0,0.0,10.0,0.0,0.0,13.0,1.0,0.0,8.0,0.0,0.0,6.0,3.0,1.0,50.0
충청남도교육청,충청남도부여교육지원청,충청남도 부여군,S120000577,홍산초등학교,2,공립,N,,1.0,1.0,13.0,1.0,0.0,15.0,0.0,2.0,12.0,0.0,1.0,14.0,0.0,1.0,11.0,1.0,0.0,15.0,3.0,5.0,80.0
충청남도교육청,충청남도아산교육지원청,충청남도 아산시,S120000594,관대초등학교,2,공립,N,,1.0,1.0,10.0,1.0,1.0,3.0,2.0,1.0,15.0,1.0,0.0,10.0,4.0,2.0,13.0,0.0,1.0,13.0,9.0,6.0,64.0
충청남도교육청,충청남도아산교육지원청,충청남도 아산시,S120000595,금곡초등학교,2,공립,N,,4.0,4.0,35.0,5.0,4.0,47.0,3.0,4.0,51.0,5.0,7.0,52.0,2.0,6.0,36.0,2.0,2.0,46.0,21.0,27.0,267.0
충청남도교육청,충청남도아산교육지원청,충청남도 아산시,S120000596,금성초등학교,2,공립,N,,0.0,1.0,17.0,1.0,3.0,17.0,0.0,3.0,13.0,0.0,2.0,16.0,0.0,5.0,16.0,0.0,2.0,11.0,1.0,16.0,90.0
충청남도교육청,충청남도아산교육지원청,충청남도 아산시,S120000597,남창초등학교,2,공립,N,,1.0,0.0,8.0,0.0,1.0,9.0,1.0,0.0,16.0,3.0,0.0,12.0,1.0,0.0,13.0,0.0,0.0,6.0,6.0,1.0,64.0
충청남도교육청,충청남도아산교육지원청,충청남도 아산시,S120000598,도고온천초등학교,2,공립,N,,0.0,0.0,8.0,0.0,0.0,10.0,0.0,1.0,6.0,0.0,1.0,10.0,0.0,2.0,9.0,1.0,2.0,4.0,1.0,6.0,47.0
충청남도교육청,충청남도아산교육지원청,충청남도 아산시,S120000599,도고초등학교,2,공립,N,,0.0,0.0,12.0,0.0,0.0,12.0,1.0,0.0,11.0,0.0,0.0,9.0,0.0,1.0,8.0,0.0,0.0,12.0,1.0,1.0,64.0
충청남도교육청,충청남도아산교육지원청,충청남도 아산시,S120000601,동덕초등학교,2,공립,N,,2.0,1.0,47.0,2.0,0.0,48.0,0.0,3.0,56.0,1.0,1.0,42.0,1.0,1.0,39.0,1.0,1.0,38.0,7.0,7.0,270.0
충청남도교육청,충청남도아산교육지원청,충청남도 아산시,S120000602,동방초등학교,2,공립,N,,11.0,0.0,14.0,13.0,0.0,18.0,13.0,3.0,20.0,11.0,3.0,20.0,12.0,1.0,14.0,17.0,0.0,25.0,77.0,7.0,111.0
충청남도교육청,충청남도아산교육지원청,충청남도 아산시,S120000604,둔포초등학교,2,공립,N,,1.0,1.0,41.0,4.0,8.0,38.0,2.0,3.0,51.0,8.0,4.0,54.0,2.0,7.0,34.0,0.0,2.0,51.0,17.0,25.0,269.0
충청남도교육청,충청남도아산교육지원청,충청남도 아산시,S120000605,배방초등학교,2,공립,N,,13.0,14.0,180.0,17.0,20.0,180.0,13.0,24.0,215.0,16.0,7.0,179.0,13.0,11.0,180.0,16.0,6.0,119.0,88.0,82.0,1053.0
충청남도교육청,충청남도아산교육지원청,충청남도 아산시,S120000610,선장초등학교,2,공립,N,,0.0,0.0,8.0,0.0,0.0,5.0,1.0,0.0,6.0,0.0,0.0,6.0,0.0,0.0,5.0,0.0,0.0,6.0,1.0,0.0,36.0
충청남도교육청,충청남도아산교육지원청,충청남도 아산시,S120000613,송곡초등학교,2,공립,N,,0.0,2.0,30.0,0.0,4.0,30.0,2.0,3.0,49.0,1.0,3.0,40.0,3.0,4.0,50.0,0.0,0.0,36.0,6.0,16.0,235.0
충청남도교육청,충청남도아산교육지원청,충청남도 아산시,S120000614,송남초등학교,2,공립,N,,0.0,0.0,32.0,0.0,0.0,20.0,0.0,0.0,36.0,1.0,0.0,31.0,0.0,1.0,44.0,0.0,4.0,38.0,1.0,5.0,201.0
충청남도교육청,충청남도아산교육지원청,충청남도 아산시,S120000615,거산초등학교,2,공립,N,,0.0,0.0,18.0,0.0,1.0,11.0,1.0,1.0,20.0,0.0,0.0,21.0,0.0,2.0,19.0,1.0,0.0,19.0,2.0,4.0,108.0
충청남도교육청,충청남도아산교육지원청,충청남도 아산시,S120000617,신광초등학교,2,공립,N,,0.0,0.0,56.0,0.0,0.0,60.0,0.0,0.0,67.0,0.0,0.0,56.0,0.0,0.0,56.0,0.0,0.0,47.0,0.0,0.0,342.0
충청남도교육청,충청남도아산교육지원청,충청남도 아산시,S120000618,신리초등학교,2,공립,N,,3.0,6.0,157.0,7.0,10.0,186.0,12.0,10.0,148.0,3.0,9.0,183.0,5.0,5.0,113.0,1.0,6.0,130.0,31.0,46.0,917.0
충청남도교육청,충청남도아산교육지원청,충청남도 아산시,S120000620,신창초등학교,2,공립,N,,2.0,3.0,55.0,7.0,5.0,66.0,4.0,10.0,77.0,6.0,3.0,84.0,3.0,12.0,80.0,3.0,6.0,93.0,25.0,39.0,455.0
충청남도교육청,충청남도아산교육지원청,충청남도 아산시,S120000621,신화초등학교,2,공립,N,,0.0,0.0,8.0,1.0,0.0,4.0,0.0,1.0,4.0,0.0,0.0,7.0,0.0,0.0,5.0,0.0,0.0,6.0,1.0,1.0,34.0
충청남도교육청,충청남도아산교육지원청,충청남도 아산시,S120000622,쌍룡초등학교,2,공립,N,,2.0,1.0,8.0,1.0,0.0,8.0,2.0,2.0,9.0,1.0,0.0,8.0,2.0,0.0,8.0,1.0,0.0,8.0,9.0,3.0,49.0
충청남도교육청,충청남도아산교육지원청,충청남도 아산시,S120000623,염작초등학교,2,공립,N,,12.0,13.0,188.0,16.0,15.0,196.0,23.0,15.0,193.0,14.0,15.0,160.0,20.0,10.0,151.0,13.0,8.0,121.0,98.0,76.0,1009.0
충청남도교육청,충청남도아산교육지원청,충청남도 아산시,S120000624,염티초등학교,2,공립,N,,1.0,1.0,10.0,2.0,0.0,7.0,5.0,0.0,15.0,1.0,0.0,12.0,2.0,0.0,4.0,2.0,0.0,10.0,13.0,1.0,58.0
충청남도교육청,충청남도아산교육지원청,충청남도 아산시,S120000626,영인초등학교,2,공립,N,,1.0,0.0,13.0,1.0,0.0,10.0,2.0,0.0,12.0,0.0,1.0,15.0,1.0,0.0,12.0,1.0,2.0,13.0,6.0,3.0,75.0
충청남도교육청,충청남도아산교육지원청,충청남도 아산시,S120000627,오목초등학교,2,공립,N,,0.0,1.0,12.0,2.0,1.0,21.0,1.0,2.0,21.0,0.0,0.0,27.0,2.0,2.0,19.0,1.0,1.0,27.0,6.0,7.0,127.0
충청남도교육청,충청남도아산교육지원청,충청남도 아산시,S120000628,온양동신초등학교,2,공립,N,,8.0,7.0,107.0,8.0,10.0,149.0,9.0,8.0,150.0,12.0,11.0,166.0,7.0,6.0,173.0,8.0,5.0,180.0,52.0,47.0,925.0
충청남도교육청,충청남도아산교육지원청,충청남도 아산시,S120000629,온양온천초등학교,2,공립,N,,4.0,0.0,48.0,8.0,1.0,57.0,5.0,0.0,60.0,2.0,2.0,77.0,2.0,0.0,66.0,1.0,2.0,76.0,22.0,5.0,384.0
충청남도교육청,충청남도아산교육지원청,충청남도 아산시,S120000630,온양중앙초등학교,2,공립,N,,3.0,4.0,47.0,2.0,7.0,47.0,4.0,4.0,53.0,6.0,4.0,56.0,3.0,4.0,67.0,4.0,5.0,54.0,22.0,28.0,324.0
충청남도교육청,충청남도아산교육지원청,충청남도 아산시,S120000631,온양천도초등학교,2,공립,N,,3.0,5.0,132.0,7.0,7.0,147.0,4.0,7.0,144.0,7.0,5.0,146.0,5.0,7.0,157.0,3.0,7.0,162.0,29.0,38.0,888.0
충청남도교육청,충청남도아산교육지원청,충청남도 아산시,S120000632,온양초등학교,2,공립,N,,1.0,3.0,56.0,1.0,6.0,58.0,1.0,6.0,51.0,2.0,10.0,72.0,1.0,4.0,45.0,0.0,4.0,57.0,6.0,33.0,339.0
충청남도교육청,충청남도아산교육지원청,충청남도 아산시,S120000633,온양초사초등학교,2,공립,N,,1.0,3.0,21.0,4.0,1.0,10.0,2.0,7.0,20.0,2.0,3.0,16.0,2.0,4.0,23.0,1.0,2.0,14.0,12.0,20.0,104.0
충청남도교육청,충청남도아산교육지원청,충청남도 아산시,S120000634,용화초등학교,2,공립,N,,0.0,2.0,69.0,0.0,1.0,74.0,0.0,11.0,103.0,0.0,4.0,93.0,0.0,2.0,93.0,5.0,0.0,103.0,5.0,20.0,535.0
충청남도교육청,충청남도아산교육지원청,충청남도 아산시,S120000635,월랑초등학교,2,공립,N,,8.0,8.0,250.0,7.0,19.0,224.0,11.0,10.0,222.0,13.0,11.0,224.0,11.0,9.0,200.0,4.0,7.0,150.0,54.0,64.0,1270.0
충청남도교육청,충청남도아산교육지원청,충청남도 아산시,S120000637,음봉초등학교,2,공립,N,,0.0,0.0,13.0,0.0,0.0,18.0,1.0,1.0,15.0,2.0,0.0,13.0,0.0,1.0,18.0,2.0,1.0,10.0,5.0,3.0,87.0
충청남도교육청,충청남도아산교육지원청,충청남도 아산시,S120000638,인주초등학교,2,공립,N,,0.0,1.0,21.0,1.0,4.0,21.0,0.0,2.0,22.0,1.0,5.0,31.0,1.0,3.0,29.0,2.0,2.0,21.0,5.0,17.0,145.0
충청남도교육청,충청남도아산교육지원청,충청남도 아산시,S120000639,탕정초등학교,2,공립,N,,3.0,1.0,187.0,8.0,13.0,210.0,5.0,8.0,232.0,8.0,7.0,221.0,9.0,3.0,211.0,13.0,4.0,191.0,46.0,36.0,1252.0
충청남도교육청,충청남도예산교육지원청,충청남도 예산군,S120000693,고덕초등학교,2,공립,N,,1.0,0.0,8.0,0.0,1.0,8.0,1.0,1.0,15.0,1.0,2.0,14.0,0.0,0.0,14.0,0.0,0.0,17.0,3.0,4.0,76.0
충청남도교육청,충청남도예산교육지원청,충청남도 예산군,S120000695,구만초등학교,2,공립,N,,0.0,0.0,5.0,0.0,0.0,5.0,0.0,2.0,6.0,0.0,0.0,6.0,1.0,0.0,9.0,1.0,0.0,9.0,2.0,2.0,40.0
충청남도교육청,충청남도예산교육지원청,충청남도 예산군,S120000697,금오초등학교,2,공립,N,,4.0,3.0,105.0,3.0,4.0,127.0,1.0,1.0,127.0,0.0,2.0,145.0,3.0,4.0,145.0,2.0,3.0,160.0,13.0,17.0,809.0
충청남도교육청,충청남도예산교육지원청,충청남도 예산군,S120000699,대술초등학교,2,공립,N,,0.0,2.0,8.0,0.0,0.0,6.0,0.0,1.0,2.0,0.0,1.0,9.0,0.0,0.0,6.0,0.0,0.0,4.0,0.0,4.0,35.0
충청남도교육청,충청남도예산교육지원청,충청남도 예산군,S120000700,대흥초등학교,2,공립,N,,0.0,1.0,5.0,1.0,1.0,5.0,1.0,0.0,8.0,0.0,0.0,11.0,1.0,0.0,4.0,0.0,0.0,5.0,3.0,2.0,38.0
충청남도교육청,충청남도예산교육지원청,충청남도 예산군,S120000702,덕산초등학교,2,공립,N,,2.0,3.0,23.0,2.0,1.0,20.0,0.0,1.0,18.0,3.0,0.0,26.0,1.0,1.0,31.0,0.0,0.0,32.0,8.0,6.0,150.0
충청남도교육청,충청남도예산교육지원청,충청남도 예산군,S120000706,보성초등학교,2,공립,N,,7.0,2.0,38.0,6.0,0.0,35.0,9.0,2.0,39.0,3.0,3.0,29.0,8.0,3.0,19.0,2.0,1.0,29.0,35.0,11.0,189.0
충청남도교육청,충청남도예산교육지원청,충청남도 예산군,S120000707,봉산초등학교,2,공립,N,,2.0,0.0,6.0,1.0,1.0,5.0,0.0,1.0,5.0,0.0,0.0,4.0,1.0,1.0,7.0,0.0,1.0,4.0,4.0,4.0,31.0
충청남도교육청,충청남도예산교육지원청,충청남도 예산군,S120000708,삽교초등학교,2,공립,N,,0.0,2.0,14.0,3.0,0.0,12.0,1.0,2.0,22.0,3.0,2.0,24.0,0.0,1.0,22.0,2.0,0.0,26.0,9.0,7.0,120.0
충청남도교육청,충청남도예산교육지원청,충청남도 예산군,S120000711,수덕초등학교,2,공립,N,,1.0,1.0,8.0,0.0,0.0,5.0,1.0,1.0,12.0,0.0,1.0,7.0,1.0,1.0,12.0,0.0,0.0,8.0,3.0,4.0,52.0
충청남도교육청,충청남도예산교육지원청,충청남도 예산군,S120000712,시량초등학교,2,공립,N,,1.0,0.0,12.0,0.0,0.0,5.0,0.0,0.0,5.0,0.0,1.0,8.0,1.0,0.0,8.0,0.0,0.0,5.0,2.0,1.0,43.0
충청남도교육청,충청남도예산교육지원청,충청남도 예산군,S120000713,신례원초등학교,2,공립,N,,2.0,1.0,28.0,2.0,4.0,29.0,2.0,3.0,36.0,1.0,4.0,40.0,1.0,0.0,30.0,1.0,0.0,23.0,9.0,12.0,186.0
충청남도교육청,충청남도예산교육지원청,충청남도 예산군,S120000714,신암초등학교,2,공립,N,,0.0,0.0,6.0,1.0,0.0,8.0,0.0,1.0,13.0,2.0,0.0,6.0,0.0,1.0,8.0,1.0,0.0,8.0,4.0,2.0,49.0
충청남도교육청,충청남도예산교육지원청,충청남도 예산군,S120000715,신양초등학교,2,공립,N,,0.0,0.0,4.0,1.0,0.0,8.0,2.0,1.0,6.0,0.0,0.0,10.0,0.0,0.0,7.0,0.0,1.0,8.0,3.0,2.0,43.0
충청남도교육청,충청남도예산교육지원청,충청남도 예산군,S120000720,양신초등학교,2,공립,N,,2.0,0.0,5.0,2.0,0.0,5.0,1.0,0.0,8.0,0.0,0.0,4.0,3.0,0.0,5.0,0.0,0.0,8.0,8.0,0.0,35.0
충청남도교육청,충청남도예산교육지원청,충청남도 예산군,S120000721,예덕초등학교,2,공립,N,,0.0,0.0,3.0,0.0,1.0,4.0,0.0,0.0,6.0,0.0,0.0,6.0,0.0,0.0,4.0,0.0,0.0,8.0,0.0,1.0,31.0
충청남도교육청,충청남도예산교육지원청,충청남도 예산군,S120000723,예산중앙초등학교,2,공립,N,,1.0,5.0,22.0,7.0,1.0,22.0,2.0,5.0,22.0,5.0,1.0,10.0,4.0,3.0,21.0,2.0,0.0,16.0,21.0,15.0,113.0
충청남도교육청,충청남도예산교육지원청,충청남도 예산군,S120000724,예산초등학교,2,공립,N,,4.0,2.0,79.0,3.0,5.0,82.0,1.0,1.0,77.0,2.0,3.0,89.0,0.0,1.0,82.0,7.0,0.0,60.0,17.0,12.0,469.0
충청남도교육청,충청남도예산교육지원청,충청남도 예산군,S120000725,오가초등학교,2,공립,N,,1.0,1.0,6.0,0.0,0.0,8.0,2.0,0.0,9.0,0.0,1.0,6.0,2.0,1.0,16.0,0.0,1.0,9.0,5.0,4.0,54.0
충청남도교육청,충청남도예산교육지원청,충청남도 예산군,S120000726,용동초등학교,2,공립,N,,1.0,0.0,5.0,0.0,0.0,9.0,1.0,0.0,5.0,0.0,0.0,7.0,0.0,0.0,10.0,0.0,0.0,6.0,2.0,0.0,42.0
충청남도교육청,충청남도예산교육지원청,충청남도 예산군,S120000727,웅산초등학교,2,공립,N,,2.0,1.0,3.0,1.0,0.0,8.0,0.0,3.0,18.0,1.0,2.0,10.0,0.0,0.0,6.0,0.0,1.0,8.0,4.0,7.0,53.0
충청남도교육청,충청남도예산교육지원청,충청남도 예산군,S120000728,응봉초등학교,2,공립,N,,2.0,1.0,9.0,0.0,0.0,8.0,0.0,1.0,6.0,0.0,0.0,8.0,1.0,0.0,7.0,0.0,0.0,7.0,3.0,2.0,45.0
충청남도교육청,충청남도예산교육지원청,충청남도 예산군,S120000731,조림초등학교,2,공립,N,,0.0,1.0,8.0,0.0,0.0,8.0,1.0,0.0,9.0,0.0,0.0,11.0,0.0,0.0,7.0,0.0,0.0,6.0,1.0,1.0,49.0
충청남도교육청,충청남도예산교육지원청,충청남도 예산군,S120000732,평촌초등학교,2,공립,N,,2.0,0.0,3.0,1.0,1.0,5.0,2.0,0.0,8.0,0.0,3.0,11.0,0.0,0.0,6.0,0.0,0.0,7.0,5.0,4.0,40.0
충청남도교육청,충청남도천안교육지원청,충청남도 천안시 동남구,S120000756,광덕초등학교,2,공립,N,,0.0,1.0,16.0,0.0,2.0,15.0,1.0,0.0,15.0,0.0,1.0,13.0,1.0,0.0,14.0,0.0,2.0,5.0,2.0,6.0,78.0
충청남도교육청,충청남도천안교육지원청,충청남도 천안시 서북구,S120000757,대홍초등학교,2,공립,N,,2.0,1.0,10.0,3.0,0.0,8.0,5.0,0.0,11.0,1.0,0.0,10.0,0.0,1.0,9.0,0.0,0.0,8.0,11.0,2.0,56.0
충청남도교육청,충청남도천안교육지원청,충청남도 천안시 동남구,S120000760,도장초등학교,2,공립,N,,0.0,0.0,11.0,3.0,0.0,14.0,3.0,1.0,10.0,2.0,1.0,9.0,1.0,0.0,8.0,0.0,1.0,11.0,9.0,3.0,63.0
충청남도교육청,충청남도천안교육지원청,충청남도 천안시 서북구,S120000761,도하초등학교,2,공립,N,,0.0,0.0,12.0,0.0,3.0,16.0,0.0,4.0,12.0,0.0,1.0,13.0,0.0,2.0,13.0,0.0,0.0,14.0,0.0,10.0,80.0
충청남도교육청,충청남도천안교육지원청,충청남도 천안시 동남구,S120000762,목천초등학교,2,공립,N,,1.0,2.0,22.0,3.0,2.0,19.0,1.0,4.0,19.0,1.0,0.0,21.0,3.0,2.0,25.0,1.0,2.0,36.0,10.0,12.0,142.0
충청남도교육청,충청남도천안교육지원청,충청남도 천안시 동남구,S120000764,미죽초등학교,2,공립,N,,0.0,1.0,18.0,0.0,2.0,16.0,2.0,2.0,19.0,0.0,1.0,11.0,0.0,0.0,17.0,0.0,1.0,8.0,2.0,7.0,89.0
충청남도교육청,충청남도천안교육지원청,충청남도 천안시 동남구,S120000765,병천초등학교,2,공립,N,,2.0,2.0,21.0,2.0,1.0,28.0,4.0,6.0,34.0,3.0,4.0,32.0,3.0,0.0,42.0,3.0,2.0,25.0,17.0,15.0,182.0
충청남도교육청,충청남도천안교육지원청,충청남도 천안시 동남구,S120000768,보산원초등학교,2,공립,N,,2.0,0.0,7.0,0.0,1.0,8.0,0.0,1.0,5.0,0.0,1.0,8.0,0.0,0.0,3.0,0.0,1.0,6.0,2.0,4.0,37.0
충청남도교육청,충청남도천안교육지원청,충청남도 천안시 서북구,S120000770,삼은초등학교,2,공립,N,,0.0,4.0,90.0,4.0,8.0,85.0,5.0,5.0,93.0,3.0,2.0,78.0,6.0,4.0,75.0,1.0,5.0,86.0,19.0,28.0,507.0
충청남도교육청,충청남도천안교육지원청,충청남도 천안시 서북구,S120000771,성거초등학교,2,공립,N,,2.0,2.0,106.0,1.0,8.0,119.0,7.0,6.0,115.0,9.0,4.0,132.0,8.0,5.0,132.0,11.0,12.0,158.0,38.0,37.0,762.0
충청남도교육청,충청남도천안교육지원청,충청남도 천안시 동남구,S120000772,성남초등학교,2,공립,N,,1.0,0.0,6.0,0.0,0.0,5.0,1.0,0.0,6.0,1.0,1.0,7.0,0.0,0.0,8.0,0.0,1.0,5.0,3.0,2.0,37.0
충청남도교육청,충청남도천안교육지원청,충청남도 천안시 서북구,S120000773,성신초등학교,2,공립,N,,0.0,1.0,24.0,1.0,0.0,31.0,0.0,1.0,27.0,0.0,1.0,33.0,0.0,0.0,36.0,0.0,0.0,48.0,1.0,3.0,199.0
충청남도교육청,충청남도천안교육지원청,충청남도 천안시 서북구,S120000774,성환초등학교,2,공립,N,,5.0,4.0,81.0,5.0,6.0,110.0,7.0,7.0,128.0,6.0,6.0,130.0,9.0,5.0,146.0,5.0,10.0,142.0,37.0,38.0,737.0
충청남도교육청,충청남도천안교육지원청,충청남도 천안시 동남구,S120000776,수신초등학교,2,공립,N,,1.0,0.0,3.0,0.0,1.0,12.0,0.0,0.0,5.0,0.0,0.0,7.0,1.0,1.0,8.0,0.0,0.0,5.0,2.0,2.0,40.0
충청남도교육청,충청남도천안교육지원청,충청남도 천안시 서북구,S120000777,신가초등학교,2,공립,N,,0.0,1.0,10.0,1.0,1.0,6.0,0.0,1.0,11.0,0.0,1.0,8.0,0.0,0.0,13.0,0.0,1.0,9.0,1.0,5.0,57.0
충청남도교육청,충청남도천안교육지원청,충청남도 천안시 동남구,S120000778,신계초등학교,2,공립,N,,0.0,1.0,32.0,2.0,1.0,39.0,3.0,3.0,49.0,1.0,3.0,53.0,3.0,5.0,63.0,3.0,2.0,67.0,12.0,15.0,303.0
충청남도교육청,충청남도천안교육지원청,충청남도 천안시 서북구,S120000779,신방초등학교,2,공립,N,,0.0,0.0,6.0,0.0,1.0,11.0,0.0,1.0,13.0,0.0,1.0,10.0,0.0,0.0,7.0,0.0,0.0,5.0,0.0,3.0,52.0
충청남도교육청,충청남도천안교육지원청,충청남도 천안시 동남구,S120000780,신사초등학교,2,공립,N,,0.0,1.0,6.0,0.0,0.0,8.0,0.0,1.0,6.0,0.0,0.0,5.0,0.0,1.0,11.0,0.0,0.0,2.0,0.0,3.0,38.0
충청남도교육청,충청남도천안교육지원청,충청남도 천안시 동남구,S120000781,안서초등학교,2,공립,N,,1.0,1.0,60.0,1.0,2.0,52.0,1.0,7.0,65.0,1.0,2.0,51.0,1.0,2.0,43.0,5.0,3.0,45.0,10.0,17.0,316.0
충청남도교육청,충청남도천안교육지원청,충청남도 천안시 서북구,S120000782,양당초등학교,2,공립,N,,2.0,4.0,36.0,2.0,4.0,36.0,3.0,4.0,57.0,5.0,2.0,35.0,3.0,5.0,35.0,2.0,0.0,34.0,17.0,19.0,233.0
충청남도교육청,충청남도천안교육지원청,충청남도 천안시 서북구,S120000783,양대초등학교,2,공립,N,,1.0,2.0,13.0,0.0,1.0,9.0,1.0,2.0,17.0,0.0,0.0,7.0,1.0,2.0,22.0,1.0,1.0,9.0,4.0,8.0,77.0
충청남도교육청,충청남도천안교육지원청,충청남도 천안시 동남구,S120000784,용정초등학교,2,공립,N,,0.0,1.0,18.0,1.0,1.0,21.0,1.0,1.0,8.0,1.0,4.0,22.0,0.0,1.0,19.0,1.0,2.0,10.0,4.0,10.0,98.0
충청남도교육청,충청남도천안교육지원청,충청남도 천안시 동남구,S120000785,위례초등학교,2,공립,N,,1.0,3.0,10.0,2.0,3.0,14.0,4.0,1.0,8.0,0.0,0.0,6.0,0.0,0.0,11.0,0.0,0.0,3.0,7.0,7.0,52.0
충청남도교육청,충청남도천안교육지원청,충청남도 천안시 동남구,S120000786,은석초등학교,2,공립,N,,0.0,1.0,11.0,0.0,1.0,5.0,0.0,2.0,14.0,0.0,0.0,10.0,0.0,1.0,17.0,0.0,1.0,12.0,0.0,6.0,69.0
충청남도교육청,충청남도천안교육지원청,충청남도 천안시 서북구,S120000788,입장초등학교,2,공립,N,,3.0,2.0,25.0,0.0,0.0,20.0,2.0,2.0,27.0,2.0,1.0,27.0,3.0,7.0,28.0,1.0,5.0,24.0,11.0,17.0,151.0
충청남도교육청,충청남도천안교육지원청,충청남도 천안시 서북구,S120000790,직산초등학교,2,공립,N,,2.0,0.0,26.0,3.0,0.0,20.0,3.0,1.0,40.0,2.0,2.0,25.0,2.0,3.0,42.0,2.0,4.0,30.0,14.0,10.0,183.0
충청남도교육청,충청남도천안교육지원청,충청남도 천안시 동남구,S120000791,천동초등학교,2,공립,N,,0.0,0.0,4.0,0.0,2.0,3.0,1.0,0.0,8.0,1.0,1.0,9.0,0.0,2.0,6.0,0.0,1.0,8.0,2.0,6.0,38.0
충청남도교육청,충청남도천안교육지원청,충청남도 천안시 동남구,S120000796,천안구성초등학교,2,공립,N,,1.0,4.0,70.0,3.0,6.0,88.0,8.0,8.0,98.0,2.0,4.0,105.0,3.0,7.0,104.0,6.0,1.0,105.0,23.0,30.0,570.0
충청남도교육청,충청남도천안교육지원청,충청남도 천안시 동남구,S120000797,천안남산초등학교,2,공립,N,,5.0,0.0,52.0,13.0,4.0,50.0,8.0,2.0,59.0,5.0,3.0,62.0,11.0,1.0,79.0,9.0,3.0,81.0,51.0,13.0,383.0
충청남도교육청,충청남도천안교육지원청,충청남도 천안시 서북구,S120000798,천안미라초등학교,2,공립,N,,2.0,5.0,63.0,2.0,4.0,51.0,3.0,6.0,65.0,2.0,5.0,56.0,4.0,3.0,72.0,1.0,2.0,53.0,14.0,25.0,360.0
충청남도교육청,충청남도천안교육지원청,충청남도 천안시 동남구,S120000799,천안봉명초등학교,2,공립,N,,2.0,1.0,47.0,2.0,2.0,39.0,2.0,4.0,45.0,5.0,1.0,44.0,3.0,0.0,41.0,5.0,1.0,33.0,19.0,9.0,249.0
충청남도교육청,충청남도천안교육지원청,충청남도 천안시 동남구,S120000800,천안봉서초등학교,2,공립,N,,5.0,6.0,92.0,7.0,1.0,105.0,11.0,12.0,114.0,8.0,6.0,110.0,5.0,7.0,100.0,9.0,6.0,105.0,45.0,38.0,626.0
충청남도교육청,충청남도천안교육지원청,충청남도 천안시 서북구,S120000801,천안부대초등학교,2,공립,N,,2.0,1.0,27.0,3.0,2.0,27.0,0.0,3.0,21.0,3.0,2.0,24.0,1.0,3.0,18.0,1.0,0.0,16.0,10.0,11.0,133.0
충청남도교육청,충청남도천안교육지원청,충청남도 천안시 서북구,S120000802,천안부성초등학교,2,공립,N,,5.0,5.0,106.0,7.0,7.0,105.0,7.0,8.0,122.0,9.0,10.0,116.0,9.0,12.0,106.0,11.0,8.0,121.0,48.0,50.0,676.0
충청남도교육청,충청남도천안교육지원청,충청남도 천안시 동남구,S120000803,천안부영초등학교,2,공립,N,,3.0,2.0,62.0,4.0,9.0,52.0,5.0,4.0,60.0,8.0,4.0,65.0,4.0,7.0,72.0,2.0,2.0,64.0,26.0,28.0,375.0
충청남도교육청,충청남도천안교육지원청,충청남도 천안시 서북구,S120000804,천안서초등학교,2,공립,N,,9.0,14.0,111.0,10.0,14.0,96.0,10.0,17.0,125.0,8.0,10.0,106.0,6.0,8.0,94.0,10.0,11.0,125.0,53.0,74.0,657.0
충청남도교육청,충청남도천안교육지원청,충청남도 천안시 서북구,S120000805,천안성정초등학교,2,공립,N,,7.0,5.0,53.0,6.0,6.0,55.0,4.0,8.0,53.0,6.0,6.0,64.0,3.0,3.0,57.0,1.0,1.0,59.0,27.0,29.0,341.0
충청남도교육청,충청남도천안교육지원청,충청남도 천안시 동남구,S120000806,천안신부초등학교,2,공립,N,,7.0,6.0,115.0,6.0,5.0,107.0,6.0,12.0,120.0,3.0,4.0,100.0,13.0,6.0,141.0,2.0,2.0,106.0,37.0,35.0,689.0
충청남도교육청,충청남도천안교육지원청,충청남도 천안시 동남구,S120000807,천안신안초등학교,2,공립,N,,4.0,3.0,96.0,8.0,9.0,99.0,9.0,8.0,111.0,6.0,5.0,103.0,2.0,5.0,91.0,2.0,3.0,82.0,31.0,33.0,582.0
충청남도교육청,충청남도천안교육지원청,충청남도 천안시 동남구,S120000808,천안신용초등학교,2,공립,N,,3.0,8.0,108.0,6.0,6.0,137.0,2.0,11.0,160.0,6.0,9.0,161.0,6.0,3.0,132.0,5.0,7.0,156.0,28.0,44.0,854.0
충청남도교육청,충청남도천안교육지원청,충청남도 천안시 동남구,S120000809,천안신촌초등학교,2,공립,N,,0.0,1.0,39.0,1.0,1.0,22.0,0.0,1.0,39.0,0.0,3.0,38.0,1.0,1.0,27.0,0.0,2.0,46.0,2.0,9.0,211.0
충청남도교육청,충청남도천안교육지원청,충청남도 천안시 서북구,S120000810,천안쌍용초등학교,2,공립,N,,7.0,9.0,93.0,10.0,15.0,111.0,14.0,8.0,102.0,6.0,5.0,120.0,5.0,4.0,131.0,6.0,4.0,119.0,48.0,45.0,676.0
충청남도교육청,충청남도천안교육지원청,충청남도 천안시 서북구,S120000811,천안업성초등학교,2,공립,N,,0.0,1.0,7.0,1.0,1.0,7.0,0.0,3.0,8.0,1.0,1.0,13.0,0.0,2.0,10.0,1.0,0.0,13.0,3.0,8.0,58.0
충청남도교육청,충청남도천안교육지원청,충청남도 천안시 서북구,S120000812,천안용암초등학교,2,공립,N,,4.0,2.0,101.0,5.0,11.0,116.0,7.0,5.0,103.0,5.0,3.0,116.0,2.0,1.0,159.0,6.0,5.0,125.0,29.0,27.0,720.0
충청남도교육청,충청남도천안교육지원청,충청남도 천안시 서북구,S120000813,천안월봉초등학교,2,공립,N,,3.0,13.0,141.0,12.0,11.0,149.0,9.0,17.0,150.0,8.0,12.0,194.0,5.0,5.0,167.0,5.0,7.0,157.0,42.0,65.0,958.0
충청남도교육청,충청남도천안교육지원청,충청남도 천안시 동남구,S120000814,천안일봉초등학교,2,공립,N,,5.0,5.0,78.0,4.0,9.0,66.0,5.0,4.0,85.0,1.0,7.0,76.0,1.0,8.0,83.0,2.0,1.0,63.0,18.0,34.0,451.0
충청남도교육청,충청남도천안교육지원청,충청남도 천안시 동남구,S120000815,천안중앙초등학교,2,공립,N,,1.0,0.0,5.0,1.0,4.0,9.0,2.0,0.0,9.0,3.0,1.0,14.0,3.0,3.0,6.0,0.0,0.0,8.0,10.0,8.0,51.0
충청남도교육청,충청남도천안교육지원청,충청남도 천안시 동남구,S120000816,천안청수초등학교,2,공립,N,,2.0,3.0,53.0,2.0,3.0,72.0,4.0,4.0,67.0,8.0,6.0,69.0,2.0,4.0,74.0,4.0,2.0,64.0,22.0,22.0,399.0
충청남도교육청,충청남도천안교육지원청,충청남도 천안시 동남구,S120000817,천안초등학교,2,공립,N,,5.0,1.0,28.0,3.0,1.0,19.0,3.0,0.0,25.0,3.0,0.0,25.0,12.0,0.0,26.0,4.0,2.0,24.0,30.0,4.0,147.0
충청남도교육청,충청남도천안교육지원청,충청남도 천안시 동남구,S120000818,풍세초등학교,2,공립,N,,1.0,2.0,9.0,0.0,0.0,7.0,4.0,0.0,4.0,2.0,1.0,8.0,2.0,1.0,6.0,1.0,1.0,13.0,10.0,5.0,47.0
충청남도교육청,충청남도천안교육지원청,충청남도 천안시 동남구,S120000819,행정초등학교,2,공립,N,,1.0,0.0,1.0,0.0,1.0,4.0,0.0,0.0,6.0,0.0,1.0,4.0,0.0,0.0,12.0,0.0,0.0,4.0,1.0,2.0,31.0
충청남도교육청,충청남도천안교육지원청,충청남도 천안시 서북구,S120000821,환서초등학교,2,공립,N,,2.0,7.0,365.0,13.0,18.0,381.0,16.0,15.0,418.0,14.0,13.0,378.0,11.0,19.0,361.0,11.0,7.0,317.0,67.0,79.0,2220.0
충청남도교육청,충청남도청양교육지원청,충청남도 청양군,S120000829,가남초등학교,2,공립,N,,0.0,0.0,8.0,0.0,0.0,14.0,0.0,4.0,11.0,0.0,0.0,7.0,1.0,0.0,7.0,0.0,0.0,10.0,1.0,4.0,57.0
충청남도교육청,충청남도청양교육지원청,충청남도 청양군,S120000831,남양초등학교,2,공립,N,,0.0,0.0,7.0,0.0,0.0,10.0,2.0,1.0,9.0,1.0,0.0,6.0,0.0,0.0,9.0,0.0,0.0,7.0,3.0,1.0,48.0
충청남도교육청,충청남도청양교육지원청,충청남도 청양군,S120000835,목면초등학교,2,공립,N,,0.0,1.0,7.0,0.0,0.0,2.0,0.0,0.0,5.0,0.0,0.0,4.0,0.0,0.0,7.0,0.0,0.0,6.0,0.0,1.0,31.0
충청남도교육청,충청남도청양교육지원청,충청남도 청양군,S120000838,미당초등학교,2,공립,N,,0.0,0.0,3.0,0.0,0.0,0.0,0.0,0.0,2.0,0.0,0.0,4.0,1.0,0.0,2.0,0.0,0.0,2.0,1.0,0.0,13.0
충청남도교육청,충청남도청양교육지원청,충청남도 청양군,S120000842,수정초등학교,2,공립,N,,0.0,0.0,14.0,0.0,1.0,14.0,0.0,0.0,13.0,0.0,0.0,14.0,0.0,1.0,11.0,0.0,0.0,12.0,0.0,2.0,78.0
충청남도교육청,충청남도청양교육지원청,충청남도 청양군,S120000848,운곡초등학교,2,공립,N,,0.0,0.0,3.0,0.0,0.0,9.0,0.0,0.0,4.0,0.0,0.0,8.0,1.0,0.0,6.0,0.0,1.0,5.0,1.0,1.0,35.0
충청남도교육청,충청남도청양교육지원청,충청남도 청양군,S120000850,장평초등학교,2,공립,N,,0.0,0.0,6.0,0.0,0.0,4.0,0.0,0.0,6.0,0.0,0.0,5.0,0.0,0.0,5.0,0.0,1.0,10.0,0.0,1.0,36.0
충청남도교육청,충청남도청양교육지원청,충청남도 청양군,S120000853,정산초등학교,2,공립,N,,1.0,0.0,16.0,2.0,1.0,23.0,1.0,0.0,13.0,4.0,1.0,28.0,5.0,1.0,18.0,3.0,1.0,19.0,16.0,4.0,117.0
충청남도교육청,충청남도청양교육지원청,충청남도 청양군,S120000857,청남초등학교,2,공립,N,,0.0,0.0,5.0,0.0,0.0,3.0,0.0,1.0,2.0,0.0,0.0,3.0,0.0,1.0,9.0,2.0,0.0,3.0,2.0,2.0,25.0
충청남도교육청,충청남도청양교육지원청,충청남도 청양군,S120000858,청송초등학교,2,공립,N,,1.0,0.0,10.0,0.0,1.0,6.0,0.0,0.0,11.0,0.0,0.0,6.0,0.0,0.0,11.0,0.0,0.0,5.0,1.0,1.0,49.0
충청남도교육청,충청남도청양교육지원청,충청남도 청양군,S120000859,청양초등학교,2,공립,N,,2.0,0.0,40.0,3.0,1.0,58.0,1.0,6.0,76.0,2.0,3.0,70.0,2.0,1.0,69.0,3.0,1.0,66.0,13.0,12.0,379.0
충청남도교육청,충청남도청양교육지원청,충청남도 청양군,S120000861,합천초등학교,2,공립,N,,0.0,0.0,4.0,3.0,0.0,7.0,7.0,0.0,9.0,1.0,1.0,8.0,0.0,0.0,10.0,0.0,0.0,9.0,11.0,1.0,47.0
충청남도교육청,충청남도당진교육지원청,충청남도 당진시,S120000884,계성초등학교,2,공립,N,,2.0,9.0,117.0,11.0,19.0,127.0,13.0,34.0,138.0,8.0,15.0,138.0,15.0,14.0,184.0,9.0,19.0,146.0,58.0,110.0,850.0
충청남도교육청,충청남도당진교육지원청,충청남도 당진시,S120000885,고대초등학교,2,공립,N,,1.0,0.0,20.0,0.0,1.0,16.0,0.0,4.0,22.0,1.0,0.0,24.0,0.0,2.0,9.0,0.0,0.0,10.0,2.0,7.0,101.0
충청남도교육청,충청남도당진교육지원청,충청남도 당진시,S120000886,고산초등학교,2,공립,N,,0.0,1.0,9.0,1.0,2.0,12.0,1.0,3.0,9.0,0.0,1.0,10.0,0.0,1.0,8.0,0.0,0.0,8.0,2.0,8.0,56.0
충청남도교육청,충청남도당진교육지원청,충청남도 당진시,S120000887,기지초등학교,2,공립,N,,7.0,17.0,334.0,20.0,25.0,311.0,17.0,24.0,305.0,12.0,21.0,326.0,10.0,13.0,272.0,4.0,12.0,226.0,70.0,112.0,1774.0
충청남도교육청,충청남도당진교육지원청,충청남도 당진시,S120000890,당산초등학교,2,공립,N,,0.0,3.0,31.0,1.0,4.0,39.0,1.0,5.0,43.0,3.0,5.0,44.0,0.0,2.0,44.0,0.0,7.0,40.0,5.0,26.0,241.0
충청남도교육청,충청남도당진교육지원청,충청남도 당진시,S120000891,당진초등학교,2,공립,N,,5.0,9.0,85.0,2.0,63.0,78.0,4.0,40.0,110.0,6.0,41.0,98.0,8.0,23.0,114.0,3.0,17.0,107.0,28.0,193.0,592.0
충청남도교육청,충청남도당진교육지원청,충청남도 당진시,S120000893,면천초등학교,2,공립,N,,1.0,3.0,11.0,0.0,1.0,11.0,1.0,4.0,12.0,0.0,1.0,8.0,1.0,0.0,18.0,1.0,1.0,15.0,4.0,10.0,75.0
충청남도교육청,충청남도당진교육지원청,충청남도 당진시,S120000896,북창초등학교,2,공립,N,,0.0,0.0,15.0,2.0,1.0,24.0,0.0,0.0,19.0,0.0,0.0,18.0,0.0,0.0,18.0,0.0,0.0,8.0,2.0,1.0,102.0
충청남도교육청,충청남도당진교육지원청,충청남도 당진시,S120000897,삼봉초등학교,2,공립,N,,1.0,1.0,14.0,1.0,0.0,16.0,2.0,2.0,18.0,3.0,3.0,20.0,4.0,1.0,22.0,2.0,1.0,20.0,13.0,8.0,110.0
충청남도교육청,충청남도당진교육지원청,충청남도 당진시,S120000898,삼봉초등학교난지분교장,2,공립,N,,0.0,0.0,1.0,0.0,0.0,0.0,0.0,0.0,0.0,0.0,1.0,2.0,0.0,0.0,0.0,0.0,0.0,0.0,0.0,1.0,3.0
충청남도교육청,충청남도당진교육지원청,충청남도 당진시,S120000900,상록초등학교,2,공립,N,,4.0,7.0,61.0,1.0,10.0,55.0,4.0,10.0,63.0,3.0,3.0,54.0,1.0,9.0,55.0,3.0,3.0,61.0,16.0,42.0,349.0
충청남도교육청,충청남도당진교육지원청,충청남도 당진시,S120000902,서정초등학교,2,공립,N,,2.0,4.0,107.0,10.0,7.0,118.0,3.0,4.0,125.0,6.0,8.0,143.0,8.0,8.0,122.0,3.0,5.0,133.0,32.0,36.0,748.0
충청남도교육청,충청남도당진교육지원청,충청남도 당진시,S120000903,석문초등학교,2,공립,N,,1.0,3.0,21.0,1.0,4.0,14.0,1.0,8.0,20.0,0.0,5.0,20.0,3.0,3.0,16.0,2.0,3.0,20.0,8.0,26.0,111.0
충청남도교육청,충청남도당진교육지원청,충청남도 당진시,S120000904,성당초등학교,2,공립,N,,0.0,0.0,22.0,2.0,6.0,27.0,1.0,1.0,16.0,0.0,1.0,14.0,0.0,0.0,14.0,0.0,0.0,9.0,3.0,8.0,102.0
충청남도교육청,충청남도당진교육지원청,충청남도 당진시,S120000905,송산초등학교,2,공립,N,,1.0,1.0,14.0,3.0,4.0,20.0,0.0,1.0,33.0,0.0,3.0,23.0,0.0,3.0,27.0,0.0,4.0,18.0,4.0,16.0,135.0
충청남도교육청,충청남도당진교육지원청,충청남도 당진시,S120000906,송악초등학교,2,공립,N,,2.0,1.0,47.0,1.0,1.0,35.0,3.0,1.0,49.0,0.0,0.0,34.0,3.0,1.0,42.0,0.0,3.0,37.0,9.0,7.0,244.0
충청남도교육청,충청남도당진교육지원청,충청남도 당진시,S120000908,순성초등학교,2,공립,N,,2.0,0.0,17.0,0.0,0.0,15.0,1.0,1.0,16.0,1.0,0.0,18.0,1.0,2.0,24.0,2.0,0.0,20.0,7.0,3.0,110.0
충청남도교육청,충청남도당진교육지원청,충청남도 당진시,S120000909,신촌초등학교,2,공립,N,,0.0,3.0,2.0,0.0,2.0,4.0,0.0,0.0,6.0,0.0,1.0,1.0,0.0,0.0,5.0,1.0,1.0,7.0,1.0,7.0,25.0
충청남도교육청,충청남도당진교육지원청,충청남도 당진시,S120000910,신평초등학교,2,공립,N,,1.0,1.0,37.0,0.0,3.0,31.0,2.0,1.0,37.0,0.0,4.0,54.0,3.0,0.0,32.0,4.0,1.0,49.0,10.0,10.0,240.0
충청남도교육청,충청남도당진교육지원청,충청남도 당진시,S120000912,우강초등학교,2,공립,N,,2.0,2.0,16.0,0.0,1.0,13.0,2.0,2.0,13.0,1.0,1.0,16.0,2.0,2.0,9.0,0.0,1.0,17.0,7.0,9.0,84.0
충청남도교육청,충청남도당진교육지원청,충청남도 당진시,S120000914,유곡초등학교,2,공립,N,,1.0,2.0,83.0,5.0,6.0,55.0,4.0,12.0,55.0,1.0,6.0,56.0,3.0,4.0,37.0,2.0,4.0,61.0,16.0,34.0,347.0
충청남도교육청,충청남도당진교육지원청,충청남도 당진시,S120000916,전대초등학교,2,공립,N,,2.0,2.0,15.0,0.0,2.0,12.0,2.0,3.0,18.0,0.0,2.0,16.0,0.0,3.0,4.0,0.0,0.0,10.0,4.0,12.0,75.0
충청남도교육청,충청남도당진교육지원청,충청남도 당진시,S120000917,정미초등학교,2,공립,N,,0.0,0.0,6.0,1.0,0.0,4.0,0.0,0.0,4.0,0.0,0.0,0.0,0.0,0.0,5.0,1.0,0.0,4.0,2.0,0.0,23.0
충청남도교육청,충청남도당진교육지원청,충청남도 당진시,S120000918,조금초등학교,2,공립,N,,0.0,0.0,9.0,0.0,1.0,10.0,0.0,1.0,13.0,2.0,1.0,8.0,0.0,1.0,11.0,1.0,0.0,13.0,3.0,4.0,64.0
충청남도교육청,충청남도당진교육지원청,충청남도 당진시,S120000921,천의초등학교,2,공립,N,,2.0,1.0,13.0,1.0,1.0,12.0,0.0,3.0,7.0,1.0,0.0,11.0,0.0,2.0,10.0,0.0,1.0,7.0,4.0,8.0,60.0
충청남도교육청,충청남도당진교육지원청,충청남도 당진시,S120000922,초락초등학교,2,공립,N,,0.0,0.0,4.0,3.0,0.0,2.0,0.0,0.0,2.0,0.0,0.0,3.0,1.0,0.0,4.0,0.0,0.0,3.0,4.0,0.0,18.0
충청남도교육청,충청남도당진교육지원청,충청남도 당진시,S120000923,탑동초등학교,2,공립,N,,10.0,8.0,237.0,6.0,24.0,260.0,17.0,15.0,277.0,13.0,21.0,297.0,14.0,25.0,314.0,10.0,8.0,275.0,70.0,101.0,1660.0
충청남도교육청,충청남도당진교육지원청,충청남도 당진시,S120000924,한정초등학교,2,공립,N,,0.0,2.0,8.0,0.0,0.0,10.0,1.0,2.0,11.0,0.0,0.0,10.0,0.0,0.0,15.0,0.0,0.0,16.0,1.0,4.0,70.0
충청남도교육청,충청남도당진교육지원청,충청남도 당진시,S120000926,합덕초등학교,2,공립,N,,5.0,0.0,25.0,3.0,2.0,46.0,6.0,1.0,48.0,6.0,5.0,30.0,0.0,0.0,53.0,0.0,0.0,44.0,20.0,8.0,246.0
충청남도교육청,충청남도당진교육지원청,충청남도 당진시,S120000927,합도초등학교,2,공립,N,,0.0,0.0,11.0,0.0,0.0,6.0,0.0,0.0,21.0,0.0,0.0,19.0,0.0,0.0,16.0,0.0,0.0,13.0,0.0,0.0,86.0
충청남도교육청,충청남도서산교육지원청,충청남도 서산시,S120000945,가사초등학교,2,공립,N,,0.0,0.0,20.0,0.0,2.0,18.0,0.0,1.0,16.0,0.0,0.0,15.0,0.0,2.0,16.0,0.0,0.0,13.0,0.0,5.0,98.0
충청남도교육청,충청남도서산교육지원청,충청남도 서산시,S120000946,강당초등학교,2,공립,N,,0.0,0.0,9.0,0.0,0.0,10.0,1.0,2.0,9.0,1.0,2.0,12.0,2.0,1.0,6.0,0.0,0.0,12.0,4.0,5.0,58.0
충청남도교육청,충청남도서산교육지원청,충청남도 서산시,S120000948,고북초등학교,2,공립,N,,2.0,0.0,10.0,1.0,0.0,11.0,2.0,0.0,18.0,1.0,1.0,7.0,0.0,2.0,10.0,0.0,0.0,18.0,6.0,3.0,74.0
충청남도교육청,충청남도서산교육지원청,충청남도 서산시,S120000951,대산초등학교,2,공립,N,,3.0,5.0,64.0,0.0,4.0,49.0,2.0,2.0,54.0,0.0,7.0,63.0,2.0,3.0,57.0,0.0,2.0,47.0,7.0,23.0,334.0
충청남도교육청,충청남도서산교육지원청,충청남도 서산시,S120000956,동암초등학교,2,공립,N,,1.0,2.0,14.0,1.0,1.0,13.0,1.0,1.0,17.0,2.0,0.0,17.0,0.0,1.0,16.0,0.0,0.0,12.0,5.0,5.0,89.0
충청남도교육청,충청남도서산교육지원청,충청남도 서산시,S120000958,명지초등학교,2,공립,N,,1.0,2.0,23.0,0.0,2.0,7.0,1.0,8.0,19.0,1.0,3.0,9.0,0.0,4.0,12.0,0.0,4.0,21.0,3.0,23.0,91.0
충청남도교육청,충청남도서산교육지원청,충청남도 서산시,S120000961,부석초등학교,2,공립,N,,0.0,1.0,12.0,0.0,1.0,8.0,2.0,0.0,12.0,0.0,2.0,9.0,1.0,0.0,7.0,0.0,2.0,11.0,3.0,6.0,59.0
충청남도교육청,충청남도서산교육지원청,충청남도 서산시,S120000962,부석초등학교간월도분교장,2,공립,N,,0.0,0.0,1.0,0.0,0.0,2.0,0.0,1.0,4.0,0.0,0.0,1.0,0.0,0.0,1.0,0.0,0.0,0.0,0.0,1.0,9.0
충청남도교육청,충청남도서산교육지원청,충청남도 서산시,S120000963,부성초등학교,2,공립,N,,5.0,3.0,73.0,8.0,3.0,68.0,13.0,3.0,75.0,7.0,5.0,81.0,6.0,4.0,84.0,2.0,3.0,73.0,41.0,21.0,454.0
충청남도교육청,충청남도서산교육지원청,충청남도 서산시,S120000964,부춘초등학교,2,공립,N,,10.0,2.0,98.0,14.0,11.0,114.0,16.0,18.0,120.0,7.0,6.0,111.0,8.0,12.0,151.0,6.0,18.0,126.0,61.0,67.0,720.0
충청남도교육청,충청남도서산교육지원청,충청남도 서산시,S120000970,서동초등학교,2,공립,N,,3.0,3.0,77.0,7.0,7.0,73.0,3.0,6.0,91.0,3.0,5.0,92.0,3.0,3.0,93.0,3.0,3.0,96.0,22.0,27.0,522.0
충청남도교육청,충청남도서산교육지원청,충청남도 서산시,S120000971,서령초등학교,2,공립,N,,1.0,0.0,41.0,0.0,2.0,39.0,4.0,5.0,43.0,3.0,2.0,41.0,2.0,5.0,46.0,3.0,1.0,50.0,13.0,15.0,260.0
충청남도교육청,충청남도서산교육지원청,충청남도 서산시,S120000972,서림초등학교,2,공립,N,,2.0,3.0,124.0,11.0,10.0,121.0,16.0,6.0,155.0,11.0,8.0,139.0,8.0,4.0,126.0,12.0,5.0,113.0,60.0,36.0,778.0
충청남도교육청,충청남도서산교육지원청,충청남도 서산시,S120000973,서산초등학교,2,공립,N,,4.0,6.0,58.0,2.0,4.0,73.0,5.0,5.0,64.0,2.0,4.0,51.0,4.0,2.0,58.0,6.0,2.0,60.0,23.0,23.0,364.0
충청남도교육청,충청남도서산교육지원청,충청남도 서산시,S120000974,성연초등학교,2,공립,N,,5.0,13.0,241.0,10.0,17.0,244.0,17.0,25.0,256.0,10.0,19.0,206.0,14.0,13.0,193.0,7.0,15.0,159.0,63.0,102.0,1299.0
충청남도교육청,충청남도서산교육지원청,충청남도 서산시,S120000976,언암초등학교,2,공립,N,,1.0,2.0,32.0,3.0,7.0,32.0,4.0,9.0,28.0,0.0,6.0,23.0,0.0,3.0,32.0,2.0,7.0,18.0,10.0,34.0,165.0
충청남도교육청,충청남도서산교육지원청,충청남도 서산시,S120000977,오산초등학교,2,공립,N,,0.0,1.0,6.0,3.0,1.0,12.0,1.0,1.0,10.0,0.0,0.0,7.0,3.0,0.0,8.0,1.0,0.0,13.0,8.0,3.0,56.0
충청남도교육청,충청남도서산교육지원청,충청남도 서산시,S120000979,운산초등학교,2,공립,N,,0.0,1.0,9.0,0.0,2.0,12.0,0.0,1.0,9.0,0.0,1.0,17.0,0.0,0.0,10.0,1.0,0.0,10.0,1.0,5.0,67.0
충청남도교육청,충청남도서산교육지원청,충청남도 서산시,S120000983,운신초등학교,2,공립,N,,0.0,0.0,7.0,0.0,1.0,3.0,0.0,0.0,14.0,1.0,1.0,10.0,0.0,1.0,9.0,0.0,2.0,11.0,1.0,5.0,54.0
충청남도교육청,충청남도서산교육지원청,충청남도 서산시,S120000986,음암초등학교,2,공립,N,,1.0,1.0,37.0,2.0,6.0,38.0,1.0,6.0,43.0,1.0,2.0,43.0,0.0,4.0,57.0,3.0,4.0,48.0,8.0,23.0,266.0
충청남도교육청,충청남도서산교육지원청,충청남도 서산시,S120000988,인지초등학교,2,공립,N,,1.0,4.0,57.0,4.0,6.0,57.0,4.0,8.0,56.0,3.0,1.0,49.0,2.0,6.0,60.0,1.0,6.0,59.0,15.0,31.0,338.0
충청남도교육청,충청남도서산교육지원청,충청남도 서산시,S120000991,차동초등학교,2,공립,N,,3.0,2.0,17.0,1.0,1.0,19.0,3.0,3.0,11.0,2.0,3.0,19.0,2.0,1.0,15.0,1.0,2.0,21.0,12.0,12.0,102.0
충청남도교육청,충청남도서산교육지원청,충청남도 서산시,S120000993,팔봉초등학교,2,공립,N,,0.0,1.0,8.0,0.0,0.0,9.0,3.0,1.0,11.0,2.0,0.0,6.0,0.0,0.0,7.0,6.0,2.0,9.0,11.0,4.0,50.0
충청남도교육청,충청남도서산교육지원청,충청남도 서산시,S120000994,팔봉초등학교고파도분교장,2,공립,N,,0.0,0.0,0.0,0.0,0.0,0.0,0.0,0.0,1.0,0.0,0.0,0.0,0.0,0.0,1.0,0.0,0.0,0.0,0.0,0.0,2.0
충청남도교육청,충청남도서산교육지원청,충청남도 서산시,S120000996,학돌초등학교,2,공립,N,,7.0,5.0,104.0,5.0,8.0,84.0,9.0,17.0,112.0,3.0,10.0,111.0,6.0,5.0,87.0,3.0,7.0,102.0,33.0,52.0,600.0
충청남도교육청,충청남도서산교육지원청,충청남도 서산시,S120000997,해미초등학교,2,공립,N,,0.0,0.0,26.0,0.0,0.0,30.0,0.0,2.0,43.0,0.0,1.0,36.0,0.0,0.0,32.0,0.0,4.0,32.0,0.0,7.0,199.0
충청남도교육청,충청남도서천교육지원청,충청남도 서천군,S120001012,기산초등학교,2,공립,N,,0.0,1.0,7.0,0.0,0.0,2.0,0.0,3.0,9.0,0.0,0.0,2.0,0.0,0.0,7.0,0.0,0.0,8.0,0.0,4.0,35.0
충청남도교육청,충청남도서천교육지원청,충청남도 서천군,S120001016,마동초등학교,2,공립,N,,1.0,0.0,17.0,0.0,0.0,15.0,0.0,2.0,14.0,0.0,0.0,19.0,0.0,1.0,15.0,0.0,1.0,12.0,1.0,4.0,92.0
충청남도교육청,충청남도서천교육지원청,충청남도 서천군,S120001018,마산초등학교,2,공립,N,,0.0,0.0,11.0,0.0,0.0,2.0,0.0,1.0,6.0,0.0,1.0,6.0,0.0,2.0,10.0,0.0,0.0,4.0,0.0,4.0,39.0
충청남도교육청,충청남도서천교육지원청,충청남도 서천군,S120001019,문산초등학교,2,공립,N,,0.0,0.0,2.0,0.0,1.0,6.0,0.0,0.0,3.0,0.0,0.0,2.0,0.0,0.0,1.0,0.0,0.0,3.0,0.0,1.0,17.0
충청남도교육청,충청남도서천교육지원청,충청남도 서천군,S120001021,부내초등학교,2,공립,N,,1.0,0.0,12.0,0.0,0.0,8.0,0.0,0.0,10.0,1.0,0.0,7.0,1.0,0.0,11.0,0.0,0.0,13.0,3.0,0.0,61.0
충청남도교육청,충청남도서천교육지원청,충청남도 서천군,S120001023,비인초등학교,2,공립,N,,2.0,0.0,2.0,1.0,1.0,4.0,1.0,0.0,8.0,0.0,0.0,5.0,0.0,1.0,6.0,1.0,0.0,6.0,5.0,2.0,31.0
충청남도교육청,충청남도서천교육지원청,충청남도 서천군,S120001026,서남초등학교,2,공립,N,,0.0,0.0,4.0,2.0,0.0,1.0,1.0,0.0,8.0,1.0,0.0,11.0,0.0,1.0,5.0,0.0,0.0,5.0,4.0,1.0,34.0
충청남도교육청,충청남도서천교육지원청,충청남도 서천군,S120001027,서도초등학교,2,공립,N,,1.0,1.0,20.0,2.0,0.0,14.0,2.0,0.0,14.0,0.0,0.0,13.0,1.0,0.0,16.0,0.0,1.0,7.0,6.0,2.0,84.0
충청남도교육청,충청남도서천교육지원청,충청남도 서천군,S120001029,서면초등학교,2,공립,N,,0.0,0.0,4.0,0.0,1.0,6.0,0.0,0.0,1.0,0.0,0.0,8.0,0.0,0.0,3.0,0.0,0.0,7.0,0.0,1.0,29.0
충청남도교육청,충청남도서천교육지원청,충청남도 서천군,S120001030,서천초등학교,2,공립,N,,2.0,5.0,99.0,3.0,3.0,107.0,3.0,4.0,111.0,0.0,5.0,113.0,1.0,2.0,115.0,3.0,3.0,107.0,12.0,22.0,652.0
충청남도교육청,충청남도서천교육지원청,충청남도 서천군,S120001033,송림초등학교,2,공립,N,,0.0,0.0,7.0,0.0,0.0,9.0,0.0,0.0,5.0,0.0,1.0,13.0,0.0,0.0,14.0,0.0,0.0,5.0,0.0,1.0,53.0
충청남도교육청,충청남도서천교육지원청,충청남도 서천군,S120001035,송석초등학교,2,공립,N,,1.0,0.0,4.0,0.0,0.0,4.0,1.0,0.0,4.0,0.0,0.0,9.0,1.0,1.0,6.0,0.0,0.0,6.0,3.0,1.0,33.0
충청남도교육청,충청남도서천교육지원청,충청남도 서천군,S120001036,시초초등학교,2,공립,N,,0.0,1.0,10.0,0.0,0.0,12.0,0.0,0.0,14.0,3.0,0.0,14.0,0.0,0.0,18.0,0.0,0.0,13.0,3.0,1.0,81.0
충청남도교육청,충청남도서천교육지원청,충청남도 서천군,S120001039,오성초등학교,2,공립,N,,0.0,1.0,4.0,1.0,0.0,6.0,1.0,0.0,5.0,0.0,0.0,7.0,0.0,1.0,6.0,0.0,1.0,2.0,2.0,3.0,30.0
충청남도교육청,충청남도서천교육지원청,충청남도 서천군,S120001043,장항중앙초등학교,2,공립,N,,1.0,1.0,29.0,0.0,0.0,35.0,1.0,1.0,23.0,1.0,0.0,36.0,2.0,0.0,40.0,2.0,0.0,38.0,7.0,2.0,201.0
충청남도교육청,충청남도서천교육지원청,충청남도 서천군,S120001044,장항초등학교,2,공립,N,,0.0,1.0,22.0,0.0,3.0,18.0,4.0,4.0,25.0,3.0,3.0,30.0,2.0,3.0,32.0,1.0,2.0,27.0,10.0,16.0,154.0
충청남도교육청,충청남도서천교육지원청,충청남도 서천군,S120001050,한산초등학교,2,공립,N,,0.0,0.0,8.0,0.0,0.0,12.0,0.0,0.0,4.0,0.0,0.0,10.0,0.0,0.0,4.0,0.0,0.0,5.0,0.0,0.0,43.0
충청남도교육청,충청남도서천교육지원청,충청남도 서천군,S120001051,화양초등학교,2,공립,N,,1.0,0.0,4.0,0.0,0.0,6.0,0.0,0.0,2.0,0.0,0.0,4.0,0.0,0.0,6.0,0.0,1.0,3.0,1.0,1.0,25.0
충청남도교육청,충청남도보령교육지원청,충청남도 보령시,S120001067,개화초등학교,2,공립,N,,0.0,0.0,11.0,1.0,1.0,10.0,1.0,1.0,6.0,0.0,2.0,6.0,1.0,0.0,11.0,0.0,1.0,4.0,3.0,5.0,48.0
충청남도교육청,충청남도보령교육지원청,충청남도 보령시,S120001070,관당초등학교,2,공립,N,,0.0,2.0,5.0,2.0,0.0,4.0,0.0,2.0,6.0,0.0,0.0,5.0,0.0,1.0,5.0,0.0,1.0,7.0,2.0,6.0,32.0
충청남도교육청,충청남도보령교육지원청,충청남도 보령시,S120001071,관창초등학교,2,공립,N,,1.0,0.0,14.0,1.0,2.0,17.0,0.0,3.0,16.0,1.0,0.0,18.0,1.0,2.0,19.0,1.0,0.0,21.0,5.0,7.0,105.0
충청남도교육청,충청남도보령교육지원청,충청남도 보령시,S120001072,광명초등학교,2,공립,N,,0.0,0.0,5.0,0.0,0.0,2.0,0.0,0.0,4.0,0.0,0.0,4.0,0.0,0.0,1.0,0.0,0.0,5.0,0.0,0.0,21.0
충청남도교육청,충청남도보령교육지원청,충청남도 보령시,S120001077,낙동초등학교,2,공립,N,,1.0,1.0,5.0,0.0,1.0,2.0,1.0,1.0,4.0,0.0,1.0,7.0,1.0,2.0,5.0,0.0,0.0,3.0,3.0,6.0,26.0
충청남도교육청,충청남도보령교육지원청,충청남도 보령시,S120001078,남포초등학교,2,공립,N,,0.0,3.0,8.0,0.0,0.0,5.0,0.0,0.0,9.0,0.0,2.0,10.0,0.0,0.0,8.0,0.0,0.0,6.0,0.0,5.0,46.0
충청남도교육청,충청남도보령교육지원청,충청남도 보령시,S120001081,대관초등학교,2,공립,N,,3.0,4.0,51.0,2.0,2.0,45.0,2.0,1.0,49.0,1.0,1.0,71.0,2.0,3.0,62.0,4.0,2.0,48.0,14.0,13.0,326.0
충청남도교육청,충청남도보령교육지원청,충청남도 보령시,S120001082,대남초등학교,2,공립,N,,0.0,1.0,13.0,4.0,2.0,18.0,0.0,3.0,19.0,3.0,2.0,24.0,1.0,1.0,34.0,1.0,0.0,32.0,9.0,9.0,140.0
충청남도교육청,충청남도보령교육지원청,충청남도 보령시,S120001084,대창초등학교,2,공립,N,,0.0,0.0,3.0,0.0,0.0,3.0,0.0,1.0,12.0,0.0,0.0,7.0,0.0,0.0,8.0,0.0,0.0,7.0,0.0,1.0,40.0
충청남도교육청,충청남도보령교육지원청,충청남도 보령시,S120001085,대천초등학교,2,공립,N,,0.0,1.0,99.0,0.0,12.0,97.0,0.0,22.0,119.0,4.0,8.0,117.0,5.0,12.0,127.0,0.0,1.0,113.0,9.0,56.0,672.0
충청남도교육청,충청남도보령교육지원청,충청남도 보령시,S120001089,오천초등학교삽시분교장,2,공립,N,,0.0,1.0,1.0,0.0,0.0,0.0,0.0,1.0,1.0,0.0,0.0,2.0,0.0,1.0,1.0,0.0,0.0,1.0,0.0,3.0,6.0
충청남도교육청,충청남도보령교육지원청,충청남도 보령시,S120001090,성주초등학교,2,공립,N,,0.0,0.0,14.0,0.0,0.0,9.0,0.0,0.0,3.0,0.0,1.0,9.0,1.0,0.0,9.0,0.0,0.0,6.0,1.0,1.0,50.0
충청남도교육청,충청남도보령교육지원청,충청남도 보령시,S120001091,송학초등학교,2,공립,N,,0.0,2.0,11.0,0.0,0.0,8.0,0.0,2.0,14.0,0.0,0.0,12.0,1.0,1.0,9.0,0.0,1.0,9.0,1.0,6.0,63.0
충청남도교육청,충청남도보령교육지원청,충청남도 보령시,S120001096,오천초등학교,2,공립,N,,0.0,1.0,3.0,0.0,1.0,2.0,1.0,0.0,6.0,0.0,1.0,6.0,0.0,1.0,4.0,0.0,0.0,4.0,1.0,4.0,25.0
충청남도교육청,충청남도보령교육지원청,충청남도 보령시,S120001098,옥계초등학교,2,공립,N,,1.0,0.0,16.0,1.0,0.0,7.0,1.0,0.0,5.0,1.0,0.0,14.0,1.0,0.0,8.0,0.0,1.0,8.0,5.0,1.0,58.0
충청남도교육청,충청남도보령교육지원청,충청남도 보령시,S120001099,청파초등학교외연도분교장,2,공립,N,,0.0,0.0,1.0,0.0,0.0,2.0,0.0,0.0,0.0,0.0,0.0,1.0,0.0,0.0,1.0,0.0,0.0,0.0,0.0,0.0,5.0
충청남도교육청,충청남도보령교육지원청,충청남도 보령시,S120001100,웅천초등학교,2,공립,N,,3.0,2.0,9.0,0.0,1.0,1.0,1.0,1.0,11.0,0.0,1.0,9.0,0.0,0.0,8.0,0.0,0.0,10.0,4.0,5.0,48.0
충청남도교육청,충청남도보령교육지원청,충청남도 보령시,S120001102,월전초등학교,2,공립,N,,0.0,0.0,4.0,0.0,0.0,5.0,0.0,1.0,11.0,0.0,1.0,5.0,0.0,0.0,5.0,0.0,0.0,7.0,0.0,2.0,37.0
충청남도교육청,충청남도보령교육지원청,충청남도 보령시,S120001106,주산초등학교,2,공립,N,,0.0,0.0,2.0,0.0,0.0,2.0,0.0,1.0,8.0,0.0,0.0,8.0,0.0,1.0,2.0,1.0,0.0,6.0,1.0,2.0,28.0
충청남도교육청,충청남도보령교육지원청,충청남도 보령시,S120001107,주포초등학교,2,공립,N,,0.0,1.0,4.0,0.0,2.0,5.0,0.0,0.0,7.0,1.0,0.0,6.0,0.0,2.0,8.0,0.0,0.0,6.0,1.0,5.0,36.0
충청남도교육청,충청남도보령교육지원청,충청남도 보령시,S120001110,천북초등학교,2,공립,N,,1.0,1.0,8.0,0.0,0.0,6.0,0.0,1.0,8.0,0.0,1.0,6.0,0.0,2.0,9.0,0.0,1.0,10.0,1.0,6.0,47.0
충청남도교육청,충청남도보령교육지원청,충청남도 보령시,S120001112,청라초등학교,2,공립,N,,1.0,1.0,7.0,1.0,0.0,7.0,0.0,0.0,8.0,2.0,0.0,17.0,0.0,0.0,8.0,0.0,0.0,7.0,4.0,1.0,54.0
충청남도교육청,충청남도보령교육지원청,충청남도 보령시,S120001113,청룡초등학교,2,공립,N,,0.0,0.0,10.0,0.0,0.0,11.0,0.0,0.0,6.0,0.0,0.0,13.0,0.0,0.0,11.0,0.0,0.0,9.0,0.0,0.0,60.0
충청남도교육청,충청남도보령교육지원청,충청남도 보령시,S120001115,청룡초등학교장고분교장,2,공립,N,,0.0,0.0,2.0,0.0,0.0,0.0,0.0,1.0,2.0,0.0,0.0,0.0,0.0,1.0,3.0,0.0,0.0,3.0,0.0,2.0,10.0
충청남도교육청,충청남도보령교육지원청,충청남도 보령시,S120001116,청보초등학교,2,공립,N,,0.0,1.0,10.0,0.0,0.0,10.0,0.0,1.0,14.0,0.0,1.0,16.0,0.0,0.0,8.0,0.0,0.0,12.0,0.0,3.0,70.0
충청남도교육청,충청남도보령교육지원청,충청남도 보령시,S120001117,청소초등학교,2,공립,N,,0.0,0.0,8.0,0.0,0.0,6.0,0.0,1.0,5.0,1.0,1.0,9.0,0.0,0.0,11.0,0.0,0.0,5.0,1.0,2.0,44.0
충청남도교육청,충청남도보령교육지원청,충청남도 보령시,S120001118,청파초등학교,2,공립,N,,0.0,1.0,14.0,1.0,2.0,13.0,2.0,2.0,10.0,1.0,2.0,11.0,0.0,2.0,19.0,1.0,0.0,16.0,5.0,9.0,83.0
충청남도교육청,충청남도보령교육지원청,충청남도 보령시,S120001120,청파초등학교호도분교장,2,공립,N,,0.0,0.0,0.0,0.0,0.0,1.0,0.0,0.0,0.0,0.0,0.0,1.0,0.0,2.0,3.0,0.0,0.0,0.0,0.0,2.0,5.0
충청남도교육청,충청남도보령교육지원청,충청남도 보령시,S120001122,한내초등학교,2,공립,N,,2.0,2.0,35.0,5.0,4.0,40.0,6.0,3.0,41.0,5.0,4.0,44.0,5.0,2.0,47.0,1.0,2.0,49.0,24.0,17.0,256.0
충청남도교육청,충청남도태안교육지원청,충청남도 태안군,S120001134,고남초등학교,2,공립,N,,1.0,0.0,10.0,0.0,2.0,5.0,1.0,0.0,9.0,1.0,0.0,6.0,0.0,1.0,5.0,0.0,1.0,4.0,3.0,4.0,39.0
충청남도교육청,충청남도태안교육지원청,충청남도 태안군,S120001140,근흥초등학교,2,공립,N,,0.0,0.0,6.0,0.0,1.0,3.0,0.0,0.0,5.0,0.0,4.0,9.0,0.0,0.0,4.0,0.0,0.0,5.0,0.0,5.0,32.0
충청남도교육청,충청남도태안교육지원청,충청남도 태안군,S120001141,남면초등학교,2,공립,N,,0.0,1.0,3.0,0.0,0.0,5.0,1.0,0.0,2.0,1.0,1.0,7.0,0.0,1.0,6.0,0.0,1.0,9.0,2.0,4.0,32.0
충청남도교육청,충청남도태안교육지원청,충청남도 태안군,S120001145,대기초등학교,2,공립,N,,0.0,0.0,8.0,1.0,0.0,12.0,3.0,0.0,13.0,0.0,0.0,18.0,0.0,1.0,10.0,0.0,0.0,7.0,4.0,1.0,68.0
충청남도교육청,충청남도태안교육지원청,충청남도 태안군,S120001146,모항초등학교,2,공립,N,,1.0,0.0,5.0,0.0,0.0,3.0,0.0,1.0,6.0,0.0,0.0,4.0,0.0,0.0,5.0,1.0,0.0,7.0,2.0,1.0,30.0
충청남도교육청,충청남도태안교육지원청,충청남도 태안군,S120001149,방포초등학교,2,공립,N,,0.0,0.0,7.0,0.0,0.0,4.0,0.0,0.0,5.0,0.0,0.0,7.0,0.0,0.0,9.0,0.0,1.0,10.0,0.0,1.0,42.0
충청남도교육청,충청남도태안교육지원청,충청남도 태안군,S120001150,삼성초등학교,2,공립,N,,0.0,1.0,6.0,0.0,1.0,11.0,0.0,0.0,13.0,1.0,0.0,6.0,1.0,0.0,7.0,1.0,0.0,5.0,3.0,2.0,48.0
충청남도교육청,충청남도태안교육지원청,충청남도 태안군,S120001152,소원초등학교,2,공립,N,,0.0,1.0,8.0,0.0,0.0,5.0,0.0,0.0,4.0,0.0,0.0,3.0,0.0,0.0,2.0,0.0,0.0,7.0,0.0,1.0,29.0
충청남도교육청,충청남도태안교육지원청,충청남도 태안군,S120001154,소원초등학교의항분교장,2,공립,N,,0.0,0.0,1.0,0.0,0.0,1.0,0.0,0.0,0.0,0.0,0.0,2.0,0.0,0.0,0.0,0.0,0.0,3.0,0.0,0.0,7.0
충청남도교육청,충청남도태안교육지원청,충청남도 태안군,S120001155,송암초등학교,2,공립,N,,0.0,0.0,11.0,1.0,3.0,9.0,0.0,5.0,15.0,1.0,2.0,7.0,0.0,0.0,12.0,0.0,0.0,11.0,2.0,10.0,65.0
충청남도교육청,충청남도태안교육지원청,충청남도 태안군,S120001156,시목초등학교,2,공립,N,,1.0,0.0,2.0,1.0,0.0,8.0,2.0,1.0,10.0,0.0,0.0,9.0,0.0,0.0,4.0,1.0,0.0,12.0,5.0,1.0,45.0
충청남도교육청,충청남도태안교육지원청,충청남도 태안군,S120001161,안면초등학교,2,공립,N,,1.0,0.0,19.0,2.0,0.0,24.0,1.0,0.0,21.0,1.0,3.0,31.0,0.0,0.0,27.0,2.0,1.0,22.0,7.0,4.0,144.0
충청남도교육청,충청남도태안교육지원청,충청남도 태안군,S120001164,안중초등학교,2,공립,N,,0.0,0.0,2.0,0.0,0.0,3.0,0.0,0.0,7.0,0.0,0.0,3.0,0.0,0.0,0.0,0.0,0.0,3.0,0.0,0.0,18.0
충청남도교육청,충청남도태안교육지원청,충청남도 태안군,S120001169,안흥초등학교,2,공립,N,,0.0,0.0,4.0,0.0,0.0,5.0,1.0,0.0,4.0,0.0,2.0,7.0,0.0,0.0,1.0,0.0,0.0,8.0,1.0,2.0,29.0
충청남도교육청,충청남도태안교육지원청,충청남도 태안군,S120001172,안흥초등학교신진도분교장,2,공립,N,,0.0,0.0,0.0,0.0,0.0,1.0,0.0,0.0,1.0,0.0,0.0,0.0,0.0,0.0,0.0,0.0,0.0,2.0,0.0,0.0,4.0
충청남도교육청,충청남도태안교육지원청,충청남도 태안군,S120001175,원북초등학교,2,공립,N,,0.0,0.0,12.0,0.0,0.0,8.0,0.0,1.0,14.0,2.0,1.0,12.0,2.0,0.0,11.0,1.0,1.0,10.0,5.0,3.0,67.0
충청남도교육청,충청남도태안교육지원청,충청남도 태안군,S120001179,이원초등학교,2,공립,N,,0.0,0.0,3.0,1.0,0.0,3.0,0.0,1.0,6.0,1.0,0.0,2.0,1.0,0.0,6.0,0.0,0.0,6.0,3.0,1.0,26.0
충청남도교육청,충청남도태안교육지원청,충청남도 태안군,S120001180,이원초등학교관동분교장,2,공립,N,,0.0,0.0,3.0,0.0,1.0,1.0,1.0,0.0,3.0,0.0,0.0,1.0,0.0,1.0,2.0,0.0,0.0,0.0,1.0,2.0,10.0
충청남도교육청,충청남도태안교육지원청,충청남도 태안군,S120001185,창기초등학교,2,공립,N,,0.0,0.0,3.0,1.0,0.0,4.0,1.0,2.0,6.0,0.0,3.0,8.0,0.0,0.0,2.0,1.0,2.0,10.0,3.0,7.0,33.0
충청남도교육청,충청남도태안교육지원청,충청남도 태안군,S120001189,태안초등학교,2,공립,N,,1.0,1.0,58.0,5.0,5.0,73.0,4.0,4.0,68.0,1.0,4.0,68.0,4.0,2.0,60.0,2.0,6.0,96.0,17.0,22.0,423.0
충청남도교육청,충청남도태안교육지원청,충청남도 태안군,S120001191,화동초등학교,2,공립,N,,1.0,2.0,55.0,1.0,4.0,44.0,2.0,0.0,43.0,1.0,3.0,47.0,1.0,0.0,29.0,0.0,1.0,16.0,6.0,10.0,234.0
충청남도교육청,충청남도홍성교육지원청,충청남도 홍성군,S120001210,갈산초등학교,2,공립,N,,0.0,0.0,11.0,0.0,0.0,11.0,0.0,0.0,13.0,1.0,1.0,13.0,0.0,0.0,13.0,0.0,0.0,16.0,1.0,1.0,77.0
충청남도교육청,충청남도홍성교육지원청,충청남도 홍성군,S120001212,결성초등학교,2,공립,N,,0.0,0.0,5.0,0.0,1.0,4.0,0.0,0.0,0.0,0.0,1.0,5.0,0.0,0.0,3.0,0.0,0.0,2.0,0.0,2.0,19.0
충청남도교육청,충청남도홍성교육지원청,충청남도 홍성군,S120001214,광천초등학교,2,공립,N,,1.0,1.0,29.0,0.0,3.0,32.0,2.0,2.0,49.0,4.0,1.0,23.0,1.0,1.0,43.0,1.0,2.0,36.0,9.0,10.0,212.0
충청남도교육청,충청남도홍성교육지원청,충청남도 홍성군,S120001218,구항초등학교,2,공립,N,,0.0,1.0,10.0,0.0,0.0,11.0,1.0,0.0,12.0,2.0,0.0,7.0,0.0,1.0,12.0,0.0,0.0,13.0,3.0,2.0,65.0
충청남도교육청,충청남도홍성교육지원청,충청남도 홍성군,S120001219,금당초등학교,2,공립,N,,2.0,2.0,12.0,2.0,1.0,8.0,1.0,4.0,10.0,1.0,2.0,10.0,0.0,0.0,4.0,0.0,0.0,10.0,6.0,9.0,54.0
충청남도교육청,충청남도홍성교육지원청,충청남도 홍성군,S120001220,금마초등학교,2,공립,N,,2.0,2.0,14.0,2.0,0.0,10.0,3.0,0.0,14.0,1.0,0.0,13.0,0.0,0.0,14.0,0.0,0.0,7.0,8.0,2.0,72.0
충청남도교육청,충청남도홍성교육지원청,충청남도 홍성군,S120001221,대정초등학교,2,공립,N,,0.0,2.0,5.0,0.0,0.0,6.0,0.0,2.0,10.0,0.0,1.0,8.0,0.0,0.0,5.0,1.0,1.0,11.0,1.0,6.0,45.0
충청남도교육청,충청남도홍성교육지원청,충청남도 홍성군,S120001226,배양초등학교,2,공립,N,,0.0,1.0,11.0,1.0,0.0,8.0,1.0,0.0,11.0,2.0,0.0,14.0,0.0,0.0,3.0,1.0,0.0,7.0,5.0,1.0,54.0
충청남도교육청,충청남도홍성교육지원청,충청남도 홍성군,S120001229,서부초등학교,2,공립,N,,0.0,0.0,8.0,0.0,1.0,7.0,3.0,0.0,8.0,1.0,1.0,10.0,0.0,1.0,8.0,0.0,2.0,12.0,4.0,5.0,53.0
충청남도교육청,충청남도홍성교육지원청,충청남도 홍성군,S120001231,서해삼육초등학교,2,사립,N,,4.0,0.0,32.0,3.0,3.0,32.0,2.0,1.0,32.0,3.0,4.0,25.0,2.0,4.0,31.0,1.0,0.0,24.0,15.0,12.0,176.0
충청남도교육청,충청남도홍성교육지원청,충청남도 홍성군,S120001232,신당초등학교,2,공립,N,,0.0,0.0,4.0,2.0,1.0,2.0,1.0,0.0,6.0,0.0,0.0,3.0,1.0,2.0,5.0,0.0,0.0,4.0,4.0,3.0,24.0
충청남도교육청,충청남도홍성교육지원청,충청남도 홍성군,S120001235,용봉초등학교,2,공립,N,,3.0,5.0,22.0,2.0,2.0,17.0,2.0,2.0,11.0,2.0,2.0,15.0,0.0,0.0,13.0,0.0,0.0,15.0,9.0,11.0,93.0
충청남도교육청,충청남도홍성교육지원청,충청남도 홍성군,S120001237,은하초등학교,2,공립,N,,0.0,1.0,2.0,0.0,0.0,4.0,0.0,1.0,4.0,1.0,0.0,9.0,1.0,0.0,5.0,0.0,0.0,5.0,2.0,2.0,29.0
충청남도교육청,충청남도홍성교육지원청,충청남도 홍성군,S120001238,장곡초등학교,2,공립,N,,0.0,0.0,6.0,0.0,0.0,6.0,0.0,0.0,8.0,0.0,0.0,9.0,0.0,0.0,6.0,0.0,0.0,9.0,0.0,0.0,44.0
충청남도교육청,충청남도홍성교육지원청,충청남도 홍성군,S120001243,홍남초등학교,2,공립,N,,2.0,6.0,105.0,2.0,5.0,147.0,9.0,5.0,164.0,4.0,3.0,147.0,3.0,3.0,158.0,2.0,2.0,163.0,22.0,24.0,884.0
충청남도교육청,충청남도홍성교육지원청,충청남도 홍성군,S120001244,홍동초등학교,2,공립,N,,3.0,0.0,13.0,1.0,2.0,23.0,1.0,0.0,27.0,2.0,0.0,28.0,2.0,0.0,20.0,1.0,0.0,26.0,10.0,2.0,137.0
충청남도교육청,충청남도홍성교육지원청,충청남도 홍성군,S120001245,홍북초등학교,2,공립,N,,1.0,2.0,27.0,4.0,1.0,12.0,5.0,0.0,16.0,3.0,1.0,12.0,1.0,2.0,14.0,0.0,0.0,7.0,14.0,6.0,88.0
충청남도교육청,충청남도홍성교육지원청,충청남도 홍성군,S120001246,홍성초등학교,2,공립,N,,9.0,5.0,109.0,6.0,5.0,129.0,7.0,5.0,122.0,9.0,0.0,143.0,3.0,6.0,176.0,2.0,3.0,160.0,36.0,24.0,839.0
충청남도교육청,충청남도홍성교육지원청,충청남도 홍성군,S120001247,홍주초등학교,2,공립,N,,2.0,3.0,20.0,2.0,2.0,21.0,1.0,2.0,18.0,2.0,2.0,25.0,0.0,3.0,25.0,3.0,1.0,15.0,10.0,13.0,124.0
충청남도교육청,충청남도천안교육지원청,충청남도 천안시 동남구,S120002455,천안용곡초등학교,2,공립,N,,6.0,1.0,124.0,5.0,5.0,140.0,7.0,5.0,158.0,8.0,3.0,159.0,6.0,5.0,178.0,2.0,4.0,203.0,34.0,23.0,962.0
충청남도교육청,충청남도천안교육지원청,충청남도 천안시 서북구,S120002456,천안백석초등학교,2,공립,N,,10.0,5.0,135.0,5.0,8.0,136.0,10.0,6.0,192.0,10.0,11.0,183.0,7.0,15.0,190.0,7.0,6.0,171.0,49.0,51.0,1007.0
충청남도교육청,충청남도천안교육지원청,충청남도 천안시 서북구,S120002457,천안오성초등학교,2,공립,N,,3.0,0.0,143.0,0.0,5.0,166.0,0.0,7.0,186.0,3.0,3.0,212.0,3.0,0.0,204.0,3.0,0.0,184.0,12.0,15.0,1095.0
충청남도교육청,충청남도보령교육지원청,충청남도 보령시,S120002458,대천동대초등학교,2,공립,N,,3.0,8.0,160.0,7.0,5.0,166.0,13.0,10.0,182.0,7.0,11.0,187.0,3.0,11.0,192.0,4.0,1.0,185.0,37.0,46.0,1072.0
충청남도교육청,충청남도아산교육지원청,충청남도 아산시,S120002467,온양권곡초등학교,2,공립,N,,3.0,5.0,58.0,5.0,5.0,103.0,2.0,12.0,111.0,4.0,8.0,87.0,2.0,6.0,119.0,5.0,6.0,107.0,21.0,42.0,585.0
충청남도교육청,충청남도천안교육지원청,충청남도 천안시 서북구,S120002502,천안불당초등학교,2,공립,N,,9.0,7.0,203.0,11.0,6.0,202.0,16.0,9.0,256.0,12.0,13.0,248.0,15.0,13.0,254.0,17.0,10.0,257.0,80.0,58.0,1420.0
충청남도교육청,충청남도천안교육지원청,충청남도 천안시 서북구,S120002503,천안서당초등학교,2,공립,N,,5.0,2.0,143.0,10.0,5.0,166.0,15.0,9.0,164.0,10.0,12.0,157.0,11.0,7.0,187.0,9.0,2.0,167.0,60.0,37.0,984.0
충청남도교육청,충청남도천안교육지원청,충청남도 천안시 서북구,S120002504,천안두정초등학교,2,공립,N,,7.0,2.0,116.0,10.0,5.0,141.0,13.0,10.0,168.0,3.0,10.0,132.0,9.0,11.0,140.0,5.0,4.0,160.0,47.0,42.0,857.0
충청남도교육청,충청남도천안교육지원청,충청남도 천안시 서북구,S120002505,천안신대초등학교,2,공립,N,,4.0,2.0,79.0,4.0,6.0,107.0,8.0,10.0,128.0,4.0,7.0,103.0,14.0,10.0,128.0,6.0,2.0,139.0,40.0,37.0,684.0
충청남도교육청,충청남도천안교육지원청,충청남도 천안시 서북구,S120002506,천안수곡초등학교,2,공립,N,,6.0,6.0,105.0,7.0,3.0,116.0,3.0,2.0,123.0,4.0,8.0,133.0,5.0,6.0,125.0,3.0,6.0,128.0,28.0,31.0,730.0
충청남도교육청,충청남도천안교육지원청,충청남도 천안시 서북구,S120002507,소망초등학교,2,공립,N,,4.0,1.0,88.0,3.0,4.0,78.0,4.0,8.0,106.0,3.0,7.0,132.0,3.0,4.0,100.0,3.0,4.0,102.0,20.0,28.0,606.0
충청남도교육청,충청남도서산교육지원청,충청남도 서산시,S120002518,서산석림초등학교,2,공립,N,,4.0,8.0,84.0,13.0,7.0,93.0,3.0,9.0,95.0,4.0,8.0,124.0,7.0,6.0,118.0,8.0,9.0,116.0,39.0,47.0,630.0
충청남도교육청,충청남도서산교육지원청,충청남도 서산시,S120002519,서산대진초등학교,2,공립,N,,0.0,2.0,7.0,0.0,3.0,7.0,3.0,4.0,11.0,0.0,0.0,5.0,1.0,2.0,9.0,0.0,2.0,2.0,4.0,13.0,41.0
충청남도교육청,충청남도논산계룡교육지원청,충청남도 논산시,S120002520,논산내동초등학교,2,공립,N,,5.0,4.0,195.0,6.0,8.0,184.0,9.0,4.0,189.0,9.0,5.0,204.0,6.0,6.0,183.0,1.0,7.0,167.0,36.0,34.0,1122.0
충청남도교육청,충청남도보령교육지원청,충청남도 보령시,S120002522,명천초등학교,2,공립,N,,8.0,1.0,134.0,8.0,9.0,139.0,4.0,8.0,143.0,8.0,8.0,132.0,10.0,6.0,125.0,5.0,2.0,113.0,43.0,34.0,786.0
충청남도교육청,충청남도논산계룡교육지원청,충청남도 계룡시,S120002529,신도초등학교,2,공립,N,,2.0,3.0,65.0,11.0,7.0,71.0,6.0,1.0,69.0,3.0,3.0,66.0,2.0,3.0,70.0,4.0,2.0,50.0,28.0,19.0,391.0
충청남도교육청,충청남도아산교육지원청,충청남도 아산시,S120002535,온양신정초등학교,2,공립,N,,0.0,3.0,46.0,3.0,4.0,57.0,1.0,3.0,48.0,3.0,3.0,55.0,3.0,1.0,66.0,1.0,1.0,61.0,11.0,15.0,333.0
충청남도교육청,충청남도당진교육지원청,충청남도 당진시,S120002536,원당초등학교,2,공립,N,,5.0,7.0,165.0,6.0,18.0,210.0,11.0,23.0,221.0,7.0,22.0,225.0,11.0,13.0,249.0,6.0,16.0,217.0,46.0,99.0,1287.0
충청남도교육청,충청남도태안교육지원청,충청남도 태안군,S120002537,백화초등학교,2,공립,N,,2.0,2.0,96.0,8.0,9.0,118.0,8.0,12.0,142.0,8.0,7.0,140.0,6.0,5.0,119.0,3.0,7.0,140.0,35.0,42.0,755.0
충청남도교육청,충청남도천안교육지원청,충청남도 천안시 동남구,S120002542,천안삼거리초등학교,2,공립,N,,1.0,4.0,80.0,7.0,2.0,82.0,5.0,9.0,110.0,4.0,3.0,97.0,2.0,4.0,134.0,5.0,5.0,109.0,24.0,27.0,612.0
충청남도교육청,충청남도논산계룡교육지원청,충청남도 계룡시,S120002544,금암초등학교,2,공립,N,,13.0,3.0,80.0,10.0,16.0,86.0,12.0,7.0,107.0,6.0,5.0,89.0,7.0,10.0,89.0,2.0,6.0,102.0,50.0,47.0,553.0
충청남도교육청,충청남도천안교육지원청,충청남도 천안시 동남구,S120002549,천안용소초등학교,2,공립,N,,2.0,2.0,104.0,7.0,7.0,138.0,3.0,9.0,177.0,3.0,10.0,180.0,4.0,7.0,186.0,2.0,6.0,201.0,21.0,41.0,986.0
충청남도교육청,충청남도천안교육지원청,충청남도 천안시 동남구,S120002550,천안청룡초등학교,2,공립,N,,3.0,3.0,122.0,6.0,6.0,119.0,7.0,8.0,134.0,5.0,7.0,153.0,2.0,6.0,129.0,6.0,7.0,121.0,29.0,37.0,778.0
충청남도교육청,충청남도아산교육지원청,충청남도 아산시,S120002551,아산북수초등학교,2,공립,N,,9.0,5.0,180.0,11.0,16.0,204.0,21.0,17.0,221.0,19.0,11.0,227.0,21.0,9.0,204.0,11.0,16.0,216.0,92.0,74.0,1252.0
충청남도교육청,충청남도아산교육지원청,충청남도 아산시,S120002557,모산초등학교,2,공립,N,,12.0,10.0,173.0,9.0,4.0,178.0,15.0,9.0,237.0,15.0,7.0,225.0,13.0,12.0,213.0,6.0,6.0,229.0,70.0,48.0,1255.0
충청남도교육청,충청남도아산교육지원청,충청남도 아산시,S120002558,아산남성초등학교,2,공립,N,,4.0,6.0,143.0,6.0,13.0,132.0,6.0,9.0,165.0,4.0,13.0,161.0,3.0,13.0,185.0,3.0,4.0,142.0,26.0,58.0,928.0
충청남도교육청,충청남도천안교육지원청,충청남도 천안시 서북구,S120002562,천안와촌초등학교,2,공립,N,,5.0,0.0,31.0,6.0,1.0,26.0,4.0,0.0,33.0,11.0,1.0,38.0,10.0,0.0,29.0,7.0,1.0,30.0,43.0,3.0,187.0
충청남도교육청,충청남도보령교육지원청,충청남도 보령시,S120002594,미산초등학교,2,공립,N,,1.0,0.0,3.0,0.0,1.0,3.0,1.0,0.0,2.0,0.0,1.0,17.0,0.0,0.0,6.0,0.0,1.0,12.0,2.0,3.0,43.0
충청남도교육청,충청남도천안교육지원청,충청남도 천안시 서북구,S120002599,천안쌍정초등학교,2,공립,N,,5.0,3.0,112.0,7.0,3.0,112.0,5.0,6.0,110.0,5.0,5.0,85.0,6.0,7.0,101.0,4.0,1.0,108.0,32.0,25.0,628.0
충청남도교육청,충청남도천안교육지원청,충청남도 천안시 동남구,S120002618,신흥초등학교,2,공립,N,,1.0,4.0,75.0,5.0,2.0,70.0,2.0,3.0,74.0,6.0,3.0,85.0,5.0,6.0,73.0,1.0,3.0,87.0,20.0,21.0,464.0
충청남도교육청,충청남도천안교육지원청,충청남도 천안시 동남구,S120002621,천안청당초등학교,2,공립,N,,11.0,6.0,220.0,7.0,14.0,201.0,4.0,9.0,175.0,7.0,4.0,171.0,3.0,8.0,153.0,2.0,4.0,142.0,34.0,45.0,1062.0
충청남도교육청,충청남도아산교육지원청,충청남도 아산시,S120002625,온양풍기초등학교,2,공립,N,,4.0,6.0,213.0,7.0,15.0,213.0,12.0,14.0,225.0,6.0,12.0,235.0,5.0,11.0,229.0,5.0,9.0,221.0,39.0,67.0,1336.0
충청남도교육청,충청남도서산교육지원청,충청남도 서산시,S120002661,서산예천초등학교,2,공립,N,,9.0,4.0,118.0,30.0,4.0,109.0,52.0,3.0,143.0,44.0,2.0,120.0,42.0,4.0,135.0,34.0,2.0,144.0,211.0,19.0,769.0
충청남도교육청,충청남도아산교육지원청,충청남도 아산시,S120002663,연화초등학교,2,공립,N,,9.0,8.0,120.0,11.0,11.0,143.0,16.0,8.0,157.0,28.0,3.0,138.0,10.0,8.0,170.0,16.0,7.0,152.0,90.0,45.0,880.0
충청남도교육청,충청남도서산교육지원청,충청남도 서산시,S120002666,서산동문초등학교,2,공립,N,,7.0,4.0,154.0,3.0,7.0,124.0,4.0,5.0,149.0,9.0,10.0,151.0,7.0,10.0,159.0,7.0,6.0,159.0,37.0,42.0,896.0
충청남도교육청,충청남도아산교육지원청,충청남도 아산시,S120002669,충무초등학교,2,공립,N,,2.0,3.0,81.0,12.0,5.0,79.0,6.0,4.0,81.0,10.0,4.0,112.0,6.0,9.0,111.0,2.0,3.0,101.0,38.0,28.0,565.0
충청남도교육청,충청남도천안교육지원청,충청남도 천안시 동남구,S120002672,천안새샘초등학교,2,공립,N,,0.0,0.0,208.0,4.0,3.0,252.0,0.0,6.0,233.0,3.0,8.0,253.0,2.0,9.0,227.0,0.0,1.0,225.0,9.0,27.0,1398.0
충청남도교육청,충청남도천안교육지원청,충청남도 천안시 동남구,S120002675,천안가온초등학교,2,공립,N,,10.0,7.0,187.0,9.0,15.0,185.0,11.0,9.0,209.0,13.0,14.0,214.0,8.0,5.0,215.0,10.0,6.0,201.0,61.0,56.0,1211.0
충청남도교육청,충청남도천안교육지원청,충청남도 천안시 서북구,S120002713,천안차암초등학교,2,공립,N,,9.0,12.0,315.0,9.0,17.0,245.0,9.0,26.0,262.0,8.0,12.0,229.0,7.0,16.0,154.0,2.0,8.0,115.0,44.0,91.0,1320.0
충청남도교육청,충청남도홍성교육지원청,충청남도 홍성군,S120002734,내포초등학교,2,공립,N,,11.0,6.0,206.0,16.0,9.0,196.0,13.0,17.0,248.0,17.0,10.0,233.0,14.0,13.0,218.0,6.0,9.0,249.0,77.0,64.0,1350.0
충청남도교육청,충청남도아산교육지원청,충청남도 아산시,S120002829,아산용연초등학교,2,공립,N,,3.0,3.0,123.0,7.0,11.0,115.0,10.0,12.0,140.0,5.0,12.0,109.0,5.0,6.0,123.0,7.0,1.0,113.0,37.0,45.0,723.0
충청남도교육청,충청남도아산교육지원청,충청남도 아산시,S120002863,탕정미래초등학교,2,공립,N,,4.0,6.0,151.0,6.0,8.0,124.0,9.0,9.0,183.0,8.0,6.0,142.0,12.0,6.0,164.0,6.0,2.0,135.0,45.0,37.0,899.0
충청남도교육청,충청남도천안교육지원청,충청남도 천안시 서북구,S120002867,천안불무초등학교,2,공립,N,,16.0,15.0,377.0,11.0,11.0,348.0,22.0,32.0,389.0,15.0,13.0,308.0,9.0,12.0,260.0,14.0,7.0,252.0,87.0,90.0,1934.0
충청남도교육청,충청남도천안교육지원청,충청남도 천안시 서북구,S120002873,천안한들초등학교,2,공립,N,,0.0,0.0,136.0,0.0,0.0,107.0,0.0,0.0,150.0,0.0,0.0,112.0,0.0,0.0,138.0,0.0,4.0,98.0,0.0,4.0,741.0
충청남도교육청,충청남도아산교육지원청,충청남도 아산시,S120002880,아산초등학교,2,공립,N,,2.0,7.0,159.0,5.0,7.0,164.0,8.0,8.0,211.0,3.0,11.0,190.0,5.0,10.0,158.0,4.0,3.0,143.0,27.0,46.0,1025.0
충청남도교육청,충청남도천안교육지원청,충청남도 천안시 서북구,S120002890,천안아름초등학교,2,공립,N,,11.0,9.0,410.0,33.0,24.0,423.0,21.0,20.0,412.0,18.0,24.0,405.0,20.0,20.0,354.0,5.0,11.0,276.0,108.0,108.0,2280.0
충청남도교육청,충청남도홍성교육지원청,충청남도 홍성군,S120002897,한울초등학교,2,공립,N,,6.0,12.0,181.0,2.0,14.0,188.0,12.0,9.0,177.0,11.0,13.0,175.0,6.0,5.0,179.0,5.0,9.0,147.0,42.0,62.0,1047.0
충청남도교육청,충청남도아산교육지원청,충청남도 아산시,S120002907,아산공수초등학교,2,공립,N,,29.0,5.0,146.0,33.0,2.0,101.0,42.0,6.0,129.0,30.0,2.0,54.0,20.0,2.0,72.0,11.0,1.0,44.0,165.0,18.0,546.0
충청남도교육청,충청남도천안교육지원청,충청남도 천안시 동남구,S120002912,천안희망초등학교,2,공립,N,,2.0,1.0,117.0,6.0,6.0,113.0,4.0,8.0,97.0,4.0,4.0,78.0,7.0,2.0,58.0,1.0,3.0,43.0,24.0,24.0,506.0
충청남도교육청,충청남도서산교육지원청,충청남도 서산시,S120002915,서산서남초등학교,2,공립,N,,5.0,10.0,190.0,8.0,11.0,179.0,6.0,10.0,168.0,10.0,11.0,158.0,5.0,5.0,129.0,6.0,4.0,119.0,40.0,51.0,943.0
충청남도교육청,충청남도천안교육지원청,충청남도 천안시 서북구,S120002916,천안성성초등학교,2,공립,N,,4.0,7.0,379.0,17.0,13.0,297.0,22.0,14.0,297.0,18.0,16.0,223.0,18.0,6.0,199.0,8.0,4.0,146.0,87.0,60.0,1541.0
충청남도교육청,충청남도천안교육지원청,충청남도 천안시 서북구,S120002922,천안호수초등학교,2,공립,N,,17.0,9.0,101.0,16.0,4.0,81.0,12.0,6.0,71.0,7.0,3.0,59.0,8.0,5.0,47.0,9.0,2.0,28.0,69.0,29.0,387.0
충청남도교육청,충청남도당진교육지원청,충청남도 당진시,S120002924,대덕초등학교,2,공립,N,,18.0,5.0,158.0,105.0,1.0,88.0,93.0,1.0,80.0,88.0,3.0,74.0,47.0,1.0,42.0,39.0,2.0,35.0,390.0,13.0,477.0
충청남도교육청,충청남도아산교육지원청,충청남도 아산시,S120002938,한들물빛초등학교,2,공립,N,,0.0,0.0,0.0,0.0,0.0,0.0,0.0,0.0,0.0,0.0,0.0,0.0,0.0,0.0,0.0,0.0,0.0,0.0,0.0,0.0,0.0
전라북도교육청,전라북도군산교육지원청,전라북도 군산시,S000003522,전주교육대학교군산부설초등학교,2,국립,N,,2.0,2.0,73.0,0.0,1.0,72.0,6.0,4.0,73.0,1.0,1.0,72.0,0.0,1.0,73.0,0.0,2.0,69.0,9.0,11.0,432.0
전라북도교육청,전라북도전주교육지원청,전라북도 전주시 완산구,S000003525,전주교육대학교전주부설초등학교,2,국립,N,,1.0,0.0,72.0,0.0,0.0,72.0,1.0,0.0,72.0,0.0,1.0,73.0,0.0,0.0,74.0,0.0,0.0,71.0,2.0,1.0,434.0
전라북도교육청,전라북도고창교육지원청,전라북도 고창군,S130000480,가평초등학교,2,공립,N,,0.0,1.0,8.0,0.0,6.0,5.0,1.0,5.0,8.0,3.0,5.0,11.0,0.0,2.0,10.0,0.0,0.0,12.0,4.0,19.0,54.0
전라북도교육청,전라북도고창교육지원청,전라북도 고창군,S130000481,고수초등학교,2,공립,N,,0.0,1.0,11.0,2.0,0.0,5.0,0.0,1.0,3.0,2.0,1.0,7.0,1.0,1.0,9.0,0.0,1.0,4.0,5.0,5.0,39.0
전라북도교육청,전라북도고창교육지원청,전라북도 고창군,S130000482,고창남초등학교,2,공립,N,,1.0,4.0,50.0,3.0,3.0,53.0,4.0,0.0,36.0,1.0,3.0,62.0,2.0,0.0,35.0,3.0,0.0,53.0,14.0,10.0,289.0
전라북도교육청,전라북도고창교육지원청,전라북도 고창군,S130000484,고창초등학교,2,공립,N,,3.0,1.0,138.0,7.0,7.0,140.0,3.0,6.0,167.0,6.0,9.0,177.0,5.0,8.0,164.0,5.0,4.0,168.0,29.0,35.0,954.0
전라북도교육청,전라북도고창교육지원청,전라북도 고창군,S130000485,공음초등학교,2,공립,N,,0.0,0.0,3.0,0.0,1.0,5.0,0.0,2.0,10.0,0.0,0.0,4.0,0.0,1.0,12.0,0.0,3.0,12.0,0.0,7.0,46.0
전라북도교육청,전라북도고창교육지원청,전라북도 고창군,S130000486,대산초등학교,2,공립,N,,0.0,0.0,2.0,0.0,0.0,4.0,0.0,0.0,3.0,0.0,1.0,5.0,0.0,0.0,4.0,0.0,0.0,0.0,0.0,1.0,18.0
전라북도교육청,전라북도고창교육지원청,전라북도 고창군,S130000487,대아초등학교,2,공립,N,,0.0,0.0,9.0,0.0,0.0,4.0,0.0,0.0,10.0,0.0,1.0,6.0,0.0,0.0,9.0,0.0,0.0,12.0,0.0,1.0,50.0
전라북도교육청,전라북도고창교육지원청,전라북도 고창군,S130000489,동호초등학교,2,공립,N,,0.0,0.0,5.0,1.0,1.0,5.0,0.0,0.0,1.0,0.0,0.0,2.0,1.0,1.0,3.0,1.0,1.0,3.0,3.0,3.0,19.0
전라북도교육청,전라북도고창교육지원청,전라북도 고창군,S130000490,매산초등학교,2,공립,N,,0.0,0.0,12.0,1.0,0.0,3.0,0.0,0.0,7.0,0.0,0.0,10.0,0.0,1.0,9.0,0.0,0.0,10.0,1.0,1.0,51.0
전라북도교육청,전라북도고창교육지원청,전라북도 고창군,S130000491,무장초등학교,2,공립,N,,1.0,1.0,11.0,0.0,0.0,8.0,1.0,0.0,6.0,0.0,2.0,14.0,2.0,4.0,17.0,4.0,2.0,10.0,8.0,9.0,66.0
전라북도교육청,전라북도고창교육지원청,전라북도 고창군,S130000492,봉암초등학교,2,공립,N,,0.0,0.0,4.0,0.0,0.0,1.0,0.0,0.0,3.0,0.0,0.0,7.0,0.0,0.0,9.0,0.0,0.0,3.0,0.0,0.0,27.0
전라북도교육청,전라북도고창교육지원청,전라북도 고창군,S130000493,부안초등학교,2,공립,N,,0.0,0.0,1.0,0.0,0.0,4.0,0.0,0.0,8.0,0.0,0.0,6.0,0.0,0.0,5.0,0.0,0.0,5.0,0.0,0.0,29.0
전라북도교육청,전라북도고창교육지원청,전라북도 고창군,S130000495,상하초등학교,2,공립,N,,0.0,0.0,9.0,1.0,0.0,2.0,1.0,0.0,11.0,0.0,0.0,3.0,0.0,0.0,11.0,0.0,0.0,9.0,2.0,0.0,45.0
전라북도교육청,전라북도고창교육지원청,전라북도 고창군,S130000498,선동초등학교,2,공립,N,,0.0,0.0,3.0,0.0,0.0,0.0,0.0,1.0,3.0,0.0,0.0,3.0,0.0,2.0,4.0,0.0,0.0,8.0,0.0,3.0,21.0
전라북도교육청,전라북도고창교육지원청,전라북도 고창군,S130000500,성내초등학교,2,공립,N,,0.0,1.0,4.0,0.0,0.0,7.0,0.0,0.0,2.0,0.0,0.0,3.0,0.0,0.0,6.0,0.0,0.0,4.0,0.0,1.0,26.0
전라북도교육청,전라북도고창교육지원청,전라북도 고창군,S130000501,성송초등학교,2,공립,N,,0.0,1.0,6.0,0.0,3.0,6.0,0.0,2.0,5.0,0.0,1.0,3.0,0.0,0.0,3.0,0.0,1.0,3.0,0.0,8.0,26.0
전라북도교육청,전라북도고창교육지원청,전라북도 고창군,S130000502,신림초등학교,2,공립,N,,0.0,0.0,9.0,1.0,0.0,9.0,1.0,0.0,3.0,0.0,0.0,6.0,0.0,0.0,9.0,0.0,0.0,4.0,2.0,0.0,40.0
전라북도교육청,전라북도고창교육지원청,전라북도 고창군,S130000504,심원초등학교,2,공립,N,,0.0,0.0,7.0,0.0,0.0,4.0,0.0,0.0,12.0,0.0,0.0,11.0,0.0,0.0,8.0,0.0,0.0,15.0,0.0,0.0,57.0
전라북도교육청,전라북도고창교육지원청,전라북도 고창군,S130000505,아산초등학교,2,공립,N,,0.0,0.0,4.0,1.0,1.0,4.0,0.0,1.0,10.0,0.0,0.0,7.0,0.0,1.0,7.0,0.0,0.0,5.0,1.0,3.0,37.0
전라북도교육청,전라북도고창교육지원청,전라북도 고창군,S130000510,해리초등학교,2,공립,N,,0.0,0.0,6.0,0.0,0.0,3.0,2.0,0.0,8.0,0.0,0.0,7.0,1.0,0.0,4.0,0.0,0.0,7.0,3.0,0.0,35.0
전라북도교육청,전라북도고창교육지원청,전라북도 고창군,S130000512,흥덕초등학교,2,공립,N,,4.0,1.0,9.0,2.0,2.0,9.0,3.0,1.0,14.0,3.0,0.0,15.0,3.0,0.0,12.0,0.0,0.0,13.0,15.0,4.0,72.0
전라북도교육청,전라북도군산교육지원청,전라북도 군산시,S130000570,개야도초등학교,2,공립,N,,0.0,0.0,0.0,0.0,0.0,1.0,0.0,0.0,1.0,0.0,0.0,0.0,0.0,0.0,0.0,0.0,0.0,0.0,0.0,0.0,2.0
전라북도교육청,전라북도군산교육지원청,전라북도 군산시,S130000571,개정초등학교,2,공립,N,,1.0,1.0,18.0,1.0,0.0,20.0,0.0,0.0,6.0,0.0,0.0,7.0,2.0,0.0,5.0,1.0,0.0,12.0,5.0,1.0,68.0
전라북도교육청,전라북도군산교육지원청,전라북도 군산시,S130000574,군산경포초등학교,2,공립,N,,3.0,8.0,198.0,6.0,8.0,161.0,11.0,19.0,195.0,3.0,4.0,152.0,8.0,11.0,142.0,6.0,4.0,141.0,37.0,54.0,989.0
전라북도교육청,전라북도군산교육지원청,전라북도 군산시,S130000575,군산구암초등학교,2,공립,N,,2.0,1.0,58.0,5.0,6.0,51.0,2.0,1.0,54.0,6.0,3.0,59.0,4.0,2.0,65.0,1.0,1.0,63.0,20.0,14.0,350.0
전라북도교육청,전라북도군산교육지원청,전라북도 군산시,S130000576,군산금광초등학교,2,공립,N,,1.0,1.0,13.0,0.0,2.0,14.0,1.0,4.0,17.0,2.0,3.0,34.0,1.0,1.0,17.0,0.0,0.0,23.0,5.0,11.0,118.0
전라북도교육청,전라북도군산교육지원청,전라북도 군산시,S130000577,군산나운초등학교,2,공립,N,,5.0,2.0,40.0,3.0,0.0,31.0,0.0,4.0,54.0,7.0,7.0,50.0,5.0,4.0,61.0,1.0,1.0,48.0,21.0,18.0,284.0
전라북도교육청,전라북도군산교육지원청,전라북도 군산시,S130000578,군산남초등학교,2,공립,N,,1.0,0.0,13.0,2.0,3.0,17.0,0.0,1.0,20.0,1.0,1.0,29.0,1.0,3.0,19.0,0.0,1.0,32.0,5.0,9.0,130.0
전라북도교육청,전라북도군산교육지원청,전라북도 군산시,S130000579,군산내흥초등학교,2,공립,N,,0.0,0.0,11.0,2.0,0.0,10.0,4.0,0.0,4.0,3.0,0.0,10.0,2.0,0.0,3.0,0.0,0.0,6.0,11.0,0.0,44.0
전라북도교육청,전라북도군산교육지원청,전라북도 군산시,S130000580,군산동초등학교,2,공립,N,,5.0,3.0,94.0,2.0,4.0,111.0,11.0,4.0,102.0,5.0,5.0,95.0,3.0,3.0,79.0,2.0,2.0,96.0,28.0,21.0,577.0
전라북도교육청,전라북도군산교육지원청,전라북도 군산시,S130000581,군산문화초등학교,2,공립,N,,1.0,1.0,36.0,7.0,6.0,39.0,1.0,2.0,30.0,0.0,1.0,44.0,2.0,0.0,38.0,0.0,2.0,46.0,11.0,12.0,233.0
전라북도교육청,전라북도군산교육지원청,전라북도 군산시,S130000582,군산산북초등학교,2,공립,N,,4.0,6.0,74.0,5.0,6.0,82.0,4.0,8.0,87.0,5.0,8.0,80.0,4.0,6.0,105.0,4.0,4.0,100.0,26.0,38.0,528.0
전라북도교육청,전라북도군산교육지원청,전라북도 군산시,S130000583,군산서초등학교,2,공립,N,,0.0,0.0,23.0,1.0,2.0,22.0,2.0,3.0,24.0,2.0,3.0,22.0,3.0,2.0,27.0,5.0,2.0,20.0,13.0,12.0,138.0
전라북도교육청,전라북도군산교육지원청,전라북도 군산시,S130000584,군산서해초등학교,2,공립,N,,2.0,9.0,129.0,6.0,7.0,129.0,5.0,12.0,156.0,5.0,11.0,154.0,7.0,9.0,149.0,1.0,3.0,147.0,26.0,51.0,864.0
전라북도교육청,전라북도군산교육지원청,전라북도 군산시,S130000585,소룡초등학교,2,공립,N,,5.0,5.0,85.0,1.0,4.0,84.0,3.0,13.0,104.0,4.0,4.0,119.0,6.0,7.0,139.0,1.0,6.0,105.0,20.0,39.0,636.0
전라북도교육청,전라북도군산교육지원청,전라북도 군산시,S130000586,군산수송초등학교,2,공립,N,,0.0,1.0,63.0,0.0,0.0,69.0,3.0,0.0,85.0,0.0,1.0,74.0,4.0,0.0,77.0,2.0,0.0,79.0,9.0,2.0,447.0
전라북도교육청,전라북도군산교육지원청,전라북도 군산시,S130000587,군산신흥초등학교,2,공립,N,,6.0,5.0,78.0,3.0,3.0,78.0,6.0,5.0,86.0,7.0,11.0,93.0,5.0,4.0,75.0,2.0,6.0,94.0,29.0,34.0,504.0
전라북도교육청,전라북도군산교육지원청,전라북도 군산시,S130000588,군산용문초등학교,2,공립,N,,2.0,2.0,106.0,7.0,14.0,124.0,3.0,11.0,138.0,3.0,9.0,151.0,5.0,6.0,162.0,0.0,3.0,152.0,20.0,45.0,833.0
전라북도교육청,전라북도군산교육지원청,전라북도 군산시,S130000589,군산월명초등학교,2,공립,N,,7.0,2.0,143.0,5.0,7.0,138.0,13.0,6.0,106.0,8.0,4.0,79.0,4.0,0.0,74.0,4.0,2.0,66.0,41.0,21.0,606.0
전라북도교육청,전라북도군산교육지원청,전라북도 군산시,S130000590,군산중앙초등학교,2,공립,N,,0.0,1.0,37.0,3.0,4.0,45.0,1.0,2.0,22.0,3.0,7.0,38.0,2.0,3.0,35.0,0.0,3.0,32.0,9.0,20.0,209.0
전라북도교육청,전라북도군산교육지원청,전라북도 군산시,S130000591,군산지곡초등학교,2,공립,N,,2.0,3.0,33.0,2.0,4.0,53.0,3.0,2.0,43.0,5.0,1.0,64.0,2.0,4.0,67.0,1.0,1.0,63.0,15.0,15.0,323.0
전라북도교육청,전라북도군산교육지원청,전라북도 군산시,S130000592,군산초등학교,2,공립,N,,1.0,3.0,152.0,0.0,14.0,145.0,4.0,0.0,162.0,7.0,2.0,123.0,1.0,2.0,107.0,2.0,0.0,105.0,15.0,21.0,794.0
전라북도교육청,전라북도군산교육지원청,전라북도 군산시,S130000593,군산풍문초등학교,2,공립,N,,0.0,4.0,62.0,0.0,4.0,46.0,2.0,2.0,53.0,3.0,5.0,39.0,0.0,2.0,46.0,1.0,2.0,43.0,6.0,19.0,289.0
전라북도교육청,전라북도군산교육지원청,전라북도 군산시,S130000594,해성초등학교,2,공립,N,,1.0,0.0,9.0,1.0,0.0,0.0,2.0,0.0,5.0,0.0,0.0,4.0,0.0,2.0,3.0,0.0,1.0,5.0,4.0,3.0,26.0
전라북도교육청,전라북도군산교육지원청,전라북도 군산시,S130000595,군산흥남초등학교,2,공립,N,,1.0,0.0,27.0,5.0,1.0,44.0,4.0,2.0,39.0,1.0,2.0,36.0,2.0,0.0,30.0,1.0,1.0,28.0,14.0,6.0,204.0
전라북도교육청,전라북도군산교육지원청,전라북도 군산시,S130000596,금암초등학교,2,공립,N,,0.0,0.0,4.0,0.0,0.0,0.0,0.0,0.0,5.0,0.0,0.0,0.0,0.0,0.0,1.0,0.0,0.0,4.0,0.0,0.0,14.0
전라북도교육청,전라북도군산교육지원청,전라북도 군산시,S130000598,나포초등학교,2,공립,N,,0.0,1.0,10.0,0.0,0.0,4.0,0.0,0.0,4.0,0.0,0.0,8.0,0.0,0.0,7.0,0.0,0.0,7.0,0.0,1.0,40.0
전라북도교육청,전라북도군산교육지원청,전라북도 군산시,S130000599,당북초등학교,2,공립,N,,1.0,0.0,58.0,2.0,1.0,78.0,2.0,1.0,61.0,1.0,1.0,67.0,0.0,2.0,61.0,1.0,0.0,31.0,7.0,5.0,356.0
전라북도교육청,전라북도군산교육지원청,전라북도 군산시,S130000600,대야남초등학교,2,공립,N,,1.0,0.0,9.0,0.0,0.0,7.0,0.0,0.0,7.0,0.0,1.0,7.0,0.0,2.0,8.0,0.0,0.0,9.0,1.0,3.0,47.0
전라북도교육청,전라북도군산교육지원청,전라북도 군산시,S130000601,대야초등학교,2,공립,N,,3.0,1.0,16.0,3.0,0.0,19.0,1.0,3.0,19.0,2.0,2.0,23.0,1.0,3.0,20.0,2.0,3.0,24.0,12.0,12.0,121.0
전라북도교육청,전라북도군산교육지원청,전라북도 군산시,S130000602,대야초등학교광산분교장,2,공립,N,,0.0,1.0,1.0,0.0,1.0,1.0,0.0,0.0,2.0,0.0,1.0,1.0,0.0,1.0,2.0,0.0,0.0,1.0,0.0,4.0,8.0
전라북도교육청,전라북도군산교육지원청,전라북도 군산시,S130000603,마룡초등학교,2,공립,N,,0.0,0.0,2.0,0.0,0.0,3.0,1.0,0.0,4.0,0.0,0.0,1.0,0.0,0.0,2.0,0.0,0.0,3.0,1.0,0.0,15.0
전라북도교육청,전라북도군산교육지원청,전라북도 군산시,S130000604,무녀도초등학교,2,공립,N,,0.0,0.0,2.0,0.0,1.0,2.0,1.0,0.0,1.0,0.0,0.0,1.0,0.0,0.0,3.0,0.0,0.0,1.0,1.0,1.0,10.0
전라북도교육청,전라북도군산교육지원청,전라북도 군산시,S130000605,문창초등학교,2,공립,N,,0.0,0.0,6.0,0.0,1.0,16.0,0.0,2.0,17.0,1.0,1.0,22.0,0.0,0.0,16.0,0.0,0.0,11.0,1.0,4.0,88.0
전라북도교육청,전라북도군산교육지원청,전라북도 군산시,S130000606,미룡초등학교,2,공립,N,,0.0,0.0,15.0,0.0,0.0,14.0,0.0,0.0,25.0,1.0,0.0,17.0,1.0,0.0,19.0,0.0,0.0,26.0,2.0,0.0,116.0
전라북도교육청,전라북도군산교육지원청,전라북도 군산시,S130000607,발산초등학교,2,공립,N,,0.0,0.0,7.0,0.0,1.0,5.0,0.0,0.0,5.0,0.0,1.0,2.0,1.0,0.0,7.0,0.0,0.0,7.0,1.0,2.0,33.0
전라북도교육청,전라북도군산교육지원청,전라북도 군산시,S130000610,서수초등학교,2,공립,N,,0.0,1.0,5.0,0.0,1.0,4.0,0.0,1.0,4.0,0.0,2.0,1.0,0.0,0.0,2.0,0.0,0.0,2.0,0.0,5.0,18.0
전라북도교육청,전라북도군산교육지원청,전라북도 군산시,S130000612,선유도초등학교,2,공립,N,,0.0,0.0,1.0,0.0,0.0,0.0,0.0,0.0,2.0,0.0,1.0,1.0,0.0,0.0,0.0,0.0,0.0,0.0,0.0,1.0,4.0
전라북도교육청,전라북도군산교육지원청,전라북도 군산시,S130000613,성산초등학교,2,공립,N,,0.0,2.0,15.0,0.0,0.0,9.0,2.0,2.0,20.0,0.0,1.0,13.0,2.0,1.0,16.0,1.0,0.0,15.0,5.0,6.0,88.0
전라북도교육청,전라북도군산교육지원청,전라북도 군산시,S130000615,술산초등학교,2,공립,N,,0.0,3.0,4.0,1.0,0.0,4.0,0.0,0.0,3.0,0.0,1.0,3.0,0.0,0.0,5.0,0.0,0.0,5.0,1.0,4.0,24.0
전라북도교육청,전라북도군산교육지원청,전라북도 군산시,S130000616,신시도초등학교,2,공립,N,,0.0,1.0,2.0,0.0,0.0,0.0,0.0,0.0,1.0,0.0,1.0,2.0,0.0,0.0,1.0,0.0,0.0,2.0,0.0,2.0,8.0
전라북도교육청,전라북도군산교육지원청,전라북도 군산시,S130000617,신시도초등학교야미도분교장,2,공립,N,,0.0,1.0,1.0,0.0,1.0,0.0,1.0,0.0,0.0,0.0,1.0,1.0,0.0,0.0,0.0,0.0,0.0,0.0,1.0,3.0,2.0
전라북도교육청,전라북도군산교육지원청,전라북도 군산시,S130000618,군산신풍초등학교,2,공립,N,,5.0,2.0,33.0,5.0,2.0,30.0,5.0,0.0,26.0,5.0,4.0,38.0,4.0,3.0,27.0,1.0,3.0,32.0,25.0,14.0,186.0
전라북도교육청,전라북도군산교육지원청,전라북도 군산시,S130000621,오봉초등학교,2,공립,N,,0.0,0.0,8.0,6.0,0.0,7.0,2.0,0.0,8.0,1.0,0.0,8.0,2.0,0.0,5.0,1.0,1.0,7.0,12.0,1.0,43.0
전라북도교육청,전라북도군산교육지원청,전라북도 군산시,S130000622,옥구초등학교,2,공립,N,,1.0,1.0,19.0,0.0,0.0,17.0,0.0,2.0,15.0,1.0,0.0,20.0,1.0,1.0,14.0,0.0,1.0,15.0,3.0,5.0,100.0
전라북도교육청,전라북도군산교육지원청,전라북도 군산시,S130000623,옥봉초등학교,2,공립,N,,0.0,2.0,5.0,1.0,2.0,11.0,1.0,1.0,18.0,0.0,1.0,17.0,2.0,1.0,21.0,0.0,0.0,11.0,4.0,7.0,83.0
전라북도교육청,전라북도군산교육지원청,전라북도 군산시,S130000624,옥산초등학교,2,공립,N,,1.0,0.0,7.0,2.0,0.0,10.0,0.0,4.0,11.0,0.0,1.0,10.0,1.0,3.0,13.0,2.0,2.0,7.0,6.0,10.0,58.0
전라북도교육청,전라북도군산교육지원청,전라북도 군산시,S130000626,임피초등학교,2,공립,N,,2.0,0.0,7.0,3.0,2.0,10.0,2.0,1.0,9.0,0.0,2.0,19.0,0.0,0.0,8.0,1.0,0.0,6.0,8.0,5.0,59.0
전라북도교육청,전라북도군산교육지원청,전라북도 군산시,S130000627,창오초등학교,2,공립,N,,0.0,0.0,7.0,0.0,2.0,6.0,0.0,0.0,10.0,1.0,1.0,7.0,0.0,0.0,5.0,0.0,1.0,1.0,1.0,4.0,36.0
전라북도교육청,전라북도군산교육지원청,전라북도 군산시,S130000629,회현초등학교,2,공립,N,,1.0,1.0,21.0,5.0,2.0,32.0,2.0,1.0,36.0,4.0,2.0,31.0,1.0,2.0,41.0,4.0,1.0,35.0,17.0,9.0,196.0
전라북도교육청,전라북도김제교육지원청,전라북도 김제시,S130000700,공덕초등학교,2,공립,N,,0.0,0.0,3.0,0.0,0.0,6.0,0.0,0.0,5.0,0.0,0.0,12.0,0.0,0.0,7.0,0.0,0.0,8.0,0.0,0.0,41.0
전라북도교육청,전라북도김제교육지원청,전라북도 김제시,S130000701,광활초등학교,2,공립,N,,0.0,0.0,2.0,0.0,0.0,5.0,0.0,0.0,3.0,0.0,0.0,4.0,0.0,0.0,5.0,0.0,0.0,1.0,0.0,0.0,20.0
전라북도교육청,전라북도김제교육지원청,전라북도 김제시,S130000702,금구초등학교,2,공립,N,,0.0,1.0,16.0,3.0,0.0,12.0,1.0,2.0,21.0,1.0,0.0,21.0,1.0,0.0,20.0,0.0,0.0,13.0,6.0,3.0,103.0
전라북도교육청,전라북도김제교육지원청,전라북도 김제시,S130000703,금남초등학교,2,공립,N,,0.0,0.0,1.0,0.0,0.0,0.0,1.0,0.0,1.0,0.0,0.0,2.0,0.0,0.0,2.0,0.0,0.0,1.0,1.0,0.0,7.0
전라북도교육청,전라북도김제교육지원청,전라북도 김제시,S130000704,금산초등학교,2,공립,N,,0.0,0.0,2.0,1.0,0.0,2.0,0.0,0.0,4.0,0.0,0.0,3.0,0.0,0.0,5.0,0.0,0.0,0.0,1.0,0.0,16.0
전라북도교육청,전라북도김제교육지원청,전라북도 김제시,S130000705,김제검산초등학교,2,공립,N,,4.0,2.0,116.0,5.0,5.0,133.0,4.0,5.0,137.0,2.0,8.0,163.0,7.0,7.0,147.0,2.0,2.0,139.0,24.0,29.0,835.0
전라북도교육청,전라북도김제교육지원청,전라북도 김제시,S130000706,김제동초등학교,2,공립,N,,3.0,1.0,81.0,3.0,6.0,65.0,3.0,5.0,94.0,5.0,7.0,94.0,9.0,5.0,74.0,5.0,3.0,84.0,28.0,27.0,492.0
전라북도교육청,전라북도김제교육지원청,전라북도 김제시,S130000707,김제북초등학교,2,공립,N,,0.0,3.0,14.0,0.0,3.0,7.0,0.0,1.0,17.0,0.0,0.0,13.0,0.0,2.0,13.0,0.0,0.0,13.0,0.0,9.0,77.0
전라북도교육청,전라북도김제교육지원청,전라북도 김제시,S130000708,김제중앙초등학교,2,공립,N,,3.0,3.0,55.0,1.0,3.0,57.0,0.0,4.0,67.0,3.0,5.0,86.0,2.0,2.0,78.0,1.0,4.0,70.0,10.0,21.0,413.0
전라북도교육청,전라북도김제교육지원청,전라북도 김제시,S130000710,김제초등학교,2,공립,N,,3.0,2.0,35.0,1.0,4.0,40.0,3.0,4.0,55.0,3.0,3.0,52.0,6.0,5.0,47.0,1.0,3.0,57.0,17.0,21.0,286.0
전라북도교육청,전라북도김제교육지원청,전라북도 김제시,S130000711,난산초등학교,2,공립,N,,0.0,1.0,9.0,1.0,1.0,9.0,0.0,0.0,11.0,0.0,3.0,15.0,1.0,1.0,5.0,0.0,0.0,8.0,2.0,6.0,57.0
전라북도교육청,전라북도김제교육지원청,전라북도 김제시,S130000712,남양초등학교,2,공립,N,,0.0,0.0,7.0,0.0,0.0,4.0,0.0,0.0,5.0,1.0,1.0,5.0,0.0,0.0,1.0,0.0,0.0,5.0,1.0,1.0,27.0
전라북도교육청,전라북도김제교육지원청,전라북도 김제시,S130000713,만경초등학교,2,공립,N,,1.0,2.0,13.0,0.0,1.0,10.0,1.0,2.0,13.0,0.0,3.0,11.0,2.0,2.0,12.0,1.0,1.0,13.0,5.0,11.0,72.0
전라북도교육청,전라북도김제교육지원청,전라북도 김제시,S130000715,백구초등학교,2,공립,N,,0.0,0.0,4.0,1.0,0.0,7.0,0.0,0.0,6.0,0.0,0.0,7.0,0.0,0.0,3.0,0.0,0.0,5.0,1.0,0.0,32.0
전라북도교육청,전라북도김제교육지원청,전라북도 김제시,S130000716,백석초등학교,2,공립,N,,0.0,1.0,15.0,0.0,2.0,19.0,1.0,3.0,20.0,1.0,4.0,18.0,0.0,2.0,14.0,0.0,0.0,14.0,2.0,12.0,100.0
전라북도교육청,전라북도김제교육지원청,전라북도 김제시,S130000717,벽량초등학교,2,공립,N,,0.0,2.0,3.0,1.0,0.0,3.0,0.0,1.0,6.0,0.0,0.0,2.0,0.0,0.0,6.0,0.0,0.0,1.0,1.0,3.0,21.0
전라북도교육청,전라북도김제교육지원청,전라북도 김제시,S130000719,봉남초등학교,2,공립,N,,1.0,0.0,3.0,4.0,0.0,12.0,0.0,1.0,6.0,2.0,0.0,4.0,1.0,1.0,4.0,0.0,0.0,6.0,8.0,2.0,35.0
전라북도교육청,전라북도김제교육지원청,전라북도 김제시,S130000720,부용초등학교,2,공립,N,,0.0,2.0,4.0,0.0,1.0,4.0,0.0,0.0,4.0,0.0,0.0,4.0,0.0,0.0,4.0,0.0,0.0,3.0,0.0,3.0,23.0
전라북도교육청,전라북도김제교육지원청,전라북도 김제시,S130000721,비룡초등학교,2,공립,N,,0.0,0.0,1.0,0.0,0.0,3.0,0.0,1.0,5.0,0.0,0.0,3.0,0.0,1.0,6.0,0.0,0.0,2.0,0.0,2.0,20.0
전라북도교육청,전라북도김제교육지원청,전라북도 김제시,S130000722,성덕초등학교,2,공립,N,,0.0,0.0,1.0,0.0,0.0,5.0,1.0,1.0,3.0,0.0,0.0,6.0,1.0,0.0,1.0,1.0,0.0,8.0,3.0,1.0,24.0
전라북도교육청,전라북도김제교육지원청,전라북도 김제시,S130000726,심창초등학교,2,공립,N,,0.0,0.0,3.0,0.0,1.0,1.0,0.0,0.0,1.0,0.0,0.0,3.0,0.0,0.0,2.0,0.0,0.0,5.0,0.0,1.0,15.0
전라북도교육청,전라북도김제교육지원청,전라북도 김제시,S130000727,용동초등학교,2,공립,N,,0.0,0.0,9.0,0.0,1.0,7.0,0.0,0.0,8.0,1.0,0.0,3.0,0.0,0.0,8.0,0.0,0.0,1.0,1.0,1.0,36.0
전라북도교육청,전라북도김제교육지원청,전라북도 김제시,S130000729,용지초등학교,2,공립,N,,2.0,0.0,5.0,0.0,0.0,7.0,0.0,1.0,9.0,0.0,2.0,7.0,0.0,0.0,3.0,0.0,0.0,7.0,2.0,3.0,38.0
전라북도교육청,전라북도김제교육지원청,전라북도 김제시,S130000730,원평초등학교,2,공립,N,,1.0,1.0,15.0,1.0,0.0,15.0,2.0,3.0,15.0,0.0,0.0,16.0,3.0,1.0,12.0,0.0,1.0,10.0,7.0,6.0,83.0
전라북도교육청,전라북도김제교육지원청,전라북도 김제시,S130000731,화율초등학교,2,공립,N,,0.0,0.0,2.0,0.0,0.0,2.0,1.0,0.0,1.0,0.0,0.0,1.0,0.0,0.0,3.0,0.0,0.0,1.0,1.0,0.0,10.0
전라북도교육청,전라북도김제교육지원청,전라북도 김제시,S130000732,월성초등학교,2,공립,N,,0.0,0.0,4.0,0.0,0.0,5.0,0.0,0.0,2.0,0.0,0.0,8.0,0.0,0.0,7.0,0.0,0.0,5.0,0.0,0.0,31.0
전라북도교육청,전라북도김제교육지원청,전라북도 김제시,S130000733,월촌초등학교,2,공립,N,,0.0,0.0,10.0,2.0,0.0,14.0,0.0,0.0,15.0,0.0,1.0,12.0,0.0,0.0,17.0,0.0,0.0,10.0,2.0,1.0,78.0
전라북도교육청,전라북도김제교육지원청,전라북도 김제시,S130000734,종정초등학교,2,공립,N,,0.0,0.0,11.0,0.0,0.0,1.0,0.0,0.0,9.0,0.0,0.0,9.0,0.0,0.0,10.0,0.0,0.0,10.0,0.0,0.0,50.0
전라북도교육청,전라북도김제교육지원청,전라북도 김제시,S130000736,죽산초등학교,2,공립,N,,1.0,1.0,9.0,1.0,1.0,5.0,0.0,0.0,7.0,1.0,0.0,8.0,0.0,1.0,9.0,0.0,0.0,13.0,3.0,3.0,51.0
전라북도교육청,전라북도김제교육지원청,전라북도 김제시,S130000737,진봉초등학교,2,공립,N,,1.0,0.0,4.0,0.0,1.0,2.0,0.0,0.0,3.0,0.0,0.0,3.0,0.0,0.0,4.0,1.0,0.0,6.0,2.0,1.0,22.0
전라북도교육청,전라북도김제교육지원청,전라북도 김제시,S130000738,청운초등학교,2,공립,N,,0.0,1.0,13.0,1.0,2.0,8.0,0.0,1.0,6.0,0.0,0.0,11.0,0.0,2.0,6.0,1.0,0.0,3.0,2.0,6.0,47.0
전라북도교육청,전라북도김제교육지원청,전라북도 김제시,S130000740,청하초등학교,2,공립,N,,1.0,0.0,6.0,0.0,0.0,1.0,1.0,1.0,13.0,1.0,0.0,2.0,0.0,1.0,3.0,0.0,1.0,6.0,3.0,3.0,31.0
전라북도교육청,전라북도김제교육지원청,전라북도 김제시,S130000741,초처초등학교,2,공립,N,,0.0,0.0,1.0,0.0,0.0,5.0,1.0,0.0,7.0,0.0,0.0,3.0,0.0,0.0,7.0,0.0,0.0,5.0,1.0,0.0,28.0
전라북도교육청,전라북도김제교육지원청,전라북도 김제시,S130000742,치문초등학교,2,공립,N,,0.0,0.0,2.0,1.0,0.0,2.0,1.0,1.0,6.0,0.0,2.0,9.0,0.0,1.0,3.0,0.0,0.0,9.0,2.0,4.0,31.0
전라북도교육청,전라북도김제교육지원청,전라북도 김제시,S130000743,황강초등학교,2,공립,N,,0.0,2.0,3.0,0.0,2.0,4.0,1.0,2.0,5.0,0.0,2.0,5.0,0.0,0.0,4.0,0.0,1.0,6.0,1.0,9.0,27.0
전라북도교육청,전라북도김제교육지원청,전라북도 김제시,S130000744,황산초등학교,2,공립,N,,0.0,0.0,4.0,0.0,0.0,8.0,0.0,0.0,5.0,1.0,1.0,8.0,1.0,1.0,4.0,1.0,0.0,7.0,3.0,2.0,36.0
전라북도교육청,전라북도남원교육지원청,전라북도 남원시,S130000805,남원교룡초등학교,2,공립,N,,2.0,2.0,35.0,1.0,0.0,29.0,1.0,1.0,41.0,0.0,0.0,39.0,4.0,0.0,42.0,0.0,2.0,39.0,8.0,5.0,225.0
전라북도교육청,전라북도남원교육지원청,전라북도 남원시,S130000806,금지동초등학교,2,공립,N,,0.0,1.0,4.0,0.0,0.0,3.0,0.0,0.0,1.0,1.0,0.0,7.0,0.0,0.0,4.0,0.0,1.0,5.0,1.0,2.0,24.0
전라북도교육청,전라북도남원교육지원청,전라북도 남원시,S130000807,금지초등학교,2,공립,N,,0.0,0.0,2.0,0.0,1.0,4.0,0.0,0.0,5.0,0.0,1.0,3.0,1.0,1.0,7.0,0.0,0.0,8.0,1.0,3.0,29.0
전라북도교육청,전라북도남원교육지원청,전라북도 남원시,S130000809,남원노암초등학교,2,공립,N,,2.0,1.0,42.0,0.0,2.0,36.0,2.0,2.0,38.0,3.0,2.0,45.0,1.0,2.0,36.0,1.0,0.0,35.0,9.0,9.0,232.0
전라북도교육청,전라북도남원교육지원청,전라북도 남원시,S130000810,남원도통초등학교,2,공립,N,,1.0,3.0,62.0,2.0,3.0,69.0,2.0,5.0,69.0,5.0,3.0,65.0,4.0,0.0,77.0,2.0,2.0,76.0,16.0,16.0,418.0
전라북도교육청,전라북도남원교육지원청,전라북도 남원시,S130000813,산내초등학교,2,공립,N,,2.0,1.0,6.0,0.0,0.0,8.0,4.0,1.0,16.0,1.0,1.0,16.0,0.0,2.0,20.0,2.0,0.0,18.0,9.0,5.0,84.0
전라북도교육청,전라북도남원교육지원청,전라북도 남원시,S130000814,남원서원초등학교,2,공립,N,,0.0,2.0,14.0,0.0,0.0,4.0,0.0,0.0,11.0,1.0,1.0,7.0,0.0,1.0,7.0,0.0,1.0,7.0,1.0,5.0,50.0
전라북도교육청,전라북도남원교육지원청,전라북도 남원시,S130000817,남원왕치초등학교,2,공립,N,,0.0,1.0,15.0,1.0,0.0,9.0,0.0,2.0,14.0,0.0,0.0,7.0,0.0,3.0,15.0,0.0,1.0,7.0,1.0,7.0,67.0
전라북도교육청,전라북도남원교육지원청,전라북도 남원시,S130000818,남원월락초등학교,2,공립,N,,2.0,1.0,83.0,4.0,4.0,103.0,8.0,3.0,92.0,5.0,4.0,129.0,7.0,2.0,129.0,0.0,2.0,80.0,26.0,16.0,616.0
전라북도교육청,전라북도남원교육지원청,전라북도 남원시,S130000819,남원중앙초등학교,2,공립,N,,0.0,2.0,49.0,3.0,3.0,53.0,6.0,4.0,54.0,6.0,7.0,69.0,3.0,1.0,77.0,3.0,4.0,74.0,21.0,21.0,376.0
전라북도교육청,전라북도남원교육지원청,전라북도 남원시,S130000820,남원초등학교,2,공립,N,,2.0,5.0,69.0,3.0,6.0,86.0,2.0,4.0,85.0,0.0,4.0,83.0,2.0,5.0,91.0,2.0,0.0,65.0,11.0,24.0,479.0
전라북도교육청,전라북도남원교육지원청,전라북도 남원시,S130000822,대강초등학교,2,공립,N,,1.0,0.0,6.0,0.0,1.0,4.0,1.0,0.0,4.0,1.0,0.0,5.0,1.0,0.0,4.0,0.0,1.0,2.0,4.0,2.0,25.0
전라북도교육청,전라북도남원교육지원청,전라북도 남원시,S130000823,남원대산초등학교,2,공립,N,,0.0,0.0,3.0,1.0,1.0,8.0,0.0,0.0,8.0,1.0,1.0,6.0,0.0,1.0,7.0,0.0,0.0,3.0,2.0,3.0,35.0
전라북도교육청,전라북도남원교육지원청,전라북도 남원시,S130000824,덕과초등학교,2,공립,N,,0.0,0.0,1.0,1.0,0.0,0.0,1.0,1.0,5.0,0.0,0.0,4.0,3.0,2.0,5.0,1.0,1.0,3.0,6.0,4.0,18.0
전라북도교육청,전라북도남원교육지원청,전라북도 남원시,S130000827,보절초등학교,2,공립,N,,0.0,1.0,5.0,0.0,0.0,6.0,0.0,0.0,5.0,0.0,0.0,1.0,0.0,0.0,5.0,0.0,0.0,2.0,0.0,1.0,24.0
전라북도교육청,전라북도남원교육지원청,전라북도 남원시,S130000829,사매초등학교,2,공립,N,,0.0,1.0,6.0,1.0,1.0,3.0,0.0,1.0,4.0,1.0,0.0,8.0,1.0,0.0,7.0,1.0,1.0,6.0,4.0,4.0,34.0
전라북도교육청,전라북도남원교육지원청,전라북도 남원시,S130000830,산동초등학교,2,공립,N,,0.0,1.0,7.0,0.0,1.0,5.0,1.0,0.0,6.0,0.0,1.0,8.0,0.0,1.0,6.0,0.0,0.0,8.0,1.0,4.0,40.0
전라북도교육청,전라북도남원교육지원청,전라북도 남원시,S130000831,송동초등학교,2,공립,N,,0.0,0.0,2.0,0.0,0.0,8.0,0.0,0.0,5.0,0.0,1.0,8.0,0.0,0.0,7.0,0.0,1.0,9.0,0.0,2.0,39.0
전라북도교육청,전라북도남원교육지원청,전라북도 남원시,S130000832,수지초등학교,2,공립,N,,1.0,0.0,7.0,0.0,0.0,1.0,0.0,0.0,3.0,1.0,0.0,1.0,0.0,1.0,2.0,0.0,0.0,8.0,2.0,1.0,22.0
전라북도교육청,전라북도남원교육지원청,전라북도 남원시,S130000833,아영초등학교,2,공립,N,,1.0,1.0,9.0,0.0,0.0,6.0,1.0,1.0,10.0,0.0,0.0,10.0,0.0,1.0,15.0,0.0,0.0,10.0,2.0,3.0,60.0
전라북도교육청,전라북도남원교육지원청,전라북도 남원시,S130000834,오동초등학교,2,공립,N,,0.0,0.0,10.0,0.0,0.0,13.0,0.0,1.0,12.0,0.0,0.0,8.0,0.0,3.0,9.0,0.0,1.0,14.0,0.0,5.0,66.0
전라북도교육청,전라북도남원교육지원청,전라북도 남원시,S130000835,남원용성초등학교,2,공립,N,,3.0,1.0,26.0,1.0,2.0,25.0,2.0,2.0,30.0,4.0,7.0,40.0,3.0,1.0,47.0,1.0,0.0,37.0,14.0,13.0,205.0
전라북도교육청,전라북도남원교육지원청,전라북도 남원시,S130000837,운봉초등학교,2,공립,N,,2.0,0.0,18.0,1.0,0.0,16.0,0.0,0.0,18.0,3.0,0.0,18.0,2.0,1.0,15.0,1.0,1.0,17.0,9.0,2.0,102.0
전라북도교육청,전라북도남원교육지원청,전라북도 남원시,S130000840,원천초등학교,2,공립,N,,0.0,1.0,8.0,0.0,2.0,8.0,0.0,2.0,8.0,0.0,1.0,13.0,0.0,1.0,10.0,0.0,0.0,12.0,0.0,7.0,59.0
전라북도교육청,전라북도남원교육지원청,전라북도 남원시,S130000841,이백초등학교,2,공립,N,,0.0,0.0,4.0,2.0,0.0,3.0,1.0,2.0,5.0,0.0,0.0,5.0,4.0,3.0,13.0,0.0,1.0,10.0,7.0,6.0,40.0
전라북도교육청,전라북도남원교육지원청,전라북도 남원시,S130000842,인월초등학교,2,공립,N,,0.0,0.0,17.0,0.0,0.0,15.0,0.0,0.0,11.0,0.0,0.0,18.0,0.0,0.0,13.0,0.0,0.0,16.0,0.0,0.0,90.0
전라북도교육청,전라북도남원교육지원청,전라북도 남원시,S130000845,주생초등학교,2,공립,N,,1.0,1.0,11.0,1.0,0.0,7.0,1.0,3.0,9.0,0.0,0.0,10.0,1.0,3.0,4.0,1.0,0.0,12.0,5.0,7.0,53.0
전라북도교육청,전라북도무주교육지원청,전라북도 무주군,S130000893,괴목초등학교,2,공립,N,,1.0,0.0,6.0,0.0,0.0,4.0,1.0,0.0,5.0,0.0,0.0,7.0,0.0,0.0,3.0,0.0,0.0,3.0,2.0,0.0,28.0
전라북도교육청,전라북도무주교육지원청,전라북도 무주군,S130000894,구천초등학교,2,공립,N,,1.0,2.0,8.0,0.0,4.0,18.0,0.0,0.0,11.0,0.0,2.0,13.0,0.0,1.0,12.0,1.0,1.0,17.0,2.0,10.0,79.0
전라북도교육청,전라북도무주교육지원청,전라북도 무주군,S130000897,무주중앙초등학교,2,공립,N,,2.0,2.0,64.0,4.0,1.0,47.0,2.0,3.0,54.0,2.0,3.0,63.0,2.0,3.0,61.0,0.0,2.0,64.0,12.0,14.0,353.0
전라북도교육청,전라북도무주교육지원청,전라북도 무주군,S130000898,무주초등학교,2,공립,N,,2.0,0.0,22.0,2.0,2.0,28.0,1.0,0.0,32.0,2.0,1.0,43.0,3.0,1.0,26.0,0.0,0.0,39.0,10.0,4.0,190.0
전라북도교육청,전라북도무주교육지원청,전라북도 무주군,S130000899,무풍초등학교,2,공립,N,,0.0,1.0,7.0,1.0,0.0,2.0,1.0,0.0,7.0,2.0,0.0,6.0,0.0,0.0,7.0,1.0,0.0,5.0,5.0,1.0,34.0
전라북도교육청,전라북도무주교육지원청,전라북도 무주군,S130000900,부남초등학교,2,공립,N,,0.0,0.0,4.0,0.0,0.0,1.0,0.0,0.0,1.0,0.0,0.0,0.0,0.0,0.0,1.0,0.0,0.0,2.0,0.0,0.0,9.0
전라북도교육청,전라북도무주교육지원청,전라북도 무주군,S130000901,부당초등학교,2,공립,N,,0.0,0.0,0.0,0.0,0.0,3.0,0.0,0.0,3.0,0.0,0.0,1.0,0.0,0.0,4.0,0.0,0.0,1.0,0.0,0.0,12.0
전라북도교육청,전라북도무주교육지원청,전라북도 무주군,S130000903,설천초등학교,2,공립,N,,1.0,1.0,12.0,1.0,0.0,13.0,1.0,1.0,11.0,2.0,3.0,19.0,1.0,2.0,16.0,1.0,2.0,12.0,7.0,9.0,83.0
전라북도교육청,전라북도무주교육지원청,전라북도 무주군,S130000904,안성초등학교,2,공립,N,,0.0,0.0,16.0,0.0,0.0,7.0,1.0,1.0,20.0,1.0,0.0,13.0,0.0,0.0,21.0,2.0,0.0,23.0,4.0,1.0,100.0
전라북도교육청,전라북도무주교육지원청,전라북도 무주군,S130000905,적상초등학교,2,공립,N,,0.0,0.0,3.0,0.0,1.0,2.0,0.0,0.0,7.0,0.0,0.0,1.0,0.0,2.0,8.0,0.0,0.0,4.0,0.0,3.0,25.0
전라북도교육청,전라북도부안교육지원청,전라북도 부안군,S130000934,격포초등학교,2,공립,N,,1.0,1.0,16.0,1.0,0.0,12.0,0.0,0.0,18.0,1.0,0.0,15.0,0.0,0.0,10.0,1.0,0.0,11.0,4.0,1.0,82.0
전라북도교육청,전라북도부안교육지원청,전라북도 부안군,S130000935,계화초등학교,2,공립,N,,1.0,0.0,0.0,0.0,2.0,3.0,0.0,0.0,1.0,0.0,0.0,2.0,0.0,0.0,0.0,0.0,0.0,0.0,1.0,2.0,6.0
전라북도교육청,전라북도부안교육지원청,전라북도 부안군,S130000937,곰소초등학교,2,공립,N,,0.0,0.0,7.0,0.0,0.0,6.0,0.0,0.0,5.0,0.0,1.0,10.0,0.0,0.0,11.0,0.0,0.0,8.0,0.0,1.0,47.0
전라북도교육청,전라북도부안교육지원청,전라북도 부안군,S130000941,동북초등학교,2,공립,N,,0.0,0.0,1.0,1.0,0.0,2.0,0.0,0.0,0.0,0.0,0.0,1.0,0.0,0.0,3.0,0.0,0.0,1.0,1.0,0.0,8.0
전라북도교육청,전라북도부안교육지원청,전라북도 부안군,S130000944,동진초등학교,2,공립,N,,0.0,0.0,4.0,1.0,0.0,3.0,0.0,0.0,3.0,1.0,0.0,6.0,1.0,0.0,6.0,1.0,0.0,6.0,4.0,0.0,28.0
전라북도교육청,전라북도부안교육지원청,전라북도 부안군,S130000946,백련초등학교,2,공립,N,,0.0,0.0,2.0,0.0,1.0,1.0,0.0,0.0,4.0,0.0,0.0,0.0,0.0,0.0,2.0,0.0,0.0,3.0,0.0,1.0,12.0
전라북도교육청,전라북도부안교육지원청,전라북도 부안군,S130000947,백룡초등학교,2,공립,N,,0.0,0.0,3.0,1.0,1.0,2.0,1.0,1.0,4.0,0.0,0.0,1.0,0.0,1.0,2.0,0.0,1.0,4.0,2.0,4.0,16.0
전라북도교육청,전라북도부안교육지원청,전라북도 부안군,S130000948,백산초등학교,2,공립,N,,0.0,2.0,7.0,0.0,0.0,8.0,0.0,0.0,8.0,1.0,0.0,11.0,0.0,0.0,6.0,0.0,1.0,6.0,1.0,3.0,46.0
전라북도교육청,전라북도부안교육지원청,전라북도 부안군,S130000949,변산초등학교,2,공립,N,,1.0,1.0,7.0,1.0,1.0,10.0,0.0,0.0,3.0,0.0,0.0,18.0,0.0,2.0,9.0,0.0,0.0,12.0,2.0,4.0,59.0
전라북도교육청,전라북도부안교육지원청,전라북도 부안군,S130000952,부안남초등학교,2,공립,N,,0.0,0.0,10.0,0.0,1.0,9.0,0.0,1.0,3.0,0.0,0.0,18.0,0.0,0.0,14.0,0.0,1.0,7.0,0.0,3.0,61.0
전라북도교육청,전라북도부안교육지원청,전라북도 부안군,S130000953,부안동초등학교,2,공립,N,,3.0,0.0,102.0,1.0,11.0,138.0,2.0,3.0,153.0,2.0,2.0,138.0,7.0,4.0,135.0,1.0,2.0,131.0,16.0,22.0,797.0
전라북도교육청,전라북도부안교육지원청,전라북도 부안군,S130000954,부안초등학교,2,공립,N,,0.0,1.0,45.0,5.0,0.0,47.0,3.0,2.0,61.0,1.0,2.0,43.0,2.0,0.0,66.0,1.0,3.0,64.0,12.0,8.0,326.0
전라북도교육청,전라북도부안교육지원청,전라북도 부안군,S130000955,상서초등학교,2,공립,N,,0.0,0.0,4.0,0.0,0.0,3.0,0.0,2.0,3.0,0.0,0.0,3.0,0.0,1.0,2.0,1.0,0.0,1.0,1.0,3.0,16.0
전라북도교육청,전라북도부안교육지원청,전라북도 부안군,S130000956,영전초등학교,2,공립,N,,0.0,0.0,3.0,0.0,0.0,1.0,0.0,0.0,1.0,0.0,0.0,5.0,0.0,0.0,8.0,0.0,0.0,5.0,0.0,0.0,23.0
전라북도교육청,전라북도부안교육지원청,전라북도 부안군,S130000957,우덕초등학교,2,공립,N,,0.0,1.0,7.0,0.0,1.0,3.0,0.0,0.0,3.0,0.0,0.0,5.0,0.0,1.0,5.0,1.0,0.0,6.0,1.0,3.0,29.0
전라북도교육청,전라북도부안교육지원청,전라북도 부안군,S130000959,위도초등학교,2,공립,N,,0.0,0.0,1.0,0.0,0.0,5.0,0.0,0.0,3.0,0.0,1.0,1.0,0.0,0.0,4.0,0.0,0.0,1.0,0.0,1.0,15.0
전라북도교육청,전라북도부안교육지원청,전라북도 부안군,S130000964,주산초등학교,2,공립,N,,0.0,0.0,1.0,0.0,0.0,2.0,1.0,0.0,1.0,0.0,1.0,7.0,0.0,0.0,3.0,0.0,0.0,3.0,1.0,1.0,17.0
전라북도교육청,전라북도부안교육지원청,전라북도 부안군,S130000966,줄포초등학교,2,공립,N,,1.0,0.0,15.0,1.0,1.0,6.0,0.0,1.0,8.0,3.0,0.0,7.0,0.0,1.0,11.0,0.0,0.0,10.0,5.0,3.0,57.0
전라북도교육청,전라북도부안교육지원청,전라북도 부안군,S130000967,창북초등학교,2,공립,N,,0.0,0.0,7.0,3.0,0.0,10.0,1.0,0.0,4.0,0.0,0.0,11.0,1.0,0.0,6.0,0.0,1.0,10.0,5.0,1.0,48.0
전라북도교육청,전라북도부안교육지원청,전라북도 부안군,S130000968,하서초등학교,2,공립,N,,0.0,0.0,7.0,0.0,0.0,5.0,0.0,0.0,9.0,0.0,0.0,5.0,0.0,0.0,7.0,1.0,0.0,5.0,1.0,0.0,38.0
전라북도교육청,전라북도부안교육지원청,전라북도 부안군,S130000969,행안초등학교,2,공립,N,,0.0,0.0,20.0,7.0,1.0,15.0,5.0,0.0,15.0,1.0,0.0,9.0,0.0,2.0,11.0,2.0,0.0,13.0,15.0,3.0,83.0
전라북도교육청,전라북도순창교육지원청,전라북도 순창군,S130001009,구림초등학교,2,공립,N,,0.0,0.0,4.0,0.0,0.0,4.0,0.0,1.0,3.0,0.0,0.0,6.0,0.0,0.0,5.0,0.0,0.0,5.0,0.0,1.0,27.0
전라북도교육청,전라북도순창교육지원청,전라북도 순창군,S130001010,금과초등학교,2,공립,N,,1.0,0.0,0.0,0.0,0.0,1.0,0.0,0.0,2.0,0.0,0.0,2.0,0.0,0.0,5.0,0.0,0.0,4.0,1.0,0.0,14.0
전라북도교육청,전라북도순창교육지원청,전라북도 순창군,S130001013,동계초등학교,2,공립,N,,0.0,0.0,4.0,0.0,0.0,7.0,0.0,1.0,7.0,0.0,0.0,7.0,1.0,1.0,9.0,1.0,0.0,9.0,2.0,2.0,43.0
전라북도교육청,전라북도순창교육지원청,전라북도 순창군,S130001014,동산초등학교,2,공립,N,,0.0,0.0,5.0,0.0,0.0,5.0,0.0,0.0,6.0,0.0,1.0,5.0,0.0,0.0,7.0,0.0,0.0,5.0,0.0,1.0,33.0
전라북도교육청,전라북도순창교육지원청,전라북도 순창군,S130001015,복흥초등학교,2,공립,N,,0.0,0.0,5.0,0.0,0.0,4.0,0.0,0.0,6.0,0.0,0.0,5.0,0.0,0.0,13.0,0.0,0.0,6.0,0.0,0.0,39.0
전라북도교육청,전라북도순창교육지원청,전라북도 순창군,S130001017,순창중앙초등학교,2,공립,N,,1.0,2.0,41.0,2.0,4.0,35.0,2.0,2.0,44.0,4.0,3.0,46.0,3.0,1.0,62.0,3.0,0.0,49.0,15.0,12.0,277.0
전라북도교육청,전라북도순창교육지원청,전라북도 순창군,S130001018,순창초등학교,2,공립,N,,3.0,2.0,38.0,0.0,1.0,36.0,1.0,3.0,58.0,2.0,2.0,51.0,2.0,1.0,60.0,0.0,2.0,60.0,8.0,11.0,303.0
전라북도교육청,전라북도순창교육지원청,전라북도 순창군,S130001019,시산초등학교,2,공립,N,,0.0,1.0,4.0,0.0,0.0,5.0,0.0,1.0,5.0,1.0,1.0,6.0,0.0,0.0,7.0,0.0,0.0,5.0,1.0,3.0,32.0
전라북도교육청,전라북도순창교육지원청,전라북도 순창군,S130001020,쌍치초등학교,2,공립,N,,1.0,1.0,4.0,0.0,0.0,0.0,1.0,2.0,6.0,1.0,2.0,7.0,0.0,0.0,2.0,0.0,0.0,6.0,3.0,5.0,25.0
전라북도교육청,전라북도순창교육지원청,전라북도 순창군,S130001022,옥천초등학교,2,공립,N,,0.0,0.0,8.0,0.0,0.0,10.0,2.0,0.0,4.0,0.0,0.0,8.0,2.0,0.0,11.0,0.0,1.0,14.0,4.0,1.0,55.0
전라북도교육청,전라북도순창교육지원청,전라북도 순창군,S130001024,유등초등학교,2,공립,N,,1.0,0.0,5.0,1.0,0.0,3.0,0.0,0.0,2.0,0.0,0.0,5.0,1.0,1.0,4.0,0.0,0.0,4.0,3.0,1.0,23.0
전라북도교육청,전라북도순창교육지원청,전라북도 순창군,S130001025,인계초등학교,2,공립,N,,0.0,0.0,5.0,0.0,0.0,8.0,0.0,0.0,1.0,0.0,1.0,3.0,0.0,1.0,3.0,0.0,0.0,2.0,0.0,2.0,22.0
전라북도교육청,전라북도순창교육지원청,전라북도 순창군,S130001026,적성초등학교,2,공립,N,,0.0,0.0,1.0,0.0,0.0,2.0,0.0,0.0,0.0,0.0,0.0,3.0,0.0,0.0,3.0,0.0,0.0,2.0,0.0,0.0,11.0
전라북도교육청,전라북도순창교육지원청,전라북도 순창군,S130001027,팔덕초등학교,2,공립,N,,0.0,0.0,2.0,0.0,0.0,4.0,0.0,0.0,6.0,0.0,0.0,8.0,0.0,0.0,6.0,0.0,0.0,6.0,0.0,0.0,32.0
전라북도교육청,전라북도순창교육지원청,전라북도 순창군,S130001028,풍산초등학교,2,공립,N,,0.0,0.0,4.0,0.0,0.0,5.0,0.0,0.0,2.0,0.0,0.0,5.0,0.0,0.0,7.0,0.0,0.0,7.0,0.0,0.0,30.0
전라북도교육청,전라북도완주교육지원청,전라북도 완주군,S130001058,가천초등학교,2,공립,N,,2.0,1.0,7.0,0.0,0.0,2.0,3.0,1.0,6.0,1.0,0.0,3.0,1.0,1.0,5.0,0.0,0.0,3.0,7.0,3.0,26.0
전라북도교육청,전라북도완주교육지원청,전라북도 완주군,S130001059,간중초등학교,2,공립,N,,0.0,0.0,8.0,1.0,0.0,4.0,0.0,1.0,11.0,1.0,1.0,8.0,2.0,0.0,7.0,1.0,0.0,13.0,5.0,2.0,51.0
전라북도교육청,전라북도완주교육지원청,전라북도 완주군,S130001061,삼우초등학교,2,공립,N,,0.0,0.0,16.0,1.0,0.0,11.0,0.0,0.0,15.0,1.0,1.0,14.0,0.0,0.0,10.0,0.0,0.0,23.0,2.0,1.0,89.0
전라북도교육청,전라북도완주교육지원청,전라북도 완주군,S130001062,고산초등학교,2,공립,N,,1.0,0.0,21.0,3.0,1.0,17.0,2.0,1.0,23.0,3.0,1.0,23.0,4.0,1.0,17.0,0.0,0.0,13.0,13.0,4.0,114.0
전라북도교육청,전라북도완주교육지원청,전라북도 완주군,S130001064,구이초등학교,2,공립,N,,2.0,0.0,8.0,1.0,1.0,14.0,0.0,0.0,9.0,2.0,1.0,15.0,0.0,0.0,10.0,0.0,0.0,12.0,5.0,2.0,68.0
전라북도교육청,전라북도완주교육지원청,전라북도 완주군,S130001065,남관초등학교,2,공립,N,,0.0,0.0,4.0,0.0,0.0,3.0,1.0,1.0,6.0,0.0,0.0,5.0,1.0,1.0,3.0,1.0,1.0,3.0,3.0,3.0,24.0
전라북도교육청,전라북도완주교육지원청,전라북도 완주군,S130001066,대덕초등학교,2,공립,N,,0.0,1.0,13.0,3.0,2.0,14.0,3.0,2.0,15.0,2.0,1.0,11.0,0.0,1.0,15.0,0.0,2.0,12.0,8.0,9.0,80.0
전라북도교육청,전라북도완주교육지원청,전라북도 완주군,S130001067,동상초등학교,2,공립,N,,0.0,0.0,0.0,0.0,1.0,2.0,0.0,0.0,2.0,0.0,0.0,4.0,0.0,3.0,10.0,0.0,0.0,4.0,0.0,4.0,22.0
전라북도교육청,전라북도완주교육지원청,전라북도 완주군,S130001068,동양초등학교,2,공립,N,,0.0,0.0,2.0,0.0,2.0,9.0,0.0,1.0,3.0,0.0,1.0,8.0,0.0,0.0,12.0,0.0,0.0,5.0,0.0,4.0,39.0
전라북도교육청,전라북도완주교육지원청,전라북도 완주군,S130001069,봉동초등학교,2,공립,N,,3.0,7.0,87.0,8.0,6.0,77.0,3.0,6.0,98.0,6.0,6.0,110.0,4.0,1.0,118.0,0.0,3.0,112.0,24.0,29.0,602.0
전라북도교육청,전라북도완주교육지원청,전라북도 완주군,S130001070,봉동초등학교양화분교장,2,공립,N,,0.0,0.0,8.0,0.0,1.0,7.0,0.0,0.0,6.0,0.0,0.0,6.0,0.0,0.0,6.0,0.0,0.0,4.0,0.0,1.0,37.0
전라북도교육청,전라북도완주교육지원청,전라북도 완주군,S130001071,봉서초등학교,2,공립,N,,12.0,4.0,134.0,9.0,4.0,155.0,7.0,12.0,169.0,8.0,16.0,179.0,6.0,10.0,199.0,5.0,4.0,176.0,47.0,50.0,1012.0
전라북도교육청,전라북도완주교육지원청,전라북도 완주군,S130001072,봉성초등학교,2,공립,N,,0.0,0.0,11.0,0.0,1.0,17.0,1.0,1.0,19.0,0.0,3.0,22.0,0.0,0.0,13.0,0.0,0.0,5.0,1.0,5.0,87.0
전라북도교육청,전라북도완주교육지원청,전라북도 완주군,S130001073,비봉초등학교,2,공립,N,,0.0,5.0,14.0,1.0,3.0,23.0,0.0,0.0,17.0,0.0,4.0,18.0,0.0,3.0,22.0,0.0,0.0,14.0,1.0,15.0,108.0
전라북도교육청,전라북도완주교육지원청,전라북도 완주군,S130001075,삼례동초등학교,2,공립,N,,0.0,0.0,9.0,0.0,0.0,6.0,1.0,0.0,9.0,0.0,0.0,11.0,1.0,0.0,7.0,0.0,0.0,10.0,2.0,0.0,52.0
전라북도교육청,전라북도완주교육지원청,전라북도 완주군,S130001076,삼례중앙초등학교,2,공립,N,,0.0,0.0,30.0,0.0,0.0,31.0,1.0,1.0,39.0,0.0,0.0,41.0,0.0,0.0,49.0,0.0,0.0,50.0,1.0,1.0,240.0
전라북도교육청,전라북도완주교육지원청,전라북도 완주군,S130001077,삼례초등학교,2,공립,N,,0.0,2.0,45.0,0.0,3.0,36.0,0.0,3.0,62.0,2.0,2.0,45.0,3.0,1.0,51.0,1.0,3.0,54.0,6.0,14.0,293.0
전라북도교육청,전라북도완주교육지원청,전라북도 완주군,S130001078,상관초등학교,2,공립,N,,1.0,1.0,24.0,2.0,1.0,37.0,3.0,2.0,37.0,2.0,3.0,28.0,1.0,0.0,36.0,2.0,1.0,33.0,11.0,8.0,195.0
전라북도교육청,전라북도완주교육지원청,전라북도 완주군,S130001079,소양서초등학교,2,공립,N,,0.0,1.0,16.0,0.0,0.0,15.0,2.0,1.0,12.0,0.0,0.0,8.0,1.0,0.0,8.0,1.0,0.0,7.0,4.0,2.0,66.0
전라북도교육청,전라북도완주교육지원청,전라북도 완주군,S130001080,소양초등학교,2,공립,N,,0.0,2.0,10.0,0.0,0.0,11.0,0.0,0.0,8.0,1.0,0.0,12.0,0.0,0.0,9.0,0.0,0.0,10.0,1.0,2.0,60.0
전라북도교육청,전라북도완주교육지원청,전라북도 완주군,S130001081,송광초등학교,2,공립,N,,2.0,0.0,3.0,0.0,0.0,4.0,0.0,0.0,6.0,0.0,1.0,6.0,1.0,0.0,5.0,1.0,0.0,6.0,4.0,1.0,30.0
전라북도교육청,전라북도완주교육지원청,전라북도 완주군,S130001082,용봉초등학교,2,공립,N,,1.0,2.0,18.0,0.0,2.0,21.0,0.0,2.0,19.0,0.0,1.0,21.0,0.0,2.0,23.0,0.0,1.0,13.0,1.0,10.0,115.0
전라북도교육청,전라북도완주교육지원청,전라북도 완주군,S130001083,용진초등학교,2,공립,N,,1.0,0.0,11.0,1.0,1.0,9.0,0.0,1.0,20.0,1.0,0.0,5.0,0.0,1.0,2.0,0.0,0.0,11.0,3.0,3.0,58.0
전라북도교육청,전라북도완주교육지원청,전라북도 완주군,S130001084,운주초등학교,2,공립,N,,0.0,1.0,4.0,0.0,0.0,4.0,0.0,0.0,8.0,0.0,0.0,3.0,4.0,3.0,6.0,1.0,2.0,6.0,5.0,6.0,31.0
전라북도교육청,전라북도완주교육지원청,전라북도 완주군,S130001086,이서초등학교,2,공립,N,,1.0,1.0,77.0,3.0,14.0,69.0,4.0,3.0,63.0,4.0,5.0,93.0,3.0,2.0,63.0,3.0,2.0,62.0,18.0,27.0,427.0
전라북도교육청,전라북도완주교육지원청,전라북도 완주군,S130001087,이성초등학교,2,공립,N,,0.0,1.0,8.0,0.0,1.0,8.0,1.0,1.0,10.0,0.0,1.0,5.0,0.0,0.0,8.0,0.0,2.0,9.0,1.0,6.0,48.0
전라북도교육청,전라북도완주교육지원청,전라북도 완주군,S130001088,청명초등학교,2,공립,N,,0.0,1.0,8.0,0.0,0.0,2.0,0.0,0.0,12.0,1.0,1.0,5.0,0.0,0.0,5.0,0.0,0.0,3.0,1.0,2.0,35.0
전라북도교육청,전라북도완주교육지원청,전라북도 완주군,S130001089,청완초등학교,2,공립,N,,7.0,4.0,63.0,5.0,10.0,74.0,7.0,3.0,74.0,3.0,3.0,65.0,3.0,6.0,62.0,0.0,1.0,41.0,25.0,27.0,379.0
전라북도교육청,전라북도완주교육지원청,전라북도 완주군,S130001090,태봉초등학교,2,공립,N,,0.0,1.0,4.0,0.0,0.0,9.0,1.0,1.0,5.0,0.0,0.0,4.0,0.0,0.0,5.0,1.0,0.0,8.0,2.0,2.0,35.0
전라북도교육청,전라북도완주교육지원청,전라북도 완주군,S130001091,화산초등학교,2,공립,N,,0.0,0.0,1.0,3.0,0.0,7.0,0.0,0.0,13.0,0.0,0.0,9.0,1.0,2.0,15.0,5.0,0.0,28.0,9.0,2.0,73.0
전라북도교육청,전라북도익산교육지원청,전라북도 익산시,S130001151,금마초등학교,2,공립,N,,3.0,0.0,34.0,0.0,0.0,24.0,3.0,0.0,25.0,0.0,2.0,29.0,4.0,0.0,27.0,0.0,1.0,29.0,10.0,3.0,168.0
전라북도교육청,전라북도익산교육지원청,전라북도 익산시,S130001153,낭산초등학교,2,공립,N,,0.0,0.0,4.0,0.0,1.0,5.0,0.0,0.0,9.0,0.0,0.0,0.0,0.0,0.0,3.0,0.0,0.0,2.0,0.0,1.0,23.0
전라북도교육청,전라북도익산교육지원청,전라북도 익산시,S130001154,다송초등학교,2,공립,N,,0.0,0.0,5.0,0.0,0.0,5.0,0.0,2.0,6.0,0.0,0.0,4.0,0.0,0.0,5.0,0.0,0.0,2.0,0.0,2.0,27.0
전라북도교육청,전라북도익산교육지원청,전라북도 익산시,S130001155,망성초등학교,2,공립,N,,0.0,1.0,6.0,1.0,3.0,7.0,0.0,0.0,4.0,1.0,4.0,12.0,1.0,1.0,3.0,0.0,0.0,3.0,3.0,9.0,35.0
전라북도교육청,전라북도익산교육지원청,전라북도 익산시,S130001156,미륵초등학교,2,공립,N,,0.0,0.0,3.0,0.0,0.0,4.0,1.0,1.0,7.0,0.0,0.0,7.0,0.0,0.0,8.0,0.0,0.0,1.0,1.0,1.0,30.0
전라북도교육청,전라북도익산교육지원청,전라북도 익산시,S130001157,삼기초등학교,2,공립,N,,0.0,0.0,2.0,0.0,1.0,4.0,1.0,0.0,4.0,0.0,0.0,2.0,1.0,0.0,9.0,0.0,0.0,2.0,2.0,1.0,23.0
전라북도교육청,전라북도익산교육지원청,전라북도 익산시,S130001158,석불초등학교,2,공립,N,,1.0,0.0,2.0,0.0,1.0,1.0,0.0,0.0,2.0,0.0,0.0,4.0,0.0,1.0,3.0,0.0,0.0,3.0,1.0,2.0,15.0
전라북도교육청,전라북도익산교육지원청,전라북도 익산시,S130001160,성당초등학교,2,공립,N,,0.0,0.0,1.0,1.0,0.0,2.0,4.0,0.0,3.0,2.0,1.0,8.0,0.0,1.0,11.0,0.0,4.0,14.0,7.0,6.0,39.0
전라북도교육청,전라북도익산교육지원청,전라북도 익산시,S130001162,성북초등학교,2,공립,N,,0.0,0.0,5.0,0.0,0.0,8.0,0.0,1.0,5.0,1.0,0.0,4.0,0.0,0.0,7.0,0.0,1.0,6.0,1.0,2.0,35.0
전라북도교육청,전라북도익산교육지원청,전라북도 익산시,S130001166,여산초등학교,2,공립,N,,3.0,2.0,14.0,2.0,2.0,12.0,4.0,4.0,14.0,3.0,1.0,14.0,2.0,0.0,15.0,1.0,2.0,15.0,15.0,11.0,84.0
전라북도교육청,전라북도익산교육지원청,전라북도 익산시,S130001167,영만초등학교,2,공립,N,,2.0,3.0,89.0,5.0,2.0,75.0,3.0,3.0,93.0,0.0,2.0,87.0,4.0,4.0,97.0,1.0,2.0,81.0,15.0,16.0,522.0
전라북도교육청,전라북도익산교육지원청,전라북도 익산시,S130001168,오산남초등학교,2,공립,N,,0.0,2.0,19.0,0.0,0.0,16.0,0.0,0.0,14.0,0.0,1.0,15.0,0.0,0.0,10.0,0.0,0.0,13.0,0.0,3.0,87.0
전라북도교육청,전라북도익산교육지원청,전라북도 익산시,S130001169,오산초등학교,2,공립,N,,0.0,0.0,10.0,1.0,2.0,13.0,1.0,4.0,18.0,1.0,1.0,13.0,0.0,3.0,10.0,1.0,0.0,14.0,4.0,10.0,78.0
전라북도교육청,전라북도익산교육지원청,전라북도 익산시,S130001170,왕궁남초등학교,2,공립,N,,1.0,0.0,3.0,0.0,0.0,2.0,0.0,0.0,3.0,0.0,0.0,3.0,0.0,0.0,0.0,0.0,0.0,7.0,1.0,0.0,18.0
전라북도교육청,전라북도익산교육지원청,전라북도 익산시,S130001171,왕궁초등학교,2,공립,N,,0.0,0.0,6.0,1.0,0.0,6.0,0.0,0.0,6.0,0.0,0.0,7.0,0.0,1.0,7.0,0.0,0.0,5.0,1.0,1.0,37.0
전라북도교육청,전라북도익산교육지원청,전라북도 익산시,S130001172,왕북초등학교,2,공립,N,,0.0,1.0,7.0,1.0,2.0,7.0,0.0,2.0,10.0,0.0,3.0,10.0,0.0,2.0,12.0,0.0,0.0,9.0,1.0,10.0,55.0
전라북도교육청,전라북도익산교육지원청,전라북도 익산시,S130001173,용남초등학교,2,공립,N,,0.0,0.0,2.0,0.0,0.0,7.0,0.0,0.0,2.0,0.0,2.0,6.0,0.0,0.0,2.0,0.0,0.0,4.0,0.0,2.0,23.0
전라북도교육청,전라북도익산교육지원청,전라북도 익산시,S130001174,용북초등학교,2,공립,N,,0.0,1.0,2.0,1.0,0.0,1.0,0.0,0.0,3.0,0.0,2.0,5.0,0.0,0.0,4.0,0.0,0.0,0.0,1.0,3.0,15.0
전라북도교육청,전라북도익산교육지원청,전라북도 익산시,S130001175,용산초등학교,2,공립,N,,2.0,0.0,14.0,3.0,1.0,7.0,4.0,1.0,9.0,4.0,0.0,7.0,2.0,0.0,9.0,0.0,0.0,2.0,15.0,2.0,48.0
전라북도교육청,전라북도익산교육지원청,전라북도 익산시,S130001176,용성초등학교,2,공립,N,,0.0,0.0,2.0,0.0,0.0,1.0,0.0,0.0,4.0,0.0,0.0,2.0,0.0,1.0,2.0,0.0,1.0,1.0,0.0,2.0,12.0
전라북도교육청,전라북도익산교육지원청,전라북도 익산시,S130001177,용안초등학교,2,공립,N,,0.0,0.0,2.0,0.0,0.0,6.0,0.0,2.0,6.0,0.0,0.0,8.0,0.0,0.0,3.0,0.0,0.0,8.0,0.0,2.0,33.0
전라북도교육청,전라북도익산교육지원청,전라북도 익산시,S130001179,웅포초등학교,2,공립,N,,0.0,1.0,3.0,0.0,0.0,2.0,0.0,0.0,3.0,1.0,0.0,9.0,0.0,1.0,3.0,0.0,0.0,4.0,1.0,2.0,24.0
전라북도교육청,전라북도익산교육지원청,전라북도 익산시,S130001180,이리계문초등학교,2,공립,N,,0.0,1.0,13.0,0.0,1.0,6.0,1.0,0.0,16.0,1.0,1.0,19.0,2.0,0.0,11.0,1.0,0.0,17.0,5.0,3.0,82.0
전라북도교육청,전라북도익산교육지원청,전라북도 익산시,S130001181,이리고현초등학교,2,공립,N,,1.0,0.0,37.0,0.0,2.0,58.0,2.0,6.0,50.0,1.0,1.0,70.0,1.0,3.0,68.0,1.0,0.0,65.0,6.0,12.0,348.0
전라북도교육청,전라북도익산교육지원청,전라북도 익산시,S130001182,이리남창초등학교,2,공립,N,,1.0,1.0,12.0,1.0,1.0,12.0,2.0,1.0,13.0,0.0,0.0,17.0,0.0,2.0,17.0,0.0,0.0,11.0,4.0,5.0,82.0
전라북도교육청,전라북도익산교육지원청,전라북도 익산시,S130001183,이리남초등학교,2,공립,N,,0.0,1.0,15.0,0.0,3.0,9.0,2.0,2.0,6.0,1.0,0.0,7.0,2.0,1.0,7.0,0.0,0.0,7.0,5.0,7.0,51.0
전라북도교육청,전라북도익산교육지원청,전라북도 익산시,S130001184,이리동남초등학교,2,공립,N,,2.0,4.0,32.0,2.0,3.0,49.0,2.0,3.0,58.0,1.0,2.0,58.0,2.0,1.0,50.0,3.0,1.0,48.0,12.0,14.0,295.0
전라북도교육청,전라북도익산교육지원청,전라북도 익산시,S130001185,이리동북초등학교,2,공립,N,,1.0,3.0,39.0,2.0,1.0,53.0,3.0,5.0,55.0,1.0,2.0,52.0,4.0,1.0,50.0,1.0,1.0,52.0,12.0,13.0,301.0
전라북도교육청,전라북도익산교육지원청,전라북도 익산시,S130001186,이리동산초등학교,2,공립,N,,1.0,5.0,99.0,5.0,1.0,106.0,8.0,9.0,123.0,5.0,11.0,125.0,4.0,8.0,127.0,3.0,1.0,127.0,26.0,35.0,707.0
전라북도교육청,전라북도익산교육지원청,전라북도 익산시,S130001187,이리동초등학교,2,공립,N,,2.0,2.0,65.0,2.0,4.0,72.0,1.0,3.0,87.0,1.0,5.0,111.0,0.0,5.0,90.0,2.0,4.0,100.0,8.0,23.0,525.0
전라북도교육청,전라북도익산교육지원청,전라북도 익산시,S130001188,이리마한초등학교,2,공립,N,,3.0,6.0,64.0,3.0,5.0,53.0,2.0,4.0,78.0,1.0,4.0,66.0,3.0,6.0,75.0,2.0,2.0,98.0,14.0,27.0,434.0
전라북도교육청,전라북도익산교육지원청,전라북도 익산시,S130001189,이리모현초등학교,2,공립,N,,7.0,6.0,137.0,11.0,5.0,122.0,20.0,1.0,147.0,13.0,9.0,158.0,9.0,11.0,161.0,5.0,5.0,151.0,65.0,37.0,876.0
전라북도교육청,전라북도익산교육지원청,전라북도 익산시,S130001190,이리백제초등학교,2,공립,N,,4.0,5.0,98.0,6.0,5.0,88.0,3.0,3.0,107.0,2.0,4.0,101.0,2.0,1.0,98.0,3.0,1.0,111.0,20.0,19.0,603.0
전라북도교육청,전라북도익산교육지원청,전라북도 익산시,S130001191,이리부송초등학교,2,공립,N,,2.0,4.0,56.0,1.0,6.0,50.0,6.0,4.0,97.0,4.0,3.0,88.0,1.0,1.0,91.0,4.0,0.0,87.0,18.0,18.0,469.0
전라북도교육청,전라북도익산교육지원청,전라북도 익산시,S130001192,이리부천초등학교,2,공립,N,,9.0,2.0,85.0,7.0,11.0,106.0,2.0,9.0,94.0,4.0,5.0,99.0,8.0,8.0,111.0,2.0,3.0,108.0,32.0,38.0,603.0
전라북도교육청,전라북도익산교육지원청,전라북도 익산시,S130001193,이리북일초등학교,2,공립,N,,0.0,1.0,14.0,0.0,0.0,14.0,2.0,0.0,24.0,3.0,0.0,33.0,1.0,0.0,27.0,1.0,0.0,31.0,7.0,1.0,143.0
전라북도교육청,전라북도익산교육지원청,전라북도 익산시,S130001194,이리북초등학교,2,공립,N,,0.0,0.0,31.0,0.0,0.0,33.0,0.0,0.0,49.0,0.0,0.0,35.0,0.0,0.0,38.0,4.0,0.0,39.0,4.0,0.0,225.0
전라북도교육청,전라북도익산교육지원청,전라북도 익산시,S130001195,이리삼성초등학교,2,공립,N,,0.0,0.0,10.0,1.0,5.0,6.0,0.0,3.0,18.0,0.0,2.0,11.0,0.0,2.0,14.0,1.0,1.0,10.0,2.0,13.0,69.0
전라북도교육청,전라북도익산교육지원청,전라북도 익산시,S130001196,이리서초등학교,2,공립,N,,1.0,3.0,88.0,2.0,2.0,85.0,6.0,6.0,78.0,4.0,3.0,81.0,3.0,4.0,79.0,0.0,2.0,72.0,16.0,20.0,483.0
전라북도교육청,전라북도익산교육지원청,전라북도 익산시,S130001197,이리석암초등학교,2,공립,N,,0.0,0.0,6.0,0.0,1.0,6.0,0.0,1.0,8.0,0.0,0.0,3.0,0.0,0.0,6.0,0.0,1.0,9.0,0.0,3.0,38.0
전라북도교육청,전라북도익산교육지원청,전라북도 익산시,S130001198,이리송학초등학교,2,공립,N,,0.0,2.0,59.0,2.0,8.0,66.0,2.0,4.0,95.0,3.0,7.0,87.0,0.0,4.0,76.0,0.0,2.0,68.0,7.0,27.0,451.0
전라북도교육청,전라북도익산교육지원청,전라북도 익산시,S130001199,이리신동초등학교,2,공립,N,,0.0,0.0,23.0,4.0,1.0,11.0,2.0,2.0,29.0,0.0,2.0,35.0,2.0,1.0,29.0,0.0,0.0,15.0,8.0,6.0,142.0
전라북도교육청,전라북도익산교육지원청,전라북도 익산시,S130001200,이리신흥초등학교,2,공립,N,,0.0,0.0,9.0,1.0,1.0,7.0,1.0,1.0,13.0,0.0,0.0,13.0,0.0,1.0,10.0,0.0,0.0,5.0,2.0,3.0,57.0
전라북도교육청,전라북도익산교육지원청,전라북도 익산시,S130001201,익산어양초등학교,2,공립,N,,5.0,3.0,128.0,9.0,7.0,109.0,4.0,7.0,129.0,9.0,1.0,121.0,3.0,2.0,126.0,4.0,3.0,115.0,34.0,23.0,728.0
전라북도교육청,전라북도익산교육지원청,전라북도 익산시,S130001202,이리영등초등학교,2,공립,N,,8.0,2.0,103.0,6.0,7.0,106.0,3.0,4.0,123.0,2.0,8.0,120.0,5.0,2.0,135.0,2.0,4.0,112.0,26.0,27.0,699.0
전라북도교육청,전라북도익산교육지원청,전라북도 익산시,S130001203,이리중앙초등학교,2,공립,N,,0.0,3.0,25.0,2.0,2.0,21.0,1.0,2.0,23.0,1.0,1.0,20.0,1.0,0.0,17.0,0.0,0.0,23.0,5.0,8.0,129.0
전라북도교육청,전라북도익산교육지원청,전라북도 익산시,S130001204,이리초등학교,2,공립,N,,3.0,6.0,39.0,4.0,9.0,50.0,2.0,3.0,43.0,5.0,3.0,62.0,4.0,2.0,47.0,0.0,2.0,53.0,18.0,25.0,294.0
전라북도교육청,전라북도익산교육지원청,전라북도 익산시,S130001205,이리팔봉초등학교,2,공립,N,,2.0,1.0,36.0,3.0,5.0,71.0,3.0,3.0,56.0,2.0,2.0,57.0,1.0,3.0,44.0,1.0,2.0,56.0,12.0,16.0,320.0
전라북도교육청,전라북도익산교육지원청,전라북도 익산시,S130001206,익산초등학교,2,공립,N,,1.0,4.0,69.0,1.0,3.0,74.0,4.0,4.0,87.0,2.0,4.0,77.0,1.0,2.0,85.0,2.0,1.0,85.0,11.0,18.0,477.0
전라북도교육청,전라북도익산교육지원청,전라북도 익산시,S130001207,천서초등학교,2,공립,N,,0.0,1.0,8.0,0.0,0.0,6.0,0.0,0.0,3.0,0.0,1.0,9.0,0.0,1.0,9.0,0.0,1.0,7.0,0.0,4.0,42.0
전라북도교육청,전라북도익산교육지원청,전라북도 익산시,S130001208,춘포초등학교,2,공립,N,,0.0,1.0,14.0,0.0,2.0,12.0,3.0,2.0,23.0,0.0,0.0,22.0,1.0,0.0,8.0,0.0,0.0,13.0,4.0,5.0,92.0
전라북도교육청,전라북도익산교육지원청,전라북도 익산시,S130001209,함라초등학교,2,공립,N,,0.0,1.0,5.0,0.0,1.0,5.0,0.0,0.0,3.0,0.0,1.0,10.0,0.0,0.0,6.0,0.0,0.0,8.0,0.0,3.0,37.0
전라북도교육청,전라북도익산교육지원청,전라북도 익산시,S130001210,함열초등학교,2,공립,N,,1.0,1.0,22.0,0.0,4.0,43.0,2.0,1.0,53.0,3.0,6.0,47.0,2.0,1.0,53.0,2.0,4.0,42.0,10.0,17.0,260.0
전라북도교육청,전라북도익산교육지원청,전라북도 익산시,S130001211,황등남초등학교,2,공립,N,,0.0,0.0,23.0,6.0,1.0,32.0,0.0,1.0,20.0,1.0,1.0,18.0,3.0,2.0,26.0,1.0,2.0,25.0,11.0,7.0,144.0
전라북도교육청,전라북도익산교육지원청,전라북도 익산시,S130001212,황등초등학교,2,공립,N,,1.0,0.0,7.0,0.0,1.0,5.0,0.0,1.0,11.0,2.0,0.0,10.0,0.0,1.0,15.0,0.0,0.0,9.0,3.0,3.0,57.0
전라북도교육청,전라북도익산교육지원청,전라북도 익산시,S130001213,흥왕초등학교,2,공립,N,,0.0,0.0,5.0,0.0,0.0,1.0,0.0,1.0,2.0,0.0,2.0,7.0,0.0,1.0,4.0,0.0,0.0,9.0,0.0,4.0,28.0
전라북도교육청,전라북도임실교육지원청,전라북도 임실군,S130001308,갈담초등학교,2,공립,N,,0.0,1.0,4.0,0.0,0.0,2.0,0.0,1.0,4.0,0.0,0.0,5.0,0.0,0.0,8.0,0.0,0.0,7.0,0.0,2.0,30.0
전라북도교육청,전라북도임실교육지원청,전라북도 임실군,S130001311,관촌초등학교,2,공립,N,,0.0,0.0,10.0,1.0,0.0,16.0,0.0,1.0,7.0,0.0,0.0,19.0,0.0,1.0,9.0,0.0,3.0,9.0,1.0,5.0,70.0
전라북도교육청,전라북도임실교육지원청,전라북도 임실군,S130001313,대리초등학교,2,공립,N,,0.0,0.0,9.0,0.0,4.0,8.0,0.0,1.0,9.0,1.0,1.0,11.0,0.0,2.0,9.0,0.0,1.0,9.0,1.0,9.0,55.0
전라북도교육청,전라북도임실교육지원청,전라북도 임실군,S130001314,덕치초등학교,2,공립,N,,0.0,0.0,1.0,0.0,0.0,1.0,0.0,1.0,3.0,0.0,1.0,3.0,0.0,0.0,3.0,0.0,1.0,2.0,0.0,3.0,13.0
전라북도교육청,전라북도임실교육지원청,전라북도 임실군,S130001316,삼계초등학교,2,공립,N,,0.0,0.0,0.0,0.0,0.0,3.0,0.0,0.0,3.0,0.0,0.0,4.0,0.0,1.0,3.0,0.0,0.0,6.0,0.0,1.0,19.0
전라북도교육청,전라북도임실교육지원청,전라북도 임실군,S130001318,성수초등학교,2,공립,N,,0.0,1.0,5.0,1.0,1.0,13.0,0.0,0.0,2.0,0.0,1.0,13.0,1.0,0.0,6.0,1.0,0.0,12.0,3.0,3.0,51.0
전라북도교육청,전라북도임실교육지원청,전라북도 임실군,S130001320,신평초등학교,2,공립,N,,0.0,0.0,3.0,0.0,0.0,1.0,2.0,0.0,5.0,0.0,0.0,1.0,0.0,0.0,4.0,0.0,0.0,1.0,2.0,0.0,15.0
전라북도교육청,전라북도임실교육지원청,전라북도 임실군,S130001322,오수초등학교,2,공립,N,,1.0,2.0,10.0,1.0,0.0,15.0,1.0,1.0,15.0,1.0,3.0,13.0,2.0,1.0,12.0,0.0,0.0,21.0,6.0,7.0,86.0
전라북도교육청,전라북도임실교육지원청,전라북도 임실군,S130001323,운암초등학교,2,공립,N,,0.0,0.0,2.0,1.0,0.0,0.0,0.0,0.0,1.0,0.0,0.0,2.0,0.0,0.0,0.0,1.0,0.0,3.0,2.0,0.0,8.0
전라북도교육청,전라북도임실교육지원청,전라북도 임실군,S130001324,마암초등학교,2,공립,N,,0.0,2.0,12.0,1.0,0.0,6.0,0.0,3.0,9.0,0.0,1.0,12.0,0.0,3.0,10.0,0.0,0.0,4.0,1.0,9.0,53.0
전라북도교육청,전라북도임실교육지원청,전라북도 임실군,S130001325,임실기림초등학교,2,공립,N,,1.0,1.0,10.0,0.0,0.0,8.0,0.0,2.0,8.0,1.0,0.0,10.0,0.0,2.0,7.0,2.0,0.0,8.0,4.0,5.0,51.0
전라북도교육청,전라북도임실교육지원청,전라북도 임실군,S130001327,임실초등학교,2,공립,N,,7.0,2.0,47.0,3.0,5.0,62.0,3.0,5.0,65.0,3.0,6.0,55.0,2.0,6.0,80.0,1.0,6.0,68.0,19.0,30.0,377.0
전라북도교육청,전라북도임실교육지원청,전라북도 임실군,S130001328,지사초등학교,2,공립,N,,2.0,0.0,2.0,2.0,0.0,2.0,0.0,0.0,5.0,1.0,0.0,2.0,1.0,0.0,2.0,0.0,0.0,2.0,6.0,0.0,15.0
전라북도교육청,전라북도임실교육지원청,전라북도 임실군,S130001329,청웅초등학교,2,공립,N,,0.0,0.0,2.0,0.0,1.0,3.0,1.0,0.0,4.0,0.0,1.0,4.0,1.0,0.0,5.0,0.0,1.0,7.0,2.0,3.0,25.0
전라북도교육청,전라북도장수교육지원청,전라북도 장수군,S130001352,계남초등학교,2,공립,N,,1.0,0.0,6.0,0.0,0.0,3.0,0.0,3.0,8.0,0.0,1.0,5.0,0.0,2.0,9.0,1.0,0.0,6.0,2.0,6.0,37.0
전라북도교육청,전라북도장수교육지원청,전라북도 장수군,S130001353,계북초등학교,2,공립,N,,0.0,0.0,5.0,0.0,0.0,6.0,0.0,1.0,6.0,0.0,0.0,10.0,0.0,0.0,8.0,0.0,0.0,7.0,0.0,1.0,42.0
전라북도교육청,전라북도장수교육지원청,전라북도 장수군,S130001358,번암초등학교,2,공립,N,,0.0,0.0,13.0,0.0,0.0,7.0,0.0,0.0,5.0,1.0,2.0,10.0,1.0,0.0,8.0,0.0,1.0,7.0,2.0,3.0,50.0
전라북도교육청,전라북도장수교육지원청,전라북도 장수군,S130001359,번암초등학교동화분교장,2,공립,N,,2.0,0.0,0.0,0.0,1.0,2.0,0.0,0.0,3.0,1.0,1.0,3.0,1.0,0.0,1.0,0.0,0.0,2.0,4.0,2.0,11.0
전라북도교육청,전라북도장수교육지원청,전라북도 장수군,S130001360,산서초등학교,2,공립,N,,0.0,0.0,4.0,0.0,1.0,8.0,0.0,0.0,9.0,0.0,1.0,11.0,2.0,0.0,12.0,1.0,0.0,14.0,3.0,2.0,58.0
전라북도교육청,전라북도장수교육지원청,전라북도 장수군,S130001361,수남초등학교,2,공립,N,,0.0,1.0,8.0,1.0,0.0,6.0,1.0,1.0,4.0,1.0,1.0,14.0,0.0,0.0,5.0,1.0,0.0,11.0,4.0,3.0,48.0
전라북도교육청,전라북도장수교육지원청,전라북도 장수군,S130001365,장계초등학교,2,공립,N,,1.0,3.0,31.0,2.0,2.0,34.0,4.0,1.0,35.0,2.0,2.0,40.0,2.0,0.0,33.0,0.0,1.0,34.0,11.0,9.0,207.0
전라북도교육청,전라북도장수교육지원청,전라북도 장수군,S130001366,장수초등학교,2,공립,N,,1.0,3.0,59.0,1.0,3.0,70.0,1.0,2.0,60.0,3.0,6.0,68.0,2.0,6.0,68.0,2.0,0.0,52.0,10.0,20.0,377.0
전라북도교육청,전라북도장수교육지원청,전라북도 장수군,S130001368,천천초등학교,2,공립,N,,1.0,0.0,1.0,0.0,0.0,3.0,0.0,1.0,9.0,0.0,0.0,4.0,1.0,1.0,8.0,0.0,1.0,6.0,2.0,3.0,31.0
전라북도교육청,전라북도전주교육지원청,전라북도 전주시 덕진구,S130001423,전주금암초등학교,2,공립,N,,2.0,3.0,32.0,2.0,2.0,37.0,3.0,0.0,48.0,2.0,3.0,48.0,2.0,2.0,51.0,1.0,0.0,44.0,12.0,10.0,260.0
전라북도교육청,전라북도전주교육지원청,전라북도 전주시 덕진구,S130001424,전주금평초등학교,2,공립,N,,1.0,5.0,51.0,3.0,3.0,44.0,3.0,3.0,31.0,1.0,3.0,29.0,0.0,0.0,44.0,2.0,3.0,29.0,10.0,17.0,228.0
전라북도교육청,전라북도전주교육지원청,전라북도 전주시 덕진구,S130001425,전주기린초등학교,2,공립,N,,3.0,5.0,56.0,6.0,2.0,62.0,2.0,4.0,92.0,3.0,2.0,87.0,2.0,5.0,96.0,0.0,1.0,98.0,16.0,19.0,491.0
전라북도교육청,전라북도전주교육지원청,전라북도 전주시 완산구,S130001426,전주남초등학교,2,공립,N,,0.0,4.0,56.0,2.0,4.0,52.0,4.0,2.0,66.0,3.0,3.0,67.0,1.0,2.0,70.0,0.0,0.0,70.0,10.0,15.0,381.0
전라북도교육청,전라북도전주교육지원청,전라북도 전주시 완산구,S130001427,전주대성초등학교,2,공립,N,,0.0,0.0,10.0,2.0,1.0,8.0,0.0,0.0,6.0,0.0,2.0,13.0,0.0,0.0,7.0,0.0,0.0,9.0,2.0,3.0,53.0
전라북도교육청,전라북도전주교육지원청,전라북도 전주시 덕진구,S130001428,전주덕일초등학교,2,공립,N,,5.0,1.0,36.0,0.0,2.0,39.0,1.0,2.0,55.0,2.0,7.0,46.0,3.0,7.0,61.0,2.0,3.0,57.0,13.0,22.0,294.0
전라북도교육청,전라북도전주교육지원청,전라북도 전주시 덕진구,S130001429,전주덕진초등학교,2,공립,N,,1.0,0.0,21.0,1.0,1.0,21.0,1.0,0.0,18.0,2.0,0.0,19.0,4.0,2.0,27.0,0.0,1.0,19.0,9.0,4.0,125.0
전라북도교육청,전라북도전주교육지원청,전라북도 전주시 덕진구,S130001431,전주동북초등학교,2,공립,N,,0.0,0.0,25.0,3.0,4.0,34.0,1.0,3.0,29.0,1.0,0.0,30.0,2.0,3.0,31.0,0.0,2.0,37.0,7.0,12.0,186.0
전라북도교육청,전라북도전주교육지원청,전라북도 전주시 덕진구,S130001432,전주동신초등학교,2,공립,N,,14.0,4.0,60.0,32.0,9.0,70.0,25.0,4.0,68.0,24.0,2.0,52.0,23.0,7.0,68.0,14.0,2.0,47.0,132.0,28.0,365.0
전라북도교육청,전라북도전주교육지원청,전라북도 전주시 완산구,S130001433,전주동초등학교,2,공립,N,,2.0,3.0,39.0,1.0,8.0,37.0,0.0,6.0,44.0,1.0,3.0,54.0,3.0,2.0,37.0,0.0,1.0,33.0,7.0,23.0,244.0
전라북도교육청,전라북도전주교육지원청,전라북도 전주시 덕진구,S130001434,전주만성초등학교,2,공립,N,,10.0,2.0,222.0,12.0,17.0,238.0,11.0,9.0,239.0,12.0,9.0,218.0,5.0,6.0,213.0,6.0,11.0,204.0,56.0,54.0,1334.0
전라북도교육청,전라북도전주교육지원청,전라북도 전주시 완산구,S130001435,전주문정초등학교,2,공립,N,,0.0,0.0,9.0,0.0,2.0,11.0,2.0,1.0,8.0,1.0,0.0,7.0,0.0,0.0,6.0,1.0,0.0,4.0,4.0,3.0,45.0
전라북도교육청,전라북도전주교육지원청,전라북도 전주시 덕진구,S130001436,전주미산초등학교,2,공립,N,,0.0,1.0,12.0,0.0,3.0,10.0,0.0,0.0,14.0,1.0,1.0,6.0,0.0,1.0,8.0,0.0,0.0,7.0,1.0,6.0,57.0
전라북도교육청,전라북도전주교육지원청,전라북도 전주시 덕진구,S130001437,전주반월초등학교,2,공립,N,,1.0,7.0,89.0,3.0,6.0,74.0,1.0,5.0,83.0,1.0,4.0,86.0,2.0,6.0,79.0,1.0,2.0,58.0,9.0,30.0,469.0
전라북도교육청,전라북도전주교육지원청,전라북도 전주시 덕진구,S130001438,전주북일초등학교,2,공립,N,,7.0,4.0,71.0,10.0,5.0,94.0,7.0,5.0,122.0,13.0,7.0,104.0,6.0,12.0,129.0,3.0,1.0,106.0,46.0,34.0,626.0
전라북도교육청,전라북도전주교육지원청,전라북도 전주시 덕진구,S130001439,전주북초등학교,2,공립,N,,4.0,4.0,64.0,0.0,4.0,75.0,1.0,1.0,76.0,3.0,3.0,119.0,0.0,8.0,89.0,1.0,2.0,95.0,9.0,22.0,518.0
전라북도교육청,전라북도전주교육지원청,전라북도 전주시 완산구,S130001440,전주삼천남초등학교,2,공립,N,,0.0,0.0,54.0,3.0,5.0,71.0,3.0,4.0,75.0,4.0,2.0,72.0,1.0,3.0,79.0,6.0,0.0,82.0,17.0,14.0,433.0
전라북도교육청,전라북도전주교육지원청,전라북도 전주시 완산구,S130001441,전주삼천초등학교,2,공립,N,,2.0,2.0,50.0,4.0,4.0,61.0,4.0,6.0,67.0,2.0,1.0,63.0,2.0,5.0,69.0,2.0,4.0,57.0,16.0,22.0,367.0
전라북도교육청,전라북도전주교육지원청,전라북도 전주시 완산구,S130001442,전주서곡초등학교,2,공립,N,,1.0,8.0,106.0,8.0,9.0,123.0,3.0,4.0,117.0,9.0,3.0,134.0,9.0,3.0,136.0,3.0,2.0,139.0,33.0,29.0,755.0
전라북도교육청,전라북도전주교육지원청,전라북도 전주시 완산구,S130001443,전주서문초등학교,2,공립,N,,2.0,2.0,57.0,3.0,2.0,56.0,2.0,4.0,70.0,4.0,7.0,62.0,7.0,1.0,87.0,3.0,1.0,88.0,21.0,17.0,420.0
전라북도교육청,전라북도전주교육지원청,전라북도 전주시 완산구,S130001444,전주서신초등학교,2,공립,N,,0.0,0.0,87.0,5.0,0.0,86.0,5.0,2.0,71.0,6.0,0.0,56.0,2.0,0.0,67.0,1.0,0.0,43.0,19.0,2.0,410.0
전라북도교육청,전라북도전주교육지원청,전라북도 전주시 완산구,S130001445,전주서원초등학교,2,공립,N,,3.0,3.0,59.0,9.0,7.0,64.0,8.0,6.0,75.0,5.0,5.0,95.0,8.0,2.0,78.0,4.0,0.0,75.0,37.0,23.0,446.0
전라북도교육청,전라북도전주교육지원청,전라북도 전주시 완산구,S130001446,전주서일초등학교,2,공립,N,,6.0,1.0,108.0,8.0,10.0,110.0,8.0,8.0,126.0,5.0,5.0,110.0,4.0,5.0,151.0,3.0,0.0,122.0,34.0,29.0,727.0
전라북도교육청,전라북도전주교육지원청,전라북도 전주시 완산구,S130001447,전주서천초등학교,2,공립,N,,2.0,2.0,64.0,1.0,3.0,55.0,2.0,5.0,59.0,2.0,8.0,85.0,0.0,3.0,74.0,1.0,2.0,80.0,8.0,23.0,417.0
전라북도교육청,전라북도전주교육지원청,전라북도 전주시 덕진구,S130001448,전주송북초등학교,2,공립,N,,5.0,7.0,82.0,6.0,2.0,93.0,7.0,7.0,110.0,11.0,10.0,112.0,13.0,2.0,105.0,3.0,2.0,113.0,45.0,30.0,615.0
전라북도교육청,전라북도전주교육지원청,전라북도 전주시 덕진구,S130001449,전주송원초등학교,2,공립,N,,3.0,3.0,80.0,7.0,9.0,83.0,4.0,6.0,98.0,5.0,6.0,104.0,3.0,3.0,94.0,3.0,2.0,79.0,25.0,29.0,538.0
전라북도교육청,전라북도전주교육지원청,전라북도 전주시 덕진구,S130001450,전주송천초등학교,2,공립,N,,2.0,2.0,102.0,2.0,5.0,94.0,2.0,4.0,116.0,5.0,3.0,120.0,4.0,4.0,111.0,1.0,3.0,116.0,16.0,21.0,659.0
전라북도교육청,전라북도전주교육지원청,전라북도 전주시 덕진구,S130001451,전주신동초등학교,2,공립,N,,2.0,2.0,79.0,7.0,12.0,92.0,2.0,8.0,105.0,4.0,11.0,119.0,3.0,10.0,97.0,3.0,3.0,125.0,21.0,46.0,617.0
전라북도교육청,전라북도전주교육지원청,전라북도 전주시 완산구,S130001452,전주신성초등학교,2,공립,N,,2.0,0.0,57.0,6.0,3.0,78.0,3.0,3.0,81.0,4.0,4.0,83.0,2.0,7.0,80.0,0.0,1.0,92.0,17.0,18.0,471.0
전라북도교육청,전라북도전주교육지원청,전라북도 전주시 덕진구,S130001453,전주아중초등학교,2,공립,N,,1.0,3.0,36.0,3.0,5.0,41.0,3.0,0.0,35.0,7.0,4.0,47.0,1.0,0.0,43.0,0.0,1.0,36.0,15.0,13.0,238.0
전라북도교육청,전라북도전주교육지원청,전라북도 전주시 완산구,S130001454,전주양지초등학교,2,공립,N,,0.0,0.0,58.0,0.0,0.0,44.0,0.0,0.0,68.0,0.0,0.0,60.0,0.0,0.0,51.0,0.0,2.0,48.0,0.0,2.0,329.0
전라북도교육청,전라북도전주교육지원청,전라북도 전주시 완산구,S130001455,전주완산서초등학교,2,공립,N,,0.0,4.0,34.0,0.0,2.0,46.0,2.0,3.0,43.0,0.0,2.0,45.0,1.0,2.0,42.0,3.0,1.0,63.0,6.0,14.0,273.0
전라북도교육청,전라북도전주교육지원청,전라북도 전주시 완산구,S130001456,전주완산초등학교,2,공립,N,,0.0,1.0,13.0,0.0,1.0,17.0,1.0,0.0,13.0,0.0,0.0,13.0,0.0,0.0,12.0,0.0,0.0,11.0,1.0,2.0,79.0
전라북도교육청,전라북도전주교육지원청,전라북도 전주시 덕진구,S130001457,전주용덕초등학교,2,공립,N,,0.0,0.0,19.0,1.0,0.0,18.0,1.0,0.0,18.0,0.0,1.0,9.0,0.0,0.0,18.0,1.0,0.0,7.0,3.0,1.0,89.0
전라북도교육청,전라북도전주교육지원청,전라북도 전주시 완산구,S130001458,전주용흥초등학교,2,공립,N,,2.0,2.0,113.0,5.0,5.0,116.0,6.0,9.0,117.0,4.0,10.0,118.0,3.0,3.0,118.0,2.0,5.0,126.0,22.0,34.0,708.0
전라북도교육청,전라북도전주교육지원청,전라북도 전주시 완산구,S130001459,전주우전초등학교,2,공립,N,,4.0,7.0,150.0,4.0,6.0,148.0,8.0,10.0,136.0,9.0,5.0,174.0,5.0,8.0,158.0,12.0,4.0,150.0,42.0,40.0,916.0
전라북도교육청,전라북도전주교육지원청,전라북도 전주시 덕진구,S130001460,전주원동초등학교,2,공립,N,,0.0,1.0,20.0,0.0,1.0,19.0,0.0,2.0,16.0,0.0,0.0,21.0,0.0,2.0,11.0,0.0,0.0,6.0,0.0,6.0,93.0
전라북도교육청,전라북도전주교육지원청,전라북도 전주시 덕진구,S130001461,전주인봉초등학교,2,공립,N,,5.0,4.0,136.0,9.0,14.0,124.0,6.0,10.0,170.0,5.0,5.0,180.0,7.0,11.0,194.0,3.0,5.0,213.0,35.0,49.0,1017.0
전라북도교육청,전라북도전주교육지원청,전라북도 전주시 덕진구,S130001462,전주인후초등학교,2,공립,N,,0.0,4.0,131.0,1.0,7.0,147.0,2.0,2.0,171.0,0.0,2.0,168.0,3.0,2.0,178.0,0.0,1.0,145.0,6.0,18.0,940.0
전라북도교육청,전라북도전주교육지원청,전라북도 전주시 덕진구,S130001463,전주장동초등학교,2,공립,N,,0.0,0.0,17.0,0.0,3.0,13.0,0.0,2.0,30.0,2.0,1.0,27.0,0.0,1.0,16.0,2.0,0.0,25.0,4.0,7.0,128.0
전라북도교육청,전라북도전주교육지원청,전라북도 전주시 덕진구,S130001464,전주전라초등학교,2,공립,N,,5.0,2.0,101.0,8.0,6.0,96.0,5.0,3.0,126.0,6.0,4.0,104.0,7.0,2.0,101.0,2.0,2.0,118.0,33.0,19.0,646.0
전라북도교육청,전라북도전주교육지원청,전라북도 전주시 덕진구,S130001465,전주전일초등학교,2,공립,N,,0.0,0.0,32.0,1.0,6.0,48.0,2.0,3.0,46.0,2.0,2.0,46.0,3.0,1.0,53.0,1.0,2.0,52.0,9.0,14.0,277.0
전라북도교육청,전라북도전주교육지원청,전라북도 전주시 덕진구,S130001466,전주조촌초등학교,2,공립,N,,2.0,7.0,129.0,5.0,6.0,140.0,4.0,4.0,135.0,7.0,6.0,124.0,3.0,6.0,130.0,4.0,9.0,139.0,25.0,38.0,797.0
전라북도교육청,전라북도전주교육지원청,전라북도 전주시 완산구,S130001467,전주중산초등학교,2,공립,N,,2.0,4.0,73.0,3.0,3.0,78.0,9.0,5.0,94.0,9.0,8.0,93.0,9.0,8.0,109.0,4.0,0.0,108.0,36.0,28.0,555.0
전라북도교육청,전라북도전주교육지원청,전라북도 전주시 완산구,S130001468,전주중앙초등학교,2,공립,N,,0.0,1.0,17.0,0.0,2.0,15.0,0.0,1.0,16.0,0.0,3.0,18.0,0.0,0.0,21.0,0.0,0.0,22.0,0.0,7.0,109.0
전라북도교육청,전라북도전주교육지원청,전라북도 전주시 완산구,S130001469,전주중인초등학교,2,공립,N,,3.0,0.0,20.0,0.0,0.0,18.0,0.0,1.0,18.0,0.0,1.0,14.0,0.0,1.0,13.0,0.0,0.0,8.0,3.0,3.0,91.0
전라북도교육청,전라북도전주교육지원청,전라북도 전주시 완산구,S130001470,전주지곡초등학교,2,공립,N,,2.0,4.0,159.0,7.0,9.0,162.0,9.0,13.0,191.0,3.0,7.0,183.0,6.0,8.0,197.0,4.0,6.0,170.0,31.0,47.0,1062.0
전라북도교육청,전라북도전주교육지원청,전라북도 전주시 덕진구,S130001471,전주진북초등학교,2,공립,N,,1.0,3.0,34.0,0.0,0.0,19.0,3.0,2.0,38.0,2.0,1.0,26.0,4.0,6.0,47.0,0.0,0.0,34.0,10.0,12.0,198.0
전라북도교육청,전라북도전주교육지원청,전라북도 전주시 완산구,S130001472,전주초등학교,2,공립,N,,2.0,0.0,38.0,4.0,1.0,36.0,1.0,4.0,32.0,1.0,0.0,31.0,2.0,3.0,37.0,1.0,0.0,46.0,11.0,8.0,220.0
전라북도교육청,전라북도전주교육지원청,전라북도 전주시 덕진구,S130001473,전주초포초등학교,2,공립,N,,17.0,0.0,24.0,17.0,3.0,18.0,22.0,0.0,22.0,18.0,1.0,15.0,15.0,1.0,17.0,3.0,0.0,9.0,92.0,5.0,105.0
전라북도교육청,전라북도전주교육지원청,전라북도 전주시 덕진구,S130001474,전주팔복초등학교,2,공립,N,,0.0,1.0,10.0,0.0,0.0,8.0,0.0,0.0,16.0,0.0,0.0,16.0,0.0,0.0,11.0,0.0,0.0,12.0,0.0,1.0,73.0
전라북도교육청,전라북도전주교육지원청,전라북도 전주시 완산구,S130001475,전주평화초등학교,2,공립,N,,3.0,1.0,33.0,0.0,0.0,34.0,2.0,7.0,63.0,1.0,3.0,63.0,2.0,2.0,54.0,0.0,2.0,46.0,8.0,15.0,293.0
전라북도교육청,전라북도전주교육지원청,전라북도 전주시 완산구,S130001476,전주풍남초등학교,2,공립,N,,0.0,0.0,25.0,1.0,1.0,24.0,1.0,0.0,49.0,0.0,4.0,31.0,1.0,1.0,32.0,1.0,0.0,31.0,4.0,6.0,192.0
전라북도교육청,전라북도전주교육지원청,전라북도 전주시 완산구,S130001477,전주한들초등학교,2,공립,N,,3.0,2.0,102.0,14.0,7.0,127.0,10.0,5.0,167.0,14.0,9.0,158.0,14.0,3.0,168.0,11.0,2.0,154.0,66.0,28.0,876.0
전라북도교육청,전라북도전주교육지원청,전라북도 전주시 완산구,S130001478,전주화산초등학교,2,공립,N,,5.0,8.0,123.0,8.0,6.0,100.0,10.0,8.0,116.0,8.0,8.0,133.0,11.0,11.0,129.0,6.0,5.0,112.0,48.0,46.0,713.0
전라북도교육청,전라북도전주교육지원청,전라북도 전주시 완산구,S130001479,전주효림초등학교,2,공립,N,,0.0,0.0,50.0,0.0,7.0,71.0,1.0,2.0,74.0,0.0,3.0,77.0,0.0,4.0,70.0,4.0,0.0,88.0,5.0,16.0,430.0
전라북도교육청,전라북도전주교육지원청,전라북도 전주시 완산구,S130001480,전주효문초등학교,2,공립,N,,2.0,1.0,43.0,2.0,1.0,26.0,3.0,1.0,52.0,1.0,0.0,37.0,2.0,3.0,48.0,1.0,1.0,33.0,11.0,7.0,239.0
전라북도교육청,전라북도전주교육지원청,전라북도 전주시 완산구,S130001481,전주효자초등학교,2,공립,N,,1.0,1.0,24.0,3.0,0.0,27.0,0.0,1.0,23.0,4.0,6.0,33.0,0.0,1.0,33.0,1.0,3.0,28.0,9.0,12.0,168.0
전라북도교육청,전라북도정읍교육지원청,전라북도 정읍시,S130001604,감곡초등학교,2,공립,N,,1.0,0.0,2.0,1.0,0.0,4.0,1.0,0.0,6.0,0.0,0.0,4.0,0.0,0.0,3.0,0.0,0.0,4.0,3.0,0.0,23.0
전라북도교육청,전라북도정읍교육지원청,전라북도 정읍시,S130001605,고부초등학교,2,공립,N,,0.0,0.0,3.0,0.0,0.0,7.0,1.0,1.0,7.0,0.0,0.0,9.0,0.0,0.0,6.0,1.0,0.0,4.0,2.0,1.0,36.0
전라북도교육청,전라북도정읍교육지원청,전라북도 정읍시,S130001607,교암초등학교,2,공립,N,,0.0,0.0,6.0,3.0,0.0,8.0,0.0,1.0,14.0,0.0,1.0,9.0,0.0,0.0,9.0,0.0,0.0,6.0,3.0,2.0,52.0
전라북도교육청,전라북도정읍교육지원청,전라북도 정읍시,S130001608,내장초등학교,2,공립,N,,1.0,0.0,14.0,0.0,1.0,21.0,3.0,3.0,13.0,1.0,1.0,12.0,2.0,0.0,16.0,1.0,0.0,15.0,8.0,5.0,91.0
전라북도교육청,전라북도정읍교육지원청,전라북도 정읍시,S130001609,능교초등학교,2,공립,N,,0.0,0.0,1.0,0.0,0.0,4.0,0.0,0.0,6.0,0.0,0.0,5.0,0.0,0.0,4.0,0.0,0.0,5.0,0.0,0.0,25.0
전라북도교육청,전라북도정읍교육지원청,전라북도 정읍시,S130001611,대흥초등학교,2,공립,N,,0.0,1.0,8.0,2.0,2.0,16.0,1.0,0.0,9.0,1.0,1.0,12.0,1.0,0.0,11.0,0.0,1.0,8.0,5.0,5.0,64.0
전라북도교육청,전라북도정읍교육지원청,전라북도 정읍시,S130001612,덕천초등학교,2,공립,N,,0.0,0.0,10.0,0.0,0.0,9.0,0.0,0.0,13.0,1.0,1.0,8.0,1.0,0.0,11.0,0.0,0.0,8.0,2.0,1.0,59.0
전라북도교육청,전라북도정읍교육지원청,전라북도 정읍시,S130001613,도학초등학교,2,공립,N,,0.0,1.0,5.0,0.0,0.0,0.0,0.0,0.0,2.0,0.0,1.0,2.0,0.0,1.0,6.0,1.0,0.0,3.0,1.0,3.0,18.0
전라북도교육청,전라북도정읍교육지원청,전라북도 정읍시,S130001614,동신초등학교,2,공립,N,,2.0,5.0,121.0,3.0,4.0,92.0,9.0,3.0,126.0,3.0,4.0,122.0,5.0,1.0,122.0,1.0,1.0,109.0,23.0,18.0,692.0
전라북도교육청,전라북도정읍교육지원청,전라북도 정읍시,S130001616,백암초등학교,2,공립,N,,0.0,0.0,5.0,0.0,0.0,8.0,0.0,0.0,8.0,0.0,1.0,5.0,0.0,0.0,5.0,0.0,0.0,6.0,0.0,1.0,37.0
전라북도교육청,전라북도정읍교육지원청,전라북도 정읍시,S130001618,보성초등학교,2,공립,N,,1.0,0.0,6.0,0.0,0.0,6.0,0.0,2.0,14.0,0.0,0.0,13.0,0.0,1.0,15.0,0.0,0.0,10.0,1.0,3.0,64.0
전라북도교육청,전라북도정읍교육지원청,전라북도 정읍시,S130001619,북면초등학교,2,공립,N,,0.0,0.0,18.0,1.0,2.0,11.0,0.0,1.0,17.0,0.0,0.0,12.0,1.0,1.0,15.0,0.0,1.0,22.0,2.0,5.0,95.0
전라북도교육청,전라북도정읍교육지원청,전라북도 정읍시,S130001620,산외초등학교,2,공립,N,,0.0,0.0,9.0,1.0,1.0,3.0,0.0,0.0,8.0,1.0,1.0,4.0,0.0,1.0,11.0,0.0,1.0,5.0,2.0,4.0,40.0
전라북도교육청,전라북도정읍교육지원청,전라북도 정읍시,S130001622,서신초등학교,2,공립,N,,1.0,1.0,6.0,1.0,0.0,7.0,1.0,2.0,14.0,0.0,0.0,7.0,1.0,2.0,11.0,0.0,0.0,16.0,4.0,5.0,61.0
전라북도교육청,전라북도정읍교육지원청,전라북도 정읍시,S130001623,소성초등학교,2,공립,N,,1.0,0.0,5.0,0.0,0.0,4.0,1.0,0.0,2.0,1.0,0.0,3.0,2.0,0.0,9.0,0.0,0.0,6.0,5.0,0.0,29.0
전라북도교육청,전라북도정읍교육지원청,전라북도 정읍시,S130001624,수곡초등학교,2,공립,N,,0.0,0.0,5.0,0.0,0.0,5.0,0.0,1.0,7.0,0.0,1.0,9.0,1.0,1.0,9.0,0.0,1.0,12.0,1.0,4.0,47.0
전라북도교육청,전라북도정읍교육지원청,전라북도 정읍시,S130001627,신태인초등학교,2,공립,N,,0.0,0.0,19.0,0.0,0.0,25.0,0.0,3.0,40.0,0.0,1.0,29.0,0.0,0.0,30.0,9.0,3.0,28.0,9.0,7.0,171.0
전라북도교육청,전라북도정읍교육지원청,전라북도 정읍시,S130001629,영산초등학교,2,공립,N,,1.0,0.0,8.0,1.0,0.0,6.0,1.0,0.0,5.0,0.0,1.0,9.0,1.0,0.0,3.0,0.0,0.0,5.0,4.0,1.0,36.0
전라북도교육청,전라북도정읍교육지원청,전라북도 정읍시,S130001630,영원초등학교,2,공립,N,,1.0,0.0,3.0,0.0,2.0,7.0,0.0,0.0,5.0,1.0,1.0,7.0,0.0,1.0,2.0,0.0,0.0,5.0,2.0,4.0,29.0
전라북도교육청,전라북도정읍교육지원청,전라북도 정읍시,S130001632,옹동초등학교,2,공립,N,,0.0,0.0,6.0,1.0,0.0,1.0,0.0,0.0,7.0,0.0,0.0,3.0,0.0,0.0,3.0,0.0,0.0,4.0,1.0,0.0,24.0
전라북도교육청,전라북도정읍교육지원청,전라북도 정읍시,S130001636,이평초등학교,2,공립,N,,0.0,0.0,6.0,1.0,0.0,3.0,0.0,1.0,7.0,0.0,0.0,2.0,0.0,0.0,5.0,1.0,0.0,4.0,2.0,1.0,27.0
전라북도교육청,전라북도정읍교육지원청,전라북도 정읍시,S130001637,입암초등학교,2,공립,N,,1.0,0.0,3.0,1.0,1.0,4.0,0.0,0.0,3.0,2.0,1.0,6.0,0.0,1.0,10.0,0.0,0.0,6.0,4.0,3.0,32.0
전라북도교육청,전라북도정읍교육지원청,전라북도 정읍시,S130001638,정남초등학교,2,공립,N,,0.0,1.0,5.0,0.0,0.0,4.0,0.0,1.0,5.0,1.0,1.0,3.0,0.0,1.0,7.0,0.0,0.0,4.0,1.0,4.0,28.0
전라북도교육청,전라북도정읍교육지원청,전라북도 정읍시,S130001639,정우초등학교,2,공립,N,,0.0,1.0,10.0,0.0,0.0,13.0,2.0,0.0,10.0,0.0,1.0,18.0,0.0,0.0,9.0,0.0,0.0,14.0,2.0,2.0,74.0
전라북도교육청,전라북도정읍교육지원청,전라북도 정읍시,S130001640,정읍남초등학교,2,공립,N,,0.0,2.0,38.0,1.0,5.0,35.0,6.0,3.0,55.0,3.0,2.0,56.0,1.0,3.0,48.0,0.0,0.0,51.0,11.0,15.0,283.0
전라북도교육청,전라북도정읍교육지원청,전라북도 정읍시,S130001641,정읍동초등학교,2,공립,N,,0.0,1.0,32.0,5.0,2.0,39.0,1.0,1.0,35.0,1.0,1.0,38.0,4.0,2.0,36.0,2.0,2.0,38.0,13.0,9.0,218.0
전라북도교육청,전라북도정읍교육지원청,전라북도 정읍시,S130001642,정읍북초등학교,2,공립,N,,2.0,1.0,73.0,1.0,4.0,63.0,2.0,5.0,86.0,3.0,4.0,85.0,2.0,4.0,74.0,1.0,2.0,64.0,11.0,20.0,445.0
전라북도교육청,전라북도정읍교육지원청,전라북도 정읍시,S130001643,정읍서초등학교,2,공립,N,,3.0,4.0,67.0,1.0,4.0,71.0,7.0,3.0,57.0,3.0,2.0,66.0,3.0,2.0,60.0,2.0,2.0,69.0,19.0,17.0,390.0
전라북도교육청,전라북도정읍교육지원청,전라북도 정읍시,S130001644,정읍수성초등학교,2,공립,N,,1.0,2.0,43.0,7.0,2.0,39.0,2.0,1.0,48.0,5.0,3.0,52.0,4.0,3.0,52.0,0.0,2.0,43.0,19.0,13.0,277.0
전라북도교육청,전라북도정읍교육지원청,전라북도 정읍시,S130001645,정일초등학교,2,공립,N,,0.0,0.0,10.0,0.0,0.0,10.0,0.0,1.0,7.0,0.0,3.0,8.0,1.0,2.0,4.0,0.0,0.0,6.0,1.0,6.0,45.0
전라북도교육청,전라북도정읍교육지원청,전라북도 정읍시,S130001646,칠보초등학교,2,공립,N,,1.0,0.0,6.0,1.0,0.0,7.0,1.0,0.0,4.0,2.0,0.0,10.0,1.0,1.0,13.0,0.0,0.0,6.0,6.0,1.0,46.0
전라북도교육청,전라북도정읍교육지원청,전라북도 정읍시,S130001647,태인초등학교,2,공립,N,,1.0,0.0,9.0,0.0,0.0,9.0,0.0,0.0,15.0,0.0,1.0,12.0,0.0,0.0,9.0,0.0,0.0,13.0,1.0,1.0,67.0
전라북도교육청,전라북도진안교육지원청,전라북도 진안군,S130001721,동향초등학교,2,공립,N,,0.0,0.0,1.0,0.0,1.0,9.0,0.0,0.0,2.0,0.0,1.0,12.0,0.0,1.0,10.0,0.0,0.0,9.0,0.0,3.0,43.0
전라북도교육청,전라북도진안교육지원청,전라북도 진안군,S130001722,마령초등학교,2,공립,N,,0.0,0.0,5.0,0.0,0.0,6.0,0.0,1.0,3.0,0.0,2.0,4.0,0.0,1.0,7.0,0.0,0.0,7.0,0.0,4.0,32.0
전라북도교육청,전라북도진안교육지원청,전라북도 진안군,S130001723,백운초등학교,2,공립,N,,0.0,1.0,8.0,3.0,0.0,8.0,1.0,0.0,10.0,0.0,0.0,9.0,0.0,1.0,8.0,0.0,0.0,7.0,4.0,2.0,50.0
전라북도교육청,전라북도진안교육지원청,전라북도 진안군,S130001724,부귀초등학교,2,공립,N,,0.0,0.0,4.0,1.0,1.0,9.0,0.0,0.0,10.0,0.0,0.0,9.0,0.0,0.0,9.0,0.0,1.0,12.0,1.0,2.0,53.0
전라북도교육청,전라북도진안교육지원청,전라북도 진안군,S130001727,송풍초등학교,2,공립,N,,0.0,0.0,0.0,0.0,1.0,3.0,0.0,0.0,2.0,1.0,0.0,1.0,0.0,1.0,3.0,0.0,0.0,0.0,1.0,2.0,9.0
전라북도교육청,전라북도진안교육지원청,전라북도 진안군,S130001728,안천초등학교,2,공립,N,,0.0,0.0,2.0,1.0,0.0,4.0,0.0,0.0,3.0,1.0,0.0,8.0,1.0,0.0,7.0,0.0,0.0,3.0,3.0,0.0,27.0
전라북도교육청,전라북도진안교육지원청,전라북도 진안군,S130001730,오천초등학교,2,공립,N,,0.0,0.0,3.0,0.0,1.0,5.0,1.0,0.0,5.0,0.0,1.0,2.0,2.0,1.0,4.0,0.0,1.0,10.0,3.0,4.0,29.0
전라북도교육청,전라북도진안교육지원청,전라북도 진안군,S130001731,외궁초등학교,2,공립,N,,0.0,1.0,6.0,1.0,1.0,5.0,0.0,0.0,4.0,0.0,2.0,7.0,0.0,1.0,8.0,0.0,1.0,2.0,1.0,6.0,32.0
전라북도교육청,전라북도진안교육지원청,전라북도 진안군,S130001733,장승초등학교,2,공립,N,,0.0,0.0,12.0,0.0,0.0,8.0,1.0,0.0,20.0,1.0,0.0,11.0,0.0,0.0,17.0,0.0,0.0,19.0,2.0,0.0,87.0
전라북도교육청,전라북도진안교육지원청,전라북도 진안군,S130001734,조림초등학교,2,공립,N,,0.0,0.0,4.0,0.0,0.0,1.0,0.0,2.0,8.0,0.0,1.0,8.0,0.0,3.0,9.0,0.0,1.0,4.0,0.0,7.0,34.0
전라북도교육청,전라북도진안교육지원청,전라북도 진안군,S130001737,주천초등학교,2,공립,N,,1.0,0.0,3.0,0.0,0.0,1.0,0.0,1.0,4.0,0.0,0.0,6.0,0.0,0.0,7.0,0.0,0.0,7.0,1.0,1.0,28.0
전라북도교육청,전라북도진안교육지원청,전라북도 진안군,S130001741,진안중앙초등학교,2,공립,N,,0.0,1.0,25.0,0.0,1.0,26.0,0.0,3.0,38.0,2.0,3.0,41.0,3.0,3.0,35.0,0.0,0.0,24.0,5.0,11.0,189.0
전라북도교육청,전라북도진안교육지원청,전라북도 진안군,S130001742,진안초등학교,2,공립,N,,1.0,0.0,34.0,1.0,1.0,38.0,3.0,2.0,39.0,1.0,4.0,35.0,4.0,2.0,47.0,2.0,1.0,44.0,12.0,10.0,237.0
전라북도교육청,전라북도익산교육지원청,전라북도 익산시,S130002454,익산궁동초등학교,2,공립,N,,5.0,2.0,93.0,15.0,4.0,92.0,13.0,2.0,121.0,10.0,1.0,101.0,10.0,2.0,97.0,4.0,1.0,101.0,57.0,12.0,605.0
전라북도교육청,전라북도정읍교육지원청,전라북도 정읍시,S130002462,정읍초등학교,2,공립,N,,0.0,0.0,46.0,3.0,3.0,35.0,2.0,4.0,43.0,3.0,4.0,65.0,0.0,3.0,55.0,1.0,2.0,55.0,9.0,16.0,299.0
전라북도교육청,전라북도전주교육지원청,전라북도 전주시 완산구,S130002463,전주여울초등학교,2,공립,N,,2.0,6.0,108.0,5.0,7.0,104.0,4.0,7.0,119.0,8.0,13.0,123.0,2.0,2.0,121.0,1.0,6.0,116.0,22.0,41.0,691.0
전라북도교육청,전라북도전주교육지원청,전라북도 전주시 덕진구,S130002468,전주용소초등학교,2,공립,N,,2.0,1.0,84.0,3.0,9.0,70.0,4.0,3.0,95.0,3.0,9.0,101.0,3.0,10.0,103.0,6.0,1.0,115.0,21.0,33.0,568.0
전라북도교육청,전라북도전주교육지원청,전라북도 전주시 완산구,S130002478,전주대정초등학교,2,공립,N,,4.0,4.0,120.0,7.0,6.0,144.0,7.0,7.0,150.0,1.0,5.0,140.0,6.0,6.0,124.0,5.0,2.0,116.0,30.0,30.0,794.0
전라북도교육청,전라북도전주교육지원청,전라북도 전주시 완산구,S130002479,전주용와초등학교,2,공립,N,,1.0,1.0,77.0,6.0,4.0,55.0,5.0,4.0,71.0,3.0,6.0,75.0,3.0,2.0,80.0,6.0,4.0,82.0,24.0,21.0,440.0
전라북도교육청,전라북도군산교육지원청,전라북도 군산시,S130002498,군산미성초등학교,2,공립,N,,1.0,2.0,18.0,1.0,1.0,19.0,0.0,0.0,16.0,0.0,1.0,24.0,5.0,0.0,32.0,0.0,0.0,24.0,7.0,4.0,133.0
전라북도교육청,전라북도군산교육지원청,전라북도 군산시,S130002499,군산진포초등학교,2,공립,N,,3.0,4.0,114.0,3.0,11.0,124.0,6.0,4.0,138.0,5.0,7.0,133.0,1.0,4.0,148.0,2.0,7.0,170.0,20.0,37.0,827.0
전라북도교육청,전라북도익산교육지원청,전라북도 익산시,S130002502,익산옥야초등학교,2,공립,N,,0.0,2.0,34.0,3.0,2.0,40.0,0.0,3.0,41.0,2.0,3.0,37.0,0.0,3.0,39.0,1.0,0.0,32.0,6.0,13.0,223.0
전라북도교육청,전라북도전주교육지원청,전라북도 전주시 덕진구,S130002506,전주만수초등학교,2,공립,N,,2.0,1.0,98.0,8.0,9.0,112.0,6.0,9.0,104.0,7.0,9.0,111.0,5.0,5.0,113.0,1.0,0.0,110.0,29.0,33.0,648.0
전라북도교육청,전라북도전주교육지원청,전라북도 전주시 덕진구,S130002507,전주오송초등학교,2,공립,N,,3.0,7.0,186.0,14.0,13.0,167.0,10.0,12.0,227.0,16.0,10.0,216.0,6.0,10.0,250.0,8.0,5.0,229.0,57.0,57.0,1275.0
전라북도교육청,전라북도익산교육지원청,전라북도 익산시,S130002542,익산한벌초등학교,2,공립,N,,7.0,5.0,83.0,5.0,2.0,90.0,4.0,2.0,91.0,4.0,6.0,96.0,7.0,6.0,98.0,1.0,0.0,106.0,28.0,21.0,564.0
전라북도교육청,전라북도정읍교육지원청,전라북도 정읍시,S130002543,한솔초등학교,2,공립,N,,4.0,2.0,113.0,6.0,4.0,123.0,2.0,4.0,141.0,3.0,5.0,165.0,4.0,3.0,135.0,1.0,4.0,160.0,20.0,22.0,837.0
전라북도교육청,전라북도전주교육지원청,전라북도 전주시 완산구,S130002572,전주문학초등학교,2,공립,N,,7.0,4.0,103.0,8.0,6.0,116.0,7.0,11.0,120.0,5.0,9.0,125.0,8.0,5.0,149.0,8.0,5.0,140.0,43.0,40.0,753.0
전라북도교육청,전라북도전주교육지원청,전라북도 전주시 완산구,S130002573,전주우림초등학교,2,공립,N,,2.0,4.0,65.0,2.0,1.0,63.0,4.0,5.0,67.0,2.0,3.0,77.0,1.0,8.0,92.0,1.0,2.0,86.0,12.0,23.0,450.0
전라북도교육청,전라북도군산교육지원청,전라북도 군산시,S130002582,군산미장초등학교,2,공립,N,,6.0,8.0,191.0,11.0,8.0,175.0,10.0,11.0,225.0,11.0,8.0,231.0,4.0,12.0,246.0,3.0,6.0,214.0,45.0,53.0,1282.0
전라북도교육청,전라북도군산교육지원청,전라북도 군산시,S130002606,군산푸른솔초등학교,2,공립,N,,3.0,3.0,100.0,8.0,8.0,124.0,12.0,6.0,126.0,6.0,11.0,125.0,2.0,7.0,141.0,0.0,2.0,123.0,31.0,37.0,739.0
전라북도교육청,전라북도군산교육지원청,전라북도 군산시,S130002673,아리울초등학교,2,공립,N,,4.0,2.0,115.0,9.0,13.0,144.0,10.0,8.0,141.0,3.0,7.0,153.0,7.0,5.0,159.0,4.0,6.0,147.0,37.0,41.0,859.0
전라북도교육청,전라북도군산교육지원청,전라북도 군산시,S130002690,새만금초등학교,2,공립,N,,4.0,0.0,10.0,4.0,2.0,8.0,2.0,1.0,11.0,4.0,1.0,6.0,4.0,2.0,9.0,1.0,3.0,8.0,19.0,9.0,52.0
전라북도교육청,전라북도전주교육지원청,전라북도 전주시 덕진구,S130002714,전주온빛초등학교,2,공립,N,,5.0,4.0,239.0,15.0,11.0,276.0,17.0,10.0,303.0,15.0,10.0,281.0,13.0,11.0,315.0,8.0,7.0,235.0,73.0,53.0,1649.0
전라북도교육청,전라북도전주교육지원청,전라북도 전주시 완산구,S130002725,전주홍산초등학교,2,공립,N,,1.0,5.0,61.0,3.0,3.0,48.0,2.0,7.0,63.0,6.0,6.0,62.0,5.0,3.0,44.0,1.0,8.0,45.0,18.0,32.0,323.0
전라북도교육청,전라북도전주교육지원청,전라북도 전주시 덕진구,S130002732,전주양현초등학교,2,공립,N,,9.0,6.0,247.0,12.0,4.0,220.0,14.0,5.0,209.0,17.0,1.0,185.0,16.0,2.0,155.0,15.0,0.0,142.0,83.0,18.0,1158.0
전라북도교육청,전라북도익산교육지원청,전라북도 익산시,S130002735,익산가온초등학교,2,공립,N,,0.0,2.0,129.0,7.0,0.0,148.0,0.0,4.0,189.0,0.0,5.0,162.0,3.0,2.0,190.0,2.0,1.0,130.0,12.0,14.0,948.0
전라북도교육청,전라북도전주교육지원청,전라북도 전주시 완산구,S130002737,전주새연초등학교,2,공립,N,,8.0,1.0,118.0,1.0,11.0,108.0,7.0,8.0,132.0,6.0,10.0,124.0,3.0,9.0,116.0,3.0,10.0,118.0,28.0,49.0,716.0
전라북도교육청,전라북도전주교육지원청,전라북도 전주시 덕진구,S130002738,전주하가초등학교,2,공립,N,,1.0,1.0,165.0,1.0,6.0,144.0,3.0,2.0,161.0,1.0,5.0,116.0,4.0,0.0,115.0,0.0,5.0,69.0,10.0,19.0,770.0
전라북도교육청,전라북도전주교육지원청,전라북도 전주시 완산구,S130002745,전주효천초등학교,2,공립,N,,4.0,7.0,245.0,8.0,9.0,234.0,19.0,5.0,198.0,17.0,7.0,189.0,11.0,2.0,177.0,8.0,5.0,167.0,67.0,35.0,1210.0
전라북도교육청,전라북도전주교육지원청,전라북도 전주시 덕진구,S130002748,전주화정초등학교,2,공립,N,,5.0,3.0,258.0,19.0,3.0,250.0,32.0,9.0,283.0,31.0,15.0,271.0,29.0,14.0,282.0,14.0,6.0,234.0,130.0,50.0,1578.0
전라북도교육청,전라북도전주교육지원청,전라북도 전주시 덕진구,S130002771,전주자연초등학교,2,공립,N,,4.0,5.0,284.0,18.0,11.0,272.0,10.0,4.0,242.0,17.0,10.0,204.0,18.0,6.0,211.0,8.0,4.0,141.0,75.0,40.0,1354.0
전라북도교육청,전라북도군산교육지원청,전라북도 군산시,S130002788,군산금빛초등학교,2,공립,N,,0.0,0.0,0.0,0.0,0.0,0.0,0.0,0.0,0.0,0.0,0.0,0.0,0.0,0.0,0.0,0.0,0.0,0.0,0.0,0.0,0.0
전라남도교육청,교육부,전라남도 목포시,S000003504,광주교육대학교목포부설초등학교,2,국립,N,,2.0,1.0,71.0,4.0,3.0,70.0,2.0,0.0,69.0,2.0,3.0,71.0,0.0,1.0,72.0,0.0,0.0,72.0,10.0,8.0,425.0
전라남도교육청,전라남도강진교육지원청,전라남도 강진군,S140000348,강진동초등학교,2,공립,N,,3.0,3.0,7.0,0.0,2.0,12.0,1.0,1.0,11.0,2.0,2.0,16.0,0.0,2.0,9.0,0.0,1.0,13.0,6.0,11.0,68.0
전라남도교육청,전라남도강진교육지원청,전라남도 강진군,S140000351,강진중앙초등학교,2,공립,N,,5.0,5.0,116.0,4.0,3.0,101.0,2.0,5.0,109.0,3.0,4.0,139.0,4.0,4.0,130.0,4.0,5.0,119.0,22.0,26.0,714.0
전라남도교육청,전라남도강진교육지원청,전라남도 강진군,S140000352,계산초등학교,2,공립,N,,0.0,1.0,8.0,2.0,1.0,13.0,0.0,2.0,10.0,0.0,1.0,11.0,1.0,1.0,13.0,0.0,1.0,8.0,3.0,7.0,63.0
전라남도교육청,전라남도강진교육지원청,전라남도 강진군,S140000353,군동초등학교,2,공립,N,,0.0,1.0,6.0,0.0,0.0,10.0,0.0,0.0,8.0,0.0,0.0,4.0,1.0,0.0,7.0,0.0,0.0,8.0,1.0,1.0,43.0
전라남도교육청,전라남도강진교육지원청,전라남도 강진군,S140000354,대구초등학교,2,공립,N,,0.0,0.0,3.0,0.0,0.0,4.0,0.0,0.0,7.0,0.0,0.0,5.0,0.0,0.0,4.0,0.0,0.0,1.0,0.0,0.0,24.0
전라남도교육청,전라남도강진교육지원청,전라남도 강진군,S140000356,도암초등학교,2,공립,N,,0.0,1.0,7.0,0.0,0.0,5.0,0.0,1.0,5.0,0.0,0.0,6.0,0.0,2.0,13.0,0.0,0.0,6.0,0.0,4.0,42.0
전라남도교육청,전라남도강진교육지원청,전라남도 강진군,S140000358,마량초등학교,2,공립,N,,0.0,0.0,6.0,0.0,0.0,11.0,0.0,1.0,8.0,0.0,1.0,8.0,0.0,1.0,6.0,0.0,1.0,8.0,0.0,4.0,47.0
전라남도교육청,전라남도강진교육지원청,전라남도 강진군,S140000359,병영초등학교,2,공립,N,,0.0,0.0,3.0,0.0,1.0,6.0,0.0,2.0,10.0,0.0,0.0,3.0,0.0,0.0,5.0,0.0,0.0,9.0,0.0,3.0,36.0
전라남도교육청,전라남도강진교육지원청,전라남도 강진군,S140000360,성전초등학교,2,공립,N,,1.0,1.0,8.0,0.0,0.0,6.0,1.0,0.0,5.0,1.0,0.0,8.0,0.0,0.0,6.0,0.0,0.0,9.0,3.0,1.0,42.0
전라남도교육청,전라남도강진교육지원청,전라남도 강진군,S140000362,신전초등학교,2,공립,N,,0.0,0.0,4.0,1.0,0.0,7.0,0.0,0.0,7.0,0.0,0.0,6.0,0.0,0.0,12.0,0.0,0.0,4.0,1.0,0.0,40.0
전라남도교육청,전라남도강진교육지원청,전라남도 강진군,S140000363,옴천초등학교,2,공립,N,,0.0,0.0,2.0,1.0,1.0,2.0,0.0,1.0,3.0,2.0,1.0,4.0,3.0,1.0,11.0,0.0,2.0,7.0,6.0,6.0,29.0
전라남도교육청,전라남도강진교육지원청,전라남도 강진군,S140000364,작천초등학교,2,공립,N,,0.0,0.0,2.0,0.0,0.0,1.0,0.0,1.0,1.0,1.0,0.0,6.0,0.0,0.0,3.0,1.0,0.0,3.0,2.0,1.0,16.0
전라남도교육청,전라남도강진교육지원청,전라남도 강진군,S140000367,칠량초등학교,2,공립,N,,0.0,0.0,5.0,1.0,1.0,7.0,1.0,1.0,8.0,1.0,1.0,6.0,1.0,1.0,12.0,0.0,1.0,5.0,4.0,5.0,43.0
전라남도교육청,전라남도고흥교육지원청,전라남도 고흥군,S140000407,고흥동초등학교,2,공립,N,,2.0,3.0,88.0,7.0,2.0,122.0,6.0,5.0,143.0,4.0,4.0,121.0,1.0,3.0,125.0,6.0,0.0,122.0,26.0,17.0,721.0
전라남도교육청,전라남도고흥교육지원청,전라남도 고흥군,S140000410,과역초등학교,2,공립,N,,0.0,2.0,9.0,0.0,0.0,7.0,0.0,0.0,14.0,0.0,1.0,9.0,0.0,1.0,10.0,1.0,1.0,10.0,1.0,5.0,59.0
전라남도교육청,전라남도고흥교육지원청,전라남도 고흥군,S140000416,금산초등학교,2,공립,N,,0.0,0.0,14.0,0.0,2.0,13.0,1.0,1.0,12.0,1.0,1.0,13.0,3.0,0.0,15.0,0.0,0.0,11.0,5.0,4.0,78.0
전라남도교육청,전라남도고흥교육지원청,전라남도 고흥군,S140000420,남양초등학교,2,공립,N,,0.0,0.0,4.0,0.0,0.0,3.0,0.0,1.0,4.0,0.0,1.0,4.0,0.0,0.0,6.0,0.0,1.0,8.0,0.0,3.0,29.0
전라남도교육청,전라남도고흥교육지원청,전라남도 고흥군,S140000423,녹동초등학교,2,공립,N,,2.0,0.0,52.0,3.0,1.0,52.0,4.0,2.0,60.0,3.0,4.0,62.0,3.0,1.0,71.0,0.0,3.0,52.0,15.0,11.0,349.0
전라남도교육청,전라남도고흥교육지원청,전라남도 고흥군,S140000430,대서초등학교,2,공립,N,,0.0,1.0,3.0,0.0,0.0,3.0,0.0,1.0,3.0,0.0,0.0,4.0,1.0,1.0,5.0,6.0,1.0,6.0,7.0,4.0,24.0
전라남도교육청,전라남도고흥교육지원청,전라남도 고흥군,S140000433,도덕초등학교,2,공립,N,,0.0,0.0,8.0,0.0,0.0,5.0,0.0,1.0,8.0,0.0,0.0,6.0,0.0,0.0,7.0,0.0,0.0,10.0,0.0,1.0,44.0
전라남도교육청,전라남도고흥교육지원청,전라남도 고흥군,S140000435,도화초등학교,2,공립,N,,2.0,3.0,13.0,1.0,1.0,6.0,0.0,1.0,7.0,0.0,2.0,12.0,0.0,1.0,9.0,1.0,6.0,13.0,4.0,14.0,60.0
전라남도교육청,전라남도고흥교육지원청,전라남도 고흥군,S140000439,동강초등학교,2,공립,N,,0.0,0.0,7.0,0.0,1.0,13.0,1.0,1.0,13.0,0.0,0.0,16.0,0.0,0.0,19.0,0.0,0.0,10.0,1.0,2.0,78.0
전라남도교육청,전라남도고흥교육지원청,전라남도 고흥군,S140000443,두원초등학교,2,공립,N,,0.0,0.0,6.0,0.0,0.0,8.0,0.0,0.0,7.0,1.0,1.0,3.0,0.0,0.0,10.0,0.0,0.0,7.0,1.0,1.0,41.0
전라남도교육청,전라남도고흥교육지원청,전라남도 고흥군,S140000445,백양초등학교,2,공립,N,,0.0,0.0,2.0,0.0,0.0,4.0,0.0,1.0,2.0,1.0,0.0,4.0,0.0,1.0,4.0,1.0,1.0,7.0,2.0,3.0,23.0
전라남도교육청,전라남도고흥교육지원청,전라남도 고흥군,S140000446,봉래초등학교,2,공립,N,,0.0,0.0,7.0,0.0,0.0,3.0,0.0,0.0,11.0,1.0,0.0,4.0,0.0,0.0,5.0,0.0,1.0,7.0,1.0,1.0,37.0
전라남도교육청,전라남도고흥교육지원청,전라남도 고흥군,S140000452,영남초등학교,2,공립,N,,1.0,0.0,3.0,1.0,0.0,2.0,1.0,1.0,8.0,0.0,0.0,2.0,1.0,0.0,4.0,1.0,0.0,5.0,5.0,1.0,24.0
전라남도교육청,전라남도고흥교육지원청,전라남도 고흥군,S140000454,점암초등학교,2,공립,N,,1.0,0.0,5.0,0.0,0.0,4.0,0.0,0.0,5.0,1.0,0.0,5.0,0.0,0.0,7.0,0.0,1.0,11.0,2.0,1.0,37.0
전라남도교육청,전라남도고흥교육지원청,전라남도 고흥군,S140000457,포두초등학교,2,공립,N,,1.0,1.0,12.0,2.0,1.0,13.0,0.0,0.0,16.0,2.0,2.0,9.0,0.0,1.0,12.0,0.0,2.0,15.0,5.0,7.0,77.0
전라남도교육청,전라남도고흥교육지원청,전라남도 고흥군,S140000459,풍남초등학교,2,공립,N,,1.0,0.0,4.0,2.0,0.0,3.0,0.0,0.0,4.0,2.0,1.0,3.0,0.0,0.0,5.0,0.0,0.0,4.0,5.0,1.0,23.0
전라남도교육청,전라남도고흥교육지원청,전라남도 고흥군,S140000461,풍양초등학교,2,공립,N,,1.0,1.0,8.0,0.0,0.0,7.0,0.0,0.0,4.0,0.0,0.0,8.0,0.0,1.0,5.0,0.0,0.0,11.0,1.0,2.0,43.0
전라남도교육청,전라남도곡성교육지원청,전라남도 곡성군,S140000507,고달초등학교,2,공립,N,,1.0,0.0,2.0,0.0,1.0,4.0,4.0,1.0,10.0,1.0,0.0,13.0,2.0,1.0,4.0,1.0,0.0,12.0,9.0,3.0,45.0
전라남도교육청,전라남도곡성교육지원청,전라남도 곡성군,S140000510,곡성중앙초등학교,2,공립,N,,0.0,0.0,49.0,4.0,2.0,60.0,3.0,0.0,61.0,1.0,3.0,72.0,0.0,2.0,67.0,5.0,3.0,63.0,13.0,10.0,372.0
전라남도교육청,전라남도곡성교육지원청,전라남도 곡성군,S140000512,삼기초등학교,2,공립,N,,0.0,0.0,6.0,0.0,0.0,2.0,2.0,0.0,6.0,1.0,1.0,6.0,0.0,0.0,6.0,1.0,1.0,10.0,4.0,2.0,36.0
전라남도교육청,전라남도곡성교육지원청,전라남도 곡성군,S140000514,석곡초등학교,2,공립,N,,2.0,0.0,5.0,1.0,0.0,13.0,2.0,0.0,14.0,0.0,0.0,8.0,2.0,0.0,8.0,0.0,0.0,15.0,7.0,0.0,63.0
전라남도교육청,전라남도곡성교육지원청,전라남도 곡성군,S140000519,오산초등학교,2,공립,N,,0.0,0.0,1.0,3.0,0.0,5.0,1.0,0.0,3.0,1.0,1.0,3.0,1.0,1.0,3.0,2.0,0.0,3.0,8.0,2.0,18.0
전라남도교육청,전라남도곡성교육지원청,전라남도 곡성군,S140000521,옥과초등학교,2,공립,N,,3.0,0.0,20.0,1.0,1.0,26.0,1.0,1.0,28.0,0.0,3.0,48.0,2.0,3.0,42.0,1.0,1.0,29.0,8.0,9.0,193.0
전라남도교육청,전라남도곡성교육지원청,전라남도 곡성군,S140000522,입면초등학교,2,공립,N,,0.0,0.0,9.0,0.0,0.0,5.0,1.0,0.0,11.0,0.0,0.0,9.0,0.0,0.0,16.0,0.0,0.0,12.0,1.0,0.0,62.0
전라남도교육청,전라남도곡성교육지원청,전라남도 곡성군,S140000523,죽곡초등학교,2,공립,N,,0.0,0.0,11.0,0.0,0.0,4.0,0.0,0.0,5.0,0.0,0.0,1.0,0.0,0.0,6.0,0.0,0.0,3.0,0.0,0.0,30.0
전라남도교육청,전라남도광양교육지원청,전라남도 광양시,S140000557,골약초등학교,2,공립,N,,1.0,0.0,12.0,0.0,0.0,5.0,1.0,3.0,14.0,0.0,0.0,13.0,0.0,1.0,15.0,0.0,1.0,8.0,2.0,5.0,67.0
전라남도교육청,전라남도광양교육지원청,전라남도 광양시,S140000558,광양가야초등학교,2,공립,N,,4.0,8.0,53.0,3.0,3.0,55.0,3.0,4.0,78.0,3.0,4.0,76.0,3.0,6.0,79.0,3.0,3.0,69.0,19.0,28.0,410.0
전라남도교육청,전라남도광양교육지원청,전라남도 광양시,S140000560,광양마로초등학교,2,공립,N,,0.0,4.0,123.0,2.0,2.0,120.0,6.0,2.0,132.0,6.0,5.0,117.0,4.0,3.0,99.0,0.0,2.0,104.0,18.0,18.0,695.0
전라남도교육청,전라남도광양교육지원청,전라남도 광양시,S140000561,광양덕례초등학교,2,공립,N,,2.0,3.0,89.0,2.0,3.0,78.0,3.0,3.0,83.0,2.0,7.0,89.0,4.0,8.0,73.0,2.0,2.0,69.0,15.0,26.0,481.0
전라남도교육청,전라남도광양교육지원청,전라남도 광양시,S140000562,광양동초등학교,2,공립,N,,0.0,1.0,13.0,0.0,1.0,11.0,1.0,2.0,12.0,0.0,3.0,13.0,1.0,6.0,14.0,0.0,2.0,13.0,2.0,15.0,76.0
전라남도교육청,전라남도광양교육지원청,전라남도 광양시,S140000563,광양마동초등학교,2,공립,N,,3.0,5.0,136.0,6.0,5.0,141.0,8.0,5.0,164.0,2.0,6.0,168.0,6.0,5.0,190.0,4.0,3.0,184.0,29.0,29.0,983.0
전라남도교육청,전라남도광양교육지원청,전라남도 광양시,S140000564,광양북초등학교,2,공립,N,,0.0,0.0,13.0,0.0,1.0,16.0,1.0,4.0,18.0,0.0,2.0,21.0,0.0,0.0,13.0,6.0,2.0,15.0,7.0,9.0,96.0
전라남도교육청,전라남도광양교육지원청,전라남도 광양시,S140000565,광양서초등학교,2,공립,N,,0.0,0.0,31.0,1.0,1.0,27.0,0.0,2.0,28.0,2.0,5.0,47.0,1.0,0.0,38.0,1.0,1.0,24.0,5.0,9.0,195.0
전라남도교육청,전라남도광양교육지원청,전라남도 광양시,S140000566,광양제철남초등학교,2,사립,N,,3.0,1.0,63.0,3.0,6.0,80.0,1.0,4.0,80.0,6.0,4.0,87.0,6.0,5.0,92.0,8.0,6.0,71.0,27.0,26.0,473.0
전라남도교육청,전라남도광양교육지원청,전라남도 광양시,S140000567,광양제철초등학교,2,사립,N,,2.0,3.0,40.0,1.0,1.0,42.0,0.0,3.0,60.0,2.0,2.0,40.0,1.0,1.0,60.0,7.0,2.0,45.0,13.0,12.0,287.0
전라남도교육청,전라남도광양교육지원청,전라남도 광양시,S140000568,광양중동초등학교,2,공립,N,,1.0,0.0,54.0,4.0,3.0,82.0,6.0,4.0,78.0,4.0,5.0,66.0,4.0,2.0,90.0,6.0,2.0,66.0,25.0,16.0,436.0
전라남도교육청,전라남도광양교육지원청,전라남도 광양시,S140000569,광양중마초등학교,2,공립,N,,2.0,3.0,91.0,2.0,1.0,89.0,2.0,9.0,103.0,4.0,5.0,102.0,6.0,2.0,101.0,3.0,2.0,80.0,19.0,22.0,566.0
전라남도교육청,전라남도광양교육지원청,전라남도 광양시,S140000570,광양중앙초등학교,2,공립,N,,0.0,4.0,90.0,2.0,5.0,94.0,2.0,3.0,98.0,7.0,4.0,98.0,5.0,5.0,109.0,4.0,4.0,95.0,20.0,25.0,584.0
전라남도교육청,전라남도광양교육지원청,전라남도 광양시,S140000571,광양중진초등학교,2,공립,N,,7.0,9.0,97.0,5.0,12.0,127.0,2.0,19.0,154.0,2.0,11.0,143.0,3.0,9.0,173.0,1.0,12.0,157.0,20.0,72.0,851.0
전라남도교육청,전라남도광양교육지원청,전라남도 광양시,S140000572,광영초등학교,2,공립,N,,7.0,2.0,44.0,4.0,0.0,34.0,13.0,2.0,57.0,5.0,1.0,44.0,3.0,2.0,43.0,7.0,0.0,40.0,39.0,7.0,262.0
전라남도교육청,전라남도광양교육지원청,전라남도 광양시,S140000573,다압초등학교,2,공립,N,,0.0,0.0,1.0,0.0,0.0,5.0,0.0,1.0,5.0,0.0,0.0,4.0,0.0,1.0,9.0,0.0,0.0,5.0,0.0,2.0,29.0
전라남도교육청,전라남도광양교육지원청,전라남도 광양시,S140000574,봉강초등학교,2,공립,N,,2.0,0.0,9.0,3.0,0.0,5.0,0.0,1.0,13.0,1.0,0.0,16.0,1.0,0.0,12.0,1.0,0.0,11.0,8.0,1.0,66.0
전라남도교육청,전라남도광양교육지원청,전라남도 광양시,S140000576,성황초등학교,2,공립,N,,22.0,0.0,24.0,21.0,0.0,17.0,19.0,2.0,19.0,10.0,1.0,14.0,6.0,1.0,23.0,1.0,0.0,13.0,79.0,4.0,110.0
전라남도교육청,전라남도광양교육지원청,전라남도 광양시,S140000577,세풍초등학교,2,공립,N,,0.0,0.0,13.0,1.0,1.0,16.0,0.0,0.0,7.0,1.0,0.0,9.0,2.0,1.0,17.0,0.0,0.0,14.0,4.0,2.0,76.0
전라남도교육청,전라남도광양교육지원청,전라남도 광양시,S140000578,옥곡초등학교,2,공립,N,,0.0,0.0,10.0,2.0,0.0,11.0,1.0,0.0,6.0,0.0,0.0,15.0,0.0,0.0,7.0,0.0,0.0,10.0,3.0,0.0,59.0
전라남도교육청,전라남도광양교육지원청,전라남도 광양시,S140000579,옥룡북초등학교,2,공립,N,,1.0,0.0,11.0,1.0,0.0,11.0,0.0,0.0,9.0,0.0,1.0,8.0,0.0,1.0,16.0,0.0,0.0,6.0,2.0,2.0,61.0
전라남도교육청,전라남도광양교육지원청,전라남도 광양시,S140000580,옥룡초등학교,2,공립,N,,0.0,0.0,16.0,1.0,1.0,10.0,0.0,0.0,18.0,1.0,0.0,13.0,0.0,0.0,13.0,0.0,1.0,12.0,2.0,2.0,82.0
전라남도교육청,전라남도광양교육지원청,전라남도 광양시,S140000582,진상초등학교,2,공립,N,,1.0,0.0,4.0,0.0,0.0,8.0,1.0,3.0,6.0,1.0,1.0,14.0,0.0,0.0,3.0,0.0,2.0,11.0,3.0,6.0,46.0
전라남도교육청,전라남도광양교육지원청,전라남도 광양시,S140000590,진월초등학교,2,공립,N,,1.0,1.0,9.0,1.0,1.0,8.0,4.0,0.0,11.0,2.0,0.0,11.0,2.0,0.0,10.0,1.0,0.0,7.0,11.0,2.0,56.0
전라남도교육청,전라남도광양교육지원청,전라남도 광양시,S140000591,태인초등학교,2,공립,N,,2.0,0.0,3.0,0.0,1.0,9.0,0.0,1.0,9.0,1.0,0.0,7.0,2.0,0.0,12.0,0.0,1.0,10.0,5.0,3.0,50.0
전라남도교육청,전라남도구례교육지원청,전라남도 구례군,S140000640,간문초등학교,2,공립,N,,0.0,0.0,6.0,0.0,0.0,3.0,0.0,0.0,8.0,0.0,0.0,4.0,0.0,0.0,8.0,0.0,0.0,5.0,0.0,0.0,34.0
전라남도교육청,전라남도구례교육지원청,전라남도 구례군,S140000643,광의초등학교,2,공립,N,,1.0,0.0,2.0,0.0,0.0,3.0,0.0,0.0,5.0,1.0,0.0,6.0,1.0,1.0,5.0,0.0,1.0,9.0,3.0,2.0,30.0
전라남도교육청,전라남도구례교육지원청,전라남도 구례군,S140000644,구례북초등학교,2,공립,N,,0.0,1.0,50.0,3.0,1.0,62.0,1.0,0.0,62.0,2.0,1.0,78.0,2.0,0.0,51.0,2.0,2.0,72.0,10.0,5.0,375.0
전라남도교육청,전라남도구례교육지원청,전라남도 구례군,S140000645,구례중앙초등학교,2,공립,N,,2.0,0.0,21.0,3.0,1.0,29.0,4.0,2.0,26.0,3.0,1.0,27.0,4.0,2.0,37.0,0.0,0.0,30.0,16.0,6.0,170.0
전라남도교육청,전라남도구례교육지원청,전라남도 구례군,S140000647,문척초등학교,2,공립,N,,0.0,1.0,7.0,0.0,0.0,7.0,0.0,1.0,2.0,0.0,0.0,10.0,0.0,1.0,5.0,0.0,2.0,12.0,0.0,5.0,43.0
전라남도교육청,전라남도구례교육지원청,전라남도 구례군,S140000649,용방초등학교,2,공립,N,,1.0,1.0,7.0,1.0,0.0,13.0,0.0,0.0,13.0,0.0,1.0,5.0,0.0,1.0,11.0,0.0,1.0,6.0,2.0,4.0,55.0
전라남도교육청,전라남도구례교육지원청,전라남도 구례군,S140000650,원촌초등학교,2,공립,N,,0.0,0.0,2.0,1.0,1.0,3.0,0.0,0.0,3.0,1.0,1.0,6.0,0.0,0.0,10.0,1.0,1.0,9.0,3.0,3.0,33.0
전라남도교육청,전라남도구례교육지원청,전라남도 구례군,S140000652,중동초등학교,2,공립,N,,2.0,0.0,1.0,5.0,1.0,5.0,2.0,1.0,3.0,1.0,0.0,6.0,2.0,0.0,3.0,1.0,0.0,2.0,13.0,2.0,20.0
전라남도교육청,전라남도구례교육지원청,전라남도 구례군,S140000653,청천초등학교,2,공립,N,,0.0,0.0,11.0,0.0,1.0,15.0,0.0,0.0,6.0,2.0,1.0,14.0,3.0,0.0,12.0,0.0,1.0,8.0,5.0,3.0,66.0
전라남도교육청,전라남도구례교육지원청,전라남도 구례군,S140000654,토지초등학교,2,공립,N,,1.0,0.0,4.0,2.0,1.0,3.0,4.0,1.0,5.0,2.0,1.0,9.0,2.0,3.0,12.0,2.0,1.0,7.0,13.0,7.0,40.0
전라남도교육청,전라남도나주교육지원청,전라남도 나주시,S140000690,공산초등학교,2,공립,N,,1.0,0.0,9.0,1.0,0.0,11.0,0.0,0.0,8.0,1.0,0.0,8.0,1.0,1.0,11.0,0.0,2.0,9.0,4.0,3.0,56.0
전라남도교육청,전라남도나주교육지원청,전라남도 나주시,S140000693,금천초등학교,2,공립,N,,0.0,1.0,14.0,3.0,3.0,10.0,2.0,2.0,21.0,0.0,2.0,15.0,2.0,1.0,17.0,1.0,0.0,19.0,8.0,9.0,96.0
전라남도교육청,전라남도나주교육지원청,전라남도 나주시,S140000695,나주북초등학교,2,공립,N,,1.0,0.0,15.0,0.0,0.0,5.0,2.0,1.0,17.0,0.0,4.0,9.0,2.0,3.0,12.0,0.0,1.0,10.0,5.0,9.0,68.0
전라남도교육청,전라남도나주교육지원청,전라남도 나주시,S140000696,나주중앙초등학교,2,공립,N,,1.0,2.0,67.0,3.0,3.0,78.0,6.0,5.0,91.0,10.0,7.0,97.0,1.0,5.0,82.0,1.0,7.0,88.0,22.0,29.0,503.0
전라남도교육청,전라남도나주교육지원청,전라남도 나주시,S140000697,나주초등학교,2,공립,N,,3.0,4.0,82.0,5.0,9.0,72.0,5.0,8.0,85.0,4.0,3.0,90.0,2.0,6.0,82.0,5.0,3.0,90.0,24.0,33.0,501.0
전라남도교육청,전라남도나주교육지원청,전라남도 나주시,S140000701,남평초등학교,2,공립,N,,8.0,4.0,94.0,7.0,6.0,100.0,9.0,8.0,111.0,2.0,9.0,94.0,10.0,10.0,81.0,5.0,3.0,82.0,41.0,40.0,562.0
전라남도교육청,전라남도나주교육지원청,전라남도 나주시,S140000703,노안남초등학교,2,공립,N,,0.0,0.0,14.0,0.0,0.0,16.0,0.0,0.0,13.0,1.0,1.0,17.0,0.0,2.0,11.0,0.0,1.0,12.0,1.0,4.0,83.0
전라남도교육청,전라남도나주교육지원청,전라남도 나주시,S140000705,노안초등학교,2,공립,N,,0.0,0.0,6.0,1.0,0.0,3.0,0.0,0.0,11.0,2.0,1.0,6.0,1.0,0.0,10.0,0.0,0.0,9.0,4.0,1.0,45.0
전라남도교육청,전라남도나주교육지원청,전라남도 나주시,S140000708,다도초등학교,2,공립,N,,0.0,0.0,10.0,2.0,0.0,10.0,1.0,0.0,8.0,1.0,0.0,7.0,1.0,0.0,4.0,0.0,0.0,7.0,5.0,0.0,46.0
전라남도교육청,전라남도나주교육지원청,전라남도 나주시,S140000711,다시초등학교,2,공립,N,,0.0,1.0,9.0,0.0,0.0,12.0,2.0,1.0,11.0,2.0,2.0,9.0,0.0,0.0,10.0,1.0,1.0,14.0,5.0,5.0,65.0
전라남도교육청,전라남도나주교육지원청,전라남도 나주시,S140000715,동강초등학교,2,공립,N,,1.0,0.0,4.0,0.0,0.0,5.0,1.0,0.0,8.0,0.0,0.0,6.0,0.0,0.0,4.0,0.0,0.0,5.0,2.0,0.0,32.0
전라남도교육청,전라남도나주교육지원청,전라남도 나주시,S140000718,문평초등학교,2,공립,N,,1.0,0.0,3.0,0.0,0.0,2.0,0.0,1.0,3.0,1.0,1.0,3.0,0.0,0.0,2.0,0.0,0.0,3.0,2.0,2.0,16.0
전라남도교육청,전라남도나주교육지원청,전라남도 나주시,S140000719,반남초등학교,2,공립,N,,1.0,0.0,5.0,0.0,0.0,0.0,0.0,2.0,1.0,0.0,2.0,4.0,0.0,0.0,2.0,0.0,0.0,2.0,1.0,4.0,14.0
전라남도교육청,전라남도나주교육지원청,전라남도 나주시,S140000722,봉황초등학교,2,공립,N,,0.0,0.0,8.0,1.0,0.0,10.0,0.0,0.0,11.0,0.0,0.0,8.0,0.0,1.0,11.0,0.0,1.0,12.0,1.0,2.0,60.0
전라남도교육청,전라남도나주교육지원청,전라남도 나주시,S140000726,산포초등학교,2,공립,N,,0.0,1.0,23.0,4.0,1.0,16.0,1.0,2.0,17.0,2.0,3.0,14.0,4.0,5.0,19.0,0.0,2.0,16.0,11.0,14.0,105.0
전라남도교육청,전라남도나주교육지원청,전라남도 나주시,S140000731,세지초등학교,2,공립,N,,3.0,0.0,5.0,1.0,0.0,4.0,2.0,1.0,7.0,2.0,0.0,14.0,0.0,0.0,6.0,1.0,0.0,13.0,9.0,1.0,49.0
전라남도교육청,전라남도나주교육지원청,전라남도 나주시,S140000732,양산초등학교,2,공립,N,,0.0,1.0,13.0,1.0,0.0,3.0,5.0,0.0,17.0,2.0,0.0,7.0,2.0,0.0,10.0,2.0,0.0,6.0,12.0,1.0,56.0
전라남도교육청,전라남도나주교육지원청,전라남도 나주시,S140000733,영강초등학교,2,공립,N,,1.0,2.0,17.0,0.0,1.0,22.0,0.0,1.0,22.0,0.0,1.0,12.0,1.0,2.0,17.0,1.0,0.0,17.0,3.0,7.0,107.0
전라남도교육청,전라남도나주교육지원청,전라남도 나주시,S140000735,영산포초등학교,2,공립,N,,2.0,0.0,27.0,3.0,5.0,38.0,1.0,2.0,33.0,1.0,3.0,37.0,2.0,3.0,24.0,1.0,5.0,40.0,10.0,18.0,199.0
전라남도교육청,전라남도나주교육지원청,전라남도 나주시,S140000736,왕곡초등학교,2,공립,N,,0.0,0.0,5.0,1.0,1.0,5.0,1.0,0.0,4.0,3.0,0.0,7.0,0.0,0.0,6.0,0.0,0.0,5.0,5.0,1.0,32.0
전라남도교육청,전라남도담양교육지원청,전라남도 담양군,S140000783,고서초등학교,2,공립,N,,0.0,0.0,10.0,0.0,1.0,14.0,2.0,2.0,11.0,1.0,0.0,14.0,1.0,2.0,12.0,1.0,2.0,13.0,5.0,7.0,74.0
전라남도교육청,전라남도담양교육지원청,전라남도 담양군,S140000785,금성초등학교,2,공립,N,,0.0,0.0,3.0,0.0,1.0,6.0,0.0,0.0,15.0,1.0,0.0,6.0,1.0,1.0,10.0,1.0,1.0,10.0,3.0,3.0,50.0
전라남도교육청,전라남도담양교육지원청,전라남도 담양군,S140000786,남면초등학교,2,공립,N,,0.0,0.0,8.0,0.0,0.0,4.0,2.0,0.0,7.0,0.0,0.0,10.0,0.0,0.0,8.0,2.0,0.0,7.0,4.0,0.0,44.0
전라남도교육청,전라남도담양교육지원청,전라남도 담양군,S140000788,담양남초등학교,2,공립,N,,3.0,5.0,81.0,4.0,1.0,63.0,4.0,4.0,66.0,0.0,4.0,59.0,4.0,8.0,68.0,2.0,4.0,76.0,17.0,26.0,413.0
전라남도교육청,전라남도담양교육지원청,전라남도 담양군,S140000789,담양동초등학교,2,공립,N,,4.0,3.0,41.0,8.0,1.0,39.0,8.0,2.0,41.0,13.0,3.0,45.0,8.0,1.0,38.0,7.0,2.0,43.0,48.0,12.0,247.0
전라남도교육청,전라남도담양교육지원청,전라남도 담양군,S140000790,담주초등학교,2,공립,N,,0.0,0.0,7.0,0.0,0.0,6.0,0.0,2.0,7.0,1.0,0.0,10.0,0.0,2.0,5.0,0.0,1.0,7.0,1.0,5.0,42.0
전라남도교육청,전라남도담양교육지원청,전라남도 담양군,S140000791,만덕초등학교,2,공립,N,,1.0,0.0,3.0,0.0,0.0,4.0,0.0,0.0,4.0,1.0,0.0,10.0,1.0,0.0,5.0,0.0,0.0,7.0,3.0,0.0,33.0
전라남도교육청,전라남도담양교육지원청,전라남도 담양군,S140000793,무정초등학교,2,공립,N,,0.0,0.0,6.0,1.0,0.0,4.0,0.0,0.0,6.0,2.0,1.0,8.0,2.0,0.0,19.0,0.0,0.0,5.0,5.0,1.0,48.0
전라남도교육청,전라남도담양교육지원청,전라남도 담양군,S140000795,봉산초등학교,2,공립,N,,0.0,1.0,16.0,1.0,0.0,5.0,1.0,4.0,16.0,2.0,0.0,7.0,3.0,2.0,11.0,1.0,1.0,7.0,8.0,8.0,62.0
전라남도교육청,전라남도담양교육지원청,전라남도 담양군,S140000798,수북초등학교,2,공립,N,,2.0,1.0,18.0,4.0,1.0,31.0,10.0,2.0,32.0,1.0,1.0,26.0,7.0,3.0,24.0,4.0,0.0,21.0,28.0,8.0,152.0
전라남도교육청,전라남도담양교육지원청,전라남도 담양군,S140000799,용면초등학교,2,공립,N,,0.0,0.0,3.0,0.0,1.0,2.0,0.0,1.0,8.0,0.0,2.0,5.0,0.0,1.0,8.0,0.0,1.0,7.0,0.0,6.0,33.0
전라남도교육청,전라남도담양교육지원청,전라남도 담양군,S140000801,월산초등학교,2,공립,N,,0.0,0.0,7.0,1.0,0.0,6.0,1.0,0.0,5.0,1.0,0.0,9.0,0.0,1.0,15.0,0.0,0.0,7.0,3.0,1.0,49.0
전라남도교육청,전라남도담양교육지원청,전라남도 담양군,S140000803,창평초등학교,2,공립,N,,1.0,0.0,12.0,0.0,0.0,11.0,1.0,1.0,15.0,2.0,1.0,11.0,0.0,0.0,10.0,0.0,1.0,18.0,4.0,3.0,77.0
전라남도교육청,전라남도담양교육지원청,전라남도 담양군,S140000805,한재초등학교,2,공립,N,,2.0,1.0,22.0,1.0,1.0,26.0,3.0,0.0,25.0,2.0,2.0,20.0,4.0,2.0,22.0,3.0,3.0,25.0,15.0,9.0,140.0
전라남도교육청,전라남도목포교육지원청,전라남도 목포시,S140000846,목포남초등학교,2,공립,N,,0.0,1.0,9.0,1.0,2.0,13.0,0.0,2.0,16.0,1.0,4.0,15.0,0.0,1.0,16.0,0.0,1.0,13.0,2.0,11.0,82.0
전라남도교육청,전라남도목포교육지원청,전라남도 목포시,S140000847,목포대성초등학교,2,공립,N,,6.0,5.0,67.0,1.0,4.0,65.0,6.0,8.0,83.0,8.0,2.0,71.0,4.0,5.0,60.0,7.0,3.0,57.0,32.0,27.0,403.0
전라남도교육청,전라남도목포교육지원청,전라남도 목포시,S140000848,목포대연초등학교,2,공립,N,,0.0,1.0,25.0,0.0,2.0,29.0,2.0,0.0,33.0,1.0,2.0,38.0,0.0,4.0,40.0,4.0,2.0,43.0,7.0,11.0,208.0
전라남도교육청,전라남도목포교육지원청,전라남도 목포시,S140000849,목포동초등학교,2,공립,N,,2.0,0.0,63.0,7.0,1.0,58.0,3.0,4.0,80.0,5.0,3.0,78.0,10.0,5.0,70.0,2.0,0.0,70.0,29.0,13.0,419.0
전라남도교육청,전라남도목포교육지원청,전라남도 목포시,S140000850,목포부영초등학교,2,공립,N,,2.0,3.0,38.0,2.0,8.0,45.0,1.0,7.0,56.0,2.0,4.0,45.0,2.0,7.0,71.0,1.0,2.0,53.0,10.0,31.0,308.0
전라남도교육청,전라남도목포교육지원청,전라남도 목포시,S140000851,목포북교초등학교,2,공립,N,,0.0,2.0,24.0,0.0,3.0,22.0,1.0,2.0,23.0,0.0,3.0,26.0,1.0,1.0,22.0,0.0,0.0,28.0,2.0,11.0,145.0
전라남도교육청,전라남도목포교육지원청,전라남도 목포시,S140000852,목포산정초등학교,2,공립,N,,1.0,5.0,31.0,4.0,2.0,16.0,3.0,3.0,23.0,1.0,6.0,33.0,1.0,0.0,22.0,1.0,1.0,20.0,11.0,17.0,145.0
전라남도교육청,전라남도목포교육지원청,전라남도 목포시,S140000853,목포삼학초등학교,2,공립,N,,1.0,5.0,48.0,0.0,6.0,66.0,5.0,7.0,79.0,4.0,2.0,65.0,0.0,1.0,73.0,3.0,2.0,72.0,13.0,23.0,403.0
전라남도교육청,전라남도목포교육지원청,전라남도 목포시,S140000854,목포상동초등학교,2,공립,N,,1.0,5.0,23.0,0.0,4.0,19.0,1.0,2.0,23.0,2.0,2.0,15.0,2.0,1.0,23.0,0.0,1.0,29.0,6.0,15.0,132.0
전라남도교육청,전라남도목포교육지원청,전라남도 목포시,S140000855,목포서부초등학교,2,공립,N,,3.0,1.0,93.0,9.0,5.0,127.0,5.0,8.0,144.0,5.0,5.0,133.0,8.0,5.0,146.0,5.0,2.0,132.0,35.0,26.0,775.0
전라남도교육청,전라남도목포교육지원청,전라남도 목포시,S140000856,목포서산초등학교,2,공립,N,,0.0,1.0,5.0,0.0,0.0,2.0,0.0,0.0,3.0,0.0,0.0,2.0,0.0,0.0,5.0,0.0,0.0,7.0,0.0,1.0,24.0
전라남도교육청,전라남도목포교육지원청,전라남도 목포시,S140000859,목포신흥초등학교,2,공립,N,,6.0,3.0,99.0,7.0,4.0,87.0,9.0,6.0,109.0,4.0,6.0,111.0,6.0,9.0,116.0,6.0,3.0,96.0,38.0,31.0,618.0
전라남도교육청,전라남도목포교육지원청,전라남도 목포시,S140000860,목포연동초등학교,2,공립,N,,3.0,1.0,17.0,0.0,1.0,23.0,3.0,3.0,21.0,1.0,7.0,39.0,1.0,4.0,29.0,4.0,6.0,36.0,12.0,22.0,165.0
전라남도교육청,전라남도목포교육지원청,전라남도 목포시,S140000861,목포연산초등학교,2,공립,N,,5.0,2.0,78.0,4.0,3.0,92.0,6.0,4.0,96.0,5.0,2.0,87.0,1.0,4.0,112.0,0.0,2.0,101.0,21.0,17.0,566.0
전라남도교육청,전라남도목포교육지원청,전라남도 목포시,S140000863,목포용호초등학교,2,공립,N,,1.0,7.0,37.0,6.0,3.0,40.0,3.0,7.0,37.0,4.0,3.0,44.0,9.0,5.0,41.0,2.0,2.0,32.0,25.0,27.0,231.0
전라남도교육청,전라남도목포교육지원청,전라남도 목포시,S140000864,목포유달초등학교,2,공립,N,,0.0,1.0,9.0,1.0,1.0,13.0,1.0,1.0,11.0,0.0,3.0,15.0,2.0,1.0,18.0,1.0,2.0,13.0,5.0,9.0,79.0
전라남도교육청,전라남도목포교육지원청,전라남도 목포시,S140000867,목포이로초등학교,2,공립,N,,5.0,3.0,105.0,8.0,6.0,113.0,7.0,6.0,143.0,9.0,4.0,109.0,5.0,6.0,138.0,2.0,4.0,136.0,36.0,29.0,744.0
전라남도교육청,전라남도목포교육지원청,전라남도 목포시,S140000868,목포임성초등학교,2,공립,N,,2.0,1.0,14.0,0.0,0.0,11.0,0.0,1.0,17.0,0.0,2.0,14.0,0.0,0.0,15.0,0.0,0.0,11.0,2.0,4.0,82.0
전라남도교육청,전라남도목포교육지원청,전라남도 목포시,S140000869,목포중앙초등학교,2,공립,N,,0.0,0.0,12.0,1.0,0.0,7.0,2.0,0.0,9.0,1.0,1.0,13.0,1.0,1.0,15.0,1.0,1.0,15.0,6.0,3.0,71.0
전라남도교육청,전라남도목포교육지원청,전라남도 목포시,S140000870,목포청호초등학교,2,공립,N,,6.0,3.0,52.0,2.0,2.0,47.0,8.0,8.0,79.0,4.0,3.0,78.0,2.0,4.0,77.0,1.0,4.0,84.0,23.0,24.0,417.0
전라남도교육청,전라남도목포교육지원청,전라남도 목포시,S140000871,목포하당초등학교,2,공립,N,,4.0,3.0,27.0,6.0,5.0,32.0,4.0,8.0,41.0,2.0,1.0,38.0,4.0,3.0,42.0,1.0,1.0,42.0,21.0,21.0,222.0
전라남도교육청,전라남도목포교육지원청,전라남도 목포시,S140000872,목포한빛초등학교,2,공립,N,,2.0,2.0,60.0,7.0,10.0,56.0,2.0,7.0,61.0,6.0,7.0,78.0,1.0,6.0,55.0,3.0,1.0,63.0,21.0,33.0,373.0
전라남도교육청,전라남도무안교육지원청,전라남도 무안군,S140000934,망운초등학교,2,공립,N,,1.0,1.0,8.0,0.0,1.0,4.0,0.0,1.0,5.0,0.0,0.0,6.0,0.0,1.0,9.0,0.0,1.0,7.0,1.0,5.0,39.0
전라남도교육청,전라남도무안교육지원청,전라남도 무안군,S140000938,몽탄초등학교,2,공립,N,,1.0,0.0,5.0,0.0,2.0,2.0,3.0,0.0,5.0,1.0,0.0,7.0,0.0,1.0,7.0,0.0,0.0,4.0,5.0,3.0,30.0
전라남도교육청,전라남도무안교육지원청,전라남도 무안군,S140000940,무안초등학교,2,공립,N,,3.0,2.0,82.0,3.0,2.0,73.0,7.0,9.0,91.0,9.0,4.0,82.0,11.0,3.0,94.0,3.0,2.0,92.0,36.0,22.0,514.0
전라남도교육청,전라남도무안교육지원청,전라남도 무안군,S140000941,삼향동초등학교,2,공립,N,,1.0,0.0,12.0,0.0,3.0,22.0,2.0,1.0,14.0,1.0,0.0,15.0,0.0,2.0,18.0,0.0,1.0,14.0,4.0,7.0,95.0
전라남도교육청,전라남도무안교육지원청,전라남도 무안군,S140000942,삼향북초등학교,2,공립,N,,1.0,0.0,6.0,0.0,0.0,7.0,2.0,2.0,10.0,0.0,0.0,2.0,1.0,0.0,14.0,0.0,0.0,1.0,4.0,2.0,40.0
전라남도교육청,전라남도무안교육지원청,전라남도 무안군,S140000943,삼향초등학교,2,공립,N,,2.0,2.0,44.0,1.0,5.0,52.0,1.0,3.0,50.0,3.0,6.0,51.0,1.0,8.0,48.0,0.0,4.0,57.0,8.0,28.0,302.0
전라남도교육청,전라남도무안교육지원청,전라남도 무안군,S140000946,운남초등학교,2,공립,N,,1.0,0.0,6.0,0.0,0.0,10.0,1.0,1.0,13.0,2.0,1.0,11.0,0.0,2.0,15.0,1.0,1.0,16.0,5.0,5.0,71.0
전라남도교육청,전라남도무안교육지원청,전라남도 무안군,S140000948,일로동초등학교,2,공립,N,,1.0,1.0,4.0,2.0,0.0,8.0,0.0,0.0,5.0,2.0,1.0,9.0,0.0,0.0,3.0,1.0,0.0,11.0,6.0,2.0,40.0
전라남도교육청,전라남도무안교육지원청,전라남도 무안군,S140000950,일로초등학교,2,공립,N,,3.0,0.0,32.0,0.0,0.0,21.0,3.0,3.0,37.0,2.0,3.0,37.0,2.0,2.0,33.0,2.0,5.0,37.0,12.0,13.0,197.0
전라남도교육청,전라남도무안교육지원청,전라남도 무안군,S140000953,청계남초등학교,2,공립,N,,1.0,1.0,10.0,0.0,0.0,7.0,2.0,0.0,4.0,1.0,1.0,3.0,0.0,0.0,7.0,1.0,0.0,10.0,5.0,2.0,41.0
전라남도교육청,전라남도무안교육지원청,전라남도 무안군,S140000954,청계북초등학교,2,공립,N,,0.0,0.0,3.0,0.0,0.0,7.0,0.0,0.0,2.0,0.0,0.0,7.0,0.0,0.0,6.0,0.0,0.0,9.0,0.0,0.0,34.0
전라남도교육청,전라남도무안교육지원청,전라남도 무안군,S140000956,청계초등학교,2,공립,N,,0.0,0.0,17.0,0.0,0.0,11.0,1.0,0.0,27.0,0.0,3.0,27.0,0.0,3.0,27.0,1.0,1.0,20.0,2.0,7.0,129.0
전라남도교육청,전라남도무안교육지원청,전라남도 무안군,S140000958,해제남초등학교,2,공립,N,,0.0,1.0,3.0,0.0,0.0,2.0,1.0,1.0,8.0,0.0,0.0,4.0,0.0,0.0,5.0,1.0,0.0,3.0,2.0,2.0,25.0
전라남도교육청,전라남도무안교육지원청,전라남도 무안군,S140000963,해제초등학교,2,공립,N,,0.0,0.0,11.0,0.0,2.0,12.0,0.0,1.0,12.0,0.0,1.0,7.0,0.0,5.0,13.0,0.0,1.0,16.0,0.0,10.0,71.0
전라남도교육청,전라남도무안교육지원청,전라남도 무안군,S140000966,현경북초등학교,2,공립,N,,0.0,0.0,4.0,0.0,0.0,4.0,1.0,0.0,6.0,1.0,0.0,6.0,0.0,0.0,5.0,1.0,0.0,8.0,3.0,0.0,33.0
전라남도교육청,전라남도무안교육지원청,전라남도 무안군,S140000967,현경초등학교,2,공립,N,,1.0,1.0,7.0,2.0,0.0,10.0,3.0,0.0,13.0,0.0,0.0,12.0,2.0,0.0,12.0,0.0,0.0,10.0,8.0,1.0,64.0
전라남도교육청,전라남도보성교육지원청,전라남도 보성군,S140001015,겸백초등학교,2,공립,N,,0.0,0.0,1.0,0.0,0.0,3.0,1.0,0.0,2.0,1.0,1.0,4.0,1.0,0.0,2.0,0.0,1.0,2.0,3.0,2.0,14.0
전라남도교육청,전라남도보성교육지원청,전라남도 보성군,S140001017,낙성초등학교,2,공립,N,,0.0,0.0,3.0,1.0,0.0,3.0,0.0,0.0,5.0,0.0,0.0,7.0,0.0,0.0,7.0,0.0,0.0,6.0,1.0,0.0,31.0
전라남도교육청,전라남도보성교육지원청,전라남도 보성군,S140001018,노동초등학교,2,공립,N,,1.0,0.0,3.0,1.0,0.0,4.0,0.0,2.0,5.0,0.0,0.0,2.0,0.0,0.0,3.0,0.0,0.0,5.0,2.0,2.0,22.0
전라남도교육청,전라남도보성교육지원청,전라남도 보성군,S140001020,득량남초등학교,2,공립,N,,0.0,0.0,3.0,0.0,0.0,4.0,0.0,0.0,4.0,1.0,0.0,3.0,0.0,0.0,4.0,0.0,2.0,6.0,1.0,2.0,24.0
전라남도교육청,전라남도보성교육지원청,전라남도 보성군,S140001022,문덕초등학교,2,공립,N,,0.0,0.0,0.0,2.0,0.0,3.0,0.0,0.0,0.0,1.0,0.0,2.0,1.0,0.0,2.0,0.0,0.0,3.0,4.0,0.0,10.0
전라남도교육청,전라남도보성교육지원청,전라남도 보성군,S140001024,미력초등학교,2,공립,N,,0.0,0.0,7.0,0.0,0.0,6.0,0.0,0.0,7.0,0.0,0.0,6.0,0.0,0.0,9.0,0.0,0.0,3.0,0.0,0.0,38.0
전라남도교육청,전라남도보성교육지원청,전라남도 보성군,S140001030,벌교중앙초등학교,2,공립,N,,1.0,0.0,8.0,0.0,1.0,10.0,0.0,0.0,8.0,1.0,2.0,17.0,0.0,0.0,14.0,0.0,1.0,14.0,2.0,4.0,71.0
전라남도교육청,전라남도보성교육지원청,전라남도 보성군,S140001031,벌교초등학교,2,공립,N,,1.0,2.0,36.0,3.0,1.0,43.0,5.0,1.0,51.0,4.0,3.0,61.0,3.0,1.0,58.0,3.0,2.0,37.0,19.0,10.0,286.0
전라남도교육청,전라남도보성교육지원청,전라남도 보성군,S140001035,보성남초등학교,2,공립,N,,1.0,3.0,30.0,0.0,0.0,30.0,1.0,1.0,35.0,1.0,1.0,41.0,1.0,0.0,35.0,2.0,0.0,35.0,6.0,5.0,206.0
전라남도교육청,전라남도보성교육지원청,전라남도 보성군,S140001037,보성초등학교,2,공립,N,,1.0,0.0,42.0,0.0,1.0,40.0,1.0,1.0,48.0,2.0,1.0,51.0,1.0,0.0,41.0,0.0,0.0,46.0,5.0,3.0,268.0
전라남도교육청,전라남도보성교육지원청,전라남도 보성군,S140001038,복내초등학교,2,공립,N,,2.0,2.0,8.0,1.0,0.0,6.0,0.0,1.0,6.0,0.0,1.0,8.0,1.0,1.0,7.0,1.0,1.0,6.0,5.0,6.0,41.0
전라남도교육청,전라남도보성교육지원청,전라남도 보성군,S140001041,예당초등학교,2,공립,N,,1.0,1.0,5.0,0.0,0.0,6.0,0.0,1.0,8.0,0.0,1.0,8.0,0.0,1.0,8.0,1.0,1.0,13.0,2.0,5.0,48.0
전라남도교육청,전라남도보성교육지원청,전라남도 보성군,S140001044,율어초등학교,2,공립,N,,0.0,0.0,4.0,0.0,0.0,3.0,0.0,0.0,5.0,0.0,0.0,5.0,0.0,0.0,2.0,0.0,1.0,4.0,0.0,1.0,23.0
전라남도교육청,전라남도보성교육지원청,전라남도 보성군,S140001048,조성남초등학교,2,공립,N,,0.0,0.0,3.0,1.0,0.0,3.0,0.0,1.0,4.0,1.0,0.0,6.0,0.0,0.0,7.0,1.0,0.0,7.0,3.0,1.0,30.0
전라남도교육청,전라남도보성교육지원청,전라남도 보성군,S140001050,조성초등학교,2,공립,N,,0.0,0.0,3.0,0.0,0.0,2.0,2.0,0.0,6.0,0.0,1.0,7.0,0.0,0.0,5.0,0.0,0.0,8.0,2.0,1.0,31.0
전라남도교육청,전라남도보성교육지원청,전라남도 보성군,S140001052,회천서초등학교,2,공립,N,,0.0,0.0,2.0,0.0,2.0,2.0,0.0,0.0,1.0,1.0,1.0,3.0,0.0,0.0,2.0,0.0,0.0,2.0,1.0,3.0,12.0
전라남도교육청,전라남도보성교육지원청,전라남도 보성군,S140001053,회천초등학교,2,공립,N,,1.0,1.0,5.0,2.0,0.0,6.0,0.0,1.0,7.0,3.0,1.0,6.0,0.0,2.0,10.0,0.0,0.0,7.0,6.0,5.0,41.0
전라남도교육청,전라남도순천교육지원청,전라남도 순천시,S140001108,낙안초등학교,2,공립,N,,0.0,0.0,14.0,4.0,0.0,9.0,1.0,0.0,8.0,3.0,1.0,13.0,7.0,3.0,22.0,3.0,3.0,17.0,18.0,7.0,83.0
전라남도교육청,전라남도순천교육지원청,전라남도 순천시,S140001110,동명초등학교,2,공립,N,,1.0,1.0,54.0,4.0,2.0,63.0,2.0,3.0,72.0,7.0,5.0,80.0,1.0,2.0,72.0,3.0,4.0,79.0,18.0,17.0,420.0
전라남도교육청,전라남도순천교육지원청,전라남도 순천시,S140001111,동산초등학교,2,공립,N,,6.0,1.0,86.0,5.0,0.0,99.0,3.0,6.0,90.0,7.0,1.0,99.0,3.0,4.0,97.0,1.0,1.0,95.0,25.0,13.0,566.0
전라남도교육청,전라남도순천교육지원청,전라남도 순천시,S140001113,별량초등학교,2,공립,N,,0.0,0.0,7.0,0.0,1.0,9.0,3.0,1.0,13.0,1.0,1.0,13.0,3.0,2.0,15.0,3.0,2.0,17.0,10.0,7.0,74.0
전라남도교육청,전라남도순천교육지원청,전라남도 순천시,S140001117,상사초등학교,2,공립,N,,1.0,0.0,5.0,1.0,0.0,10.0,0.0,2.0,3.0,1.0,1.0,10.0,0.0,0.0,11.0,0.0,0.0,8.0,3.0,3.0,47.0
전라남도교육청,전라남도순천교육지원청,전라남도 순천시,S140001120,송광초등학교,2,공립,N,,0.0,0.0,0.0,0.0,0.0,2.0,0.0,0.0,3.0,1.0,1.0,7.0,0.0,1.0,3.0,0.0,1.0,1.0,1.0,3.0,16.0
전라남도교육청,전라남도순천교육지원청,전라남도 순천시,S140001123,순천대석초등학교,2,공립,N,,3.0,4.0,80.0,2.0,7.0,87.0,5.0,6.0,93.0,3.0,7.0,116.0,2.0,5.0,106.0,5.0,4.0,109.0,20.0,33.0,591.0
전라남도교육청,전라남도순천교육지원청,전라남도 순천시,S140001124,순천남산초등학교,2,공립,N,,2.0,0.0,181.0,0.0,0.0,208.0,0.0,6.0,185.0,0.0,2.0,212.0,2.0,0.0,193.0,0.0,2.0,183.0,4.0,10.0,1162.0
전라남도교육청,전라남도순천교육지원청,전라남도 순천시,S140001125,순천남초등학교,2,공립,N,,1.0,2.0,33.0,2.0,2.0,36.0,2.0,2.0,37.0,1.0,5.0,44.0,3.0,0.0,46.0,2.0,2.0,40.0,11.0,13.0,236.0
전라남도교육청,전라남도순천교육지원청,전라남도 순천시,S140001127,순천도사초등학교,2,공립,N,,2.0,0.0,35.0,1.0,2.0,20.0,5.0,3.0,30.0,2.0,2.0,28.0,1.0,0.0,33.0,1.0,2.0,33.0,12.0,9.0,179.0
전라남도교육청,전라남도순천교육지원청,전라남도 순천시,S140001128,순천봉화초등학교,2,공립,N,,1.0,0.0,35.0,2.0,2.0,45.0,5.0,5.0,50.0,4.0,1.0,38.0,2.0,4.0,51.0,0.0,1.0,43.0,14.0,13.0,262.0
전라남도교육청,전라남도순천교육지원청,전라남도 순천시,S140001129,순천부영초등학교,2,공립,N,,1.0,0.0,80.0,3.0,5.0,95.0,2.0,4.0,109.0,7.0,3.0,108.0,2.0,4.0,91.0,2.0,1.0,97.0,17.0,17.0,580.0
전라남도교육청,전라남도순천교육지원청,전라남도 순천시,S140001130,순천북초등학교,2,공립,N,,3.0,2.0,44.0,7.0,1.0,44.0,7.0,3.0,69.0,3.0,3.0,61.0,0.0,2.0,61.0,4.0,0.0,72.0,24.0,11.0,351.0
전라남도교육청,전라남도순천교육지원청,전라남도 순천시,S140001131,순천비봉초등학교,2,공립,N,,4.0,2.0,50.0,2.0,4.0,76.0,3.0,4.0,80.0,1.0,6.0,95.0,1.0,3.0,75.0,2.0,2.0,72.0,13.0,21.0,448.0
전라남도교육청,전라남도순천교육지원청,전라남도 순천시,S140001132,순천삼산초등학교,2,공립,N,,1.0,3.0,40.0,2.0,1.0,25.0,5.0,8.0,39.0,3.0,4.0,36.0,4.0,1.0,32.0,2.0,2.0,26.0,17.0,19.0,198.0
전라남도교육청,전라남도순천교육지원청,전라남도 순천시,S140001133,순천성남초등학교,2,공립,N,,2.0,2.0,29.0,1.0,2.0,27.0,0.0,4.0,42.0,2.0,2.0,34.0,1.0,2.0,32.0,3.0,3.0,49.0,9.0,15.0,213.0
전라남도교육청,전라남도순천교육지원청,전라남도 순천시,S140001134,순천성동초등학교,2,공립,N,,2.0,2.0,31.0,1.0,2.0,33.0,3.0,1.0,36.0,2.0,2.0,52.0,1.0,1.0,33.0,7.0,0.0,53.0,16.0,8.0,238.0
전라남도교육청,전라남도순천교육지원청,전라남도 순천시,S140001135,순천신흥초등학교,2,공립,N,,1.0,6.0,58.0,3.0,4.0,67.0,3.0,3.0,74.0,4.0,0.0,82.0,1.0,5.0,77.0,1.0,2.0,87.0,13.0,20.0,445.0
전라남도교육청,전라남도순천교육지원청,전라남도 순천시,S140001136,순천연향초등학교,2,공립,N,,2.0,3.0,56.0,3.0,2.0,50.0,8.0,4.0,62.0,4.0,4.0,57.0,4.0,3.0,55.0,1.0,2.0,59.0,22.0,18.0,339.0
전라남도교육청,전라남도순천교육지원청,전라남도 순천시,S140001137,순천왕조초등학교,2,공립,N,,0.0,1.0,20.0,0.0,0.0,39.0,2.0,3.0,38.0,0.0,2.0,38.0,1.0,1.0,61.0,1.0,0.0,42.0,4.0,7.0,238.0
전라남도교육청,전라남도순천교육지원청,전라남도 순천시,S140001138,순천왕지초등학교,2,공립,N,,2.0,7.0,116.0,4.0,2.0,121.0,4.0,3.0,154.0,3.0,1.0,120.0,5.0,5.0,125.0,2.0,1.0,121.0,20.0,19.0,757.0
전라남도교육청,전라남도순천교육지원청,전라남도 순천시,S140001139,순천용당초등학교,2,공립,N,,3.0,4.0,149.0,10.0,2.0,149.0,9.0,7.0,143.0,6.0,5.0,136.0,7.0,2.0,148.0,8.0,1.0,166.0,43.0,21.0,891.0
전라남도교육청,전라남도순천교육지원청,전라남도 순천시,S140001140,순천율산초등학교,2,공립,N,,4.0,0.0,104.0,5.0,3.0,102.0,4.0,6.0,119.0,11.0,7.0,129.0,4.0,4.0,137.0,1.0,8.0,123.0,29.0,28.0,714.0
전라남도교육청,전라남도순천교육지원청,전라남도 순천시,S140001141,순천이수초등학교,2,공립,N,,1.0,2.0,65.0,2.0,4.0,58.0,3.0,2.0,80.0,2.0,7.0,65.0,1.0,1.0,59.0,1.0,4.0,70.0,10.0,20.0,397.0
전라남도교육청,전라남도순천교육지원청,전라남도 순천시,S140001142,순천인안초등학교,2,공립,N,,0.0,0.0,18.0,1.0,1.0,21.0,3.0,2.0,17.0,2.0,1.0,18.0,0.0,2.0,15.0,0.0,0.0,21.0,6.0,6.0,110.0
전라남도교육청,전라남도순천교육지원청,전라남도 순천시,S140001143,순천조례초등학교,2,공립,N,,6.0,0.0,88.0,13.0,4.0,92.0,14.0,5.0,95.0,13.0,5.0,83.0,12.0,3.0,85.0,6.0,3.0,92.0,64.0,20.0,535.0
전라남도교육청,전라남도순천교육지원청,전라남도 순천시,S140001144,순천중앙초등학교,2,공립,N,,0.0,0.0,29.0,1.0,0.0,33.0,5.0,0.0,41.0,3.0,1.0,49.0,1.0,0.0,65.0,1.0,7.0,49.0,11.0,8.0,266.0
전라남도교육청,전라남도순천교육지원청,전라남도 순천시,S140001145,승주초등학교,2,공립,N,,0.0,0.0,2.0,1.0,1.0,5.0,1.0,0.0,5.0,2.0,1.0,6.0,1.0,3.0,10.0,1.0,0.0,7.0,6.0,5.0,35.0
전라남도교육청,전라남도순천교육지원청,전라남도 순천시,S140001148,외서초등학교,2,공립,N,,0.0,1.0,6.0,0.0,0.0,10.0,0.0,0.0,4.0,0.0,1.0,7.0,1.0,4.0,6.0,0.0,4.0,12.0,1.0,10.0,45.0
전라남도교육청,전라남도순천교육지원청,전라남도 순천시,S140001150,월등초등학교,2,공립,N,,0.0,0.0,5.0,2.0,0.0,7.0,3.0,1.0,7.0,1.0,1.0,5.0,3.0,1.0,4.0,2.0,5.0,12.0,11.0,8.0,40.0
전라남도교육청,전라남도순천교육지원청,전라남도 순천시,S140001151,주암초등학교,2,공립,N,,0.0,0.0,2.0,0.0,0.0,4.0,0.0,1.0,6.0,0.0,1.0,5.0,0.0,0.0,4.0,0.0,0.0,6.0,0.0,2.0,27.0
전라남도교육청,전라남도순천교육지원청,전라남도 순천시,S140001153,창촌초등학교,2,공립,N,,0.0,0.0,2.0,0.0,1.0,0.0,0.0,0.0,5.0,0.0,0.0,3.0,0.0,0.0,2.0,0.0,0.0,1.0,0.0,1.0,13.0
전라남도교육청,전라남도순천교육지원청,전라남도 순천시,S140001155,팔마초등학교,2,공립,N,,1.0,2.0,71.0,3.0,3.0,74.0,6.0,4.0,91.0,7.0,4.0,93.0,4.0,2.0,92.0,6.0,2.0,103.0,27.0,17.0,524.0
전라남도교육청,전라남도순천교육지원청,전라남도 순천시,S140001157,해룡초등학교,2,공립,N,,0.0,0.0,11.0,2.0,0.0,15.0,0.0,1.0,17.0,0.0,0.0,11.0,0.0,1.0,20.0,1.0,0.0,14.0,3.0,2.0,88.0
전라남도교육청,전라남도순천교육지원청,전라남도 순천시,S140001162,황전초등학교,2,공립,N,,1.0,0.0,6.0,0.0,1.0,7.0,0.0,1.0,8.0,1.0,0.0,8.0,0.0,0.0,7.0,2.0,0.0,8.0,4.0,2.0,44.0
전라남도교육청,전라남도신안교육지원청,전라남도 신안군,S140001241,가거도초등학교,2,공립,N,,0.0,0.0,1.0,0.0,0.0,2.0,0.0,0.0,0.0,0.0,0.0,1.0,0.0,0.0,2.0,0.0,0.0,1.0,0.0,0.0,7.0
전라남도교육청,전라남도신안교육지원청,전라남도 신안군,S140001248,도초초등학교,2,공립,N,,1.0,0.0,9.0,0.0,1.0,11.0,1.0,1.0,11.0,2.0,0.0,12.0,0.0,1.0,14.0,0.0,0.0,8.0,4.0,3.0,65.0
전라남도교육청,전라남도신안교육지원청,전라남도 신안군,S140001251,비금동초등학교,2,공립,N,,0.0,2.0,2.0,0.0,1.0,4.0,0.0,3.0,9.0,1.0,0.0,3.0,0.0,0.0,3.0,0.0,0.0,5.0,1.0,6.0,26.0
전라남도교육청,전라남도신안교육지원청,전라남도 신안군,S140001253,비금초등학교,2,공립,N,,0.0,0.0,8.0,1.0,0.0,14.0,1.0,0.0,8.0,1.0,2.0,13.0,0.0,0.0,14.0,0.0,1.0,15.0,3.0,3.0,72.0
전라남도교육청,전라남도신안교육지원청,전라남도 신안군,S140001257,신의초등학교,2,공립,N,,0.0,0.0,4.0,2.0,1.0,8.0,1.0,0.0,9.0,3.0,0.0,12.0,0.0,0.0,5.0,2.0,0.0,12.0,8.0,1.0,50.0
전라남도교육청,전라남도신안교육지원청,전라남도 신안군,S140001263,안좌초등학교,2,공립,N,,0.0,0.0,10.0,0.0,0.0,7.0,0.0,2.0,15.0,0.0,1.0,8.0,0.0,0.0,8.0,0.0,1.0,8.0,0.0,4.0,56.0
전라남도교육청,전라남도신안교육지원청,전라남도 신안군,S140001271,암태초등학교,2,공립,N,,0.0,0.0,11.0,0.0,2.0,6.0,2.0,0.0,8.0,1.0,1.0,6.0,1.0,1.0,8.0,0.0,2.0,7.0,4.0,6.0,46.0
전라남도교육청,전라남도신안교육지원청,전라남도 신안군,S140001274,압해동초등학교,2,공립,N,,0.0,0.0,5.0,0.0,1.0,8.0,0.0,0.0,11.0,1.0,1.0,9.0,0.0,2.0,12.0,0.0,1.0,4.0,1.0,5.0,49.0
전라남도교육청,전라남도신안교육지원청,전라남도 신안군,S140001276,압해서초등학교,2,공립,N,,0.0,1.0,4.0,0.0,0.0,7.0,0.0,0.0,3.0,0.0,0.0,11.0,0.0,0.0,9.0,0.0,1.0,5.0,0.0,2.0,39.0
전라남도교육청,전라남도신안교육지원청,전라남도 신안군,S140001277,압해초등학교,2,공립,N,,0.0,0.0,11.0,0.0,0.0,9.0,1.0,0.0,12.0,0.0,1.0,12.0,0.0,1.0,11.0,0.0,0.0,10.0,1.0,2.0,65.0
전라남도교육청,전라남도신안교육지원청,전라남도 신안군,S140001282,임자남초등학교,2,공립,N,,1.0,0.0,4.0,0.0,0.0,5.0,0.0,0.0,4.0,0.0,1.0,9.0,0.0,0.0,3.0,0.0,0.0,10.0,1.0,1.0,35.0
전라남도교육청,전라남도신안교육지원청,전라남도 신안군,S140001284,임자초등학교,2,공립,N,,0.0,1.0,16.0,3.0,0.0,12.0,3.0,0.0,17.0,4.0,0.0,19.0,3.0,1.0,11.0,0.0,0.0,12.0,13.0,2.0,87.0
전라남도교육청,전라남도신안교육지원청,전라남도 신안군,S140001288,자은초등학교,2,공립,N,,1.0,0.0,5.0,1.0,0.0,9.0,0.0,2.0,11.0,0.0,1.0,7.0,1.0,2.0,12.0,1.0,1.0,12.0,4.0,6.0,56.0
전라남도교육청,전라남도신안교육지원청,전라남도 신안군,S140001291,장산초등학교,2,공립,N,,0.0,1.0,7.0,0.0,0.0,4.0,0.0,1.0,8.0,1.0,1.0,8.0,0.0,0.0,6.0,0.0,0.0,5.0,1.0,3.0,38.0
전라남도교육청,전라남도신안교육지원청,전라남도 신안군,S140001295,증도초등학교,2,공립,N,,0.0,0.0,6.0,0.0,2.0,8.0,1.0,0.0,6.0,1.0,0.0,7.0,0.0,0.0,3.0,0.0,0.0,6.0,2.0,2.0,36.0
전라남도교육청,전라남도신안교육지원청,전라남도 신안군,S140001301,지도초등학교,2,공립,N,,0.0,1.0,16.0,1.0,1.0,16.0,2.0,1.0,18.0,1.0,2.0,22.0,1.0,0.0,15.0,1.0,0.0,20.0,6.0,5.0,107.0
전라남도교육청,전라남도신안교육지원청,전라남도 신안군,S140001310,팔금초등학교,2,공립,N,,0.0,0.0,3.0,0.0,0.0,0.0,0.0,0.0,5.0,0.0,0.0,1.0,0.0,0.0,2.0,0.0,0.0,2.0,0.0,0.0,13.0
전라남도교육청,전라남도신안교육지원청,전라남도 신안군,S140001314,하의초등학교,2,공립,N,,0.0,0.0,4.0,0.0,3.0,9.0,0.0,1.0,4.0,1.0,0.0,10.0,0.0,1.0,7.0,0.0,0.0,1.0,1.0,5.0,35.0
전라남도교육청,전라남도신안교육지원청,전라남도 신안군,S140001317,흑산초등학교,2,공립,N,,1.0,0.0,2.0,2.0,2.0,6.0,0.0,2.0,8.0,0.0,0.0,6.0,0.0,0.0,4.0,0.0,1.0,6.0,3.0,5.0,32.0
전라남도교육청,전라남도여수교육지원청,전라남도 여수시,S140001388,거문초등학교,2,공립,N,,0.0,0.0,3.0,1.0,0.0,5.0,0.0,0.0,6.0,2.0,0.0,7.0,2.0,0.0,8.0,0.0,0.0,4.0,5.0,0.0,33.0
전라남도교육청,전라남도여수교육지원청,전라남도 여수시,S140001392,경호초등학교,2,공립,N,,1.0,0.0,10.0,1.0,0.0,3.0,2.0,0.0,9.0,1.0,0.0,4.0,0.0,1.0,6.0,0.0,0.0,9.0,5.0,1.0,41.0
전라남도교육청,전라남도여수교육지원청,전라남도 여수시,S140001394,관기초등학교,2,공립,N,,16.0,0.0,17.0,10.0,2.0,17.0,20.0,0.0,12.0,9.0,0.0,16.0,6.0,1.0,13.0,1.0,0.0,7.0,62.0,3.0,82.0
전라남도교육청,전라남도여수교육지원청,전라남도 여수시,S140001395,나진초등학교,2,공립,N,,1.0,1.0,6.0,0.0,1.0,3.0,2.0,3.0,8.0,3.0,0.0,9.0,2.0,0.0,5.0,1.0,1.0,3.0,9.0,6.0,34.0
전라남도교육청,전라남도여수교육지원청,전라남도 여수시,S140001397,도원초등학교,2,공립,N,,8.0,6.0,180.0,5.0,7.0,162.0,16.0,7.0,170.0,11.0,7.0,183.0,8.0,8.0,173.0,6.0,6.0,156.0,54.0,41.0,1024.0
전라남도교육청,전라남도여수교육지원청,전라남도 여수시,S140001399,돌산초등학교,2,공립,N,,0.0,0.0,6.0,1.0,0.0,4.0,0.0,0.0,3.0,0.0,0.0,9.0,1.0,0.0,6.0,0.0,2.0,2.0,2.0,2.0,30.0
전라남도교육청,전라남도여수교육지원청,전라남도 여수시,S140001403,상암초등학교묘도분교장,2,공립,N,,0.0,0.0,3.0,0.0,1.0,2.0,0.0,0.0,1.0,0.0,1.0,4.0,0.0,0.0,3.0,0.0,1.0,5.0,0.0,3.0,18.0
전라남도교육청,전라남도여수교육지원청,전라남도 여수시,S140001404,무선초등학교,2,공립,N,,2.0,5.0,38.0,2.0,3.0,55.0,3.0,8.0,63.0,5.0,5.0,69.0,4.0,3.0,68.0,1.0,4.0,59.0,17.0,28.0,352.0
전라남도교육청,전라남도여수교육지원청,전라남도 여수시,S140001405,백초초등학교,2,공립,N,,2.0,0.0,4.0,0.0,0.0,9.0,5.0,1.0,6.0,1.0,0.0,3.0,1.0,1.0,6.0,1.0,0.0,7.0,10.0,2.0,35.0
전라남도교육청,전라남도여수교육지원청,전라남도 여수시,S140001407,봉덕초등학교,2,공립,N,,0.0,1.0,4.0,0.0,0.0,3.0,0.0,0.0,3.0,0.0,0.0,3.0,0.0,0.0,4.0,0.0,1.0,5.0,0.0,2.0,22.0
전라남도교육청,전라남도여수교육지원청,전라남도 여수시,S140001408,상암초등학교,2,공립,N,,0.0,0.0,12.0,1.0,3.0,13.0,0.0,0.0,6.0,0.0,1.0,12.0,2.0,1.0,14.0,0.0,1.0,10.0,3.0,6.0,67.0
전라남도교육청,전라남도여수교육지원청,전라남도 여수시,S140001410,소라초등학교,2,공립,N,,0.0,2.0,14.0,2.0,0.0,8.0,1.0,0.0,15.0,0.0,1.0,11.0,2.0,3.0,14.0,2.0,6.0,19.0,7.0,12.0,81.0
전라남도교육청,전라남도여수교육지원청,전라남도 여수시,S140001417,소호초등학교,2,공립,N,,1.0,3.0,42.0,1.0,1.0,55.0,6.0,5.0,69.0,0.0,2.0,56.0,1.0,2.0,71.0,3.0,1.0,63.0,12.0,14.0,356.0
전라남도교육청,전라남도여수교육지원청,전라남도 여수시,S140001418,시전초등학교,2,공립,N,,3.0,2.0,32.0,3.0,1.0,41.0,2.0,4.0,49.0,3.0,4.0,53.0,1.0,5.0,51.0,2.0,1.0,42.0,14.0,17.0,268.0
전라남도교육청,전라남도여수교육지원청,전라남도 여수시,S140001420,쌍봉초등학교,2,공립,N,,7.0,1.0,41.0,5.0,5.0,43.0,2.0,2.0,49.0,9.0,5.0,59.0,10.0,2.0,56.0,3.0,3.0,47.0,36.0,18.0,295.0
전라남도교육청,전라남도여수교육지원청,전라남도 여수시,S140001421,안일초등학교,2,공립,N,,0.0,0.0,1.0,0.0,1.0,2.0,0.0,0.0,4.0,0.0,1.0,4.0,0.0,1.0,2.0,0.0,0.0,4.0,0.0,3.0,17.0
전라남도교육청,전라남도여수교육지원청,전라남도 여수시,S140001425,여도초등학교,2,사립,N,,2.0,4.0,115.0,0.0,6.0,113.0,0.0,7.0,104.0,0.0,3.0,115.0,0.0,6.0,108.0,0.0,4.0,95.0,2.0,30.0,650.0
전라남도교육청,전라남도여수교육지원청,전라남도 여수시,S140001428,여수구봉초등학교,2,공립,N,,1.0,1.0,25.0,0.0,2.0,35.0,2.0,4.0,32.0,0.0,1.0,39.0,3.0,1.0,33.0,3.0,0.0,30.0,9.0,9.0,194.0
전라남도교육청,전라남도여수교육지원청,전라남도 여수시,S140001429,여수남산초등학교,2,공립,N,,1.0,0.0,8.0,0.0,0.0,7.0,0.0,0.0,12.0,1.0,1.0,4.0,0.0,1.0,3.0,0.0,1.0,5.0,2.0,3.0,39.0
전라남도교육청,전라남도여수교육지원청,전라남도 여수시,S140001430,여수남초등학교,2,공립,N,,1.0,1.0,34.0,1.0,4.0,29.0,1.0,0.0,30.0,1.0,3.0,33.0,0.0,1.0,33.0,1.0,3.0,30.0,5.0,12.0,189.0
전라남도교육청,전라남도여수교육지원청,전라남도 여수시,S140001431,여수동초등학교,2,공립,N,,1.0,4.0,34.0,3.0,5.0,40.0,6.0,7.0,38.0,3.0,1.0,48.0,4.0,3.0,40.0,1.0,2.0,51.0,18.0,22.0,251.0
전라남도교육청,전라남도여수교육지원청,전라남도 여수시,S140001432,여수문수초등학교,2,공립,N,,1.0,0.0,62.0,8.0,2.0,52.0,7.0,1.0,44.0,12.0,3.0,44.0,2.0,3.0,23.0,5.0,1.0,38.0,35.0,10.0,263.0
전라남도교육청,전라남도여수교육지원청,전라남도 여수시,S140001433,여수미평초등학교,2,공립,N,,5.0,4.0,55.0,7.0,7.0,52.0,6.0,3.0,67.0,9.0,9.0,86.0,5.0,4.0,70.0,1.0,4.0,80.0,33.0,31.0,410.0
전라남도교육청,전라남도여수교육지원청,전라남도 여수시,S140001434,여수봉산초등학교,2,공립,N,,1.0,0.0,4.0,0.0,0.0,4.0,1.0,1.0,5.0,0.0,0.0,6.0,1.0,0.0,11.0,0.0,1.0,5.0,3.0,2.0,35.0
전라남도교육청,전라남도여수교육지원청,전라남도 여수시,S140001435,여수부영초등학교,2,공립,N,,2.0,1.0,81.0,3.0,5.0,83.0,1.0,7.0,110.0,7.0,8.0,121.0,4.0,7.0,103.0,3.0,9.0,130.0,20.0,37.0,628.0
전라남도교육청,전라남도여수교육지원청,전라남도 여수시,S140001436,여수북초등학교,2,공립,N,,0.0,3.0,6.0,0.0,1.0,9.0,0.0,1.0,9.0,2.0,1.0,12.0,0.0,0.0,8.0,1.0,0.0,14.0,3.0,6.0,58.0
전라남도교육청,전라남도여수교육지원청,전라남도 여수시,S140001437,여수서초등학교,2,공립,N,,2.0,1.0,26.0,1.0,2.0,23.0,4.0,1.0,25.0,3.0,4.0,32.0,0.0,2.0,35.0,2.0,1.0,31.0,12.0,11.0,172.0
전라남도교육청,전라남도여수교육지원청,전라남도 여수시,S140001438,여수신월초등학교,2,공립,N,,2.0,2.0,66.0,4.0,6.0,110.0,2.0,5.0,86.0,4.0,2.0,82.0,0.0,3.0,86.0,1.0,0.0,90.0,13.0,18.0,520.0
전라남도교육청,전라남도여수교육지원청,전라남도 여수시,S140001439,여수양지초등학교,2,공립,N,,2.0,8.0,71.0,0.0,2.0,66.0,0.0,11.0,55.0,3.0,6.0,90.0,1.0,4.0,74.0,1.0,2.0,73.0,7.0,33.0,429.0
전라남도교육청,전라남도여수교육지원청,전라남도 여수시,S140001440,여수여문초등학교,2,공립,N,,1.0,1.0,78.0,1.0,2.0,72.0,4.0,4.0,70.0,1.0,8.0,82.0,2.0,5.0,76.0,3.0,4.0,68.0,12.0,24.0,446.0
전라남도교육청,전라남도여수교육지원청,전라남도 여수시,S140001442,여수종고초등학교,2,공립,N,,1.0,3.0,97.0,4.0,7.0,83.0,9.0,9.0,91.0,13.0,3.0,87.0,6.0,5.0,69.0,2.0,3.0,55.0,35.0,30.0,482.0
전라남도교육청,전라남도여수교육지원청,전라남도 여수시,S140001443,여수좌수영초등학교,2,공립,N,,2.0,3.0,56.0,3.0,3.0,74.0,4.0,3.0,72.0,2.0,4.0,66.0,4.0,3.0,67.0,0.0,1.0,67.0,15.0,17.0,402.0
전라남도교육청,전라남도여수교육지원청,전라남도 여수시,S140001444,여수중앙초등학교,2,공립,N,,1.0,1.0,16.0,0.0,2.0,26.0,1.0,3.0,26.0,1.0,2.0,36.0,0.0,1.0,23.0,1.0,0.0,31.0,4.0,9.0,158.0
전라남도교육청,전라남도여수교육지원청,전라남도 여수시,S140001445,여수진남초등학교,2,공립,N,,0.0,0.0,11.0,1.0,0.0,19.0,0.0,3.0,8.0,1.0,1.0,28.0,0.0,0.0,9.0,0.0,0.0,19.0,2.0,4.0,94.0
전라남도교육청,전라남도여수교육지원청,전라남도 여수시,S140001446,여수한려초등학교,2,공립,N,,1.0,3.0,82.0,3.0,5.0,80.0,3.0,6.0,109.0,3.0,7.0,96.0,4.0,1.0,125.0,2.0,6.0,102.0,16.0,28.0,594.0
전라남도교육청,전라남도여수교육지원청,전라남도 여수시,S140001449,여천초등학교,2,공립,N,,1.0,4.0,78.0,3.0,3.0,90.0,6.0,9.0,87.0,8.0,5.0,100.0,5.0,3.0,87.0,9.0,5.0,84.0,32.0,29.0,526.0
전라남도교육청,전라남도여수교육지원청,전라남도 여수시,S140001450,여남초등학교연도분교장,2,공립,N,,0.0,0.0,0.0,0.0,1.0,1.0,0.0,0.0,0.0,0.0,1.0,1.0,0.0,0.0,1.0,0.0,0.0,0.0,0.0,2.0,3.0
전라남도교육청,전라남도여수교육지원청,전라남도 여수시,S140001462,화양초등학교,2,공립,N,,0.0,0.0,3.0,2.0,1.0,5.0,0.0,0.0,9.0,0.0,2.0,7.0,0.0,0.0,5.0,0.0,0.0,4.0,2.0,3.0,33.0
전라남도교육청,전라남도여수교육지원청,전라남도 여수시,S140001463,화정초등학교,2,공립,N,,0.0,0.0,2.0,0.0,0.0,2.0,0.0,1.0,3.0,0.0,1.0,3.0,0.0,0.0,9.0,0.0,0.0,3.0,0.0,2.0,22.0
전라남도교육청,전라남도영광교육지원청,전라남도 영광군,S140001665,군남초등학교,2,공립,N,,0.0,0.0,2.0,0.0,1.0,6.0,3.0,0.0,9.0,2.0,0.0,8.0,0.0,0.0,9.0,3.0,0.0,7.0,8.0,1.0,41.0
전라남도교육청,전라남도영광교육지원청,전라남도 영광군,S140001667,군서초등학교,2,공립,N,,0.0,0.0,5.0,0.0,0.0,2.0,0.0,0.0,6.0,1.0,1.0,10.0,0.0,0.0,8.0,0.0,0.0,6.0,1.0,1.0,37.0
전라남도교육청,전라남도영광교육지원청,전라남도 영광군,S140001668,염산초등학교낙월분교장,2,공립,N,,0.0,0.0,0.0,0.0,0.0,3.0,0.0,0.0,1.0,0.0,0.0,0.0,0.0,0.0,0.0,0.0,0.0,2.0,0.0,0.0,6.0
전라남도교육청,전라남도영광교육지원청,전라남도 영광군,S140001670,대마초등학교,2,공립,N,,1.0,0.0,5.0,1.0,1.0,9.0,2.0,0.0,7.0,1.0,0.0,5.0,0.0,1.0,8.0,5.0,1.0,7.0,10.0,3.0,41.0
전라남도교육청,전라남도영광교육지원청,전라남도 영광군,S140001676,백수서초등학교,2,공립,N,,0.0,0.0,3.0,0.0,0.0,2.0,0.0,0.0,4.0,0.0,0.0,3.0,0.0,0.0,6.0,1.0,0.0,3.0,1.0,0.0,21.0
전라남도교육청,전라남도영광교육지원청,전라남도 영광군,S140001678,백수초등학교,2,공립,N,,0.0,0.0,9.0,0.0,1.0,8.0,0.0,1.0,11.0,0.0,2.0,13.0,1.0,0.0,6.0,0.0,3.0,14.0,1.0,7.0,61.0
전라남도교육청,전라남도영광교육지원청,전라남도 영광군,S140001681,법성포초등학교,2,공립,N,,1.0,0.0,17.0,0.0,0.0,22.0,1.0,0.0,7.0,0.0,3.0,25.0,1.0,1.0,19.0,0.0,4.0,22.0,3.0,8.0,112.0
전라남도교육청,전라남도영광교육지원청,전라남도 영광군,S140001685,불갑초등학교,2,공립,N,,0.0,0.0,6.0,0.0,1.0,4.0,1.0,0.0,10.0,0.0,0.0,6.0,0.0,1.0,6.0,1.0,1.0,4.0,2.0,3.0,36.0
전라남도교육청,전라남도영광교육지원청,전라남도 영광군,S140001689,염산초등학교,2,공립,N,,2.0,1.0,10.0,0.0,0.0,13.0,0.0,1.0,10.0,0.0,0.0,16.0,1.0,2.0,11.0,0.0,1.0,15.0,3.0,5.0,75.0
전라남도교육청,전라남도영광교육지원청,전라남도 영광군,S140001693,영광중앙초등학교,2,공립,N,,1.0,4.0,73.0,6.0,0.0,82.0,3.0,2.0,66.0,4.0,3.0,83.0,4.0,3.0,74.0,3.0,1.0,79.0,21.0,13.0,457.0
전라남도교육청,전라남도영광교육지원청,전라남도 영광군,S140001694,영광초등학교,2,공립,N,,0.0,2.0,108.0,3.0,1.0,103.0,3.0,1.0,160.0,6.0,2.0,144.0,8.0,1.0,149.0,2.0,2.0,142.0,22.0,9.0,806.0
전라남도교육청,전라남도영광교육지원청,전라남도 영광군,S140001700,홍농서초등학교,2,공립,N,,1.0,0.0,4.0,2.0,1.0,3.0,1.0,3.0,8.0,0.0,2.0,3.0,1.0,1.0,7.0,0.0,0.0,6.0,5.0,7.0,31.0
전라남도교육청,전라남도영광교육지원청,전라남도 영광군,S140001701,홍농초등학교,2,공립,N,,0.0,3.0,41.0,2.0,13.0,46.0,3.0,5.0,59.0,2.0,4.0,39.0,2.0,2.0,55.0,1.0,1.0,48.0,10.0,28.0,288.0
전라남도교육청,전라남도영암교육지원청,전라남도 영암군,S140001744,구림초등학교,2,공립,N,,2.0,1.0,3.0,2.0,0.0,6.0,2.0,1.0,10.0,7.0,0.0,13.0,4.0,2.0,12.0,3.0,0.0,10.0,20.0,4.0,54.0
전라남도교육청,전라남도영암교육지원청,전라남도 영암군,S140001748,금정초등학교,2,공립,N,,0.0,1.0,6.0,0.0,0.0,3.0,0.0,1.0,5.0,0.0,1.0,6.0,0.0,0.0,4.0,0.0,0.0,3.0,0.0,3.0,27.0
전라남도교육청,전라남도영암교육지원청,전라남도 영암군,S140001751,대불초등학교,2,공립,N,,3.0,0.0,64.0,10.0,3.0,96.0,3.0,9.0,86.0,5.0,4.0,88.0,5.0,7.0,81.0,8.0,3.0,80.0,34.0,26.0,495.0
전라남도교육청,전라남도영암교육지원청,전라남도 영암군,S140001752,덕진초등학교,2,공립,N,,3.0,1.0,7.0,0.0,0.0,9.0,2.0,0.0,8.0,0.0,0.0,4.0,2.0,0.0,6.0,2.0,0.0,10.0,9.0,1.0,44.0
전라남도교육청,전라남도영암교육지원청,전라남도 영암군,S140001753,도포초등학교,2,공립,N,,0.0,0.0,4.0,1.0,0.0,8.0,2.0,0.0,5.0,0.0,0.0,6.0,2.0,1.0,6.0,0.0,0.0,4.0,5.0,1.0,33.0
전라남도교육청,전라남도영암교육지원청,전라남도 영암군,S140001757,독천초등학교,2,공립,N,,0.0,1.0,6.0,1.0,1.0,15.0,2.0,1.0,16.0,4.0,0.0,12.0,1.0,0.0,14.0,0.0,0.0,7.0,8.0,3.0,70.0
전라남도교육청,전라남도영암교육지원청,전라남도 영암군,S140001760,미암초등학교,2,공립,N,,0.0,1.0,1.0,0.0,0.0,2.0,0.0,0.0,5.0,1.0,2.0,3.0,0.0,0.0,3.0,1.0,1.0,4.0,2.0,4.0,18.0
전라남도교육청,전라남도영암교육지원청,전라남도 영암군,S140001761,삼호서초등학교,2,공립,N,,1.0,7.0,49.0,5.0,11.0,55.0,6.0,2.0,61.0,6.0,7.0,63.0,5.0,9.0,62.0,4.0,4.0,55.0,27.0,40.0,345.0
전라남도교육청,전라남도영암교육지원청,전라남도 영암군,S140001762,삼호중앙초등학교,2,공립,N,,2.0,3.0,68.0,5.0,9.0,105.0,3.0,6.0,78.0,2.0,9.0,85.0,2.0,3.0,101.0,2.0,8.0,95.0,16.0,38.0,532.0
전라남도교육청,전라남도영암교육지원청,전라남도 영암군,S140001763,서창초등학교,2,공립,N,,0.0,0.0,10.0,1.0,0.0,8.0,2.0,0.0,6.0,0.0,0.0,12.0,2.0,0.0,11.0,3.0,1.0,11.0,8.0,1.0,58.0
전라남도교육청,전라남도영암교육지원청,전라남도 영암군,S140001765,시종초등학교,2,공립,N,,0.0,1.0,10.0,0.0,0.0,6.0,0.0,0.0,3.0,2.0,0.0,5.0,0.0,0.0,7.0,0.0,0.0,6.0,2.0,1.0,37.0
전라남도교육청,전라남도영암교육지원청,전라남도 영암군,S140001769,신북초등학교,2,공립,N,,0.0,1.0,11.0,1.0,1.0,7.0,0.0,0.0,6.0,1.0,3.0,21.0,2.0,1.0,11.0,0.0,0.0,10.0,4.0,6.0,66.0
전라남도교육청,전라남도영암교육지원청,전라남도 영암군,S140001772,영암초등학교,2,공립,N,,1.0,4.0,70.0,1.0,6.0,69.0,2.0,5.0,82.0,8.0,2.0,73.0,0.0,6.0,86.0,3.0,5.0,72.0,15.0,28.0,452.0
전라남도교육청,전라남도영암교육지원청,전라남도 영암군,S140001773,용당초등학교,2,공립,N,,1.0,2.0,6.0,3.0,5.0,10.0,5.0,4.0,14.0,0.0,5.0,10.0,1.0,2.0,6.0,0.0,1.0,10.0,10.0,19.0,56.0
전라남도교육청,전라남도영암교육지원청,전라남도 영암군,S140001775,장천초등학교,2,공립,N,,0.0,0.0,7.0,1.0,0.0,4.0,0.0,1.0,6.0,0.0,0.0,5.0,0.0,0.0,5.0,2.0,1.0,7.0,3.0,2.0,34.0
전라남도교육청,전라남도영암교육지원청,전라남도 영암군,S140001777,학산초등학교,2,공립,N,,0.0,0.0,4.0,0.0,1.0,2.0,0.0,0.0,11.0,0.0,2.0,5.0,0.0,0.0,9.0,0.0,1.0,4.0,0.0,4.0,35.0
전라남도교육청,전라남도완도교육지원청,전라남도 완도군,S140001816,고금초등학교,2,공립,N,,1.0,0.0,20.0,1.0,4.0,27.0,1.0,1.0,20.0,0.0,1.0,28.0,3.0,1.0,23.0,3.0,0.0,27.0,9.0,7.0,145.0
전라남도교육청,전라남도완도교육지원청,전라남도 완도군,S140001824,군외초등학교,2,공립,N,,0.0,0.0,5.0,0.0,0.0,3.0,0.0,1.0,5.0,0.0,2.0,7.0,0.0,1.0,6.0,0.0,2.0,7.0,0.0,6.0,33.0
전라남도교육청,전라남도완도교육지원청,전라남도 완도군,S140001829,금당초등학교,2,공립,N,,1.0,0.0,7.0,0.0,0.0,2.0,1.0,1.0,5.0,0.0,0.0,5.0,1.0,1.0,1.0,0.0,0.0,3.0,3.0,2.0,23.0
전라남도교육청,전라남도완도교육지원청,전라남도 완도군,S140001832,금일동초등학교,2,공립,N,,0.0,0.0,6.0,0.0,2.0,10.0,0.0,0.0,4.0,0.0,1.0,5.0,0.0,1.0,10.0,0.0,1.0,6.0,0.0,5.0,41.0
전라남도교육청,전라남도완도교육지원청,전라남도 완도군,S140001835,금일초등학교,2,공립,N,,1.0,0.0,12.0,3.0,1.0,11.0,0.0,1.0,10.0,0.0,0.0,10.0,0.0,0.0,15.0,1.0,0.0,12.0,5.0,2.0,70.0
전라남도교육청,전라남도완도교육지원청,전라남도 완도군,S140001840,넙도초등학교,2,공립,N,,0.0,0.0,3.0,0.0,1.0,2.0,1.0,1.0,6.0,1.0,0.0,2.0,0.0,1.0,5.0,0.0,1.0,1.0,2.0,4.0,19.0
전라남도교육청,전라남도완도교육지원청,전라남도 완도군,S140001844,노화북초등학교,2,공립,N,,0.0,1.0,10.0,1.0,1.0,10.0,0.0,0.0,12.0,0.0,2.0,17.0,0.0,0.0,15.0,0.0,0.0,7.0,1.0,4.0,71.0
전라남도교육청,전라남도완도교육지원청,전라남도 완도군,S140001845,노화중앙초등학교,2,공립,N,,0.0,0.0,6.0,0.0,2.0,7.0,1.0,1.0,10.0,2.0,1.0,9.0,1.0,1.0,18.0,0.0,0.0,11.0,4.0,5.0,61.0
전라남도교육청,전라남도완도교육지원청,전라남도 완도군,S140001846,노화초등학교,2,공립,N,,1.0,1.0,17.0,3.0,3.0,14.0,2.0,1.0,26.0,0.0,2.0,21.0,0.0,1.0,21.0,1.0,3.0,22.0,7.0,11.0,121.0
전라남도교육청,전라남도완도교육지원청,전라남도 완도군,S140001849,보길동초등학교,2,공립,N,,0.0,0.0,18.0,1.0,0.0,10.0,0.0,1.0,16.0,0.0,0.0,11.0,0.0,0.0,11.0,0.0,0.0,6.0,1.0,1.0,72.0
전라남도교육청,전라남도완도교육지원청,전라남도 완도군,S140001852,보길초등학교,2,공립,N,,0.0,1.0,19.0,3.0,2.0,14.0,0.0,1.0,23.0,0.0,2.0,15.0,0.0,2.0,12.0,0.0,0.0,12.0,3.0,8.0,95.0
전라남도교육청,전라남도완도교육지원청,전라남도 완도군,S140001853,생영초등학교,2,공립,N,,1.0,0.0,3.0,0.0,0.0,3.0,0.0,0.0,5.0,0.0,0.0,1.0,1.0,1.0,5.0,0.0,0.0,4.0,2.0,1.0,21.0
전라남도교육청,전라남도완도교육지원청,전라남도 완도군,S140001855,소안초등학교,2,공립,N,,0.0,2.0,21.0,0.0,1.0,15.0,0.0,2.0,15.0,2.0,1.0,15.0,0.0,4.0,17.0,1.0,1.0,13.0,3.0,11.0,96.0
전라남도교육청,전라남도완도교육지원청,전라남도 완도군,S140001859,신지동초등학교,2,공립,N,,0.0,0.0,5.0,0.0,0.0,1.0,0.0,1.0,5.0,0.0,0.0,0.0,0.0,0.0,3.0,0.0,0.0,3.0,0.0,1.0,17.0
전라남도교육청,전라남도완도교육지원청,전라남도 완도군,S140001860,신지초등학교,2,공립,N,,1.0,1.0,1.0,1.0,1.0,7.0,0.0,0.0,8.0,0.0,1.0,5.0,0.0,0.0,8.0,1.0,0.0,9.0,3.0,3.0,38.0
전라남도교육청,전라남도완도교육지원청,전라남도 완도군,S140001863,약산초등학교,2,공립,N,,0.0,0.0,7.0,1.0,0.0,8.0,0.0,0.0,11.0,1.0,0.0,12.0,2.0,0.0,10.0,0.0,0.0,7.0,4.0,0.0,55.0
전라남도교육청,전라남도완도교육지원청,전라남도 완도군,S140001865,완도중앙초등학교,2,공립,N,,3.0,3.0,120.0,6.0,4.0,106.0,8.0,4.0,129.0,2.0,2.0,107.0,5.0,6.0,133.0,2.0,7.0,112.0,26.0,26.0,707.0
전라남도교육청,전라남도완도교육지원청,전라남도 완도군,S140001866,완도초등학교,2,공립,N,,0.0,1.0,38.0,2.0,2.0,40.0,0.0,2.0,41.0,2.0,2.0,42.0,1.0,3.0,38.0,2.0,2.0,34.0,7.0,12.0,233.0
전라남도교육청,전라남도완도교육지원청,전라남도 완도군,S140001874,청산초등학교,2,공립,N,,0.0,0.0,5.0,0.0,0.0,4.0,0.0,0.0,3.0,0.0,0.0,6.0,1.0,0.0,9.0,0.0,0.0,6.0,1.0,0.0,33.0
전라남도교육청,전라남도완도교육지원청,전라남도 완도군,S140001878,청해초등학교,2,공립,N,,1.0,1.0,13.0,0.0,3.0,14.0,0.0,4.0,11.0,0.0,1.0,13.0,3.0,1.0,18.0,0.0,0.0,15.0,4.0,10.0,84.0
전라남도교육청,전라남도완도교육지원청,전라남도 완도군,S140001882,화흥초등학교,2,공립,N,,0.0,1.0,10.0,0.0,1.0,4.0,0.0,0.0,8.0,0.0,0.0,9.0,0.0,1.0,3.0,0.0,0.0,4.0,0.0,3.0,38.0
전라남도교육청,전라남도장성교육지원청,전라남도 장성군,S140001921,동화초등학교,2,공립,N,,0.0,0.0,3.0,0.0,1.0,5.0,0.0,1.0,6.0,0.0,0.0,7.0,0.0,1.0,6.0,0.0,1.0,8.0,0.0,4.0,35.0
전라남도교육청,전라남도장성교육지원청,전라남도 장성군,S140001922,북이초등학교,2,공립,N,,0.0,0.0,9.0,1.0,0.0,6.0,0.0,0.0,2.0,0.0,1.0,12.0,0.0,0.0,7.0,5.0,0.0,13.0,6.0,1.0,49.0
전라남도교육청,전라남도장성교육지원청,전라남도 장성군,S140001924,북일초등학교,2,공립,N,,0.0,0.0,4.0,1.0,0.0,2.0,1.0,0.0,5.0,0.0,0.0,7.0,0.0,0.0,5.0,0.0,0.0,5.0,2.0,0.0,28.0
전라남도교육청,전라남도장성교육지원청,전라남도 장성군,S140001925,분향초등학교,2,공립,N,,1.0,0.0,10.0,4.0,1.0,14.0,0.0,1.0,10.0,0.0,1.0,15.0,2.0,0.0,17.0,0.0,1.0,15.0,7.0,4.0,81.0
전라남도교육청,전라남도장성교육지원청,전라남도 장성군,S140001926,사창초등학교,2,공립,N,,9.0,13.0,62.0,11.0,19.0,68.0,9.0,15.0,59.0,8.0,21.0,82.0,4.0,14.0,73.0,2.0,4.0,61.0,43.0,86.0,405.0
전라남도교육청,전라남도장성교육지원청,전라남도 장성군,S140001929,삼서초등학교,2,공립,N,,0.0,0.0,10.0,1.0,0.0,10.0,1.0,0.0,14.0,0.0,0.0,11.0,0.0,0.0,13.0,0.0,0.0,12.0,2.0,0.0,70.0
전라남도교육청,전라남도장성교육지원청,전라남도 장성군,S140001930,서삼초등학교,2,공립,N,,1.0,0.0,4.0,3.0,0.0,5.0,4.0,1.0,4.0,5.0,0.0,5.0,3.0,0.0,2.0,0.0,0.0,8.0,16.0,1.0,28.0
전라남도교육청,전라남도장성교육지원청,전라남도 장성군,S140001931,약수초등학교,2,공립,N,,0.0,0.0,5.0,0.0,0.0,6.0,0.0,0.0,6.0,0.0,0.0,3.0,0.0,0.0,12.0,0.0,0.0,4.0,0.0,0.0,36.0
전라남도교육청,전라남도장성교육지원청,전라남도 장성군,S140001933,월평초등학교,2,공립,N,,2.0,0.0,27.0,2.0,1.0,17.0,1.0,1.0,28.0,6.0,1.0,34.0,0.0,1.0,19.0,0.0,1.0,22.0,11.0,5.0,147.0
전라남도교육청,전라남도장성교육지원청,전라남도 장성군,S140001935,장성성산초등학교,2,공립,N,,2.0,0.0,17.0,0.0,1.0,10.0,1.0,2.0,16.0,0.0,3.0,16.0,0.0,0.0,16.0,0.0,0.0,8.0,3.0,6.0,83.0
전라남도교육청,전라남도장성교육지원청,전라남도 장성군,S140001936,장성중앙초등학교,2,공립,N,,2.0,1.0,96.0,3.0,2.0,79.0,7.0,1.0,104.0,7.0,2.0,90.0,5.0,3.0,92.0,2.0,3.0,85.0,26.0,12.0,546.0
전라남도교육청,전라남도장성교육지원청,전라남도 장성군,S140001937,진원동초등학교,2,공립,N,,0.0,0.0,16.0,1.0,2.0,12.0,0.0,1.0,11.0,1.0,0.0,13.0,0.0,2.0,14.0,0.0,0.0,15.0,2.0,5.0,81.0
전라남도교육청,전라남도장성교육지원청,전라남도 장성군,S140001938,진원초등학교,2,공립,N,,2.0,2.0,44.0,5.0,2.0,43.0,6.0,2.0,45.0,2.0,2.0,47.0,3.0,3.0,31.0,2.0,1.0,35.0,20.0,12.0,245.0
전라남도교육청,전라남도장흥교육지원청,전라남도 장흥군,S140001968,관산남초등학교,2,공립,N,,1.0,0.0,5.0,0.0,0.0,0.0,0.0,0.0,6.0,0.0,0.0,5.0,0.0,0.0,3.0,1.0,0.0,8.0,2.0,0.0,27.0
전라남도교육청,전라남도장흥교육지원청,전라남도 장흥군,S140001970,관산초등학교,2,공립,N,,1.0,1.0,10.0,0.0,0.0,10.0,1.0,0.0,9.0,0.0,0.0,15.0,1.0,2.0,11.0,0.0,1.0,24.0,3.0,4.0,79.0
전라남도교육청,전라남도장흥교육지원청,전라남도 장흥군,S140001974,대덕초등학교,2,공립,N,,2.0,1.0,17.0,0.0,0.0,11.0,0.0,0.0,20.0,0.0,0.0,20.0,0.0,1.0,17.0,0.0,0.0,13.0,2.0,2.0,98.0
전라남도교육청,전라남도장흥교육지원청,전라남도 장흥군,S140001975,명덕초등학교,2,공립,N,,0.0,0.0,2.0,1.0,1.0,6.0,0.0,0.0,2.0,0.0,1.0,8.0,0.0,0.0,6.0,0.0,0.0,1.0,1.0,2.0,25.0
전라남도교육청,전라남도장흥교육지원청,전라남도 장흥군,S140001977,부산초등학교,2,공립,N,,1.0,0.0,4.0,0.0,1.0,5.0,0.0,1.0,8.0,0.0,0.0,3.0,0.0,1.0,5.0,0.0,1.0,5.0,1.0,4.0,30.0
전라남도교육청,전라남도장흥교육지원청,전라남도 장흥군,S140001980,안양초등학교,2,공립,N,,0.0,0.0,5.0,2.0,0.0,3.0,1.0,0.0,8.0,1.0,0.0,9.0,2.0,0.0,10.0,0.0,0.0,5.0,6.0,0.0,40.0
전라남도교육청,전라남도장흥교육지원청,전라남도 장흥군,S140001981,용산초등학교,2,공립,N,,0.0,0.0,4.0,0.0,1.0,10.0,0.0,0.0,4.0,0.0,1.0,11.0,0.0,0.0,10.0,0.0,0.0,9.0,0.0,2.0,48.0
전라남도교육청,전라남도장흥교육지원청,전라남도 장흥군,S140001982,유치초등학교,2,공립,N,,0.0,0.0,4.0,1.0,0.0,2.0,0.0,1.0,5.0,0.0,0.0,2.0,0.0,0.0,3.0,0.0,0.0,3.0,1.0,1.0,19.0
전라남도교육청,전라남도장흥교육지원청,전라남도 장흥군,S140001985,장동초등학교,2,공립,N,,1.0,0.0,3.0,0.0,0.0,3.0,0.0,1.0,4.0,0.0,0.0,3.0,0.0,0.0,4.0,0.0,0.0,5.0,1.0,1.0,22.0
전라남도교육청,전라남도장흥교육지원청,전라남도 장흥군,S140001988,장평초등학교,2,공립,N,,0.0,0.0,3.0,3.0,1.0,6.0,1.0,0.0,4.0,0.0,0.0,1.0,0.0,1.0,7.0,0.0,1.0,2.0,4.0,3.0,23.0
전라남도교육청,전라남도장흥교육지원청,전라남도 장흥군,S140001991,장흥남초등학교,2,공립,N,,0.0,1.0,7.0,0.0,0.0,2.0,1.0,0.0,18.0,1.0,0.0,6.0,0.0,2.0,8.0,0.0,0.0,7.0,2.0,3.0,48.0
전라남도교육청,전라남도장흥교육지원청,전라남도 장흥군,S140001993,장흥서초등학교,2,공립,N,,1.0,0.0,12.0,2.0,0.0,18.0,1.0,0.0,17.0,1.0,0.0,13.0,1.0,1.0,10.0,0.0,0.0,17.0,6.0,1.0,87.0
전라남도교육청,전라남도장흥교육지원청,전라남도 장흥군,S140001994,장흥초등학교,2,공립,N,,4.0,5.0,129.0,3.0,6.0,140.0,7.0,4.0,127.0,0.0,5.0,129.0,3.0,2.0,126.0,9.0,1.0,119.0,26.0,23.0,770.0
전라남도교육청,전라남도장흥교육지원청,전라남도 장흥군,S140001995,회진초등학교,2,공립,N,,1.0,0.0,8.0,1.0,0.0,7.0,1.0,0.0,8.0,0.0,0.0,8.0,0.0,0.0,7.0,0.0,0.0,11.0,3.0,0.0,49.0
전라남도교육청,전라남도진도교육지원청,전라남도 진도군,S140002022,고성초등학교,2,공립,N,,1.0,0.0,9.0,0.0,0.0,15.0,1.0,0.0,11.0,1.0,0.0,11.0,2.0,0.0,7.0,0.0,0.0,4.0,5.0,0.0,57.0
전라남도교육청,전라남도진도교육지원청,전라남도 진도군,S140002027,군내북초등학교,2,공립,N,,1.0,0.0,5.0,1.0,2.0,7.0,0.0,2.0,6.0,1.0,0.0,2.0,0.0,1.0,4.0,0.0,0.0,5.0,3.0,5.0,29.0
전라남도교육청,전라남도진도교육지원청,전라남도 진도군,S140002029,금성초등학교,2,공립,N,,0.0,0.0,5.0,0.0,0.0,2.0,0.0,0.0,5.0,1.0,1.0,5.0,0.0,0.0,3.0,0.0,0.0,4.0,1.0,1.0,24.0
전라남도교육청,전라남도진도교육지원청,전라남도 진도군,S140002036,석교초등학교,2,공립,N,,1.0,1.0,9.0,2.0,0.0,5.0,4.0,0.0,11.0,1.0,1.0,10.0,1.0,0.0,10.0,1.0,1.0,5.0,10.0,3.0,50.0
전라남도교육청,전라남도진도교육지원청,전라남도 진도군,S140002040,오산초등학교,2,공립,N,,0.0,0.0,17.0,0.0,0.0,13.0,1.0,0.0,9.0,0.0,1.0,17.0,1.0,0.0,18.0,0.0,0.0,11.0,2.0,1.0,85.0
전라남도교육청,전라남도진도교육지원청,전라남도 진도군,S140002045,의신초등학교,2,공립,N,,0.0,1.0,5.0,0.0,1.0,7.0,0.0,0.0,7.0,0.0,1.0,6.0,0.0,1.0,10.0,0.0,1.0,9.0,0.0,5.0,44.0
전라남도교육청,전라남도진도교육지원청,전라남도 진도군,S140002050,조도초등학교,2,공립,N,,0.0,0.0,8.0,0.0,0.0,7.0,0.0,0.0,5.0,0.0,0.0,6.0,0.0,0.0,7.0,0.0,0.0,15.0,0.0,0.0,48.0
전라남도교육청,전라남도진도교육지원청,전라남도 진도군,S140002064,지산초등학교,2,공립,N,,1.0,2.0,9.0,0.0,0.0,13.0,1.0,1.0,14.0,0.0,1.0,12.0,0.0,2.0,8.0,1.0,1.0,15.0,3.0,7.0,71.0
전라남도교육청,전라남도진도교육지원청,전라남도 진도군,S140002066,진도서초등학교,2,공립,N,,1.0,0.0,3.0,1.0,0.0,6.0,2.0,0.0,3.0,4.0,0.0,5.0,1.0,0.0,3.0,0.0,0.0,5.0,9.0,0.0,25.0
전라남도교육청,전라남도진도교육지원청,전라남도 진도군,S140002068,진도초등학교,2,공립,N,,0.0,5.0,98.0,9.0,4.0,92.0,2.0,7.0,120.0,3.0,7.0,115.0,5.0,5.0,114.0,5.0,3.0,114.0,24.0,31.0,653.0
전라남도교육청,전라남도함평교육지원청,전라남도 함평군,S140002102,기산초등학교,2,공립,N,,0.0,2.0,3.0,0.0,1.0,3.0,0.0,0.0,6.0,2.0,1.0,6.0,1.0,1.0,9.0,0.0,0.0,8.0,3.0,5.0,35.0
전라남도교육청,전라남도함평교육지원청,전라남도 함평군,S140002103,나산초등학교,2,공립,N,,0.0,0.0,8.0,1.0,0.0,13.0,0.0,0.0,11.0,1.0,0.0,7.0,0.0,1.0,14.0,0.0,0.0,8.0,2.0,1.0,61.0
전라남도교육청,전라남도함평교육지원청,전라남도 함평군,S140002109,손불서초등학교,2,공립,N,,0.0,0.0,7.0,0.0,0.0,8.0,1.0,0.0,6.0,1.0,1.0,2.0,0.0,0.0,6.0,0.0,0.0,5.0,2.0,1.0,34.0
전라남도교육청,전라남도함평교육지원청,전라남도 함평군,S140002110,손불초등학교,2,공립,N,,0.0,0.0,4.0,0.0,1.0,9.0,3.0,2.0,10.0,1.0,2.0,10.0,2.0,1.0,13.0,0.0,0.0,1.0,6.0,6.0,47.0
전라남도교육청,전라남도함평교육지원청,전라남도 함평군,S140002112,신광초등학교,2,공립,N,,0.0,1.0,4.0,1.0,0.0,2.0,0.0,0.0,5.0,0.0,0.0,2.0,1.0,2.0,5.0,1.0,1.0,2.0,3.0,4.0,20.0
전라남도교육청,전라남도함평교육지원청,전라남도 함평군,S140002113,엄다초등학교,2,공립,N,,2.0,0.0,4.0,1.0,0.0,3.0,0.0,0.0,3.0,1.0,0.0,3.0,1.0,0.0,4.0,0.0,0.0,7.0,5.0,0.0,24.0
전라남도교육청,전라남도함평교육지원청,전라남도 함평군,S140002116,월야초등학교,2,공립,N,,0.0,2.0,16.0,0.0,0.0,11.0,2.0,2.0,17.0,2.0,0.0,16.0,2.0,0.0,19.0,2.0,1.0,16.0,8.0,5.0,95.0
전라남도교육청,전라남도함평교육지원청,전라남도 함평군,S140002117,학다리중앙초등학교,2,공립,N,,1.0,0.0,8.0,0.0,0.0,12.0,1.0,0.0,17.0,0.0,0.0,18.0,0.0,0.0,21.0,0.0,0.0,16.0,2.0,0.0,92.0
전라남도교육청,전라남도함평교육지원청,전라남도 함평군,S140002122,함평초등학교,2,공립,N,,2.0,2.0,58.0,4.0,2.0,66.0,0.0,4.0,61.0,2.0,5.0,76.0,2.0,2.0,66.0,1.0,2.0,75.0,11.0,17.0,402.0
전라남도교육청,전라남도함평교육지원청,전라남도 함평군,S140002124,해보초등학교,2,공립,N,,0.0,0.0,7.0,1.0,3.0,11.0,3.0,0.0,14.0,1.0,1.0,13.0,1.0,2.0,9.0,0.0,0.0,10.0,6.0,6.0,64.0
전라남도교육청,전라남도함평교육지원청,전라남도 함평군,S140002125,대동향교초등학교,2,공립,N,,0.0,0.0,2.0,1.0,2.0,11.0,2.0,1.0,13.0,0.0,0.0,12.0,3.0,1.0,15.0,1.0,0.0,10.0,7.0,4.0,63.0
전라남도교육청,전라남도해남교육지원청,전라남도 해남군,S140002159,계곡초등학교,2,공립,N,,2.0,0.0,3.0,0.0,0.0,2.0,1.0,1.0,4.0,0.0,0.0,5.0,2.0,0.0,7.0,0.0,1.0,3.0,5.0,2.0,24.0
전라남도교육청,전라남도해남교육지원청,전라남도 해남군,S140002162,마산초등학교,2,공립,N,,0.0,0.0,6.0,0.0,1.0,5.0,0.0,0.0,4.0,0.0,0.0,6.0,0.0,0.0,8.0,0.0,0.0,5.0,0.0,1.0,34.0
전라남도교육청,전라남도해남교육지원청,전라남도 해남군,S140002166,북일초등학교,2,공립,N,,4.0,0.0,3.0,3.0,0.0,1.0,8.0,0.0,4.0,2.0,0.0,2.0,5.0,0.0,7.0,0.0,0.0,5.0,22.0,0.0,22.0
전라남도교육청,전라남도해남교육지원청,전라남도 해남군,S140002171,북평초등학교,2,공립,N,,1.0,1.0,7.0,1.0,1.0,12.0,2.0,2.0,12.0,0.0,0.0,8.0,1.0,1.0,13.0,0.0,0.0,10.0,5.0,5.0,62.0
전라남도교육청,전라남도해남교육지원청,전라남도 해남군,S140002173,산이서초등학교,2,공립,N,,1.0,1.0,5.0,0.0,1.0,6.0,0.0,1.0,16.0,0.0,0.0,6.0,0.0,0.0,19.0,0.0,1.0,8.0,1.0,4.0,60.0
전라남도교육청,전라남도해남교육지원청,전라남도 해남군,S140002175,산이초등학교,2,공립,N,,0.0,0.0,3.0,1.0,2.0,7.0,1.0,1.0,8.0,2.0,0.0,10.0,0.0,1.0,6.0,0.0,2.0,7.0,4.0,6.0,41.0
전라남도교육청,전라남도해남교육지원청,전라남도 해남군,S140002178,삼산초등학교,2,공립,N,,1.0,0.0,8.0,2.0,1.0,4.0,4.0,0.0,7.0,3.0,1.0,7.0,5.0,1.0,11.0,1.0,0.0,4.0,16.0,3.0,41.0
전라남도교육청,전라남도해남교육지원청,전라남도 해남군,S140002181,송지초등학교,2,공립,N,,1.0,1.0,22.0,2.0,0.0,14.0,2.0,2.0,23.0,1.0,0.0,20.0,3.0,1.0,23.0,0.0,0.0,13.0,9.0,4.0,115.0
전라남도교육청,전라남도해남교육지원청,전라남도 해남군,S140002183,송호초등학교,2,공립,N,,1.0,0.0,3.0,0.0,1.0,2.0,1.0,0.0,3.0,0.0,0.0,7.0,0.0,0.0,1.0,0.0,1.0,11.0,2.0,2.0,27.0
전라남도교육청,전라남도해남교육지원청,전라남도 해남군,S140002185,어란진초등학교,2,공립,N,,1.0,0.0,6.0,0.0,1.0,4.0,0.0,0.0,4.0,0.0,0.0,5.0,0.0,0.0,6.0,0.0,1.0,5.0,1.0,2.0,30.0
전라남도교육청,전라남도해남교육지원청,전라남도 해남군,S140002189,옥천초등학교,2,공립,N,,0.0,0.0,6.0,0.0,1.0,10.0,1.0,0.0,14.0,1.0,0.0,8.0,0.0,0.0,8.0,0.0,0.0,17.0,2.0,1.0,63.0
전라남도교육청,전라남도해남교육지원청,전라남도 해남군,S140002190,우수영초등학교,2,공립,N,,0.0,0.0,16.0,0.0,0.0,17.0,1.0,0.0,23.0,1.0,0.0,23.0,0.0,0.0,13.0,0.0,0.0,24.0,2.0,0.0,116.0
전라남도교육청,전라남도해남교육지원청,전라남도 해남군,S140002193,해남동초등학교,2,공립,N,,3.0,3.0,190.0,3.0,3.0,174.0,12.0,9.0,202.0,8.0,6.0,180.0,5.0,11.0,209.0,4.0,7.0,178.0,35.0,39.0,1133.0
전라남도교육청,전라남도해남교육지원청,전라남도 해남군,S140002195,해남서초등학교,2,공립,N,,4.0,2.0,52.0,2.0,3.0,75.0,5.0,3.0,79.0,2.0,1.0,93.0,4.0,5.0,92.0,4.0,3.0,75.0,21.0,17.0,466.0
전라남도교육청,전라남도해남교육지원청,전라남도 해남군,S140002197,현산남초등학교,2,공립,N,,0.0,0.0,0.0,0.0,0.0,1.0,0.0,1.0,3.0,0.0,0.0,4.0,0.0,0.0,5.0,0.0,1.0,3.0,0.0,2.0,16.0
전라남도교육청,전라남도해남교육지원청,전라남도 해남군,S140002199,현산초등학교,2,공립,N,,1.0,0.0,3.0,2.0,1.0,3.0,1.0,1.0,3.0,0.0,0.0,3.0,0.0,0.0,5.0,0.0,1.0,5.0,4.0,3.0,22.0
전라남도교육청,전라남도해남교육지원청,전라남도 해남군,S140002203,화산초등학교,2,공립,N,,0.0,1.0,7.0,0.0,2.0,7.0,0.0,1.0,11.0,0.0,0.0,3.0,0.0,0.0,4.0,0.0,0.0,2.0,0.0,4.0,34.0
전라남도교육청,전라남도해남교육지원청,전라남도 해남군,S140002204,화원초등학교,2,공립,N,,0.0,2.0,14.0,0.0,0.0,14.0,0.0,0.0,5.0,0.0,2.0,21.0,0.0,0.0,10.0,1.0,1.0,23.0,1.0,5.0,87.0
전라남도교육청,전라남도해남교육지원청,전라남도 해남군,S140002211,황산초등학교,2,공립,N,,0.0,1.0,14.0,2.0,6.0,12.0,1.0,2.0,26.0,0.0,1.0,19.0,1.0,2.0,10.0,1.0,2.0,19.0,5.0,14.0,100.0
전라남도교육청,전라남도화순교육지원청,전라남도 화순군,S140002270,능주초등학교,2,공립,N,,0.0,2.0,13.0,2.0,0.0,14.0,2.0,4.0,15.0,3.0,1.0,14.0,2.0,4.0,17.0,4.0,1.0,12.0,13.0,12.0,85.0
전라남도교육청,전라남도화순교육지원청,전라남도 화순군,S140002271,도곡중앙초등학교,2,공립,N,,0.0,0.0,5.0,0.0,0.0,6.0,4.0,1.0,9.0,2.0,0.0,4.0,2.0,0.0,9.0,1.0,1.0,3.0,9.0,2.0,36.0
전라남도교육청,전라남도화순교육지원청,전라남도 화순군,S140002272,도곡초등학교,2,공립,N,,0.0,0.0,13.0,0.0,1.0,8.0,1.0,0.0,12.0,1.0,3.0,18.0,1.0,0.0,11.0,0.0,1.0,12.0,3.0,5.0,74.0
전라남도교육청,전라남도화순교육지원청,전라남도 화순군,S140002273,동면초등학교,2,공립,N,,0.0,3.0,15.0,2.0,0.0,9.0,3.0,3.0,12.0,0.0,2.0,4.0,4.0,1.0,13.0,2.0,1.0,9.0,11.0,10.0,62.0
전라남도교육청,전라남도화순교육지원청,전라남도 화순군,S140002274,동복초등학교,2,공립,N,,1.0,1.0,3.0,1.0,1.0,3.0,0.0,1.0,4.0,0.0,1.0,5.0,0.0,0.0,3.0,0.0,1.0,3.0,2.0,5.0,21.0
전라남도교육청,전라남도화순교육지원청,전라남도 화순군,S140002277,사평초등학교,2,공립,N,,0.0,0.0,7.0,0.0,0.0,5.0,1.0,0.0,8.0,0.0,0.0,8.0,0.0,0.0,10.0,0.0,0.0,4.0,1.0,0.0,42.0
전라남도교육청,전라남도화순교육지원청,전라남도 화순군,S140002279,아산초등학교,2,공립,N,,0.0,0.0,4.0,0.0,0.0,3.0,0.0,0.0,4.0,0.0,0.0,7.0,1.0,1.0,4.0,0.0,0.0,5.0,1.0,1.0,27.0
전라남도교육청,전라남도화순교육지원청,전라남도 화순군,S140002282,화순초등학교이서분교장,2,공립,N,,0.0,0.0,1.0,2.0,0.0,1.0,3.0,0.0,1.0,6.0,0.0,5.0,4.0,1.0,3.0,3.0,1.0,4.0,18.0,2.0,15.0
전라남도교육청,전라남도화순교육지원청,전라남도 화순군,S140002285,이양초등학교,2,공립,N,,0.0,0.0,2.0,0.0,0.0,2.0,0.0,0.0,6.0,0.0,0.0,2.0,0.0,0.0,2.0,0.0,0.0,4.0,0.0,0.0,18.0
전라남도교육청,전라남도화순교육지원청,전라남도 화순군,S140002288,천태초등학교,2,공립,N,,0.0,0.0,5.0,3.0,0.0,2.0,2.0,2.0,8.0,5.0,0.0,7.0,3.0,1.0,10.0,0.0,1.0,2.0,13.0,4.0,34.0
전라남도교육청,전라남도화순교육지원청,전라남도 화순군,S140002291,청풍초등학교,2,공립,N,,0.0,1.0,5.0,1.0,0.0,6.0,0.0,0.0,4.0,0.0,0.0,4.0,0.0,0.0,2.0,1.0,0.0,4.0,2.0,1.0,25.0
전라남도교육청,전라남도화순교육지원청,전라남도 화순군,S140002292,춘양초등학교,2,공립,N,,0.0,2.0,10.0,0.0,1.0,10.0,0.0,0.0,9.0,2.0,0.0,4.0,0.0,0.0,12.0,0.0,0.0,8.0,2.0,3.0,53.0
전라남도교육청,전라남도화순교육지원청,전라남도 화순군,S140002293,한천초등학교,2,공립,N,,1.0,0.0,3.0,2.0,0.0,4.0,2.0,0.0,2.0,1.0,0.0,3.0,2.0,0.0,6.0,1.0,0.0,7.0,9.0,0.0,25.0
전라남도교육청,전라남도화순교육지원청,전라남도 화순군,S140002294,화순만연초등학교,2,공립,N,,3.0,5.0,60.0,6.0,3.0,71.0,1.0,4.0,95.0,1.0,10.0,103.0,4.0,6.0,97.0,4.0,2.0,122.0,19.0,30.0,548.0
전라남도교육청,전라남도화순교육지원청,전라남도 화순군,S140002295,화순오성초등학교,2,공립,N,,10.0,3.0,44.0,5.0,1.0,28.0,13.0,2.0,45.0,11.0,1.0,37.0,1.0,0.0,18.0,3.0,2.0,33.0,43.0,9.0,205.0
전라남도교육청,전라남도화순교육지원청,전라남도 화순군,S140002296,화순제일초등학교,2,공립,N,,4.0,1.0,47.0,1.0,6.0,55.0,0.0,3.0,82.0,4.0,6.0,86.0,3.0,4.0,79.0,4.0,2.0,96.0,16.0,22.0,445.0
전라남도교육청,전라남도화순교육지원청,전라남도 화순군,S140002297,화순초등학교,2,공립,N,,7.0,3.0,120.0,7.0,5.0,144.0,7.0,10.0,138.0,12.0,9.0,152.0,13.0,9.0,153.0,3.0,7.0,146.0,49.0,43.0,853.0
전라남도교육청,전라남도진도교육지원청,전라남도 진도군,S140003256,의신초등학교접도분교장,2,공립,N,,0.0,0.0,0.0,0.0,0.0,2.0,0.0,0.0,0.0,1.0,0.0,3.0,0.0,0.0,1.0,0.0,0.0,0.0,1.0,0.0,6.0
전라남도교육청,전라남도진도교육지원청,전라남도 진도군,S140003262,의신초등학교모도분교장,2,공립,N,,0.0,0.0,0.0,0.0,0.0,1.0,0.0,0.0,1.0,0.0,0.0,1.0,0.0,0.0,1.0,0.0,0.0,1.0,0.0,0.0,5.0
전라남도교육청,전라남도무안교육지원청,전라남도 무안군,S140003272,일로초등학교청망분교장,2,공립,N,,1.0,0.0,0.0,0.0,0.0,1.0,1.0,0.0,1.0,0.0,0.0,1.0,0.0,0.0,1.0,0.0,1.0,1.0,2.0,1.0,5.0
전라남도교육청,전라남도순천교육지원청,전라남도 순천시,S140003279,송산초등학교,2,공립,N,,0.0,2.0,16.0,0.0,0.0,19.0,0.0,0.0,20.0,0.0,0.0,21.0,0.0,0.0,14.0,2.0,1.0,19.0,2.0,3.0,109.0
전라남도교육청,전라남도여수교육지원청,전라남도 여수시,S140003453,소라초등학교소라남분교장,2,공립,N,,1.0,0.0,7.0,0.0,0.0,4.0,1.0,0.0,5.0,0.0,1.0,3.0,0.0,0.0,6.0,0.0,0.0,5.0,2.0,1.0,30.0
전라남도교육청,전라남도여수교육지원청,전라남도 여수시,S140003455,안일초등학교백야분교장,2,공립,N,,0.0,0.0,0.0,1.0,0.0,2.0,0.0,0.0,0.0,0.0,0.0,1.0,1.0,1.0,2.0,0.0,0.0,3.0,2.0,1.0,8.0
전라남도교육청,전라남도여수교육지원청,전라남도 여수시,S140003461,돌산초등학교두라분교장,2,공립,N,,0.0,0.0,1.0,0.0,0.0,0.0,0.0,0.0,0.0,0.0,0.0,0.0,0.0,0.0,1.0,0.0,0.0,1.0,0.0,0.0,3.0
전라남도교육청,전라남도해남교육지원청,전라남도 해남군,S140003463,서정초등학교,2,공립,N,,0.0,0.0,5.0,0.0,0.0,4.0,1.0,0.0,9.0,0.0,0.0,8.0,0.0,1.0,11.0,2.0,0.0,13.0,3.0,1.0,50.0
전라남도교육청,전라남도고흥교육지원청,전라남도 고흥군,S140003468,녹동초등학교시산분교장,2,공립,N,,0.0,0.0,0.0,0.0,0.0,0.0,0.0,0.0,0.0,0.0,0.0,1.0,0.0,0.0,1.0,0.0,0.0,1.0,0.0,0.0,3.0
전라남도교육청,전라남도신안교육지원청,전라남도 신안군,S140003479,흑산초등학교흑산동분교장,2,공립,N,,0.0,0.0,0.0,0.0,0.0,0.0,0.0,0.0,0.0,0.0,0.0,1.0,0.0,0.0,1.0,0.0,0.0,2.0,0.0,0.0,4.0
전라남도교육청,전라남도진도교육지원청,전라남도 진도군,S140003490,조도초등학교거차분교장,2,공립,N,,0.0,0.0,0.0,1.0,0.0,1.0,0.0,0.0,1.0,0.0,0.0,1.0,0.0,0.0,4.0,0.0,0.0,2.0,1.0,0.0,9.0
전라남도교육청,전라남도진도교육지원청,전라남도 진도군,S140003492,진도서초등학교가사도분교장,2,공립,N,,0.0,0.0,0.0,0.0,0.0,1.0,0.0,1.0,0.0,0.0,0.0,0.0,0.0,0.0,0.0,0.0,1.0,1.0,0.0,2.0,2.0
전라남도교육청,전라남도영광교육지원청,전라남도 영광군,S140003499,묘량중앙초등학교,2,공립,N,,0.0,1.0,11.0,0.0,0.0,7.0,1.0,0.0,13.0,0.0,2.0,14.0,0.0,2.0,14.0,0.0,1.0,10.0,1.0,6.0,69.0
전라남도교육청,전라남도목포교육지원청,전라남도 목포시,S140003509,목포유달초등학교달리분교장,2,공립,N,,0.0,0.0,0.0,1.0,0.0,0.0,1.0,0.0,0.0,0.0,0.0,0.0,0.0,0.0,0.0,0.0,0.0,1.0,2.0,0.0,1.0
전라남도교육청,전라남도여수교육지원청,전라남도 여수시,S140003675,소라초등학교사곡분교장,2,공립,N,,0.0,0.0,1.0,0.0,0.0,0.0,0.0,0.0,2.0,0.0,0.0,3.0,0.0,0.0,0.0,0.0,0.0,1.0,0.0,0.0,7.0
전라남도교육청,전라남도여수교육지원청,전라남도 여수시,S140003678,율촌초등학교상봉분교장,2,공립,N,,0.0,0.0,0.0,0.0,0.0,1.0,0.0,0.0,0.0,0.0,0.0,0.0,0.0,0.0,1.0,0.0,0.0,1.0,0.0,0.0,3.0
전라남도교육청,전라남도구례교육지원청,전라남도 구례군,S140003682,토지초등학교연곡분교장,2,공립,N,,0.0,0.0,0.0,0.0,0.0,0.0,0.0,0.0,0.0,0.0,0.0,0.0,0.0,0.0,1.0,0.0,0.0,1.0,0.0,0.0,2.0
전라남도교육청,전라남도고흥교육지원청,전라남도 고흥군,S140003684,녹동초등학교소록도분교장,2,공립,N,,0.0,0.0,3.0,0.0,0.0,1.0,0.0,1.0,2.0,0.0,0.0,4.0,1.0,1.0,1.0,0.0,0.0,5.0,1.0,2.0,16.0
전라남도교육청,전라남도순천교육지원청,전라남도 순천시,S140003719,승주초등학교죽학분교장,2,공립,N,,0.0,0.0,2.0,0.0,0.0,0.0,0.0,0.0,0.0,0.0,0.0,2.0,0.0,0.0,1.0,0.0,0.0,2.0,0.0,0.0,7.0
전라남도교육청,전라남도순천교육지원청,전라남도 순천시,S140003720,황전북초등학교회덕분교장,2,공립,N,,0.0,0.0,0.0,0.0,0.0,0.0,0.0,0.0,3.0,0.0,0.0,0.0,0.0,0.0,1.0,0.0,0.0,1.0,0.0,0.0,5.0
전라남도교육청,전라남도여수교육지원청,전라남도 여수시,S140003923,율촌초등학교,2,공립,N,,1.0,0.0,28.0,1.0,1.0,19.0,1.0,4.0,35.0,1.0,2.0,19.0,0.0,0.0,12.0,1.0,0.0,14.0,5.0,7.0,127.0
전라남도교육청,전라남도해남교육지원청,전라남도 해남군,S140003926,마산초등학교용전분교장,2,공립,N,,0.0,0.0,1.0,0.0,0.0,1.0,0.0,0.0,4.0,0.0,0.0,1.0,0.0,0.0,2.0,0.0,0.0,2.0,0.0,0.0,11.0
전라남도교육청,전라남도신안교육지원청,전라남도 신안군,S140003946,흑산초등학교홍도분교장,2,공립,N,,0.0,0.0,0.0,0.0,2.0,2.0,0.0,1.0,0.0,0.0,0.0,3.0,0.0,0.0,0.0,0.0,0.0,1.0,0.0,3.0,6.0
전라남도교육청,전라남도진도교육지원청,전라남도 진도군,S140003951,조도초등학교대마분교장,2,공립,N,,0.0,0.0,0.0,0.0,0.0,1.0,0.0,0.0,0.0,0.0,0.0,0.0,0.0,0.0,1.0,0.0,0.0,1.0,0.0,0.0,3.0
전라남도교육청,전라남도완도교육지원청,전라남도 완도군,S140003955,청산초등학교모도분교장,2,공립,N,,0.0,0.0,1.0,0.0,0.0,0.0,0.0,0.0,0.0,0.0,0.0,0.0,0.0,0.0,2.0,0.0,0.0,0.0,0.0,0.0,3.0
전라남도교육청,전라남도완도교육지원청,전라남도 완도군,S140003962,넙도초등학교서리분교장,2,공립,N,,0.0,0.0,0.0,0.0,0.0,0.0,0.0,0.0,0.0,0.0,0.0,3.0,0.0,0.0,0.0,0.0,0.0,0.0,0.0,0.0,3.0
전라남도교육청,전라남도여수교육지원청,전라남도 여수시,S140004138,신풍초등학교,2,공립,N,,1.0,0.0,5.0,0.0,1.0,7.0,0.0,0.0,7.0,0.0,2.0,9.0,0.0,2.0,9.0,0.0,2.0,7.0,1.0,7.0,44.0
전라남도교육청,전라남도여수교육지원청,전라남도 여수시,S140004140,여남초등학교,2,공립,N,,0.0,1.0,5.0,0.0,2.0,3.0,3.0,2.0,7.0,1.0,2.0,4.0,3.0,2.0,10.0,1.0,4.0,7.0,8.0,13.0,36.0
전라남도교육청,전라남도여수교육지원청,전라남도 여수시,S140004144,돌산초등학교월호분교장,2,공립,N,,0.0,0.0,1.0,0.0,0.0,0.0,0.0,0.0,0.0,0.0,0.0,1.0,0.0,0.0,0.0,0.0,0.0,0.0,0.0,0.0,2.0
전라남도교육청,전라남도목포교육지원청,전라남도 목포시,S140004877,목포미항초등학교,2,공립,N,,1.0,0.0,61.0,0.0,4.0,64.0,0.0,4.0,73.0,0.0,3.0,50.0,4.0,6.0,59.0,0.0,1.0,44.0,5.0,18.0,351.0
전라남도교육청,전라남도목포교육지원청,전라남도 목포시,S140004878,목포서해초등학교,2,공립,N,,3.0,3.0,65.0,1.0,4.0,57.0,8.0,4.0,78.0,5.0,2.0,96.0,5.0,1.0,93.0,2.0,1.0,100.0,24.0,15.0,489.0
전라남도교육청,전라남도여수교육지원청,전라남도 여수시,S140004879,신기초등학교,2,공립,N,,1.0,4.0,67.0,4.0,5.0,68.0,6.0,7.0,85.0,2.0,6.0,67.0,2.0,8.0,77.0,5.0,2.0,53.0,20.0,32.0,417.0
전라남도교육청,전라남도광양교육지원청,전라남도 광양시,S140004880,광양용강초등학교,2,공립,N,,2.0,0.0,84.0,1.0,1.0,93.0,4.0,4.0,116.0,3.0,1.0,88.0,4.0,3.0,94.0,1.0,0.0,107.0,15.0,9.0,582.0
전라남도교육청,전라남도광양교육지원청,전라남도 광양시,S140004881,광양칠성초등학교,2,공립,N,,1.0,5.0,102.0,6.0,5.0,114.0,3.0,2.0,97.0,4.0,7.0,115.0,5.0,2.0,100.0,3.0,2.0,95.0,22.0,23.0,623.0
전라남도교육청,전라남도순천교육지원청,전라남도 순천시,S140004891,순천향림초등학교,2,공립,N,,0.0,1.0,22.0,1.0,1.0,19.0,2.0,0.0,39.0,0.0,1.0,28.0,1.0,0.0,34.0,0.0,1.0,26.0,4.0,4.0,168.0
전라남도교육청,전라남도여수교육지원청,전라남도 여수시,S140005247,안심초등학교,2,공립,N,,4.0,5.0,86.0,5.0,5.0,94.0,3.0,9.0,93.0,3.0,14.0,109.0,3.0,5.0,90.0,4.0,4.0,118.0,22.0,42.0,590.0
전라남도교육청,전라남도여수교육지원청,전라남도 여수시,S140005248,동백초등학교,2,공립,N,,1.0,1.0,60.0,3.0,5.0,68.0,3.0,3.0,72.0,5.0,5.0,80.0,2.0,8.0,64.0,0.0,1.0,73.0,14.0,23.0,417.0
전라남도교육청,전라남도목포교육지원청,전라남도 목포시,S140005309,목포용해초등학교,2,공립,N,,2.0,4.0,84.0,1.0,9.0,111.0,7.0,8.0,119.0,5.0,9.0,160.0,5.0,4.0,165.0,2.0,3.0,151.0,22.0,37.0,790.0
전라남도교육청,전라남도목포교육지원청,전라남도 목포시,S140005310,목포항도초등학교,2,공립,N,,4.0,8.0,143.0,8.0,9.0,147.0,6.0,8.0,162.0,12.0,10.0,168.0,10.0,6.0,153.0,7.0,6.0,156.0,47.0,47.0,929.0
전라남도교육청,전라남도목포교육지원청,전라남도 목포시,S140005311,목포석현초등학교,2,공립,N,,5.0,8.0,167.0,6.0,12.0,152.0,4.0,3.0,190.0,7.0,7.0,204.0,1.0,7.0,184.0,5.0,3.0,157.0,28.0,40.0,1054.0
전라남도교육청,전라남도광양교육지원청,전라남도 광양시,S140005328,광양백운초등학교,2,공립,N,,2.0,7.0,122.0,8.0,16.0,122.0,7.0,7.0,125.0,5.0,6.0,132.0,5.0,2.0,104.0,2.0,1.0,97.0,29.0,39.0,702.0
전라남도교육청,전라남도여수교육지원청,전라남도 여수시,S140005331,성산초등학교,2,공립,N,,2.0,0.0,18.0,0.0,2.0,26.0,3.0,4.0,39.0,2.0,7.0,47.0,1.0,1.0,39.0,1.0,2.0,30.0,9.0,16.0,199.0
전라남도교육청,전라남도목포교육지원청,전라남도 목포시,S140005341,목포애향초등학교,2,공립,N,,5.0,2.0,87.0,4.0,9.0,98.0,6.0,8.0,105.0,10.0,11.0,106.0,6.0,14.0,113.0,2.0,7.0,115.0,33.0,51.0,624.0
전라남도교육청,전라남도무안교육지원청,전라남도 무안군,S140005346,남악초등학교,2,공립,N,,6.0,6.0,154.0,13.0,14.0,163.0,13.0,11.0,192.0,13.0,8.0,195.0,11.0,10.0,195.0,7.0,9.0,181.0,63.0,58.0,1080.0
전라남도교육청,전라남도순천교육지원청,전라남도 순천시,S140005348,순천풍덕초등학교,2,공립,N,,0.0,1.0,36.0,4.0,3.0,57.0,2.0,3.0,62.0,2.0,5.0,45.0,4.0,3.0,59.0,0.0,0.0,79.0,12.0,15.0,338.0
전라남도교육청,전라남도목포교육지원청,전라남도 목포시,S140005376,목포옥암초등학교,2,공립,N,,2.0,3.0,114.0,11.0,9.0,123.0,11.0,9.0,174.0,7.0,10.0,151.0,8.0,8.0,142.0,9.0,7.0,130.0,48.0,46.0,834.0
전라남도교육청,전라남도목포교육지원청,전라남도 목포시,S140005409,목포영산초등학교,2,공립,N,,8.0,3.0,104.0,14.0,3.0,133.0,16.0,6.0,125.0,8.0,7.0,136.0,11.0,0.0,128.0,6.0,5.0,118.0,63.0,24.0,744.0
전라남도교육청,전라남도무안교육지원청,전라남도 무안군,S140005416,오룡초등학교,2,공립,N,,11.0,3.0,200.0,14.0,15.0,219.0,15.0,22.0,274.0,14.0,14.0,240.0,20.0,17.0,246.0,12.0,12.0,226.0,86.0,83.0,1405.0
전라남도교육청,전라남도나주교육지원청,전라남도 나주시,S140005418,한아름초등학교,2,공립,N,,7.0,4.0,100.0,15.0,13.0,106.0,22.0,15.0,122.0,12.0,14.0,100.0,13.0,12.0,93.0,4.0,3.0,75.0,73.0,61.0,596.0
전라남도교육청,전라남도여수교육지원청,전라남도 여수시,S140005419,웅천초등학교,2,공립,N,,3.0,6.0,157.0,16.0,14.0,177.0,13.0,10.0,168.0,13.0,9.0,191.0,8.0,6.0,189.0,6.0,4.0,163.0,59.0,49.0,1045.0
전라남도교육청,전라남도여수교육지원청,전라남도 여수시,S140005421,죽림초등학교,2,공립,N,,2.0,4.0,166.0,8.0,11.0,168.0,6.0,11.0,189.0,8.0,6.0,173.0,5.0,7.0,166.0,7.0,7.0,174.0,36.0,46.0,1036.0
전라남도교육청,전라남도순천교육지원청,전라남도 순천시,S140005438,순천왕운초등학교,2,공립,N,,5.0,4.0,168.0,5.0,6.0,161.0,9.0,5.0,175.0,15.0,5.0,185.0,9.0,5.0,177.0,10.0,5.0,145.0,53.0,30.0,1011.0
전라남도교육청,전라남도나주교육지원청,전라남도 나주시,S140005458,빛가람초등학교,2,공립,N,,7.0,4.0,146.0,16.0,7.0,136.0,13.0,20.0,170.0,19.0,16.0,167.0,17.0,10.0,177.0,10.0,19.0,163.0,82.0,76.0,959.0
전라남도교육청,전라남도순천교육지원청,전라남도 순천시,S140005495,매안초등학교,2,공립,N,,8.0,1.0,171.0,12.0,6.0,166.0,11.0,8.0,206.0,8.0,2.0,180.0,9.0,8.0,212.0,6.0,8.0,212.0,54.0,33.0,1147.0
전라남도교육청,전라남도목포교육지원청,전라남도 목포시,S140005504,목포부주초등학교,2,공립,N,,3.0,5.0,154.0,17.0,11.0,152.0,7.0,19.0,186.0,10.0,13.0,152.0,7.0,15.0,142.0,4.0,10.0,138.0,48.0,73.0,924.0
전라남도교육청,전라남도목포교육지원청,전라남도 목포시,S140005523,목포백련초등학교,2,공립,N,,10.0,8.0,180.0,13.0,8.0,179.0,14.0,10.0,187.0,12.0,5.0,173.0,8.0,5.0,141.0,7.0,2.0,73.0,64.0,38.0,933.0
전라남도교육청,전라남도여수교육지원청,전라남도 여수시,S140005525,여수송현초등학교,2,공립,N,,6.0,7.0,167.0,0.0,10.0,164.0,12.0,8.0,169.0,3.0,7.0,122.0,7.0,1.0,133.0,5.0,6.0,92.0,33.0,39.0,847.0
전라남도교육청,전라남도나주교육지원청,전라남도 나주시,S140005526,라온초등학교,2,공립,N,,5.0,7.0,169.0,10.0,13.0,143.0,21.0,13.0,156.0,5.0,11.0,134.0,16.0,5.0,116.0,15.0,8.0,99.0,72.0,57.0,817.0
전라남도교육청,전라남도순천교육지원청,전라남도 순천시,S140005529,좌야초등학교,2,공립,N,,4.0,3.0,168.0,6.0,12.0,189.0,9.0,9.0,156.0,5.0,6.0,123.0,7.0,5.0,156.0,6.0,4.0,147.0,37.0,39.0,939.0
전라남도교육청,전라남도순천교육지원청,전라남도 순천시,S140005542,신대초등학교,2,공립,N,,7.0,6.0,333.0,12.0,11.0,289.0,12.0,10.0,305.0,12.0,12.0,239.0,10.0,10.0,221.0,7.0,5.0,174.0,60.0,54.0,1561.0
전라남도교육청,전라남도나주교육지원청,전라남도 나주시,S140005553,빛누리초등학교,2,공립,N,,13.0,5.0,211.0,32.0,12.0,212.0,36.0,21.0,237.0,36.0,15.0,216.0,38.0,16.0,207.0,13.0,12.0,166.0,168.0,81.0,1249.0
전라남도교육청,전라남도무안교육지원청,전라남도 무안군,S140005585,무안행복초등학교,2,공립,N,,11.0,1.0,259.0,38.0,4.0,211.0,43.0,0.0,234.0,43.0,3.0,184.0,34.0,0.0,183.0,29.0,2.0,150.0,198.0,10.0,1221.0
경상북도교육청,교육부,경상북도 안동시,S000003596,대구교육대학교안동부설초등학교,2,국립,N,,0.0,0.0,60.0,1.0,1.0,72.0,2.0,2.0,71.0,0.0,0.0,72.0,0.0,0.0,72.0,0.0,0.0,70.0,3.0,3.0,417.0
경상북도교육청,경상북도경산교육지원청,경상북도 경산시,S150001030,경산동부초등학교,2,공립,N,,4.0,3.0,84.0,6.0,5.0,59.0,5.0,8.0,87.0,6.0,8.0,95.0,2.0,5.0,73.0,4.0,3.0,89.0,27.0,32.0,487.0
경상북도교육청,경상북도경산교육지원청,경상북도 경산시,S150001031,경산서부초등학교,2,공립,N,,4.0,8.0,69.0,6.0,5.0,72.0,16.0,12.0,84.0,6.0,4.0,96.0,7.0,2.0,73.0,1.0,1.0,62.0,40.0,32.0,456.0
경상북도교육청,경상북도경산교육지원청,경상북도 경산시,S150001033,경산중앙초등학교,2,공립,N,,1.0,3.0,35.0,3.0,3.0,44.0,3.0,6.0,37.0,2.0,2.0,42.0,1.0,1.0,38.0,1.0,1.0,48.0,11.0,16.0,244.0
경상북도교육청,경상북도경산교육지원청,경상북도 경산시,S150001034,경산초등학교,2,공립,N,,4.0,4.0,35.0,3.0,6.0,53.0,7.0,5.0,60.0,1.0,6.0,51.0,5.0,5.0,63.0,2.0,4.0,57.0,22.0,30.0,319.0
경상북도교육청,경상북도경산교육지원청,경상북도 경산시,S150001035,계당초등학교,2,공립,N,,1.0,0.0,15.0,0.0,1.0,9.0,0.0,0.0,5.0,0.0,0.0,6.0,0.0,0.0,6.0,0.0,0.0,8.0,1.0,1.0,49.0
경상북도교육청,경상북도경산교육지원청,경상북도 경산시,S150001038,금락초등학교,2,공립,N,,3.0,11.0,87.0,5.0,7.0,75.0,2.0,7.0,91.0,6.0,8.0,123.0,4.0,4.0,96.0,1.0,3.0,109.0,21.0,40.0,581.0
경상북도교육청,경상북도경산교육지원청,경상북도 경산시,S150001039,남산초등학교,2,공립,N,,2.0,0.0,20.0,2.0,1.0,22.0,1.0,2.0,22.0,3.0,2.0,21.0,0.0,0.0,9.0,1.0,1.0,16.0,9.0,6.0,110.0
경상북도교육청,경상북도경산교육지원청,경상북도 경산시,S150001041,남성초등학교,2,공립,N,,1.0,0.0,9.0,1.0,0.0,10.0,0.0,1.0,9.0,2.0,1.0,16.0,0.0,1.0,13.0,2.0,2.0,16.0,6.0,5.0,73.0
경상북도교육청,경상북도경산교육지원청,경상북도 경산시,S150001042,남천초등학교,2,공립,N,,1.0,0.0,24.0,1.0,4.0,24.0,3.0,3.0,23.0,0.0,2.0,22.0,1.0,0.0,16.0,0.0,0.0,18.0,6.0,9.0,127.0
경상북도교육청,경상북도경산교육지원청,경상북도 경산시,S150001043,다문초등학교,2,공립,N,,0.0,0.0,4.0,0.0,2.0,13.0,0.0,1.0,11.0,2.0,5.0,13.0,0.0,0.0,8.0,0.0,0.0,7.0,2.0,8.0,56.0
경상북도교육청,경상북도경산교육지원청,경상북도 경산시,S150001044,대동초등학교,2,공립,N,,2.0,0.0,7.0,0.0,0.0,8.0,1.0,1.0,6.0,0.0,0.0,4.0,0.0,0.0,7.0,0.0,0.0,0.0,3.0,1.0,32.0
경상북도교육청,경상북도경산교육지원청,경상북도 경산시,S150001045,부림초등학교,2,공립,N,,2.0,5.0,30.0,1.0,6.0,32.0,3.0,3.0,38.0,4.0,0.0,37.0,3.0,2.0,44.0,0.0,3.0,42.0,13.0,19.0,223.0
경상북도교육청,경상북도경산교육지원청,경상북도 경산시,S150001050,경산압량초등학교,2,공립,N,,5.0,7.0,217.0,13.0,20.0,248.0,15.0,21.0,235.0,7.0,12.0,187.0,2.0,13.0,151.0,4.0,11.0,120.0,46.0,84.0,1158.0
경상북도교육청,경상북도경산교육지원청,경상북도 경산시,S150001051,와촌초등학교,2,공립,N,,0.0,1.0,5.0,0.0,0.0,12.0,0.0,2.0,8.0,1.0,0.0,8.0,0.0,0.0,12.0,2.0,0.0,18.0,3.0,3.0,63.0
경상북도교육청,경상북도경산교육지원청,경상북도 경산시,S150001053,용성초등학교,2,공립,N,,0.0,1.0,11.0,1.0,3.0,12.0,2.0,0.0,15.0,0.0,0.0,8.0,1.0,0.0,9.0,0.0,0.0,3.0,4.0,4.0,58.0
경상북도교육청,경상북도경산교육지원청,경상북도 경산시,S150001056,임당초등학교,2,공립,N,,1.0,4.0,29.0,1.0,4.0,24.0,2.0,4.0,26.0,2.0,3.0,15.0,1.0,2.0,20.0,2.0,3.0,13.0,9.0,20.0,127.0
경상북도교육청,경상북도경산교육지원청,경상북도 경산시,S150001057,자인초등학교,2,공립,N,,0.0,0.0,14.0,0.0,1.0,14.0,1.0,2.0,18.0,0.0,2.0,22.0,2.0,0.0,10.0,0.0,1.0,20.0,3.0,6.0,98.0
경상북도교육청,경상북도경산교육지원청,경상북도 경산시,S150001058,장산초등학교,2,공립,N,,2.0,2.0,85.0,0.0,2.0,83.0,0.0,7.0,84.0,1.0,6.0,103.0,0.0,3.0,100.0,0.0,3.0,94.0,3.0,23.0,549.0
경상북도교육청,경상북도경산교육지원청,경상북도 경산시,S150001059,정평초등학교,2,공립,N,,5.0,9.0,180.0,7.0,9.0,157.0,13.0,13.0,185.0,13.0,12.0,179.0,8.0,5.0,159.0,6.0,4.0,155.0,52.0,52.0,1015.0
경상북도교육청,경상북도경산교육지원청,경상북도 경산시,S150001060,진량초등학교,2,공립,N,,3.0,10.0,88.0,3.0,5.0,62.0,9.0,11.0,94.0,7.0,5.0,84.0,11.0,5.0,86.0,5.0,4.0,80.0,38.0,40.0,494.0
경상북도교육청,경상북도경산교육지원청,경상북도 경산시,S150001061,진성초등학교,2,공립,N,,0.0,1.0,18.0,0.0,1.0,9.0,1.0,2.0,26.0,0.0,3.0,24.0,1.0,6.0,10.0,0.0,1.0,26.0,2.0,14.0,113.0
경상북도교육청,경상북도경산교육지원청,경상북도 경산시,S150001062,청천초등학교,2,공립,N,,0.0,0.0,4.0,0.0,1.0,6.0,2.0,1.0,11.0,0.0,1.0,6.0,0.0,0.0,7.0,0.0,0.0,8.0,2.0,3.0,42.0
경상북도교육청,경상북도경산교육지원청,경상북도 경산시,S150001063,하양초등학교,2,공립,N,,2.0,5.0,100.0,5.0,9.0,108.0,5.0,6.0,128.0,7.0,3.0,121.0,3.0,2.0,137.0,16.0,2.0,125.0,38.0,27.0,719.0
경상북도교육청,경상북도경산교육지원청,경상북도 경산시,S150001064,하주초등학교,2,공립,N,,39.0,3.0,23.0,37.0,4.0,21.0,54.0,3.0,12.0,35.0,1.0,9.0,33.0,2.0,8.0,19.0,1.0,10.0,217.0,14.0,83.0
경상북도교육청,경상북도경산교육지원청,경상북도 경산시,S150001065,현흥초등학교,2,공립,N,,0.0,2.0,17.0,0.0,1.0,18.0,3.0,5.0,25.0,1.0,4.0,23.0,0.0,0.0,21.0,0.0,4.0,28.0,4.0,16.0,132.0
경상북도교육청,경상북도경주교육지원청,경상북도 경주시,S150001144,감포초등학교,2,공립,N,,0.0,0.0,17.0,0.0,0.0,17.0,0.0,1.0,11.0,0.0,0.0,23.0,2.0,3.0,12.0,0.0,0.0,17.0,2.0,4.0,97.0
경상북도교육청,경상북도경주교육지원청,경상북도 경주시,S150001146,강동초등학교,2,공립,N,,0.0,0.0,9.0,1.0,3.0,24.0,0.0,1.0,16.0,1.0,2.0,14.0,0.0,0.0,14.0,0.0,3.0,24.0,2.0,9.0,101.0
경상북도교육청,경상북도경주교육지원청,경상북도 경주시,S150001149,건천초등학교,2,공립,N,,2.0,0.0,23.0,1.0,5.0,30.0,0.0,2.0,31.0,0.0,6.0,28.0,2.0,0.0,40.0,1.0,9.0,24.0,6.0,22.0,176.0
경상북도교육청,경상북도경주교육지원청,경상북도 경주시,S150001150,경주초등학교,2,공립,N,,5.0,7.0,138.0,6.0,8.0,141.0,8.0,11.0,165.0,10.0,8.0,143.0,4.0,7.0,136.0,13.0,1.0,164.0,46.0,42.0,887.0
경상북도교육청,경상북도경주교육지원청,경상북도 경주시,S150001153,계림초등학교,2,공립,N,,0.0,0.0,18.0,1.0,1.0,23.0,1.0,1.0,20.0,1.0,2.0,21.0,1.0,2.0,21.0,1.0,0.0,24.0,5.0,6.0,127.0
경상북도교육청,경상북도경주교육지원청,경상북도 경주시,S150001155,괘릉초등학교,2,공립,N,,1.0,3.0,13.0,1.0,3.0,9.0,2.0,2.0,14.0,2.0,1.0,9.0,0.0,2.0,6.0,1.0,0.0,6.0,7.0,11.0,57.0
경상북도교육청,경상북도경주교육지원청,경상북도 경주시,S150001157,나산초등학교,2,공립,N,,0.0,2.0,18.0,2.0,4.0,27.0,2.0,1.0,22.0,0.0,8.0,23.0,0.0,1.0,24.0,0.0,1.0,17.0,4.0,17.0,131.0
경상북도교육청,경상북도경주교육지원청,경상북도 경주시,S150001158,나원초등학교,2,공립,N,,1.0,0.0,24.0,0.0,2.0,26.0,5.0,1.0,35.0,0.0,0.0,36.0,2.0,1.0,35.0,2.0,0.0,33.0,10.0,4.0,189.0
경상북도교육청,경상북도경주교육지원청,경상북도 경주시,S150001159,내남초등학교,2,공립,N,,0.0,0.0,16.0,1.0,0.0,12.0,0.0,0.0,13.0,1.0,0.0,8.0,0.0,0.0,13.0,0.0,0.0,9.0,2.0,0.0,71.0
경상북도교육청,경상북도경주교육지원청,경상북도 경주시,S150001168,동방초등학교,2,공립,N,,3.0,1.0,38.0,2.0,3.0,33.0,3.0,1.0,48.0,3.0,0.0,37.0,2.0,2.0,38.0,3.0,0.0,34.0,16.0,7.0,228.0
경상북도교육청,경상북도경주교육지원청,경상북도 경주시,S150001170,동천초등학교,2,공립,N,,1.0,1.0,62.0,4.0,1.0,90.0,1.0,7.0,90.0,3.0,4.0,102.0,0.0,7.0,114.0,2.0,1.0,112.0,11.0,21.0,570.0
경상북도교육청,경상북도경주교육지원청,경상북도 경주시,S150001172,모량초등학교,2,공립,N,,1.0,1.0,11.0,0.0,0.0,6.0,1.0,1.0,8.0,2.0,0.0,5.0,1.0,1.0,8.0,1.0,0.0,6.0,6.0,3.0,44.0
경상북도교육청,경상북도경주교육지원청,경상북도 경주시,S150001175,모아초등학교,2,공립,N,,1.0,0.0,3.0,0.0,0.0,8.0,0.0,0.0,8.0,1.0,0.0,6.0,0.0,0.0,7.0,1.0,0.0,4.0,3.0,0.0,36.0
경상북도교육청,경상북도경주교육지원청,경상북도 경주시,S150001177,모화초등학교,2,공립,N,,8.0,3.0,59.0,14.0,4.0,48.0,10.0,3.0,57.0,10.0,8.0,58.0,8.0,2.0,44.0,6.0,0.0,39.0,56.0,20.0,305.0
경상북도교육청,경상북도경주교육지원청,경상북도 경주시,S150001181,불국사초등학교,2,공립,N,,3.0,4.0,36.0,5.0,5.0,45.0,1.0,5.0,58.0,2.0,5.0,53.0,0.0,6.0,52.0,0.0,1.0,43.0,11.0,26.0,287.0
경상북도교육청,경상북도경주교육지원청,경상북도 경주시,S150001182,사방초등학교,2,공립,N,,1.0,2.0,7.0,0.0,0.0,8.0,1.0,4.0,12.0,0.0,0.0,12.0,0.0,4.0,14.0,0.0,0.0,9.0,2.0,10.0,62.0
경상북도교육청,경상북도경주교육지원청,경상북도 경주시,S150001184,산대초등학교,2,공립,N,,0.0,4.0,54.0,3.0,4.0,74.0,1.0,1.0,59.0,0.0,6.0,81.0,1.0,3.0,82.0,1.0,2.0,86.0,6.0,20.0,436.0
경상북도교육청,경상북도경주교육지원청,경상북도 경주시,S150001186,서라벌초등학교,2,공립,N,,1.0,1.0,11.0,2.0,0.0,8.0,2.0,2.0,10.0,0.0,0.0,5.0,0.0,1.0,5.0,1.0,1.0,11.0,6.0,5.0,50.0
경상북도교육청,경상북도경주교육지원청,경상북도 경주시,S150001188,석계초등학교,2,공립,N,,0.0,1.0,3.0,1.0,2.0,1.0,1.0,1.0,6.0,3.0,1.0,2.0,1.0,1.0,5.0,0.0,0.0,4.0,6.0,6.0,21.0
경상북도교육청,경상북도경주교육지원청,경상북도 경주시,S150001191,신라초등학교,2,공립,N,,1.0,2.0,7.0,4.0,2.0,4.0,2.0,1.0,18.0,3.0,1.0,10.0,0.0,0.0,6.0,0.0,1.0,14.0,10.0,7.0,59.0
경상북도교육청,경상북도경주교육지원청,경상북도 경주시,S150001192,아화초등학교,2,공립,N,,0.0,0.0,8.0,1.0,1.0,7.0,0.0,0.0,11.0,1.0,0.0,10.0,0.0,0.0,13.0,0.0,0.0,11.0,2.0,1.0,60.0
경상북도교육청,경상북도경주교육지원청,경상북도 경주시,S150001196,안강제일초등학교,2,공립,N,,0.0,3.0,43.0,3.0,1.0,57.0,1.0,1.0,74.0,1.0,3.0,70.0,1.0,1.0,49.0,2.0,3.0,69.0,8.0,12.0,362.0
경상북도교육청,경상북도경주교육지원청,경상북도 경주시,S150001197,안강초등학교,2,공립,N,,1.0,0.0,6.0,0.0,1.0,7.0,0.0,0.0,6.0,0.0,0.0,12.0,0.0,1.0,8.0,1.0,0.0,15.0,2.0,2.0,54.0
경상북도교육청,경상북도경주교육지원청,경상북도 경주시,S150001198,양남초등학교,2,공립,N,,1.0,0.0,7.0,2.0,0.0,8.0,2.0,2.0,9.0,1.0,1.0,13.0,1.0,0.0,9.0,1.0,1.0,14.0,8.0,4.0,60.0
경상북도교육청,경상북도경주교육지원청,경상북도 경주시,S150001201,양동초등학교,2,공립,N,,0.0,1.0,22.0,3.0,2.0,5.0,2.0,2.0,14.0,0.0,1.0,11.0,1.0,2.0,9.0,0.0,2.0,7.0,6.0,10.0,68.0
경상북도교육청,경상북도경주교육지원청,경상북도 경주시,S150001202,양북초등학교,2,공립,N,,0.0,3.0,17.0,0.0,3.0,15.0,0.0,6.0,16.0,1.0,1.0,8.0,0.0,2.0,15.0,0.0,0.0,9.0,1.0,15.0,80.0
경상북도교육청,경상북도경주교육지원청,경상북도 경주시,S150001206,연안초등학교,2,공립,N,,0.0,0.0,8.0,1.0,0.0,5.0,1.0,0.0,6.0,0.0,0.0,8.0,0.0,0.0,2.0,0.0,0.0,0.0,2.0,0.0,29.0
경상북도교육청,경상북도경주교육지원청,경상북도 경주시,S150001207,영지초등학교,2,공립,N,,0.0,0.0,10.0,0.0,0.0,3.0,3.0,3.0,8.0,0.0,0.0,8.0,3.0,1.0,10.0,0.0,0.0,9.0,6.0,4.0,48.0
경상북도교육청,경상북도경주교육지원청,경상북도 경주시,S150001209,옥산초등학교,2,공립,N,,0.0,0.0,7.0,0.0,0.0,2.0,0.0,1.0,7.0,0.0,0.0,6.0,0.0,0.0,13.0,0.0,0.0,10.0,0.0,1.0,45.0
경상북도교육청,경상북도경주교육지원청,경상북도 경주시,S150001213,용강초등학교,2,공립,N,,0.0,1.0,58.0,2.0,3.0,74.0,10.0,4.0,89.0,2.0,2.0,94.0,3.0,0.0,85.0,7.0,3.0,110.0,24.0,13.0,510.0
경상북도교육청,경상북도경주교육지원청,경상북도 경주시,S150001216,용황초등학교,2,공립,N,,10.0,7.0,113.0,9.0,2.0,112.0,10.0,2.0,112.0,12.0,4.0,115.0,5.0,3.0,157.0,2.0,2.0,127.0,48.0,20.0,736.0
경상북도교육청,경상북도경주교육지원청,경상북도 경주시,S150001218,월성초등학교,2,공립,N,,1.0,1.0,28.0,1.0,3.0,27.0,1.0,1.0,38.0,0.0,0.0,24.0,0.0,0.0,25.0,3.0,0.0,26.0,6.0,5.0,168.0
경상북도교육청,경상북도경주교육지원청,경상북도 경주시,S150001219,유림초등학교,2,공립,N,,10.0,2.0,182.0,17.0,17.0,183.0,10.0,9.0,213.0,10.0,10.0,224.0,4.0,16.0,221.0,6.0,11.0,208.0,57.0,65.0,1231.0
경상북도교육청,경상북도경주교육지원청,경상북도 경주시,S150001221,의곡초등학교,2,공립,N,,0.0,0.0,0.0,0.0,0.0,6.0,2.0,0.0,4.0,0.0,2.0,5.0,0.0,0.0,2.0,0.0,0.0,5.0,2.0,2.0,22.0
경상북도교육청,경상북도경주교육지원청,경상북도 경주시,S150001226,의곡초등학교일부분교장,2,공립,N,,0.0,0.0,1.0,0.0,0.0,1.0,0.0,0.0,1.0,0.0,0.0,2.0,0.0,0.0,2.0,0.0,0.0,0.0,0.0,0.0,7.0
경상북도교육청,경상북도경주교육지원청,경상북도 경주시,S150001229,입실초등학교,2,공립,N,,0.0,2.0,40.0,5.0,4.0,49.0,4.0,2.0,35.0,4.0,5.0,49.0,3.0,2.0,47.0,6.0,9.0,61.0,22.0,24.0,281.0
경상북도교육청,경상북도경주교육지원청,경상북도 경주시,S150001232,천북초등학교,2,공립,N,,0.0,0.0,18.0,1.0,1.0,15.0,0.0,0.0,16.0,5.0,0.0,16.0,2.0,1.0,12.0,0.0,0.0,22.0,8.0,2.0,99.0
경상북도교육청,경상북도경주교육지원청,경상북도 경주시,S150001235,천포초등학교,2,공립,N,,1.0,0.0,3.0,0.0,0.0,2.0,0.0,0.0,2.0,0.0,1.0,5.0,0.0,1.0,6.0,1.0,0.0,7.0,2.0,2.0,25.0
경상북도교육청,경상북도경주교육지원청,경상북도 경주시,S150001238,현곡초등학교,2,공립,N,,4.0,6.0,127.0,4.0,7.0,99.0,5.0,3.0,90.0,5.0,2.0,67.0,3.0,1.0,43.0,3.0,3.0,40.0,24.0,22.0,466.0
경상북도교육청,경상북도경주교육지원청,경상북도 경주시,S150001240,화랑초등학교,2,공립,N,,1.0,1.0,8.0,0.0,0.0,11.0,0.0,0.0,19.0,1.0,0.0,10.0,1.0,1.0,8.0,0.0,0.0,11.0,3.0,2.0,67.0
경상북도교육청,경상북도경주교육지원청,경상북도 경주시,S150001243,황남초등학교,2,공립,N,,5.0,3.0,250.0,12.0,8.0,213.0,4.0,7.0,237.0,10.0,6.0,172.0,3.0,2.0,160.0,2.0,7.0,105.0,36.0,33.0,1137.0
경상북도교육청,경상북도경주교육지원청,경상북도 경주시,S150001244,황성초등학교,2,공립,N,,1.0,3.0,100.0,2.0,6.0,105.0,3.0,6.0,123.0,7.0,9.0,132.0,3.0,4.0,133.0,3.0,6.0,125.0,19.0,34.0,718.0
경상북도교육청,경상북도경주교육지원청,경상북도 경주시,S150001245,흥무초등학교,2,공립,N,,0.0,5.0,48.0,1.0,1.0,57.0,4.0,5.0,68.0,1.0,4.0,67.0,4.0,2.0,87.0,1.0,8.0,78.0,11.0,25.0,405.0
경상북도교육청,경상북도고령교육지원청,경상북도 고령군,S150001334,개진초등학교,2,공립,N,,0.0,0.0,3.0,0.0,0.0,1.0,1.0,0.0,6.0,0.0,0.0,5.0,0.0,1.0,4.0,0.0,0.0,3.0,1.0,1.0,22.0
경상북도교육청,경상북도고령교육지원청,경상북도 고령군,S150001336,고령초등학교,2,공립,N,,1.0,2.0,72.0,2.0,2.0,86.0,2.0,3.0,87.0,3.0,3.0,75.0,4.0,4.0,70.0,1.0,1.0,83.0,13.0,15.0,473.0
경상북도교육청,경상북도고령교육지원청,경상북도 고령군,S150001340,다산초등학교,2,공립,N,,0.0,1.0,53.0,4.0,5.0,46.0,2.0,2.0,63.0,2.0,4.0,61.0,2.0,4.0,67.0,0.0,3.0,67.0,10.0,19.0,357.0
경상북도교육청,경상북도고령교육지원청,경상북도 고령군,S150001343,덕곡초등학교,2,공립,N,,0.0,2.0,4.0,0.0,0.0,2.0,1.0,0.0,5.0,0.0,1.0,5.0,1.0,3.0,0.0,0.0,0.0,6.0,2.0,6.0,22.0
경상북도교육청,경상북도고령교육지원청,경상북도 고령군,S150001346,박곡초등학교,2,공립,N,,0.0,0.0,2.0,0.0,0.0,2.0,0.0,0.0,6.0,0.0,0.0,1.0,3.0,2.0,8.0,0.0,0.0,2.0,3.0,2.0,21.0
경상북도교육청,경상북도고령교육지원청,경상북도 고령군,S150001351,성산초등학교,2,공립,N,,2.0,0.0,5.0,0.0,0.0,2.0,0.0,1.0,5.0,0.0,0.0,5.0,1.0,1.0,4.0,1.0,0.0,10.0,4.0,2.0,31.0
경상북도교육청,경상북도고령교육지원청,경상북도 고령군,S150001353,쌍림초등학교,2,공립,N,,0.0,0.0,7.0,1.0,0.0,10.0,0.0,2.0,12.0,0.0,0.0,5.0,0.0,0.0,10.0,0.0,0.0,13.0,1.0,2.0,57.0
경상북도교육청,경상북도고령교육지원청,경상북도 고령군,S150001357,우곡초등학교,2,공립,N,,1.0,1.0,6.0,2.0,0.0,6.0,0.0,0.0,5.0,0.0,0.0,1.0,1.0,0.0,3.0,0.0,1.0,4.0,4.0,2.0,25.0
경상북도교육청,경상북도고령교육지원청,경상북도 고령군,S150001359,운수초등학교,2,공립,N,,1.0,0.0,5.0,0.0,0.0,2.0,0.0,0.0,1.0,0.0,0.0,1.0,0.0,0.0,1.0,0.0,0.0,5.0,1.0,0.0,15.0
경상북도교육청,경상북도구미교육지원청,경상북도 구미시,S150001413,고아초등학교,2,공립,N,,2.0,0.0,32.0,0.0,1.0,18.0,0.0,1.0,34.0,0.0,1.0,26.0,0.0,0.0,35.0,0.0,0.0,41.0,2.0,3.0,186.0
경상북도교육청,경상북도구미교육지원청,경상북도 구미시,S150001414,광평초등학교,2,공립,N,,2.0,6.0,60.0,0.0,6.0,60.0,3.0,7.0,47.0,2.0,1.0,47.0,0.0,5.0,38.0,1.0,0.0,18.0,8.0,25.0,270.0
경상북도교육청,경상북도구미교육지원청,경상북도 구미시,S150001415,구미신평초등학교,2,공립,N,,0.0,2.0,37.0,3.0,3.0,35.0,0.0,1.0,35.0,0.0,1.0,37.0,1.0,0.0,20.0,1.0,2.0,26.0,5.0,9.0,190.0
경상북도교육청,경상북도구미교육지원청,경상북도 구미시,S150001416,구미초등학교,2,공립,N,,0.0,1.0,19.0,0.0,2.0,11.0,0.0,2.0,18.0,0.0,1.0,20.0,0.0,2.0,12.0,0.0,1.0,13.0,0.0,9.0,93.0
경상북도교육청,경상북도구미교육지원청,경상북도 구미시,S150001418,구운초등학교,2,공립,N,,3.0,1.0,12.0,3.0,0.0,4.0,3.0,0.0,9.0,3.0,1.0,11.0,4.0,1.0,11.0,0.0,1.0,5.0,16.0,4.0,52.0
경상북도교육청,경상북도구미교육지원청,경상북도 구미시,S150001419,구평초등학교,2,공립,N,,0.0,5.0,68.0,1.0,2.0,70.0,3.0,3.0,72.0,1.0,4.0,46.0,2.0,2.0,54.0,0.0,1.0,42.0,7.0,17.0,352.0
경상북도교육청,경상북도구미교육지원청,경상북도 구미시,S150001420,금오초등학교,2,공립,N,,2.0,3.0,176.0,13.0,8.0,166.0,3.0,11.0,189.0,6.0,7.0,168.0,8.0,5.0,163.0,6.0,7.0,165.0,38.0,41.0,1027.0
경상북도교육청,경상북도구미교육지원청,경상북도 구미시,S150001422,남계초등학교,2,공립,N,,0.0,0.0,6.0,0.0,0.0,12.0,0.0,3.0,12.0,0.0,0.0,14.0,0.0,1.0,9.0,0.0,1.0,18.0,0.0,5.0,71.0
경상북도교육청,경상북도구미교육지원청,경상북도 구미시,S150001424,덕촌초등학교,2,공립,N,,2.0,0.0,8.0,0.0,0.0,9.0,1.0,1.0,6.0,1.0,0.0,8.0,1.0,1.0,8.0,0.0,0.0,6.0,5.0,2.0,45.0
경상북도교육청,경상북도구미교육지원청,경상북도 구미시,S150001425,도개초등학교,2,공립,N,,0.0,0.0,9.0,0.0,0.0,3.0,0.0,0.0,4.0,0.0,1.0,8.0,1.0,0.0,3.0,0.0,0.0,8.0,1.0,1.0,35.0
경상북도교육청,경상북도구미교육지원청,경상북도 구미시,S150001426,도량초등학교,2,공립,N,,2.0,0.0,51.0,4.0,1.0,50.0,2.0,3.0,56.0,2.0,3.0,66.0,0.0,0.0,54.0,0.0,1.0,60.0,10.0,8.0,337.0
경상북도교육청,경상북도구미교육지원청,경상북도 구미시,S150001427,도산초등학교,2,공립,N,,9.0,5.0,119.0,7.0,13.0,101.0,9.0,7.0,109.0,4.0,3.0,107.0,10.0,6.0,93.0,1.0,2.0,67.0,40.0,36.0,596.0
경상북도교육청,경상북도구미교육지원청,경상북도 구미시,S150001430,무을초등학교,2,공립,N,,1.0,0.0,8.0,0.0,0.0,3.0,1.0,0.0,5.0,0.0,0.0,3.0,0.0,0.0,0.0,0.0,0.0,7.0,2.0,0.0,26.0
경상북도교육청,경상북도구미교육지원청,경상북도 구미시,S150001434,비산초등학교,2,공립,N,,5.0,3.0,166.0,4.0,7.0,126.0,3.0,6.0,158.0,6.0,10.0,135.0,11.0,6.0,105.0,3.0,5.0,104.0,32.0,37.0,794.0
경상북도교육청,경상북도구미교육지원청,,S150001435,산동초등학교,2,공립,N,,1.0,0.0,19.0,3.0,0.0,11.0,2.0,2.0,19.0,1.0,2.0,15.0,2.0,3.0,23.0,0.0,0.0,16.0,9.0,7.0,103.0
경상북도교육청,경상북도구미교육지원청,경상북도 구미시,S150001437,상모초등학교,2,공립,N,,3.0,3.0,150.0,10.0,10.0,156.0,13.0,8.0,181.0,8.0,5.0,172.0,5.0,5.0,181.0,4.0,6.0,179.0,43.0,37.0,1019.0
경상북도교육청,경상북도구미교육지원청,경상북도 구미시,S150001438,선산초등학교,2,공립,N,,2.0,5.0,91.0,4.0,5.0,95.0,2.0,1.0,97.0,3.0,3.0,117.0,2.0,4.0,105.0,1.0,8.0,88.0,14.0,26.0,593.0
경상북도교육청,경상북도구미교육지원청,경상북도 구미시,S150001441,선주초등학교,2,공립,N,,9.0,8.0,187.0,7.0,12.0,203.0,8.0,14.0,233.0,6.0,13.0,195.0,7.0,15.0,223.0,4.0,10.0,182.0,41.0,72.0,1223.0
경상북도교육청,경상북도구미교육지원청,경상북도 구미시,S150001444,송정초등학교,2,공립,N,,3.0,2.0,63.0,4.0,5.0,71.0,2.0,7.0,87.0,4.0,6.0,86.0,2.0,3.0,84.0,1.0,1.0,77.0,16.0,24.0,468.0
경상북도교육청,경상북도구미교육지원청,경상북도 구미시,S150001445,신기초등학교,2,공립,N,,1.0,2.0,8.0,1.0,2.0,14.0,1.0,0.0,10.0,0.0,0.0,11.0,0.0,0.0,9.0,0.0,0.0,14.0,3.0,4.0,66.0
경상북도교육청,경상북도구미교육지원청,경상북도 구미시,S150001447,야은초등학교,2,공립,N,,1.0,0.0,27.0,1.0,1.0,33.0,3.0,2.0,36.0,1.0,3.0,36.0,1.0,0.0,40.0,0.0,0.0,51.0,7.0,6.0,223.0
경상북도교육청,경상북도구미교육지원청,경상북도 구미시,S150001448,양포초등학교,2,공립,N,,4.0,9.0,99.0,3.0,13.0,89.0,3.0,10.0,118.0,3.0,11.0,113.0,3.0,13.0,132.0,3.0,4.0,100.0,19.0,60.0,651.0
경상북도교육청,경상북도구미교육지원청,경상북도 구미시,S150001451,오태초등학교,2,공립,N,,3.0,1.0,84.0,5.0,3.0,97.0,3.0,5.0,127.0,3.0,3.0,106.0,4.0,5.0,121.0,0.0,2.0,110.0,18.0,19.0,645.0
경상북도교육청,경상북도구미교육지원청,경상북도 구미시,S150001452,옥계초등학교,2,공립,N,,3.0,6.0,103.0,7.0,7.0,106.0,2.0,12.0,151.0,6.0,4.0,137.0,3.0,3.0,109.0,6.0,5.0,134.0,27.0,37.0,740.0
경상북도교육청,경상북도구미교육지원청,경상북도 구미시,S150001454,옥성초등학교,2,공립,N,,1.0,0.0,4.0,1.0,0.0,2.0,1.0,0.0,3.0,1.0,0.0,3.0,0.0,0.0,3.0,0.0,0.0,4.0,4.0,0.0,19.0
경상북도교육청,경상북도구미교육지원청,경상북도 구미시,S150001455,원남초등학교,2,공립,N,,4.0,2.0,96.0,2.0,8.0,124.0,3.0,16.0,126.0,1.0,9.0,123.0,1.0,11.0,114.0,1.0,9.0,121.0,12.0,55.0,704.0
경상북도교육청,경상북도구미교육지원청,경상북도 구미시,S150001456,원호초등학교,2,공립,N,,6.0,6.0,76.0,4.0,5.0,105.0,5.0,6.0,109.0,1.0,10.0,110.0,4.0,8.0,121.0,0.0,8.0,117.0,20.0,43.0,638.0
경상북도교육청,경상북도구미교육지원청,경상북도 구미시,S150001457,인동초등학교,2,공립,N,,4.0,7.0,66.0,2.0,4.0,73.0,5.0,8.0,74.0,1.0,5.0,75.0,0.0,2.0,63.0,2.0,1.0,65.0,14.0,27.0,416.0
경상북도교육청,경상북도구미교육지원청,경상북도 구미시,S150001458,인의초등학교,2,공립,N,,3.0,2.0,81.0,4.0,3.0,105.0,4.0,3.0,103.0,3.0,12.0,102.0,1.0,6.0,103.0,1.0,4.0,112.0,16.0,30.0,606.0
경상북도교육청,경상북도구미교육지원청,경상북도 구미시,S150001461,장천초등학교,2,공립,N,,1.0,1.0,6.0,1.0,0.0,8.0,0.0,1.0,8.0,0.0,0.0,18.0,1.0,0.0,7.0,0.0,0.0,15.0,3.0,2.0,62.0
경상북도교육청,경상북도구미교육지원청,경상북도 구미시,S150001465,지산초등학교,2,공립,N,,1.0,2.0,5.0,0.0,0.0,7.0,2.0,2.0,12.0,0.0,3.0,6.0,0.0,0.0,10.0,0.0,0.0,12.0,3.0,7.0,52.0
경상북도교육청,경상북도구미교육지원청,경상북도 구미시,S150001466,해평초등학교,2,공립,N,,1.0,0.0,6.0,0.0,0.0,7.0,0.0,0.0,11.0,0.0,0.0,8.0,1.0,0.0,10.0,0.0,1.0,5.0,2.0,1.0,47.0
경상북도교육청,경상북도구미교육지원청,경상북도 구미시,S150001472,형곡초등학교,2,공립,N,,7.0,3.0,89.0,5.0,7.0,85.0,6.0,4.0,122.0,7.0,5.0,118.0,8.0,5.0,120.0,1.0,1.0,125.0,34.0,25.0,659.0
경상북도교육청,경상북도구미교육지원청,경상북도 구미시,S150001473,형남초등학교,2,공립,N,,1.0,2.0,28.0,2.0,5.0,31.0,2.0,2.0,34.0,1.0,1.0,40.0,5.0,6.0,50.0,3.0,3.0,44.0,14.0,19.0,227.0
경상북도교육청,경상북도구미교육지원청,경상북도 구미시,S150001474,형일초등학교,2,공립,N,,1.0,1.0,66.0,1.0,1.0,81.0,5.0,6.0,95.0,4.0,2.0,76.0,1.0,3.0,100.0,0.0,0.0,84.0,12.0,13.0,502.0
경상북도교육청,경상북도구미교육지원청,경상북도 구미시,S150001475,황상초등학교,2,공립,N,,1.0,1.0,55.0,5.0,4.0,65.0,1.0,6.0,90.0,3.0,5.0,81.0,1.0,2.0,97.0,2.0,3.0,63.0,13.0,21.0,451.0
경상북도교육청,경상북도군위교육지원청,경상북도 군위군,S150001583,고매초등학교,2,공립,N,,0.0,0.0,3.0,0.0,0.0,4.0,0.0,0.0,5.0,0.0,0.0,4.0,0.0,0.0,5.0,0.0,0.0,7.0,0.0,0.0,28.0
경상북도교육청,경상북도군위교육지원청,경상북도 군위군,S150001587,군위초등학교,2,공립,N,,0.0,0.0,40.0,0.0,0.0,38.0,0.0,0.0,64.0,0.0,0.0,54.0,0.0,0.0,47.0,0.0,0.0,41.0,0.0,0.0,284.0
경상북도교육청,경상북도군위교육지원청,경상북도 군위군,S150001593,부계초등학교,2,공립,N,,2.0,0.0,4.0,0.0,0.0,8.0,0.0,0.0,12.0,1.0,0.0,7.0,1.0,2.0,10.0,1.0,1.0,6.0,5.0,3.0,47.0
경상북도교육청,경상북도군위교육지원청,,S150001596,의흥초등학교석산분교장,2,공립,N,,0.0,0.0,1.0,0.0,0.0,1.0,0.0,0.0,0.0,0.0,0.0,1.0,0.0,0.0,1.0,0.0,0.0,1.0,0.0,0.0,5.0
경상북도교육청,경상북도군위교육지원청,경상북도 군위군,S150001600,송원초등학교,2,공립,N,,2.0,0.0,3.0,0.0,0.0,7.0,0.0,0.0,1.0,0.0,0.0,2.0,0.0,0.0,1.0,0.0,1.0,9.0,2.0,1.0,23.0
경상북도교육청,경상북도군위교육지원청,경상북도 군위군,S150001604,우보초등학교,2,공립,N,,0.0,0.0,0.0,0.0,0.0,2.0,0.0,0.0,0.0,0.0,0.0,3.0,0.0,0.0,1.0,0.0,0.0,0.0,0.0,0.0,6.0
경상북도교육청,경상북도군위교육지원청,경상북도 군위군,S150001607,의흥초등학교,2,공립,N,,0.0,0.0,6.0,0.0,0.0,2.0,0.0,0.0,3.0,0.0,0.0,6.0,0.0,0.0,9.0,0.0,0.0,7.0,0.0,0.0,33.0
경상북도교육청,경상북도군위교육지원청,경상북도 군위군,S150001613,효령초등학교,2,공립,N,,0.0,0.0,5.0,0.0,2.0,2.0,0.0,0.0,6.0,0.0,0.0,3.0,1.0,2.0,2.0,0.0,1.0,7.0,1.0,5.0,25.0
경상북도교육청,경상북도김천교육지원청,경상북도 김천시,S150001655,감천초등학교,2,공립,N,,0.0,0.0,8.0,1.0,1.0,8.0,0.0,0.0,7.0,3.0,2.0,10.0,0.0,1.0,8.0,0.0,0.0,7.0,4.0,4.0,48.0
경상북도교육청,경상북도김천교육지원청,경상북도 김천시,S150001656,개령서부초등학교,2,공립,N,,0.0,0.0,10.0,0.0,2.0,11.0,2.0,2.0,7.0,2.0,2.0,11.0,1.0,1.0,13.0,0.0,2.0,7.0,5.0,9.0,59.0
경상북도교육청,경상북도김천교육지원청,경상북도 김천시,S150001657,개령초등학교,2,공립,N,,1.0,0.0,4.0,1.0,1.0,11.0,2.0,0.0,6.0,1.0,2.0,11.0,0.0,0.0,4.0,0.0,1.0,10.0,5.0,4.0,46.0
경상북도교육청,경상북도김천교육지원청,경상북도 김천시,S150001665,구성초등학교,2,공립,N,,1.0,0.0,2.0,0.0,0.0,2.0,0.0,0.0,4.0,0.0,0.0,5.0,0.0,0.0,0.0,0.0,0.0,2.0,1.0,0.0,15.0
경상북도교육청,경상북도김천교육지원청,경상북도 김천시,S150001669,금릉초등학교,2,공립,N,,1.0,1.0,49.0,2.0,4.0,39.0,3.0,6.0,72.0,1.0,2.0,65.0,1.0,2.0,80.0,0.0,0.0,65.0,8.0,15.0,370.0
경상북도교육청,경상북도김천교육지원청,경상북도 김천시,S150001672,김천다수초등학교,2,공립,N,,0.0,0.0,20.0,0.0,1.0,34.0,1.0,4.0,38.0,0.0,0.0,55.0,0.0,2.0,57.0,2.0,0.0,40.0,3.0,7.0,244.0
경상북도교육청,경상북도김천교육지원청,경상북도 김천시,S150001674,김천동부초등학교,2,공립,N,,2.0,1.0,82.0,0.0,5.0,94.0,3.0,3.0,91.0,2.0,4.0,95.0,2.0,3.0,96.0,2.0,4.0,89.0,11.0,20.0,547.0
경상북도교육청,경상북도김천교육지원청,경상북도 김천시,S150001675,김천모암초등학교,2,공립,N,,2.0,1.0,12.0,0.0,1.0,19.0,1.0,1.0,23.0,2.0,1.0,22.0,0.0,1.0,25.0,1.0,0.0,20.0,6.0,5.0,121.0
경상북도교육청,경상북도김천교육지원청,경상북도 김천시,S150001676,김천부곡초등학교,2,공립,N,,6.0,2.0,120.0,4.0,5.0,137.0,7.0,4.0,128.0,5.0,6.0,125.0,4.0,3.0,110.0,3.0,2.0,116.0,29.0,22.0,736.0
경상북도교육청,경상북도김천교육지원청,경상북도 김천시,S150001677,김천서부초등학교,2,공립,N,,0.0,1.0,6.0,0.0,2.0,13.0,1.0,0.0,17.0,2.0,0.0,12.0,3.0,2.0,19.0,2.0,1.0,20.0,8.0,6.0,87.0
경상북도교육청,경상북도김천교육지원청,경상북도 김천시,S150001678,김천신일초등학교,2,공립,N,,0.0,4.0,73.0,1.0,2.0,65.0,4.0,5.0,91.0,0.0,2.0,65.0,1.0,2.0,85.0,3.0,2.0,88.0,9.0,17.0,467.0
경상북도교육청,경상북도김천교육지원청,경상북도 김천시,S150001679,김천중앙초등학교,2,공립,N,,0.0,0.0,12.0,1.0,1.0,12.0,0.0,1.0,22.0,3.0,1.0,20.0,0.0,0.0,15.0,0.0,0.0,27.0,4.0,3.0,108.0
경상북도교육청,경상북도김천교육지원청,경상북도 김천시,S150001680,김천초등학교,2,공립,N,,0.0,0.0,14.0,1.0,1.0,19.0,0.0,1.0,25.0,0.0,1.0,36.0,0.0,1.0,29.0,0.0,0.0,35.0,1.0,4.0,158.0
경상북도교육청,경상북도김천교육지원청,경상북도 김천시,S150001682,농소초등학교,2,공립,N,,7.0,3.0,122.0,10.0,3.0,92.0,15.0,6.0,133.0,5.0,3.0,86.0,3.0,3.0,78.0,4.0,0.0,61.0,44.0,18.0,572.0
경상북도교육청,경상북도김천교육지원청,경상북도 김천시,S150001685,아천초등학교능치분교장,2,공립,N,,0.0,0.0,10.0,0.0,0.0,6.0,0.0,0.0,1.0,0.0,0.0,2.0,0.0,0.0,0.0,0.0,1.0,1.0,0.0,1.0,20.0
경상북도교육청,경상북도김천교육지원청,경상북도 김천시,S150001686,대덕초등학교,2,공립,N,,0.0,0.0,9.0,1.0,1.0,4.0,0.0,1.0,4.0,0.0,0.0,4.0,0.0,1.0,5.0,0.0,0.0,6.0,1.0,3.0,32.0
경상북도교육청,경상북도김천교육지원청,경상북도 김천시,S150001688,대룡초등학교,2,공립,N,,0.0,0.0,2.0,0.0,0.0,4.0,1.0,0.0,8.0,0.0,0.0,8.0,0.0,0.0,1.0,1.0,0.0,2.0,2.0,0.0,25.0
경상북도교육청,경상북도김천교육지원청,경상북도 김천시,S150001696,봉계초등학교,2,공립,N,,0.0,0.0,10.0,2.0,1.0,19.0,0.0,0.0,11.0,5.0,0.0,10.0,1.0,0.0,10.0,1.0,0.0,10.0,9.0,1.0,70.0
경상북도교육청,경상북도김천교육지원청,경상북도 김천시,S150001699,지례초등학교부항분교장,2,공립,N,,0.0,0.0,1.0,0.0,0.0,3.0,0.0,0.0,2.0,0.0,0.0,3.0,0.0,0.0,3.0,0.0,0.0,1.0,0.0,0.0,13.0
경상북도교육청,경상북도김천교육지원청,경상북도 김천시,S150001705,아천초등학교,2,공립,N,,1.0,4.0,14.0,5.0,1.0,17.0,3.0,1.0,7.0,1.0,1.0,13.0,0.0,0.0,3.0,1.0,0.0,5.0,11.0,7.0,59.0
경상북도교육청,경상북도김천교육지원청,경상북도 김천시,S150001706,아포초등학교,2,공립,N,,6.0,4.0,41.0,3.0,2.0,31.0,3.0,4.0,38.0,4.0,5.0,43.0,3.0,3.0,38.0,1.0,0.0,32.0,20.0,18.0,223.0
경상북도교육청,경상북도김천교육지원청,경상북도 김천시,S150001714,운곡초등학교,2,공립,N,,8.0,3.0,149.0,8.0,8.0,129.0,15.0,3.0,130.0,5.0,5.0,120.0,6.0,3.0,102.0,3.0,4.0,109.0,45.0,26.0,739.0
경상북도교육청,경상북도김천교육지원청,경상북도 김천시,S150001715,위량초등학교,2,공립,N,,0.0,0.0,7.0,1.0,0.0,7.0,3.0,0.0,9.0,1.0,0.0,6.0,1.0,0.0,10.0,0.0,0.0,6.0,6.0,0.0,45.0
경상북도교육청,경상북도김천교육지원청,경상북도 김천시,S150001721,조마초등학교,2,공립,N,,1.0,0.0,6.0,1.0,0.0,4.0,0.0,0.0,6.0,1.0,0.0,8.0,2.0,0.0,6.0,1.0,0.0,9.0,6.0,0.0,39.0
경상북도교육청,경상북도김천교육지원청,경상북도 김천시,S150001724,증산초등학교,2,공립,N,,0.0,0.0,0.0,0.0,0.0,2.0,0.0,0.0,1.0,0.0,0.0,1.0,0.0,0.0,3.0,0.0,1.0,0.0,0.0,1.0,7.0
경상북도교육청,경상북도김천교육지원청,경상북도 김천시,S150001729,지례초등학교,2,공립,N,,0.0,0.0,4.0,0.0,2.0,4.0,0.0,0.0,4.0,0.0,0.0,6.0,0.0,0.0,4.0,0.0,0.0,4.0,0.0,2.0,26.0
경상북도교육청,경상북도김천교육지원청,경상북도 김천시,S150001730,직지초등학교,2,공립,N,,1.0,0.0,4.0,2.0,2.0,7.0,1.0,0.0,10.0,0.0,1.0,9.0,1.0,1.0,7.0,0.0,0.0,7.0,5.0,4.0,44.0
경상북도교육청,경상북도김천교육지원청,경상북도 김천시,S150001732,봉계초등학교태화분교장,2,공립,N,,0.0,0.0,1.0,0.0,0.0,2.0,1.0,0.0,4.0,0.0,0.0,0.0,0.0,0.0,1.0,1.0,0.0,2.0,2.0,0.0,10.0
경상북도교육청,경상북도문경교육지원청,경상북도 문경시,S150001792,가은초등학교,2,공립,N,,0.0,0.0,15.0,0.0,0.0,7.0,0.0,2.0,15.0,0.0,1.0,13.0,0.0,0.0,15.0,0.0,1.0,12.0,0.0,4.0,77.0
경상북도교육청,경상북도문경교육지원청,경상북도 문경시,S150001795,가은초등학교희양분교장,2,공립,N,,0.0,0.0,0.0,0.0,0.0,2.0,2.0,0.0,0.0,0.0,0.0,2.0,0.0,0.0,6.0,1.0,0.0,2.0,3.0,0.0,12.0
경상북도교육청,경상북도문경교육지원청,경상북도 문경시,S150001800,농암초등학교,2,공립,N,,0.0,0.0,8.0,0.0,0.0,2.0,0.0,1.0,5.0,0.0,0.0,8.0,0.0,0.0,4.0,1.0,1.0,2.0,1.0,2.0,29.0
경상북도교육청,경상북도문경교육지원청,경상북도 문경시,S150001803,농암초등학교청화분교장,2,공립,N,,0.0,0.0,0.0,0.0,0.0,5.0,0.0,0.0,2.0,0.0,1.0,4.0,0.0,0.0,2.0,0.0,0.0,2.0,0.0,1.0,15.0
경상북도교육청,경상북도문경교육지원청,경상북도 문경시,S150001804,당포초등학교,2,공립,N,,0.0,0.0,5.0,2.0,1.0,4.0,0.0,0.0,2.0,2.0,1.0,4.0,0.0,0.0,7.0,0.0,0.0,0.0,4.0,2.0,22.0
경상북도교육청,경상북도문경교육지원청,경상북도 문경시,S150001806,동로초등학교,2,공립,N,,0.0,0.0,9.0,0.0,0.0,5.0,0.0,0.0,12.0,0.0,0.0,7.0,0.0,0.0,7.0,0.0,0.0,6.0,0.0,0.0,46.0
경상북도교육청,경상북도문경교육지원청,경상북도 문경시,S150001809,동성초등학교,2,공립,N,,1.0,1.0,6.0,1.0,0.0,2.0,1.0,0.0,3.0,0.0,0.0,15.0,0.0,0.0,7.0,0.0,0.0,8.0,3.0,1.0,41.0
경상북도교육청,경상북도문경교육지원청,경상북도 문경시,S150001814,모전초등학교,2,공립,N,,6.0,3.0,158.0,2.0,3.0,165.0,11.0,7.0,194.0,5.0,8.0,163.0,2.0,6.0,175.0,3.0,2.0,148.0,29.0,29.0,1003.0
경상북도교육청,경상북도문경교육지원청,경상북도 문경시,S150001816,문경초등학교,2,공립,N,,1.0,1.0,15.0,0.0,1.0,22.0,1.0,1.0,15.0,0.0,0.0,22.0,1.0,2.0,25.0,0.0,0.0,23.0,3.0,5.0,122.0
경상북도교육청,경상북도문경교육지원청,경상북도 문경시,S150001820,산북초등학교,2,공립,N,,0.0,0.0,2.0,1.0,0.0,11.0,0.0,0.0,6.0,0.0,0.0,8.0,0.0,0.0,1.0,1.0,3.0,8.0,2.0,3.0,36.0
경상북도교육청,경상북도문경교육지원청,경상북도 문경시,S150001823,산북초등학교창구분교장,2,공립,N,,0.0,0.0,0.0,0.0,0.0,0.0,0.0,0.0,1.0,1.0,1.0,0.0,2.0,0.0,2.0,1.0,0.0,4.0,4.0,1.0,7.0
경상북도교육청,경상북도문경교육지원청,경상북도 문경시,S150001824,산양초등학교,2,공립,N,,0.0,1.0,6.0,0.0,0.0,9.0,0.0,5.0,16.0,1.0,1.0,7.0,0.0,0.0,12.0,0.0,0.0,7.0,1.0,7.0,57.0
경상북도교육청,경상북도문경교육지원청,경상북도 문경시,S150001831,신기초등학교,2,공립,N,,0.0,2.0,5.0,0.0,0.0,4.0,1.0,2.0,11.0,3.0,3.0,5.0,0.0,6.0,5.0,0.0,1.0,7.0,4.0,14.0,37.0
경상북도교육청,경상북도문경교육지원청,경상북도 문경시,S150001834,영순초등학교,2,공립,N,,0.0,0.0,7.0,0.0,1.0,9.0,0.0,0.0,8.0,1.0,0.0,11.0,0.0,0.0,6.0,1.0,0.0,4.0,2.0,1.0,45.0
경상북도교육청,경상북도문경교육지원청,경상북도 문경시,S150001837,용흥초등학교,2,공립,N,,0.0,0.0,7.0,1.0,1.0,5.0,0.0,0.0,5.0,0.0,0.0,7.0,0.0,1.0,3.0,1.0,0.0,8.0,2.0,2.0,35.0
경상북도교육청,경상북도문경교육지원청,경상북도 문경시,S150001842,점촌북초등학교,2,공립,N,,0.0,0.0,14.0,0.0,1.0,12.0,0.0,3.0,11.0,0.0,0.0,8.0,4.0,0.0,6.0,0.0,0.0,8.0,4.0,4.0,59.0
경상북도교육청,경상북도문경교육지원청,경상북도 문경시,S150001843,점촌중앙초등학교,2,공립,N,,2.0,0.0,11.0,1.0,0.0,9.0,1.0,2.0,12.0,1.0,2.0,12.0,1.0,0.0,10.0,2.0,1.0,15.0,8.0,5.0,69.0
경상북도교육청,경상북도문경교육지원청,경상북도 문경시,S150001844,점촌초등학교,2,공립,N,,0.0,1.0,31.0,2.0,2.0,51.0,2.0,2.0,54.0,1.0,2.0,74.0,2.0,2.0,47.0,0.0,3.0,76.0,7.0,12.0,333.0
경상북도교육청,경상북도문경교육지원청,경상북도 문경시,S150001850,호계초등학교,2,공립,N,,2.0,1.0,13.0,1.0,2.0,8.0,0.0,4.0,13.0,1.0,4.0,9.0,1.0,1.0,12.0,1.0,0.0,14.0,6.0,12.0,69.0
경상북도교육청,경상북도문경교육지원청,경상북도 문경시,S150001851,호서남초등학교,2,공립,N,,3.0,2.0,77.0,7.0,4.0,90.0,8.0,5.0,96.0,8.0,2.0,132.0,3.0,3.0,93.0,4.0,1.0,99.0,33.0,17.0,587.0
경상북도교육청,경상북도봉화교육지원청,경상북도 봉화군,S150001926,내성초등학교,2,공립,N,,0.0,1.0,45.0,0.0,2.0,40.0,2.0,2.0,53.0,1.0,5.0,62.0,0.0,3.0,56.0,0.0,2.0,47.0,3.0,15.0,303.0
경상북도교육청,경상북도봉화교육지원청,경상북도 봉화군,S150001930,도촌초등학교,2,공립,N,,1.0,0.0,7.0,3.0,0.0,8.0,0.0,0.0,4.0,1.0,1.0,10.0,0.0,0.0,12.0,0.0,0.0,8.0,5.0,1.0,49.0
경상북도교육청,경상북도봉화교육지원청,경상북도 봉화군,S150001932,동양초등학교,2,공립,N,,0.0,0.0,5.0,0.0,2.0,4.0,0.0,0.0,2.0,3.0,1.0,4.0,3.0,1.0,6.0,0.0,1.0,6.0,6.0,5.0,27.0
경상북도교육청,경상북도봉화교육지원청,경상북도 봉화군,S150001935,명호초등학교,2,공립,N,,1.0,1.0,3.0,3.0,2.0,7.0,6.0,2.0,11.0,3.0,0.0,12.0,0.0,1.0,7.0,0.0,0.0,12.0,13.0,6.0,52.0
경상북도교육청,경상북도봉화교육지원청,경상북도 봉화군,S150001939,물야초등학교,2,공립,N,,0.0,0.0,3.0,0.0,0.0,7.0,0.0,0.0,7.0,1.0,0.0,6.0,0.0,0.0,7.0,0.0,1.0,6.0,1.0,1.0,36.0
경상북도교육청,경상북도봉화교육지원청,경상북도 봉화군,S150001945,법전중앙초등학교,2,공립,N,,0.0,0.0,4.0,0.0,0.0,6.0,0.0,1.0,6.0,0.0,1.0,6.0,0.0,0.0,10.0,0.0,0.0,1.0,0.0,2.0,33.0
경상북도교육청,경상북도봉화교육지원청,경상북도 봉화군,S150001948,봉성초등학교,2,공립,N,,0.0,0.0,5.0,0.0,0.0,6.0,0.0,0.0,3.0,0.0,0.0,0.0,0.0,0.0,3.0,0.0,0.0,2.0,0.0,0.0,19.0
경상북도교육청,경상북도봉화교육지원청,경상북도 봉화군,S150001949,봉화초등학교,2,공립,N,,2.0,0.0,12.0,4.0,1.0,10.0,1.0,2.0,14.0,1.0,0.0,18.0,1.0,0.0,25.0,1.0,0.0,23.0,10.0,3.0,102.0
경상북도교육청,경상북도봉화교육지원청,경상북도 봉화군,S150001955,상운초등학교,2,공립,N,,0.0,0.0,1.0,0.0,0.0,2.0,1.0,1.0,4.0,1.0,0.0,2.0,1.0,1.0,1.0,1.0,0.0,6.0,4.0,2.0,16.0
경상북도교육청,경상북도봉화교육지원청,경상북도 봉화군,S150001957,서벽초등학교,2,공립,N,,0.0,0.0,4.0,0.0,0.0,3.0,0.0,0.0,4.0,0.0,1.0,4.0,0.0,0.0,4.0,0.0,0.0,4.0,0.0,1.0,23.0
경상북도교육청,경상북도봉화교육지원청,경상북도 봉화군,S150001959,석포초등학교,2,공립,N,,0.0,2.0,14.0,1.0,1.0,22.0,1.0,2.0,16.0,1.0,1.0,24.0,1.0,2.0,21.0,0.0,0.0,12.0,4.0,8.0,109.0
경상북도교육청,경상북도봉화교육지원청,경상북도 봉화군,S150001964,소천초등학교,2,공립,N,,0.0,0.0,0.0,0.0,0.0,0.0,2.0,0.0,1.0,0.0,0.0,4.0,1.0,0.0,3.0,0.0,0.0,2.0,3.0,0.0,10.0
경상북도교육청,경상북도봉화교육지원청,경상북도 봉화군,S150001967,소천초등학교두음분교장,2,공립,N,,0.0,0.0,1.0,0.0,2.0,1.0,0.0,1.0,3.0,0.0,1.0,1.0,0.0,0.0,3.0,0.0,0.0,1.0,0.0,4.0,10.0
경상북도교육청,경상북도봉화교육지원청,경상북도 봉화군,S150001969,소천초등학교임기분교장,2,공립,N,,0.0,0.0,1.0,0.0,0.0,1.0,0.0,0.0,0.0,0.0,0.0,1.0,0.0,0.0,0.0,0.0,0.0,0.0,0.0,0.0,3.0
경상북도교육청,경상북도봉화교육지원청,경상북도 봉화군,S150001980,재산초등학교,2,공립,N,,0.0,0.0,2.0,0.0,1.0,4.0,0.0,0.0,2.0,0.0,0.0,3.0,0.0,0.0,5.0,0.0,0.0,4.0,0.0,1.0,20.0
경상북도교육청,경상북도봉화교육지원청,경상북도 봉화군,S150001982,춘양초등학교,2,공립,N,,0.0,0.0,20.0,0.0,0.0,18.0,1.0,0.0,17.0,1.0,1.0,10.0,0.0,2.0,15.0,0.0,0.0,13.0,2.0,3.0,93.0
경상북도교육청,경상북도상주교육지원청,경상북도 상주시,S150002042,공검초등학교,2,공립,N,,1.0,0.0,4.0,0.0,0.0,3.0,1.0,0.0,4.0,0.0,0.0,3.0,0.0,0.0,4.0,0.0,0.0,4.0,2.0,0.0,22.0
경상북도교육청,경상북도상주교육지원청,경상북도 상주시,S150002045,낙동동부초등학교,2,공립,N,,0.0,0.0,1.0,0.0,0.0,1.0,1.0,0.0,4.0,0.0,0.0,4.0,0.0,1.0,4.0,0.0,1.0,3.0,1.0,2.0,17.0
경상북도교육청,경상북도상주교육지원청,경상북도 상주시,S150002046,낙동초등학교,2,공립,N,,0.0,0.0,4.0,2.0,0.0,7.0,0.0,0.0,11.0,1.0,2.0,10.0,0.0,0.0,13.0,1.0,0.0,6.0,4.0,2.0,51.0
경상북도교육청,경상북도상주교육지원청,경상북도 상주시,S150002049,낙서초등학교,2,공립,N,,1.0,1.0,1.0,0.0,0.0,4.0,0.0,1.0,5.0,0.0,0.0,2.0,0.0,0.0,3.0,1.0,0.0,2.0,2.0,2.0,17.0
경상북도교육청,경상북도상주교육지원청,경상북도 상주시,S150002057,모동초등학교,2,공립,N,,0.0,0.0,5.0,0.0,0.0,2.0,1.0,0.0,11.0,0.0,0.0,5.0,0.0,1.0,3.0,0.0,0.0,5.0,1.0,1.0,31.0
경상북도교육청,경상북도상주교육지원청,경상북도 상주시,S150002058,모서초등학교,2,공립,N,,0.0,0.0,5.0,0.0,0.0,6.0,1.0,0.0,9.0,0.0,0.0,5.0,0.0,1.0,14.0,0.0,0.0,7.0,1.0,1.0,46.0
경상북도교육청,경상북도상주교육지원청,경상북도 상주시,S150002063,백원초등학교,2,공립,N,,0.0,0.0,8.0,3.0,0.0,13.0,2.0,1.0,8.0,0.0,0.0,6.0,1.0,2.0,18.0,1.0,0.0,13.0,7.0,3.0,66.0
경상북도교육청,경상북도상주교육지원청,경상북도 상주시,S150002064,사벌초등학교,2,공립,N,,0.0,0.0,7.0,3.0,0.0,7.0,1.0,2.0,5.0,1.0,1.0,9.0,1.0,2.0,14.0,0.0,1.0,12.0,6.0,6.0,54.0
경상북도교육청,경상북도상주교육지원청,경상북도 상주시,S150002067,상산초등학교,2,공립,N,,2.0,4.0,96.0,9.0,2.0,98.0,6.0,4.0,92.0,4.0,3.0,95.0,5.0,3.0,94.0,2.0,2.0,88.0,28.0,18.0,563.0
경상북도교육청,경상북도상주교육지원청,경상북도 상주시,S150002069,상영초등학교,2,공립,N,,2.0,1.0,89.0,3.0,6.0,85.0,3.0,4.0,128.0,2.0,3.0,118.0,4.0,0.0,105.0,4.0,5.0,139.0,18.0,19.0,664.0
경상북도교육청,경상북도상주교육지원청,경상북도 상주시,S150002071,상주남부초등학교,2,공립,N,,0.0,0.0,17.0,0.0,2.0,17.0,1.0,0.0,8.0,0.0,2.0,13.0,1.0,0.0,14.0,0.0,0.0,16.0,2.0,4.0,85.0
경상북도교육청,경상북도상주교육지원청,경상북도 상주시,S150002072,상주동부초등학교,2,공립,N,,0.0,0.0,6.0,0.0,0.0,6.0,2.0,1.0,9.0,1.0,1.0,13.0,1.0,2.0,6.0,2.0,1.0,7.0,6.0,5.0,47.0
경상북도교육청,경상북도상주교육지원청,경상북도 상주시,S150002074,상주중앙초등학교,2,공립,N,,0.0,0.0,52.0,5.0,2.0,88.0,2.0,0.0,78.0,0.0,3.0,70.0,2.0,1.0,71.0,1.0,2.0,76.0,10.0,8.0,435.0
경상북도교육청,경상북도상주교육지원청,경상북도 상주시,S150002075,상주초등학교,2,공립,N,,3.0,0.0,84.0,0.0,2.0,88.0,2.0,1.0,76.0,1.0,4.0,81.0,2.0,0.0,88.0,1.0,1.0,70.0,9.0,8.0,487.0
경상북도교육청,경상북도상주교육지원청,경상북도 상주시,S150002087,옥산초등학교,2,공립,N,,0.0,1.0,8.0,0.0,1.0,6.0,0.0,1.0,7.0,1.0,0.0,10.0,2.0,1.0,11.0,0.0,0.0,6.0,3.0,4.0,48.0
경상북도교육청,경상북도상주교육지원청,경상북도 상주시,S150002089,외남초등학교,2,공립,N,,0.0,0.0,9.0,0.0,3.0,15.0,1.0,2.0,13.0,1.0,1.0,12.0,0.0,0.0,7.0,1.0,0.0,13.0,3.0,6.0,69.0
경상북도교육청,경상북도상주교육지원청,경상북도 상주시,S150002091,외서초등학교,2,공립,N,,0.0,0.0,3.0,0.0,0.0,2.0,0.0,1.0,5.0,0.0,1.0,4.0,0.0,0.0,2.0,0.0,0.0,8.0,0.0,2.0,24.0
경상북도교육청,경상북도상주교육지원청,경상북도 상주시,S150002100,은척초등학교,2,공립,N,,0.0,0.0,2.0,0.0,1.0,1.0,1.0,2.0,4.0,0.0,0.0,3.0,0.0,0.0,3.0,0.0,0.0,5.0,1.0,3.0,18.0
경상북도교육청,경상북도상주교육지원청,경상북도 상주시,S150002101,은척초등학교무릉분교장,2,공립,N,,1.0,1.0,5.0,0.0,0.0,6.0,0.0,0.0,1.0,1.0,1.0,6.0,0.0,0.0,1.0,1.0,0.0,2.0,3.0,2.0,21.0
경상북도교육청,경상북도상주교육지원청,경상북도 상주시,S150002103,이안초등학교,2,공립,N,,0.0,0.0,6.0,0.0,0.0,5.0,0.0,0.0,10.0,0.0,1.0,5.0,0.0,1.0,13.0,0.0,0.0,2.0,0.0,2.0,41.0
경상북도교육청,경상북도상주교육지원청,경상북도 상주시,S150002107,중동초등학교,2,공립,N,,1.0,0.0,1.0,0.0,0.0,3.0,0.0,0.0,4.0,0.0,0.0,3.0,0.0,0.0,2.0,0.0,0.0,5.0,1.0,0.0,18.0
경상북도교육청,경상북도상주교육지원청,경상북도 상주시,S150002110,중모초등학교,2,공립,N,,1.0,0.0,8.0,0.0,0.0,6.0,1.0,0.0,7.0,1.0,0.0,6.0,0.0,0.0,10.0,0.0,0.0,13.0,3.0,0.0,50.0
경상북도교육청,경상북도상주교육지원청,경상북도 상주시,S150002112,청리초등학교,2,공립,N,,1.0,0.0,2.0,0.0,0.0,10.0,1.0,0.0,6.0,0.0,1.0,9.0,0.0,0.0,6.0,0.0,2.0,10.0,2.0,3.0,43.0
경상북도교육청,경상북도상주교육지원청,경상북도 상주시,S150002116,함창중앙초등학교,2,공립,N,,0.0,0.0,6.0,0.0,0.0,5.0,2.0,0.0,9.0,2.0,0.0,9.0,2.0,4.0,9.0,0.0,0.0,6.0,6.0,4.0,44.0
경상북도교육청,경상북도상주교육지원청,경상북도 상주시,S150002117,함창초등학교,2,공립,N,,1.0,1.0,19.0,0.0,1.0,24.0,0.0,1.0,32.0,6.0,0.0,28.0,2.0,2.0,30.0,3.0,1.0,32.0,12.0,6.0,165.0
경상북도교육청,경상북도상주교육지원청,경상북도 상주시,S150002121,화동초등학교,2,공립,N,,2.0,2.0,8.0,1.0,1.0,8.0,0.0,1.0,5.0,2.0,1.0,11.0,0.0,0.0,11.0,1.0,0.0,8.0,6.0,5.0,51.0
경상북도교육청,경상북도상주교육지원청,경상북도 상주시,S150002123,화령초등학교,2,공립,N,,1.0,0.0,16.0,1.0,2.0,11.0,2.0,1.0,12.0,0.0,2.0,11.0,1.0,1.0,15.0,0.0,1.0,11.0,5.0,7.0,76.0
경상북도교육청,경상북도상주교육지원청,경상북도 상주시,S150002126,화북초등학교,2,공립,N,,0.0,0.0,3.0,0.0,0.0,4.0,0.0,0.0,1.0,0.0,0.0,2.0,0.0,0.0,4.0,0.0,0.0,5.0,0.0,0.0,19.0
경상북도교육청,경상북도상주교육지원청,경상북도 상주시,S150002127,화북초등학교용화분교장,2,공립,N,,0.0,0.0,1.0,0.0,0.0,0.0,0.0,0.0,1.0,0.0,1.0,1.0,0.0,0.0,1.0,0.0,1.0,2.0,0.0,2.0,6.0
경상북도교육청,경상북도상주교육지원청,경상북도 상주시,S150002128,화북초등학교입석분교장,2,공립,N,,0.0,0.0,0.0,0.0,0.0,1.0,0.0,0.0,1.0,0.0,0.0,1.0,0.0,0.0,4.0,0.0,0.0,1.0,0.0,0.0,8.0
경상북도교육청,경상북도성주교육지원청,경상북도 성주군,S150002205,가천초등학교,2,공립,N,,0.0,1.0,2.0,1.0,1.0,8.0,0.0,1.0,5.0,1.0,1.0,6.0,1.0,0.0,6.0,0.0,0.0,5.0,3.0,4.0,32.0
경상북도교육청,경상북도성주교육지원청,경상북도 성주군,S150002211,대가초등학교,2,공립,N,,1.0,0.0,6.0,1.0,2.0,6.0,0.0,1.0,7.0,0.0,0.0,3.0,0.0,0.0,3.0,1.0,0.0,9.0,3.0,3.0,34.0
경상북도교육청,경상북도성주교육지원청,경상북도 성주군,S150002213,대동초등학교,2,공립,N,,1.0,0.0,3.0,2.0,0.0,2.0,0.0,0.0,4.0,1.0,0.0,5.0,1.0,0.0,0.0,0.0,0.0,5.0,5.0,0.0,19.0
경상북도교육청,경상북도성주교육지원청,경상북도 성주군,S150002216,도원초등학교,2,공립,N,,0.0,1.0,3.0,0.0,0.0,4.0,1.0,0.0,4.0,0.0,0.0,6.0,0.0,0.0,3.0,0.0,0.0,3.0,1.0,1.0,23.0
경상북도교육청,경상북도성주교육지원청,경상북도 성주군,S150002221,벽진초등학교,2,공립,N,,1.0,1.0,4.0,0.0,0.0,8.0,0.0,1.0,7.0,0.0,0.0,7.0,1.0,0.0,4.0,0.0,0.0,5.0,2.0,2.0,35.0
경상북도교육청,경상북도성주교육지원청,경상북도 성주군,S150002224,초전초등학교봉소분교장,2,공립,N,,0.0,0.0,0.0,0.0,0.0,2.0,0.0,0.0,0.0,0.0,0.0,5.0,0.0,0.0,0.0,0.0,0.0,1.0,0.0,0.0,8.0
경상북도교육청,경상북도성주교육지원청,경상북도 성주군,S150002225,선남초등학교,2,공립,N,,1.0,0.0,4.0,0.0,0.0,6.0,2.0,1.0,10.0,0.0,0.0,8.0,1.0,0.0,5.0,0.0,1.0,8.0,4.0,2.0,41.0
경상북도교육청,경상북도성주교육지원청,경상북도 성주군,S150002229,성주중앙초등학교,2,공립,N,,0.0,0.0,26.0,0.0,0.0,24.0,0.0,0.0,31.0,4.0,1.0,36.0,1.0,1.0,41.0,2.0,2.0,41.0,7.0,4.0,199.0
경상북도교육청,경상북도성주교육지원청,경상북도 성주군,S150002230,성주초등학교,2,공립,N,,1.0,3.0,78.0,5.0,2.0,76.0,4.0,2.0,92.0,2.0,6.0,77.0,1.0,2.0,89.0,3.0,6.0,91.0,16.0,21.0,503.0
경상북도교육청,경상북도성주교육지원청,경상북도 성주군,S150002231,수륜초등학교,2,공립,N,,1.0,0.0,5.0,2.0,0.0,6.0,1.0,2.0,8.0,2.0,0.0,10.0,0.0,0.0,8.0,1.0,0.0,13.0,7.0,2.0,50.0
경상북도교육청,경상북도성주교육지원청,경상북도 성주군,S150002235,용암초등학교,2,공립,N,,0.0,0.0,0.0,0.0,0.0,1.0,0.0,1.0,5.0,0.0,0.0,4.0,1.0,0.0,3.0,0.0,1.0,7.0,1.0,2.0,20.0
경상북도교육청,경상북도성주교육지원청,경상북도 성주군,S150002239,월항초등학교,2,공립,N,,0.0,2.0,6.0,1.0,0.0,8.0,1.0,0.0,3.0,0.0,0.0,8.0,0.0,0.0,3.0,0.0,0.0,7.0,2.0,2.0,35.0
경상북도교육청,경상북도성주교육지원청,경상북도 성주군,S150002240,월항초등학교지방분교장,2,공립,N,,1.0,0.0,1.0,0.0,0.0,1.0,1.0,0.0,6.0,0.0,1.0,4.0,0.0,0.0,4.0,0.0,0.0,3.0,2.0,1.0,19.0
경상북도교육청,경상북도성주교육지원청,경상북도 성주군,S150002244,초전초등학교,2,공립,N,,0.0,0.0,9.0,0.0,0.0,13.0,0.0,0.0,17.0,0.0,1.0,14.0,0.0,1.0,9.0,0.0,0.0,13.0,0.0,2.0,75.0
경상북도교육청,경상북도안동교육지원청,경상북도 안동시,S150002303,길안초등학교,2,공립,N,,0.0,0.0,2.0,0.0,0.0,5.0,0.0,0.0,7.0,1.0,0.0,4.0,0.0,1.0,3.0,0.0,0.0,8.0,1.0,1.0,29.0
경상북도교육청,경상북도안동교육지원청,경상북도 안동시,S150002305,길안초등학교길송분교장,2,공립,N,,0.0,0.0,1.0,0.0,0.0,1.0,0.0,0.0,0.0,0.0,0.0,0.0,0.0,0.0,4.0,0.0,0.0,2.0,0.0,0.0,8.0
경상북도교육청,경상북도안동교육지원청,경상북도 안동시,S150002309,길주초등학교,2,공립,N,,2.0,7.0,131.0,2.0,3.0,125.0,10.0,5.0,136.0,6.0,3.0,107.0,4.0,1.0,121.0,3.0,1.0,113.0,27.0,20.0,733.0
경상북도교육청,경상북도안동교육지원청,경상북도 안동시,S150002311,남선초등학교,2,공립,N,,0.0,1.0,12.0,0.0,1.0,9.0,0.0,1.0,5.0,0.0,0.0,8.0,1.0,1.0,8.0,0.0,2.0,2.0,1.0,6.0,44.0
경상북도교육청,경상북도안동교육지원청,경상북도 안동시,S150002312,남후초등학교,2,공립,N,,0.0,2.0,10.0,3.0,1.0,11.0,3.0,2.0,8.0,1.0,0.0,9.0,1.0,0.0,5.0,1.0,0.0,8.0,9.0,5.0,51.0
경상북도교육청,경상북도안동교육지원청,경상북도 안동시,S150002318,녹전초등학교,2,공립,N,,0.0,0.0,2.0,0.0,0.0,3.0,0.0,0.0,1.0,0.0,0.0,4.0,0.0,0.0,2.0,0.0,0.0,3.0,0.0,0.0,15.0
경상북도교육청,경상북도안동교육지원청,경상북도 안동시,S150002330,복주초등학교,2,공립,N,,0.0,2.0,71.0,2.0,3.0,91.0,4.0,2.0,94.0,2.0,2.0,96.0,4.0,2.0,89.0,1.0,3.0,95.0,13.0,14.0,536.0
경상북도교육청,경상북도안동교육지원청,경상북도 안동시,S150002331,북후초등학교,2,공립,N,,0.0,2.0,8.0,3.0,0.0,2.0,1.0,1.0,13.0,1.0,0.0,6.0,0.0,0.0,12.0,0.0,0.0,6.0,5.0,3.0,47.0
경상북도교육청,경상북도안동교육지원청,경상북도 안동시,S150002337,서선초등학교,2,공립,N,,0.0,0.0,10.0,3.0,0.0,18.0,0.0,1.0,8.0,2.0,0.0,7.0,2.0,0.0,7.0,0.0,0.0,6.0,7.0,1.0,56.0
경상북도교육청,경상북도안동교육지원청,경상북도 안동시,S150002338,서후초등학교,2,공립,N,,0.0,1.0,4.0,1.0,1.0,4.0,0.0,0.0,1.0,0.0,0.0,4.0,0.0,0.0,4.0,0.0,0.0,0.0,1.0,2.0,17.0
경상북도교육청,경상북도안동교육지원청,경상북도 안동시,S150002341,송천초등학교,2,공립,N,,0.0,1.0,13.0,1.0,1.0,11.0,2.0,1.0,21.0,0.0,2.0,17.0,0.0,0.0,23.0,0.0,0.0,11.0,3.0,5.0,96.0
경상북도교육청,경상북도안동교육지원청,경상북도 안동시,S150002342,신성초등학교,2,공립,N,,1.0,0.0,13.0,1.0,0.0,9.0,1.0,0.0,7.0,3.0,1.0,12.0,0.0,0.0,11.0,0.0,0.0,10.0,6.0,1.0,62.0
경상북도교육청,경상북도안동교육지원청,경상북도 안동시,S150002343,안동동부초등학교,2,공립,N,,0.0,1.0,12.0,1.0,1.0,12.0,2.0,2.0,12.0,0.0,1.0,9.0,0.0,0.0,7.0,0.0,1.0,9.0,3.0,6.0,61.0
경상북도교육청,경상북도안동교육지원청,경상북도 안동시,S150002344,안동서부초등학교,2,공립,N,,2.0,1.0,104.0,2.0,7.0,111.0,7.0,8.0,122.0,3.0,3.0,112.0,1.0,6.0,135.0,3.0,4.0,94.0,18.0,29.0,678.0
경상북도교육청,경상북도안동교육지원청,경상북도 안동시,S150002345,안동송현초등학교,2,공립,N,,3.0,1.0,159.0,6.0,11.0,187.0,8.0,6.0,170.0,4.0,10.0,165.0,12.0,7.0,169.0,2.0,2.0,158.0,35.0,37.0,1008.0
경상북도교육청,경상북도안동교육지원청,경상북도 안동시,S150002346,안동영호초등학교,2,공립,N,,5.0,2.0,115.0,3.0,4.0,136.0,11.0,15.0,175.0,5.0,2.0,162.0,3.0,2.0,144.0,2.0,3.0,165.0,29.0,28.0,897.0
경상북도교육청,경상북도안동교육지원청,경상북도 안동시,S150002347,안동용상초등학교,2,공립,N,,3.0,5.0,74.0,2.0,1.0,68.0,2.0,2.0,80.0,4.0,1.0,84.0,5.0,3.0,72.0,0.0,2.0,72.0,16.0,14.0,450.0
경상북도교육청,경상북도안동교육지원청,경상북도 안동시,S150002348,안동초등학교,2,공립,N,,1.0,2.0,19.0,0.0,2.0,25.0,0.0,3.0,16.0,2.0,0.0,28.0,1.0,1.0,24.0,2.0,1.0,20.0,6.0,9.0,132.0
경상북도교육청,경상북도안동교육지원청,경상북도 안동시,S150002352,영가초등학교,2,공립,N,,0.0,0.0,60.0,2.0,2.0,70.0,6.0,2.0,90.0,1.0,2.0,87.0,1.0,2.0,80.0,1.0,2.0,69.0,11.0,10.0,456.0
경상북도교육청,경상북도안동교육지원청,경상북도 안동시,S150002353,영남초등학교,2,공립,N,,1.0,1.0,33.0,1.0,1.0,36.0,2.0,2.0,38.0,0.0,2.0,38.0,1.0,4.0,48.0,1.0,1.0,55.0,6.0,11.0,248.0
경상북도교육청,경상북도안동교육지원청,경상북도 안동시,S150002357,온혜초등학교,2,공립,N,,0.0,0.0,2.0,0.0,0.0,2.0,0.0,0.0,1.0,0.0,0.0,3.0,0.0,1.0,2.0,0.0,0.0,5.0,0.0,1.0,15.0
경상북도교육청,경상북도안동교육지원청,경상북도 안동시,S150002362,와룡초등학교,2,공립,N,,0.0,1.0,7.0,2.0,1.0,7.0,1.0,0.0,5.0,4.0,0.0,8.0,0.0,0.0,11.0,1.0,2.0,18.0,8.0,4.0,56.0
경상북도교육청,경상북도안동교육지원청,경상북도 안동시,S150002368,월곡초등학교,2,공립,N,,0.0,0.0,2.0,0.0,0.0,2.0,0.0,0.0,2.0,0.0,0.0,4.0,1.0,0.0,3.0,0.0,0.0,1.0,1.0,0.0,14.0
경상북도교육청,경상북도안동교육지원청,경상북도 안동시,S150002373,월곡초등학교삼계분교장,2,공립,N,,0.0,0.0,0.0,0.0,0.0,1.0,0.0,0.0,1.0,0.0,0.0,0.0,0.0,0.0,2.0,0.0,1.0,3.0,0.0,1.0,7.0
경상북도교육청,경상북도안동교육지원청,경상북도 안동시,S150002377,일직초등학교,2,공립,N,,1.0,0.0,3.0,1.0,0.0,4.0,0.0,0.0,3.0,0.0,1.0,9.0,0.0,0.0,7.0,2.0,1.0,12.0,4.0,2.0,38.0
경상북도교육청,경상북도안동교육지원청,경상북도 안동시,S150002379,임동초등학교,2,공립,N,,0.0,0.0,4.0,0.0,0.0,5.0,0.0,0.0,3.0,0.0,0.0,6.0,0.0,0.0,3.0,0.0,0.0,5.0,0.0,0.0,26.0
경상북도교육청,경상북도안동교육지원청,경상북도 안동시,S150002387,임하초등학교,2,공립,N,,0.0,0.0,3.0,0.0,0.0,2.0,0.0,0.0,5.0,0.0,0.0,4.0,0.0,0.0,4.0,0.0,0.0,1.0,0.0,0.0,19.0
경상북도교육청,경상북도안동교육지원청,경상북도 안동시,S150002395,풍북초등학교,2,공립,N,,0.0,0.0,3.0,0.0,0.0,4.0,1.0,0.0,7.0,2.0,0.0,2.0,0.0,0.0,1.0,6.0,0.0,6.0,9.0,0.0,23.0
경상북도교육청,경상북도안동교육지원청,경상북도 안동시,S150002396,풍산초등학교,2,공립,N,,1.0,0.0,13.0,1.0,1.0,10.0,2.0,2.0,15.0,4.0,0.0,18.0,0.0,2.0,18.0,3.0,1.0,13.0,11.0,6.0,87.0
경상북도교육청,경상북도영덕교육지원청,경상북도 영덕군,S150002486,강구초등학교,2,공립,N,,0.0,2.0,16.0,1.0,1.0,17.0,6.0,6.0,20.0,3.0,3.0,22.0,5.0,3.0,35.0,3.0,3.0,23.0,18.0,18.0,133.0
경상북도교육청,경상북도영덕교육지원청,경상북도 영덕군,S150002494,남정초등학교,2,공립,N,,1.0,0.0,4.0,0.0,0.0,1.0,0.0,0.0,2.0,1.0,1.0,4.0,1.0,1.0,7.0,0.0,0.0,6.0,3.0,2.0,24.0
경상북도교육청,경상북도영덕교육지원청,경상북도 영덕군,S150002502,병곡초등학교,2,공립,N,,0.0,0.0,1.0,1.0,0.0,5.0,0.0,1.0,7.0,0.0,0.0,5.0,0.0,0.0,6.0,0.0,1.0,2.0,1.0,2.0,26.0
경상북도교육청,경상북도영덕교육지원청,경상북도 영덕군,S150002507,영덕야성초등학교,2,공립,N,,3.0,3.0,87.0,2.0,5.0,88.0,4.0,9.0,98.0,3.0,5.0,97.0,1.0,5.0,97.0,3.0,4.0,99.0,16.0,31.0,566.0
경상북도교육청,경상북도영덕교육지원청,경상북도 영덕군,S150002511,영해초등학교,2,공립,N,,1.0,2.0,47.0,3.0,2.0,38.0,2.0,3.0,39.0,1.0,4.0,36.0,5.0,1.0,46.0,1.0,1.0,33.0,13.0,13.0,239.0
경상북도교육청,경상북도영덕교육지원청,경상북도 영덕군,S150002522,원황초등학교,2,공립,N,,0.0,0.0,3.0,0.0,0.0,4.0,1.0,0.0,1.0,0.0,0.0,1.0,0.0,0.0,7.0,0.0,0.0,3.0,1.0,0.0,19.0
경상북도교육청,경상북도영덕교육지원청,경상북도 영덕군,S150002527,지품초등학교,2,공립,N,,0.0,0.0,2.0,0.0,0.0,3.0,0.0,1.0,4.0,0.0,1.0,3.0,0.0,0.0,1.0,1.0,0.0,3.0,1.0,2.0,16.0
경상북도교육청,경상북도영덕교육지원청,경상북도 영덕군,S150002533,창수초등학교,2,공립,N,,1.0,0.0,3.0,1.0,0.0,4.0,0.0,0.0,0.0,0.0,0.0,8.0,0.0,1.0,4.0,0.0,0.0,1.0,2.0,1.0,20.0
경상북도교육청,경상북도영덕교육지원청,경상북도 영덕군,S150002538,창수초등학교인천분교장,2,공립,N,,1.0,2.0,3.0,0.0,0.0,2.0,1.0,1.0,1.0,0.0,0.0,0.0,2.0,0.0,3.0,0.0,0.0,1.0,4.0,3.0,10.0
경상북도교육청,경상북도영덕교육지원청,경상북도 영덕군,S150002543,축산항초등학교,2,공립,N,,0.0,0.0,1.0,0.0,2.0,4.0,0.0,0.0,0.0,1.0,1.0,4.0,0.0,0.0,3.0,0.0,0.0,2.0,1.0,3.0,14.0
경상북도교육청,경상북도영덕교육지원청,경상북도 영덕군,S150002544,축산항초등학교경정분교장,2,공립,N,,0.0,0.0,0.0,0.0,0.0,0.0,0.0,0.0,0.0,0.0,0.0,2.0,0.0,0.0,1.0,0.0,0.0,2.0,0.0,0.0,5.0
경상북도교육청,경상북도영양교육지원청,경상북도 영양군,S150002594,석보초등학교,2,공립,N,,0.0,0.0,6.0,0.0,0.0,4.0,0.0,0.0,6.0,0.0,0.0,7.0,0.0,1.0,10.0,0.0,0.0,8.0,0.0,1.0,41.0
경상북도교육청,경상북도영양교육지원청,경상북도 영양군,S150002597,수비초등학교,2,공립,N,,0.0,0.0,2.0,1.0,1.0,10.0,1.0,2.0,4.0,0.0,1.0,2.0,1.0,0.0,5.0,2.0,0.0,8.0,5.0,4.0,31.0
경상북도교육청,경상북도영양교육지원청,경상북도 영양군,S150002606,영양중앙초등학교,2,공립,N,,1.0,0.0,13.0,1.0,0.0,16.0,1.0,0.0,16.0,0.0,0.0,14.0,0.0,0.0,19.0,0.0,0.0,9.0,3.0,0.0,87.0
경상북도교육청,경상북도영양교육지원청,경상북도 영양군,S150002608,영양초등학교,2,공립,N,,2.0,0.0,40.0,1.0,0.0,37.0,3.0,1.0,40.0,1.0,4.0,35.0,0.0,0.0,40.0,0.0,1.0,31.0,7.0,6.0,223.0
경상북도교육청,경상북도영양교육지원청,경상북도 영양군,S150002610,일월초등학교,2,공립,N,,0.0,0.0,0.0,0.0,0.0,9.0,0.0,0.0,5.0,0.0,0.0,5.0,0.0,0.0,8.0,0.0,0.0,5.0,0.0,0.0,32.0
경상북도교육청,경상북도영양교육지원청,경상북도 영양군,S150002613,일월초등학교청기분교장,2,공립,N,,0.0,1.0,1.0,0.0,0.0,1.0,0.0,0.0,1.0,1.0,2.0,3.0,0.0,0.0,3.0,0.0,0.0,4.0,1.0,3.0,13.0
경상북도교육청,경상북도영양교육지원청,경상북도 영양군,S150002615,입암초등학교,2,공립,N,,0.0,0.0,9.0,0.0,1.0,5.0,0.0,0.0,3.0,0.0,1.0,9.0,0.0,0.0,7.0,1.0,0.0,6.0,1.0,2.0,39.0
경상북도교육청,경상북도영주교육지원청,경상북도 영주시,S150002665,남산초등학교,2,공립,N,,2.0,1.0,44.0,3.0,2.0,55.0,2.0,5.0,57.0,0.0,1.0,75.0,2.0,0.0,65.0,2.0,0.0,68.0,11.0,9.0,364.0
경상북도교육청,경상북도영주교육지원청,경상북도 영주시,S150002671,문수초등학교,2,공립,N,,0.0,1.0,11.0,3.0,0.0,12.0,1.0,1.0,9.0,3.0,2.0,13.0,3.0,0.0,11.0,1.0,1.0,14.0,11.0,5.0,70.0
경상북도교육청,경상북도영주교육지원청,경상북도 영주시,S150002677,봉현초등학교,2,공립,N,,1.0,0.0,5.0,0.0,0.0,15.0,1.0,1.0,8.0,0.0,0.0,13.0,0.0,1.0,19.0,2.0,1.0,12.0,4.0,3.0,72.0
경상북도교육청,경상북도영주교육지원청,경상북도 영주시,S150002680,부석초등학교,2,공립,N,,0.0,0.0,8.0,2.0,0.0,7.0,1.0,0.0,7.0,0.0,0.0,6.0,0.0,0.0,13.0,0.0,0.0,7.0,3.0,0.0,48.0
경상북도교육청,경상북도영주교육지원청,경상북도 영주시,S150002683,순흥초등학교,2,공립,N,,0.0,1.0,1.0,1.0,2.0,3.0,2.0,1.0,5.0,0.0,1.0,4.0,3.0,2.0,6.0,0.0,0.0,6.0,6.0,7.0,25.0
경상북도교육청,경상북도영주교육지원청,경상북도 영주시,S150002686,안정초등학교,2,공립,N,,2.0,1.0,17.0,1.0,1.0,8.0,1.0,0.0,12.0,0.0,1.0,11.0,0.0,0.0,16.0,0.0,0.0,16.0,4.0,3.0,80.0
경상북도교육청,경상북도영주교육지원청,경상북도 영주시,S150002688,영일초등학교,2,공립,N,,2.0,3.0,43.0,2.0,2.0,44.0,4.0,3.0,73.0,4.0,1.0,56.0,1.0,0.0,64.0,1.0,2.0,64.0,14.0,11.0,344.0
경상북도교육청,경상북도영주교육지원청,경상북도 영주시,S150002689,영주남부초등학교,2,공립,N,,2.0,3.0,59.0,4.0,3.0,53.0,5.0,4.0,86.0,1.0,2.0,71.0,2.0,6.0,84.0,2.0,2.0,97.0,16.0,20.0,450.0
경상북도교육청,경상북도영주교육지원청,경상북도 영주시,S150002690,영주동부초등학교,2,공립,N,,2.0,1.0,75.0,0.0,2.0,82.0,6.0,3.0,111.0,1.0,4.0,108.0,2.0,1.0,117.0,3.0,1.0,116.0,14.0,12.0,609.0
경상북도교육청,경상북도영주교육지원청,경상북도 영주시,S150002691,영주서부초등학교,2,공립,N,,6.0,2.0,44.0,8.0,6.0,49.0,16.0,1.0,74.0,8.0,1.0,53.0,2.0,3.0,44.0,0.0,3.0,49.0,40.0,16.0,313.0
경상북도교육청,경상북도영주교육지원청,경상북도 영주시,S150002692,영주중앙초등학교,2,공립,N,,0.0,3.0,73.0,5.0,3.0,53.0,3.0,3.0,72.0,4.0,5.0,64.0,3.0,3.0,72.0,0.0,0.0,93.0,15.0,17.0,427.0
경상북도교육청,경상북도영주교육지원청,경상북도 영주시,S150002693,영주초등학교,2,공립,N,,0.0,1.0,13.0,1.0,0.0,11.0,1.0,1.0,18.0,0.0,0.0,18.0,1.0,0.0,11.0,0.0,0.0,19.0,3.0,2.0,90.0
경상북도교육청,경상북도영주교육지원청,경상북도 영주시,S150002697,옥대초등학교,2,공립,N,,0.0,2.0,5.0,0.0,1.0,4.0,0.0,1.0,7.0,1.0,1.0,9.0,0.0,0.0,2.0,0.0,0.0,8.0,1.0,5.0,35.0
경상북도교육청,경상북도영주교육지원청,경상북도 영주시,S150002703,이산초등학교,2,공립,N,,0.0,1.0,17.0,1.0,1.0,19.0,1.0,2.0,15.0,1.0,2.0,18.0,0.0,0.0,10.0,0.0,1.0,18.0,3.0,7.0,97.0
경상북도교육청,경상북도영주교육지원청,경상북도 영주시,S150002705,장수초등학교,2,공립,N,,0.0,1.0,11.0,1.0,0.0,11.0,1.0,1.0,10.0,1.0,0.0,7.0,1.0,1.0,5.0,1.0,0.0,5.0,5.0,3.0,49.0
경상북도교육청,경상북도영주교육지원청,경상북도 영주시,S150002710,평은초등학교,2,공립,N,,3.0,2.0,6.0,0.0,2.0,4.0,1.0,0.0,8.0,0.0,1.0,6.0,1.0,2.0,6.0,0.0,1.0,11.0,5.0,8.0,41.0
경상북도교육청,경상북도영주교육지원청,경상북도 영주시,S150002715,풍기북부초등학교,2,공립,N,,0.0,1.0,8.0,0.0,0.0,10.0,1.0,0.0,5.0,0.0,0.0,7.0,0.0,0.0,7.0,0.0,0.0,8.0,1.0,1.0,45.0
경상북도교육청,경상북도영주교육지원청,경상북도 영주시,S150002717,풍기초등학교,2,공립,N,,0.0,2.0,47.0,2.0,0.0,50.0,0.0,2.0,56.0,1.0,1.0,57.0,4.0,2.0,59.0,1.0,1.0,50.0,8.0,8.0,319.0
경상북도교육청,경상북도영천교육지원청,경상북도 영천시,S150002780,거여초등학교,2,공립,N,,0.0,0.0,3.0,0.0,0.0,1.0,0.0,0.0,5.0,0.0,1.0,3.0,0.0,0.0,5.0,0.0,0.0,5.0,0.0,1.0,22.0
경상북도교육청,경상북도영천교육지원청,경상북도 영천시,S150002781,고경초등학교,2,공립,N,,0.0,0.0,3.0,1.0,0.0,5.0,0.0,0.0,5.0,0.0,0.0,4.0,1.0,0.0,9.0,0.0,0.0,6.0,2.0,0.0,32.0
경상북도교육청,경상북도영천교육지원청,경상북도 영천시,S150002786,금호초등학교,2,공립,N,,1.0,0.0,19.0,1.0,3.0,34.0,0.0,1.0,27.0,2.0,2.0,30.0,0.0,0.0,30.0,0.0,2.0,25.0,4.0,8.0,165.0
경상북도교육청,경상북도영천교육지원청,경상북도 영천시,S150002787,단포초등학교,2,공립,N,,1.0,3.0,20.0,5.0,5.0,14.0,4.0,6.0,19.0,2.0,1.0,11.0,3.0,3.0,15.0,3.0,2.0,16.0,18.0,20.0,95.0
경상북도교육청,경상북도영천교육지원청,경상북도 영천시,S150002789,대창초등학교,2,공립,N,,0.0,0.0,5.0,0.0,0.0,4.0,0.0,1.0,6.0,0.0,0.0,3.0,0.0,0.0,6.0,1.0,0.0,5.0,1.0,1.0,29.0
경상북도교육청,경상북도영천교육지원청,경상북도 영천시,S150002792,북안초등학교,2,공립,N,,0.0,0.0,5.0,0.0,0.0,7.0,0.0,0.0,6.0,0.0,0.0,3.0,0.0,0.0,4.0,0.0,1.0,7.0,0.0,1.0,32.0
경상북도교육청,경상북도영천교육지원청,경상북도 영천시,S150002800,신녕초등학교,2,공립,N,,1.0,0.0,3.0,1.0,0.0,14.0,2.0,1.0,7.0,0.0,3.0,8.0,2.0,2.0,12.0,1.0,0.0,12.0,7.0,6.0,56.0
경상북도교육청,경상북도영천교육지원청,경상북도 영천시,S150002803,영천중앙초등학교화남분교장,2,공립,N,,0.0,0.0,4.0,1.0,0.0,1.0,0.0,0.0,5.0,0.0,0.0,1.0,0.0,0.0,1.0,0.0,0.0,3.0,1.0,0.0,15.0
경상북도교육청,경상북도영천교육지원청,경상북도 영천시,S150002805,영천동부초등학교,2,공립,N,,1.0,0.0,28.0,4.0,1.0,17.0,2.0,0.0,40.0,0.0,3.0,34.0,2.0,2.0,56.0,0.0,3.0,38.0,9.0,9.0,213.0
경상북도교육청,경상북도영천교육지원청,경상북도 영천시,S150002806,영천중앙초등학교,2,공립,N,,3.0,4.0,125.0,3.0,4.0,159.0,4.0,3.0,141.0,2.0,5.0,144.0,4.0,3.0,161.0,4.0,1.0,161.0,20.0,20.0,891.0
경상북도교육청,경상북도영천교육지원청,경상북도 영천시,S150002807,영천초등학교,2,공립,N,,8.0,0.0,57.0,9.0,5.0,59.0,5.0,2.0,64.0,11.0,3.0,50.0,9.0,2.0,53.0,4.0,1.0,53.0,46.0,13.0,336.0
경상북도교육청,경상북도영천교육지원청,경상북도 영천시,S150002808,영화초등학교,2,공립,N,,0.0,0.0,9.0,0.0,1.0,10.0,1.0,1.0,14.0,1.0,1.0,14.0,2.0,0.0,10.0,0.0,0.0,17.0,4.0,3.0,74.0
경상북도교육청,경상북도영천교육지원청,경상북도 영천시,S150002811,임고초등학교,2,공립,N,,0.0,1.0,8.0,3.0,1.0,14.0,0.0,0.0,12.0,0.0,1.0,16.0,0.0,0.0,13.0,1.0,0.0,9.0,4.0,3.0,72.0
경상북도교육청,경상북도영천교육지원청,경상북도 영천시,S150002816,자천초등학교,2,공립,N,,0.0,0.0,1.0,1.0,1.0,5.0,2.0,1.0,2.0,1.0,1.0,9.0,0.0,0.0,1.0,2.0,0.0,10.0,6.0,3.0,28.0
경상북도교육청,경상북도영천교육지원청,경상북도 영천시,S150002817,자천초등학교보현분교장,2,공립,N,,0.0,0.0,0.0,0.0,0.0,0.0,0.0,0.0,1.0,0.0,0.0,0.0,0.0,0.0,1.0,0.0,0.0,0.0,0.0,0.0,2.0
경상북도교육청,경상북도영천교육지원청,경상북도 영천시,S150002822,지곡초등학교,2,공립,N,,1.0,0.0,0.0,0.0,1.0,6.0,0.0,0.0,3.0,1.0,1.0,4.0,1.0,1.0,5.0,1.0,0.0,5.0,4.0,3.0,23.0
경상북도교육청,경상북도영천교육지원청,경상북도 영천시,S150002827,청통초등학교,2,공립,N,,1.0,0.0,6.0,0.0,1.0,8.0,0.0,0.0,6.0,0.0,0.0,5.0,0.0,0.0,2.0,0.0,0.0,5.0,1.0,1.0,32.0
경상북도교육청,경상북도영천교육지원청,경상북도 영천시,S150002828,평천초등학교,2,공립,N,,0.0,0.0,2.0,0.0,2.0,3.0,0.0,0.0,3.0,0.0,0.0,2.0,0.0,0.0,5.0,0.0,0.0,5.0,0.0,2.0,20.0
경상북도교육청,경상북도영천교육지원청,경상북도 영천시,S150002834,화산초등학교,2,공립,N,,0.0,0.0,1.0,0.0,3.0,5.0,0.0,0.0,1.0,0.0,0.0,5.0,0.0,0.0,10.0,0.0,0.0,1.0,0.0,3.0,23.0
경상북도교육청,경상북도예천교육지원청,경상북도 예천군,S150002893,감천초등학교,2,공립,N,,0.0,2.0,14.0,1.0,0.0,5.0,2.0,2.0,4.0,1.0,0.0,9.0,0.0,0.0,5.0,0.0,0.0,9.0,4.0,4.0,46.0
경상북도교육청,경상북도예천교육지원청,경상북도 예천군,S150002906,상리초등학교,2,공립,N,,0.0,0.0,1.0,0.0,0.0,1.0,1.0,0.0,4.0,0.0,1.0,3.0,1.0,0.0,0.0,0.0,0.0,4.0,2.0,1.0,13.0
경상북도교육청,경상북도예천교육지원청,경상북도 예천군,S150002914,예천남부초등학교,2,공립,N,,0.0,0.0,13.0,0.0,1.0,15.0,1.0,0.0,13.0,1.0,0.0,17.0,0.0,0.0,11.0,2.0,0.0,11.0,4.0,1.0,80.0
경상북도교육청,경상북도예천교육지원청,경상북도 예천군,S150002917,예천동부초등학교,2,공립,N,,1.0,0.0,17.0,2.0,2.0,30.0,4.0,0.0,26.0,1.0,0.0,28.0,1.0,1.0,29.0,2.0,1.0,33.0,11.0,4.0,163.0
경상북도교육청,경상북도예천교육지원청,경상북도 예천군,S150002919,예천초등학교,2,공립,N,,2.0,4.0,63.0,4.0,3.0,73.0,1.0,2.0,77.0,3.0,9.0,90.0,1.0,2.0,63.0,3.0,0.0,87.0,14.0,20.0,453.0
경상북도교육청,경상북도예천교육지원청,경상북도 예천군,S150002921,용궁초등학교,2,공립,N,,1.0,0.0,1.0,0.0,0.0,7.0,1.0,0.0,3.0,2.0,0.0,10.0,0.0,0.0,4.0,2.0,0.0,7.0,6.0,0.0,32.0
경상북도교육청,경상북도예천교육지원청,경상북도 예천군,S150002924,용문초등학교,2,공립,N,,0.0,0.0,3.0,0.0,1.0,5.0,1.0,0.0,6.0,1.0,2.0,6.0,2.0,2.0,11.0,0.0,4.0,14.0,4.0,9.0,45.0
경상북도교육청,경상북도예천교육지원청,경상북도 예천군,S150002933,유천초등학교,2,공립,N,,3.0,1.0,12.0,2.0,1.0,8.0,0.0,1.0,13.0,2.0,7.0,6.0,2.0,2.0,5.0,1.0,1.0,9.0,10.0,13.0,53.0
경상북도교육청,경상북도예천교육지원청,경상북도 예천군,S150002936,은풍초등학교,2,공립,N,,0.0,0.0,2.0,1.0,1.0,4.0,1.0,0.0,10.0,2.0,0.0,2.0,1.0,0.0,15.0,0.0,0.0,8.0,5.0,1.0,41.0
경상북도교육청,경상북도예천교육지원청,경상북도 예천군,S150002941,지보초등학교,2,공립,N,,0.0,0.0,9.0,0.0,1.0,6.0,0.0,1.0,7.0,0.0,0.0,8.0,0.0,0.0,6.0,0.0,0.0,7.0,0.0,2.0,43.0
경상북도교육청,경상북도예천교육지원청,경상북도 예천군,S150002945,풍양초등학교,2,공립,N,,1.0,0.0,3.0,1.0,1.0,7.0,0.0,0.0,9.0,0.0,0.0,8.0,1.0,1.0,5.0,0.0,2.0,7.0,3.0,4.0,39.0
경상북도교육청,경상북도울릉교육지원청,경상북도 울릉군,S150003001,남양초등학교,2,공립,N,,0.0,0.0,8.0,0.0,0.0,5.0,0.0,0.0,4.0,1.0,1.0,7.0,0.0,0.0,6.0,0.0,0.0,5.0,1.0,1.0,35.0
경상북도교육청,경상북도울릉교육지원청,경상북도 울릉군,S150003004,울릉초등학교,2,공립,N,,1.0,2.0,18.0,3.0,2.0,19.0,1.0,4.0,22.0,1.0,3.0,21.0,0.0,2.0,16.0,2.0,0.0,16.0,8.0,13.0,112.0
경상북도교육청,경상북도울릉교육지원청,경상북도 울릉군,S150003006,저동초등학교,2,공립,N,,0.0,0.0,14.0,3.0,1.0,19.0,4.0,1.0,15.0,1.0,1.0,16.0,0.0,1.0,16.0,0.0,2.0,12.0,8.0,6.0,92.0
경상북도교육청,경상북도울릉교육지원청,경상북도 울릉군,S150003007,천부초등학교,2,공립,N,,0.0,1.0,3.0,0.0,1.0,4.0,2.0,0.0,1.0,2.0,0.0,3.0,2.0,1.0,3.0,1.0,2.0,2.0,7.0,5.0,16.0
경상북도교육청,경상북도울릉교육지원청,경상북도 울릉군,S150003009,천부초등학교현포분교장,2,공립,N,,0.0,0.0,0.0,0.0,1.0,1.0,0.0,1.0,2.0,0.0,2.0,2.0,0.0,1.0,2.0,0.0,0.0,2.0,0.0,5.0,9.0
경상북도교육청,경상북도울진교육지원청,경상북도 울진군,S150003043,기성초등학교,2,공립,N,,0.0,0.0,1.0,0.0,0.0,0.0,0.0,0.0,4.0,1.0,0.0,5.0,0.0,0.0,2.0,0.0,0.0,5.0,1.0,0.0,17.0
경상북도교육청,경상북도울진교육지원청,경상북도 울진군,S150003044,기성초등학교구산분교장,2,공립,N,,0.0,0.0,1.0,0.0,0.0,0.0,0.0,0.0,0.0,0.0,0.0,1.0,0.0,0.0,0.0,0.0,0.0,2.0,0.0,0.0,4.0
경상북도교육청,경상북도울진교육지원청,경상북도 울진군,S150003048,노음초등학교,2,공립,N,,1.0,0.0,8.0,4.0,2.0,13.0,1.0,1.0,3.0,3.0,1.0,11.0,1.0,1.0,9.0,1.0,0.0,6.0,11.0,5.0,50.0
경상북도교육청,경상북도울진교육지원청,경상북도 울진군,S150003055,매화초등학교,2,공립,N,,0.0,0.0,4.0,0.0,0.0,5.0,0.0,2.0,11.0,0.0,0.0,5.0,0.0,1.0,6.0,1.0,1.0,6.0,1.0,4.0,37.0
경상북도교육청,경상북도울진교육지원청,경상북도 울진군,S150003059,부구초등학교,2,공립,N,,6.0,3.0,67.0,5.0,4.0,62.0,6.0,11.0,57.0,10.0,6.0,57.0,1.0,4.0,55.0,0.0,4.0,39.0,28.0,32.0,337.0
경상북도교육청,경상북도울진교육지원청,경상북도 울진군,S150003061,부구초등학교삼당분교장,2,공립,N,,0.0,0.0,0.0,0.0,0.0,0.0,0.0,0.0,2.0,0.0,0.0,0.0,0.0,0.0,0.0,0.0,0.0,0.0,0.0,0.0,2.0
경상북도교육청,경상북도울진교육지원청,경상북도 울진군,S150003063,기성초등학교사동분교장,2,공립,N,,1.0,1.0,3.0,0.0,0.0,1.0,0.0,0.0,1.0,0.0,0.0,1.0,0.0,0.0,5.0,0.0,0.0,1.0,1.0,1.0,12.0
경상북도교육청,경상북도울진교육지원청,경상북도 울진군,S150003065,삼근초등학교,2,공립,N,,0.0,0.0,1.0,0.0,0.0,0.0,0.0,0.0,0.0,0.0,0.0,2.0,0.0,0.0,4.0,1.0,0.0,1.0,1.0,0.0,8.0
경상북도교육청,경상북도울진교육지원청,경상북도 울진군,S150003069,삼근초등학교옥방분교장,2,공립,N,,0.0,0.0,2.0,0.0,0.0,0.0,0.0,0.0,1.0,0.0,1.0,2.0,0.0,0.0,0.0,0.0,1.0,2.0,0.0,2.0,7.0
경상북도교육청,경상북도울진교육지원청,경상북도 울진군,S150003081,온정초등학교,2,공립,N,,0.0,0.0,5.0,0.0,0.0,8.0,2.0,1.0,6.0,0.0,0.0,9.0,0.0,0.0,4.0,0.0,0.0,3.0,2.0,1.0,35.0
경상북도교육청,경상북도울진교육지원청,경상북도 울진군,S150003087,울진남부초등학교,2,공립,N,,0.0,0.0,43.0,0.0,4.0,30.0,5.0,1.0,48.0,1.0,3.0,39.0,2.0,1.0,28.0,0.0,1.0,31.0,8.0,10.0,219.0
경상북도교육청,경상북도울진교육지원청,경상북도 울진군,S150003088,울진초등학교,2,공립,N,,1.0,1.0,94.0,8.0,4.0,102.0,6.0,10.0,94.0,4.0,9.0,106.0,5.0,3.0,102.0,9.0,6.0,103.0,33.0,33.0,601.0
경상북도교육청,경상북도울진교육지원청,경상북도 울진군,S150003091,월송초등학교,2,공립,N,,0.0,0.0,2.0,0.0,0.0,0.0,0.0,1.0,3.0,0.0,1.0,4.0,0.0,0.0,4.0,0.0,0.0,3.0,0.0,2.0,16.0
경상북도교육청,경상북도울진교육지원청,경상북도 울진군,S150003094,죽변초등학교,2,공립,N,,2.0,2.0,20.0,0.0,4.0,32.0,3.0,1.0,44.0,1.0,2.0,32.0,1.0,1.0,24.0,0.0,0.0,39.0,7.0,10.0,191.0
경상북도교육청,경상북도울진교육지원청,경상북도 울진군,S150003096,평해초등학교,2,공립,N,,0.0,0.0,2.0,0.0,0.0,5.0,0.0,0.0,8.0,1.0,1.0,9.0,0.0,0.0,4.0,0.0,0.0,5.0,1.0,1.0,33.0
경상북도교육청,경상북도울진교육지원청,경상북도 울진군,S150003100,후포동부초등학교,2,공립,N,,0.0,1.0,3.0,0.0,1.0,4.0,1.0,1.0,3.0,0.0,1.0,4.0,0.0,1.0,7.0,0.0,0.0,7.0,1.0,5.0,28.0
경상북도교육청,경상북도울진교육지원청,경상북도 울진군,S150003101,후포초등학교,2,공립,N,,3.0,1.0,40.0,3.0,4.0,40.0,3.0,2.0,37.0,2.0,1.0,41.0,3.0,5.0,38.0,2.0,1.0,46.0,16.0,14.0,242.0
경상북도교육청,경상북도의성교육지원청,경상북도 의성군,S150003156,가음초등학교,2,공립,N,,0.0,0.0,2.0,0.0,0.0,2.0,0.0,0.0,5.0,0.0,0.0,1.0,0.0,0.0,5.0,0.0,0.0,3.0,0.0,0.0,18.0
경상북도교육청,경상북도의성교육지원청,경상북도 의성군,S150003163,구천초등학교,2,공립,N,,0.0,0.0,1.0,0.0,0.0,0.0,0.0,0.0,2.0,0.0,0.0,1.0,0.0,0.0,2.0,0.0,0.0,1.0,0.0,0.0,7.0
경상북도교육청,경상북도의성교육지원청,경상북도 의성군,S150003166,금성초등학교,2,공립,N,,0.0,0.0,11.0,0.0,0.0,11.0,0.0,2.0,10.0,1.0,0.0,13.0,0.0,0.0,10.0,0.0,1.0,8.0,1.0,3.0,63.0
경상북도교육청,경상북도의성교육지원청,경상북도 의성군,S150003170,다인초등학교,2,공립,N,,0.0,0.0,1.0,0.0,0.0,2.0,1.0,0.0,5.0,0.0,0.0,4.0,0.0,0.0,6.0,0.0,0.0,11.0,1.0,0.0,29.0
경상북도교육청,경상북도의성교육지원청,경상북도 의성군,S150003176,단촌초등학교,2,공립,N,,0.0,0.0,2.0,0.0,0.0,2.0,0.0,0.0,0.0,1.0,1.0,3.0,0.0,0.0,4.0,0.0,0.0,6.0,1.0,1.0,17.0
경상북도교육청,경상북도의성교육지원청,경상북도 의성군,S150003180,도리원초등학교,2,공립,N,,0.0,0.0,10.0,0.0,0.0,12.0,1.0,0.0,9.0,0.0,2.0,9.0,0.0,3.0,14.0,0.0,0.0,14.0,1.0,5.0,68.0
경상북도교육청,경상북도의성교육지원청,경상북도 의성군,S150003196,단밀초등학교,2,공립,N,,0.0,0.0,0.0,0.0,0.0,1.0,0.0,0.0,2.0,0.0,1.0,4.0,0.0,0.0,1.0,0.0,0.0,3.0,0.0,1.0,11.0
경상북도교육청,경상북도의성교육지원청,경상북도 의성군,S150003205,안계초등학교,2,공립,N,,0.0,0.0,23.0,0.0,1.0,29.0,1.0,1.0,34.0,2.0,2.0,34.0,0.0,1.0,23.0,0.0,0.0,30.0,3.0,5.0,173.0
경상북도교육청,경상북도의성교육지원청,경상북도 의성군,S150003209,안평초등학교,2,공립,N,,0.0,0.0,5.0,2.0,0.0,2.0,1.0,0.0,3.0,0.0,0.0,2.0,1.0,0.0,3.0,0.0,0.0,7.0,4.0,0.0,22.0
경상북도교육청,경상북도의성교육지원청,경상북도 의성군,S150003211,안평초등학교신평분교장,2,공립,N,,0.0,0.0,2.0,0.0,0.0,0.0,0.0,0.0,0.0,0.0,0.0,2.0,0.0,0.0,1.0,0.0,0.0,0.0,0.0,0.0,5.0
경상북도교육청,경상북도의성교육지원청,경상북도 의성군,S150003216,옥전초등학교,2,공립,N,,0.0,0.0,0.0,0.0,0.0,2.0,0.0,0.0,2.0,1.0,0.0,3.0,0.0,0.0,6.0,0.0,0.0,0.0,1.0,0.0,13.0
경상북도교육청,경상북도의성교육지원청,경상북도 의성군,S150003223,의성남부초등학교,2,공립,N,,1.0,1.0,11.0,1.0,1.0,12.0,4.0,0.0,11.0,0.0,0.0,13.0,1.0,1.0,12.0,0.0,0.0,14.0,7.0,3.0,73.0
경상북도교육청,경상북도의성교육지원청,경상북도 의성군,S150003225,의성북부초등학교,2,공립,N,,0.0,1.0,4.0,1.0,0.0,0.0,1.0,0.0,5.0,0.0,0.0,4.0,1.0,0.0,4.0,2.0,0.0,4.0,5.0,1.0,21.0
경상북도교육청,경상북도의성교육지원청,경상북도 의성군,S150003226,의성초등학교,2,공립,N,,4.0,3.0,84.0,3.0,2.0,74.0,4.0,8.0,82.0,5.0,2.0,85.0,6.0,5.0,73.0,0.0,3.0,85.0,22.0,23.0,483.0
경상북도교육청,경상북도의성교육지원청,경상북도 의성군,S150003227,비안초등학교,2,공립,N,,3.0,0.0,6.0,0.0,0.0,6.0,0.0,0.0,4.0,0.0,0.0,1.0,0.0,0.0,1.0,2.0,0.0,1.0,5.0,0.0,19.0
경상북도교육청,경상북도의성교육지원청,경상북도 의성군,S150003232,점곡초등학교,2,공립,N,,0.0,0.0,6.0,0.0,0.0,1.0,0.0,1.0,2.0,0.0,0.0,0.0,0.0,0.0,3.0,0.0,0.0,1.0,0.0,1.0,13.0
경상북도교육청,경상북도의성교육지원청,경상북도 의성군,S150003238,춘산초등학교,2,공립,N,,0.0,0.0,2.0,0.0,0.0,3.0,1.0,1.0,2.0,0.0,0.0,0.0,0.0,0.0,2.0,0.0,0.0,2.0,1.0,1.0,11.0
경상북도교육청,경상북도청도교육지원청,경상북도 청도군,S150003300,각남초등학교,2,공립,N,,0.0,0.0,6.0,1.0,0.0,0.0,0.0,1.0,6.0,1.0,0.0,3.0,2.0,1.0,9.0,1.0,0.0,2.0,5.0,2.0,26.0
경상북도교육청,경상북도청도교육지원청,경상북도 청도군,S150003303,금천초등학교,2,공립,N,,1.0,0.0,6.0,1.0,1.0,8.0,1.0,3.0,11.0,1.0,0.0,8.0,1.0,1.0,9.0,0.0,0.0,15.0,5.0,5.0,57.0
경상북도교육청,경상북도청도교육지원청,경상북도 청도군,S150003307,남성현초등학교,2,공립,N,,0.0,0.0,6.0,0.0,1.0,5.0,2.0,3.0,14.0,0.0,0.0,4.0,0.0,1.0,7.0,0.0,0.0,4.0,2.0,5.0,40.0
경상북도교육청,경상북도청도교육지원청,경상북도 청도군,S150003311,덕산초등학교,2,공립,N,,0.0,0.0,4.0,0.0,0.0,3.0,0.0,1.0,6.0,0.0,0.0,2.0,0.0,1.0,1.0,0.0,0.0,2.0,0.0,2.0,18.0
경상북도교육청,경상북도청도교육지원청,경상북도 청도군,S150003314,동산초등학교,2,공립,N,,0.0,1.0,6.0,0.0,0.0,4.0,0.0,0.0,9.0,0.0,1.0,6.0,0.0,1.0,9.0,0.0,0.0,8.0,0.0,3.0,42.0
경상북도교육청,경상북도청도교육지원청,경상북도 청도군,S150003326,유천초등학교,2,공립,N,,0.0,0.0,4.0,0.0,0.0,3.0,0.0,0.0,1.0,0.0,0.0,3.0,0.0,1.0,0.0,0.0,0.0,3.0,0.0,1.0,14.0
경상북도교육청,경상북도청도교육지원청,경상북도 청도군,S150003327,이서초등학교,2,공립,N,,0.0,0.0,12.0,0.0,0.0,17.0,0.0,0.0,12.0,0.0,0.0,8.0,3.0,1.0,16.0,0.0,1.0,19.0,3.0,2.0,84.0
경상북도교육청,경상북도청도교육지원청,경상북도 청도군,S150003332,청도중앙초등학교,2,공립,N,,0.0,1.0,15.0,0.0,0.0,13.0,0.0,3.0,17.0,2.0,0.0,16.0,0.0,1.0,12.0,0.0,2.0,19.0,2.0,7.0,92.0
경상북도교육청,경상북도청도교육지원청,경상북도 청도군,S150003333,청도초등학교,2,공립,N,,1.0,0.0,64.0,4.0,0.0,80.0,5.0,0.0,89.0,0.0,3.0,95.0,1.0,1.0,92.0,0.0,4.0,89.0,11.0,8.0,509.0
경상북도교육청,경상북도청도교육지원청,경상북도 청도군,S150003337,풍각초등학교,2,공립,N,,0.0,1.0,13.0,3.0,1.0,12.0,3.0,1.0,10.0,0.0,2.0,22.0,0.0,1.0,17.0,1.0,3.0,18.0,7.0,9.0,92.0
경상북도교육청,경상북도청도교육지원청,경상북도 청도군,S150003339,화양초등학교,2,공립,N,,1.0,0.0,12.0,0.0,0.0,5.0,1.0,0.0,13.0,1.0,0.0,7.0,2.0,1.0,5.0,1.0,0.0,7.0,6.0,1.0,49.0
경상북도교육청,경상북도청송교육지원청,경상북도 청송군,S150003384,도평초등학교,2,공립,N,,0.0,0.0,7.0,0.0,0.0,9.0,2.0,0.0,8.0,0.0,0.0,12.0,0.0,0.0,7.0,0.0,0.0,2.0,2.0,0.0,45.0
경상북도교육청,경상북도청송교육지원청,경상북도 청송군,S150003387,부남초등학교,2,공립,N,,0.0,0.0,2.0,0.0,0.0,3.0,1.0,0.0,3.0,1.0,1.0,2.0,0.0,0.0,4.0,0.0,0.0,6.0,2.0,1.0,20.0
경상북도교육청,경상북도청송교육지원청,경상북도 청송군,S150003399,안덕초등학교,2,공립,N,,1.0,0.0,6.0,0.0,0.0,4.0,0.0,0.0,12.0,0.0,0.0,11.0,0.0,0.0,7.0,0.0,0.0,7.0,1.0,0.0,47.0
경상북도교육청,경상북도청송교육지원청,경상북도 청송군,S150003402,이전초등학교,2,공립,N,,1.0,0.0,1.0,0.0,0.0,2.0,0.0,1.0,0.0,0.0,1.0,4.0,0.0,0.0,1.0,0.0,0.0,5.0,1.0,2.0,13.0
경상북도교육청,경상북도청송교육지원청,경상북도 청송군,S150003411,진보초등학교,2,공립,N,,0.0,2.0,32.0,1.0,4.0,31.0,4.0,2.0,35.0,3.0,7.0,32.0,4.0,3.0,22.0,0.0,0.0,14.0,12.0,18.0,166.0
경상북도교육청,경상북도청송교육지원청,경상북도 청송군,S150003412,청송초등학교,2,공립,N,,1.0,1.0,41.0,0.0,0.0,38.0,2.0,3.0,37.0,0.0,1.0,28.0,5.0,1.0,41.0,2.0,1.0,37.0,10.0,7.0,222.0
경상북도교육청,경상북도청송교육지원청,경상북도 청송군,S150003415,파천초등학교,2,공립,N,,0.0,0.0,8.0,2.0,0.0,4.0,1.0,4.0,7.0,3.0,0.0,6.0,0.0,6.0,3.0,0.0,0.0,8.0,6.0,10.0,36.0
경상북도교육청,경상북도청송교육지원청,경상북도 청송군,S150003419,화목초등학교,2,공립,N,,0.0,0.0,0.0,0.0,2.0,8.0,0.0,1.0,4.0,0.0,1.0,8.0,1.0,0.0,8.0,0.0,0.0,9.0,1.0,4.0,37.0
경상북도교육청,경상북도칠곡교육지원청,경상북도 칠곡군,S150003444,가산초등학교,2,공립,N,,0.0,0.0,5.0,0.0,1.0,9.0,0.0,0.0,5.0,0.0,0.0,7.0,0.0,1.0,3.0,0.0,0.0,7.0,0.0,2.0,36.0
경상북도교육청,경상북도칠곡교육지원청,경상북도 칠곡군,S150003448,관호초등학교,2,공립,N,,0.0,0.0,5.0,0.0,0.0,5.0,0.0,0.0,7.0,1.0,0.0,4.0,0.0,2.0,9.0,0.0,0.0,9.0,1.0,2.0,39.0
경상북도교육청,경상북도칠곡교육지원청,경상북도 칠곡군,S150003450,낙산초등학교,2,공립,N,,0.0,1.0,17.0,1.0,0.0,12.0,1.0,1.0,12.0,2.0,0.0,8.0,0.0,2.0,8.0,0.0,0.0,5.0,4.0,4.0,62.0
경상북도교육청,경상북도칠곡교육지원청,경상북도 칠곡군,S150003451,다부초등학교,2,공립,N,,0.0,0.0,16.0,0.0,0.0,14.0,0.0,1.0,16.0,1.0,2.0,15.0,0.0,0.0,11.0,0.0,0.0,12.0,1.0,3.0,84.0
경상북도교육청,경상북도칠곡교육지원청,경상북도 칠곡군,S150003452,동명동부초등학교,2,공립,N,,0.0,0.0,4.0,0.0,0.0,10.0,0.0,0.0,8.0,1.0,1.0,16.0,0.0,0.0,17.0,0.0,0.0,6.0,1.0,1.0,61.0
경상북도교육청,경상북도칠곡교육지원청,경상북도 칠곡군,S150003453,동명초등학교,2,공립,N,,2.0,0.0,8.0,0.0,0.0,7.0,2.0,0.0,8.0,0.0,1.0,8.0,0.0,0.0,10.0,1.0,1.0,7.0,5.0,2.0,48.0
경상북도교육청,경상북도칠곡교육지원청,경상북도 칠곡군,S150003456,매원초등학교,2,공립,N,,0.0,0.0,13.0,0.0,0.0,20.0,0.0,0.0,8.0,1.0,1.0,11.0,0.0,1.0,4.0,0.0,0.0,10.0,1.0,2.0,66.0
경상북도교육청,경상북도칠곡교육지원청,경상북도 칠곡군,S150003457,북삼초등학교,2,공립,N,,3.0,1.0,102.0,4.0,7.0,131.0,2.0,2.0,144.0,8.0,3.0,162.0,2.0,3.0,151.0,4.0,2.0,131.0,23.0,18.0,821.0
경상북도교육청,경상북도칠곡교육지원청,경상북도 칠곡군,S150003459,석적초등학교,2,공립,N,,3.0,6.0,146.0,3.0,3.0,142.0,9.0,8.0,138.0,6.0,3.0,108.0,2.0,11.0,113.0,4.0,5.0,68.0,27.0,36.0,715.0
경상북도교육청,경상북도칠곡교육지원청,경상북도 칠곡군,S150003460,숭산초등학교,2,공립,N,,0.0,2.0,9.0,0.0,0.0,5.0,1.0,1.0,13.0,0.0,0.0,6.0,0.0,0.0,7.0,1.0,1.0,7.0,2.0,4.0,47.0
경상북도교육청,경상북도칠곡교육지원청,경상북도 칠곡군,S150003461,신동초등학교,2,공립,N,,2.0,1.0,11.0,0.0,0.0,7.0,0.0,0.0,11.0,0.0,0.0,1.0,0.0,0.0,12.0,1.0,0.0,4.0,3.0,1.0,46.0
경상북도교육청,경상북도칠곡교육지원청,경상북도 칠곡군,S150003465,약동초등학교,2,공립,N,,0.0,2.0,23.0,0.0,3.0,35.0,0.0,1.0,41.0,1.0,2.0,49.0,0.0,3.0,24.0,1.0,3.0,39.0,2.0,14.0,211.0
경상북도교육청,경상북도칠곡교육지원청,경상북도 칠곡군,S150003466,약목초등학교,2,공립,N,,0.0,1.0,20.0,2.0,1.0,21.0,0.0,6.0,33.0,2.0,3.0,28.0,0.0,3.0,26.0,0.0,0.0,39.0,4.0,14.0,167.0
경상북도교육청,경상북도칠곡교육지원청,경상북도 칠곡군,S150003469,왜관동부초등학교,2,공립,N,,0.0,0.0,81.0,5.0,2.0,74.0,3.0,7.0,102.0,1.0,2.0,80.0,4.0,4.0,91.0,0.0,1.0,93.0,13.0,16.0,521.0
경상북도교육청,경상북도칠곡교육지원청,경상북도 칠곡군,S150003470,왜관중앙초등학교,2,공립,N,,2.0,2.0,50.0,1.0,3.0,64.0,3.0,5.0,64.0,4.0,4.0,69.0,6.0,2.0,58.0,3.0,2.0,67.0,19.0,18.0,372.0
경상북도교육청,경상북도칠곡교육지원청,경상북도 칠곡군,S150003471,왜관초등학교,2,공립,N,,4.0,2.0,99.0,2.0,5.0,128.0,6.0,5.0,121.0,6.0,7.0,123.0,3.0,3.0,114.0,1.0,3.0,119.0,22.0,25.0,704.0
경상북도교육청,경상북도칠곡교육지원청,경상북도 칠곡군,S150003472,인평초등학교,2,공립,N,,0.0,3.0,85.0,12.0,3.0,87.0,6.0,4.0,81.0,9.0,4.0,107.0,7.0,1.0,101.0,8.0,2.0,106.0,42.0,17.0,567.0
경상북도교육청,경상북도칠곡교육지원청,경상북도 칠곡군,S150003473,장곡초등학교,2,공립,N,,6.0,4.0,98.0,2.0,11.0,126.0,4.0,5.0,131.0,1.0,6.0,132.0,3.0,4.0,123.0,4.0,3.0,145.0,20.0,33.0,755.0
경상북도교육청,경상북도칠곡교육지원청,경상북도 칠곡군,S150003474,지천초등학교,2,공립,N,,0.0,2.0,6.0,0.0,1.0,10.0,1.0,0.0,10.0,0.0,0.0,9.0,1.0,2.0,6.0,1.0,3.0,8.0,3.0,8.0,49.0
경상북도교육청,경상북도칠곡교육지원청,경상북도 칠곡군,S150003475,학림초등학교,2,공립,N,,0.0,0.0,6.0,0.0,1.0,6.0,2.0,1.0,11.0,1.0,0.0,11.0,2.0,0.0,9.0,0.0,0.0,12.0,5.0,2.0,55.0
경상북도교육청,경상북도포항교육지원청,경상북도 포항시 북구,S150003551,곡강초등학교,2,공립,N,,4.0,1.0,13.0,2.0,0.0,10.0,4.0,0.0,6.0,4.0,3.0,9.0,0.0,1.0,4.0,2.0,0.0,8.0,16.0,5.0,50.0
경상북도교육청,경상북도포항교육지원청,경상북도 포항시 남구,S150003555,구룡포초등학교,2,공립,N,,2.0,1.0,9.0,1.0,1.0,18.0,0.0,3.0,19.0,0.0,5.0,23.0,3.0,9.0,14.0,0.0,10.0,14.0,6.0,29.0,97.0
경상북도교육청,경상북도포항교육지원청,경상북도 포항시 남구,S150003557,구정초등학교,2,공립,N,,3.0,8.0,106.0,5.0,6.0,92.0,6.0,9.0,101.0,5.0,3.0,83.0,4.0,6.0,111.0,2.0,5.0,70.0,25.0,37.0,563.0
경상북도교육청,경상북도포항교육지원청,경상북도 포항시 북구,S150003558,기계초등학교,2,공립,N,,1.0,1.0,10.0,0.0,1.0,6.0,1.0,1.0,9.0,0.0,2.0,15.0,0.0,1.0,10.0,0.0,1.0,10.0,2.0,7.0,60.0
경상북도교육청,경상북도포항교육지원청,경상북도 포항시 북구,S150003563,기북초등학교,2,공립,N,,1.0,0.0,4.0,0.0,0.0,4.0,2.0,0.0,1.0,2.0,0.0,3.0,0.0,0.0,6.0,0.0,0.0,2.0,5.0,0.0,20.0
경상북도교육청,경상북도포항교육지원청,경상북도 포항시 남구,S150003566,남성초등학교,2,공립,N,,0.0,0.0,6.0,0.0,0.0,6.0,1.0,1.0,9.0,1.0,0.0,6.0,1.0,0.0,7.0,0.0,0.0,12.0,3.0,1.0,46.0
경상북도교육청,경상북도포항교육지원청,경상북도 포항시 북구,S150003568,달전초등학교,2,공립,N,,0.0,2.0,26.0,1.0,0.0,43.0,0.0,5.0,37.0,0.0,2.0,47.0,1.0,0.0,51.0,0.0,3.0,39.0,2.0,12.0,243.0
경상북도교육청,경상북도포항교육지원청,경상북도 포항시 남구,S150003570,대도초등학교,2,공립,N,,0.0,0.0,39.0,6.0,4.0,44.0,0.0,6.0,48.0,3.0,7.0,61.0,0.0,2.0,53.0,5.0,6.0,59.0,14.0,25.0,304.0
경상북도교육청,경상북도포항교육지원청,경상북도 포항시 남구,S150003572,대보초등학교,2,공립,N,,1.0,1.0,1.0,1.0,0.0,3.0,0.0,1.0,6.0,0.0,0.0,3.0,0.0,0.0,6.0,0.0,2.0,6.0,2.0,4.0,25.0
경상북도교육청,경상북도포항교육지원청,경상북도 포항시 남구,S150003574,대송초등학교,2,공립,N,,0.0,0.0,5.0,1.0,0.0,10.0,0.0,1.0,8.0,0.0,0.0,3.0,1.0,3.0,9.0,1.0,0.0,7.0,3.0,4.0,42.0
경상북도교육청,경상북도포항교육지원청,경상북도 포항시 북구,S150003577,대잠초등학교,2,공립,N,,0.0,1.0,28.0,0.0,3.0,32.0,0.0,1.0,28.0,0.0,0.0,32.0,1.0,0.0,22.0,1.0,0.0,17.0,2.0,5.0,159.0
경상북도교육청,경상북도포항교육지원청,경상북도 포항시 남구,S150003578,대해초등학교,2,공립,N,,0.0,3.0,36.0,1.0,1.0,42.0,4.0,4.0,47.0,4.0,3.0,46.0,5.0,3.0,48.0,1.0,8.0,52.0,15.0,22.0,271.0
경상북도교육청,경상북도포항교육지원청,경상북도 포항시 남구,S150003580,동해초등학교,2,공립,N,,6.0,4.0,43.0,4.0,4.0,71.0,7.0,5.0,70.0,8.0,2.0,73.0,8.0,0.0,63.0,22.0,1.0,59.0,55.0,16.0,379.0
경상북도교육청,경상북도포항교육지원청,경상북도 포항시 북구,S150003583,두호남부초등학교,2,공립,N,,5.0,8.0,147.0,4.0,7.0,114.0,9.0,9.0,137.0,9.0,5.0,136.0,7.0,7.0,152.0,3.0,8.0,111.0,37.0,44.0,797.0
경상북도교육청,경상북도포항교육지원청,경상북도 포항시 북구,S150003584,두호초등학교,2,공립,N,,2.0,1.0,48.0,7.0,6.0,48.0,3.0,2.0,50.0,2.0,8.0,50.0,4.0,3.0,56.0,3.0,2.0,48.0,21.0,22.0,300.0
경상북도교육청,경상북도포항교육지원청,경상북도 포항시 남구,S150003586,문덕초등학교,2,공립,N,,4.0,8.0,180.0,8.0,10.0,164.0,3.0,8.0,191.0,2.0,14.0,174.0,2.0,9.0,186.0,6.0,8.0,183.0,25.0,57.0,1078.0
경상북도교육청,경상북도포항교육지원청,경상북도 포항시 남구,S150003587,문충초등학교,2,공립,N,,0.0,3.0,20.0,2.0,2.0,9.0,2.0,0.0,16.0,1.0,0.0,11.0,0.0,0.0,7.0,0.0,0.0,12.0,5.0,5.0,75.0
경상북도교육청,경상북도포항교육지원청,경상북도 포항시 남구,S150003594,상대초등학교,2,공립,N,,0.0,4.0,41.0,2.0,1.0,31.0,3.0,1.0,33.0,5.0,1.0,38.0,4.0,2.0,39.0,2.0,0.0,43.0,16.0,9.0,225.0
경상북도교육청,경상북도포항교육지원청,경상북도 포항시 북구,S150003599,송라초등학교,2,공립,N,,2.0,0.0,3.0,0.0,0.0,3.0,1.0,2.0,6.0,1.0,0.0,0.0,0.0,0.0,6.0,2.0,1.0,4.0,6.0,3.0,22.0
경상북도교육청,경상북도포항교육지원청,경상북도 포항시 남구,S150003601,송림초등학교,2,공립,N,,1.0,4.0,27.0,2.0,3.0,39.0,4.0,7.0,42.0,2.0,6.0,40.0,4.0,6.0,53.0,0.0,3.0,37.0,13.0,29.0,238.0
경상북도교육청,경상북도포항교육지원청,경상북도 포항시 북구,S150003603,신광초등학교,2,공립,N,,3.0,0.0,9.0,1.0,0.0,16.0,1.0,1.0,12.0,0.0,0.0,8.0,0.0,0.0,9.0,1.0,2.0,11.0,6.0,3.0,65.0
경상북도교육청,경상북도포항교육지원청,경상북도 포항시 남구,S150003606,신흥초등학교,2,공립,N,,3.0,3.0,56.0,3.0,5.0,47.0,2.0,1.0,55.0,1.0,7.0,48.0,2.0,2.0,64.0,0.0,3.0,47.0,11.0,21.0,317.0
경상북도교육청,경상북도포항교육지원청,경상북도 포항시 남구,S150003607,양포초등학교,2,공립,N,,0.0,0.0,8.0,0.0,1.0,7.0,0.0,0.0,7.0,0.0,1.0,5.0,0.0,0.0,4.0,0.0,0.0,1.0,0.0,2.0,32.0
경상북도교육청,경상북도포항교육지원청,경상북도 포항시 북구,S150003609,양학초등학교,2,공립,N,,3.0,5.0,112.0,5.0,4.0,96.0,8.0,7.0,101.0,4.0,6.0,115.0,2.0,4.0,109.0,4.0,10.0,118.0,26.0,36.0,651.0
경상북도교육청,경상북도포항교육지원청,경상북도 포항시 남구,S150003610,연일초등학교,2,공립,N,,3.0,4.0,128.0,3.0,4.0,127.0,3.0,7.0,140.0,5.0,3.0,128.0,4.0,8.0,155.0,4.0,3.0,119.0,22.0,29.0,797.0
경상북도교육청,경상북도포항교육지원청,경상북도 포항시 남구,S150003611,연일형산초등학교,2,공립,N,,1.0,1.0,51.0,3.0,6.0,54.0,1.0,0.0,46.0,1.0,4.0,50.0,2.0,1.0,57.0,0.0,3.0,61.0,8.0,15.0,319.0
경상북도교육청,경상북도포항교육지원청,경상북도 포항시 남구,S150003612,오천초등학교,2,공립,N,,1.0,2.0,67.0,1.0,3.0,46.0,2.0,6.0,73.0,1.0,5.0,67.0,2.0,7.0,77.0,5.0,1.0,88.0,12.0,24.0,418.0
경상북도교육청,경상북도포항교육지원청,경상북도 포항시 북구,S150003613,용흥초등학교,2,공립,N,,0.0,0.0,9.0,1.0,0.0,11.0,2.0,1.0,23.0,2.0,0.0,10.0,0.0,0.0,13.0,1.0,2.0,13.0,6.0,3.0,79.0
경상북도교육청,경상북도포항교육지원청,경상북도 포항시 북구,S150003614,월포초등학교,2,공립,N,,0.0,0.0,2.0,0.0,0.0,5.0,0.0,1.0,3.0,0.0,0.0,4.0,0.0,1.0,9.0,0.0,0.0,1.0,0.0,2.0,24.0
경상북도교육청,경상북도포항교육지원청,경상북도 포항시 남구,S150003615,유강초등학교,2,공립,N,,5.0,3.0,128.0,2.0,5.0,118.0,6.0,9.0,140.0,6.0,4.0,136.0,3.0,7.0,134.0,5.0,4.0,133.0,27.0,32.0,789.0
경상북도교육청,경상북도포항교육지원청,경상북도 포항시 남구,S150003617,이동초등학교,2,공립,N,,2.0,2.0,138.0,5.0,7.0,135.0,9.0,10.0,164.0,9.0,6.0,167.0,7.0,5.0,169.0,11.0,0.0,162.0,43.0,30.0,935.0
경상북도교육청,경상북도포항교육지원청,경상북도 포항시 남구,S150003618,인덕초등학교,2,공립,N,,6.0,6.0,99.0,3.0,6.0,85.0,5.0,7.0,101.0,6.0,10.0,84.0,2.0,3.0,55.0,0.0,6.0,51.0,22.0,38.0,475.0
경상북도교육청,경상북도포항교육지원청,경상북도 포항시 남구,S150003620,장기초등학교,2,공립,N,,2.0,3.0,10.0,2.0,1.0,13.0,1.0,1.0,11.0,1.0,3.0,13.0,1.0,1.0,6.0,0.0,0.0,5.0,7.0,9.0,58.0
경상북도교육청,경상북도포항교육지원청,경상북도 포항시 남구,S150003621,장기초등학교모포분교장,2,공립,N,,0.0,0.0,0.0,0.0,0.0,1.0,0.0,0.0,0.0,0.0,0.0,1.0,0.0,0.0,0.0,0.0,0.0,2.0,0.0,0.0,4.0
경상북도교육청,경상북도포항교육지원청,경상북도 포항시 북구,S150003625,장량초등학교,2,공립,N,,0.0,4.0,143.0,9.0,3.0,129.0,0.0,5.0,166.0,2.0,1.0,165.0,0.0,4.0,167.0,2.0,3.0,153.0,13.0,20.0,923.0
경상북도교육청,경상북도포항교육지원청,경상북도 포항시 북구,S150003626,장성초등학교,2,공립,N,,1.0,6.0,81.0,12.0,3.0,84.0,5.0,8.0,84.0,6.0,3.0,91.0,6.0,4.0,102.0,0.0,3.0,92.0,30.0,27.0,534.0
경상북도교육청,경상북도포항교육지원청,경상북도 포항시 북구,S150003628,죽도초등학교,2,공립,N,,2.0,0.0,6.0,1.0,0.0,15.0,0.0,0.0,17.0,0.0,1.0,14.0,0.0,0.0,12.0,0.0,3.0,12.0,3.0,4.0,76.0
경상북도교육청,경상북도포항교육지원청,경상북도 포항시 북구,S150003631,죽장초등학교,2,공립,N,,0.0,0.0,3.0,0.0,0.0,3.0,0.0,2.0,8.0,1.0,0.0,2.0,0.0,0.0,1.0,0.0,0.0,9.0,1.0,2.0,26.0
경상북도교육청,경상북도포항교육지원청,경상북도 포항시 북구,S150003635,죽장초등학교상옥분교장,2,공립,N,,1.0,0.0,1.0,0.0,0.0,1.0,0.0,0.0,0.0,0.0,0.0,0.0,0.0,0.0,1.0,0.0,0.0,0.0,1.0,0.0,3.0
경상북도교육청,경상북도포항교육지원청,경상북도 포항시 북구,S150003638,죽천초등학교,2,공립,N,,1.0,1.0,15.0,1.0,0.0,14.0,3.0,1.0,20.0,1.0,3.0,8.0,2.0,1.0,7.0,0.0,0.0,6.0,8.0,6.0,70.0
경상북도교육청,경상북도포항교육지원청,경상북도 포항시 북구,S150003640,창포초등학교,2,공립,N,,4.0,1.0,99.0,11.0,5.0,117.0,8.0,8.0,99.0,2.0,5.0,88.0,4.0,8.0,85.0,3.0,5.0,85.0,32.0,32.0,573.0
경상북도교육청,경상북도포항교육지원청,경상북도 포항시 남구,S150003641,청림초등학교,2,공립,N,,4.0,0.0,17.0,3.0,5.0,20.0,1.0,2.0,18.0,3.0,1.0,14.0,2.0,1.0,33.0,0.0,8.0,17.0,13.0,17.0,119.0
경상북도교육청,경상북도포항교육지원청,경상북도 포항시 북구,S150003644,청하초등학교,2,공립,N,,2.0,0.0,9.0,1.0,0.0,13.0,0.0,0.0,11.0,1.0,0.0,9.0,1.0,0.0,11.0,1.0,0.0,10.0,6.0,0.0,63.0
경상북도교육청,경상북도포항교육지원청,경상북도 포항시 북구,S150003648,포항남부초등학교,2,공립,N,,5.0,1.0,50.0,2.0,3.0,52.0,4.0,3.0,31.0,4.0,2.0,40.0,4.0,3.0,40.0,1.0,4.0,33.0,20.0,16.0,246.0
경상북도교육청,경상북도포항교육지원청,경상북도 포항시 북구,S150003649,포항대흥초등학교,2,공립,N,,1.0,7.0,115.0,6.0,9.0,118.0,7.0,6.0,115.0,4.0,7.0,134.0,3.0,6.0,125.0,4.0,7.0,149.0,25.0,42.0,756.0
경상북도교육청,경상북도포항교육지원청,경상북도 포항시 북구,S150003650,포항동부초등학교,2,공립,N,,2.0,2.0,34.0,1.0,1.0,51.0,4.0,4.0,39.0,4.0,4.0,46.0,0.0,2.0,43.0,5.0,2.0,42.0,16.0,15.0,255.0
경상북도교육청,경상북도포항교육지원청,경상북도 포항시 남구,S150003651,포항송도초등학교,2,공립,N,,1.0,1.0,15.0,1.0,3.0,19.0,2.0,2.0,19.0,1.0,2.0,14.0,2.0,1.0,19.0,0.0,2.0,12.0,7.0,11.0,98.0
경상북도교육청,경상북도포항교육지원청,경상북도 포항시 북구,S150003652,포항영흥초등학교,2,공립,N,,0.0,1.0,17.0,0.0,3.0,34.0,1.0,3.0,24.0,1.0,2.0,31.0,1.0,2.0,20.0,1.0,2.0,29.0,4.0,13.0,155.0
경상북도교육청,경상북도포항교육지원청,경상북도 포항시 남구,S150003653,포항제철초등학교,2,사립,N,,7.0,3.0,148.0,7.0,4.0,122.0,17.0,2.0,147.0,17.0,4.0,150.0,12.0,4.0,158.0,8.0,5.0,143.0,68.0,22.0,868.0
경상북도교육청,경상북도포항교육지원청,경상북도 포항시 남구,S150003655,포항제철지곡초등학교,2,사립,N,,9.0,2.0,188.0,22.0,10.0,227.0,15.0,9.0,254.0,18.0,9.0,226.0,19.0,4.0,234.0,12.0,6.0,215.0,95.0,40.0,1344.0
경상북도교육청,경상북도포항교육지원청,경상북도 포항시 북구,S150003656,포항중앙초등학교,2,공립,N,,17.0,3.0,145.0,17.0,4.0,158.0,26.0,1.0,159.0,22.0,2.0,160.0,18.0,2.0,184.0,29.0,2.0,130.0,129.0,14.0,936.0
경상북도교육청,경상북도포항교육지원청,경상북도 포항시 북구,S150003657,포항초등학교,2,공립,N,,1.0,0.0,37.0,2.0,4.0,27.0,0.0,2.0,42.0,4.0,2.0,47.0,3.0,3.0,47.0,6.0,1.0,45.0,16.0,12.0,245.0
경상북도교육청,경상북도포항교육지원청,경상북도 포항시 북구,S150003658,포항항도초등학교,2,공립,N,,0.0,2.0,31.0,2.0,1.0,32.0,1.0,0.0,29.0,1.0,1.0,24.0,2.0,2.0,38.0,4.0,1.0,31.0,10.0,7.0,185.0
경상북도교육청,경상북도포항교육지원청,경상북도 포항시 북구,S150003659,항구초등학교,2,공립,N,,0.0,1.0,10.0,4.0,2.0,18.0,2.0,3.0,12.0,6.0,1.0,21.0,3.0,0.0,15.0,5.0,3.0,14.0,20.0,10.0,90.0
경상북도교육청,경상북도포항교육지원청,경상북도 포항시 남구,S150003661,효자초등학교,2,공립,N,,4.0,5.0,210.0,13.0,6.0,218.0,9.0,10.0,203.0,12.0,7.0,200.0,2.0,7.0,202.0,12.0,4.0,151.0,52.0,39.0,1184.0
경상북도교육청,경상북도포항교육지원청,경상북도 포항시 북구,S150003662,흥해남산초등학교,2,공립,N,,0.0,0.0,32.0,2.0,1.0,29.0,5.0,3.0,36.0,1.0,3.0,40.0,5.0,2.0,46.0,4.0,1.0,34.0,17.0,10.0,217.0
경상북도교육청,경상북도포항교육지원청,경상북도 포항시 북구,S150003663,흥해서부초등학교,2,공립,N,,1.0,0.0,18.0,1.0,0.0,14.0,0.0,4.0,18.0,3.0,0.0,21.0,0.0,1.0,21.0,0.0,0.0,14.0,5.0,5.0,106.0
경상북도교육청,경상북도포항교육지원청,경상북도 포항시 북구,S150003664,흥해초등학교,2,공립,N,,1.0,2.0,36.0,1.0,6.0,46.0,3.0,3.0,38.0,3.0,4.0,40.0,2.0,2.0,44.0,1.0,3.0,55.0,11.0,20.0,259.0
경상북도교육청,경상북도구미교육지원청,경상북도 구미시,S150005602,구평남부초등학교,2,공립,N,,4.0,3.0,143.0,7.0,8.0,159.0,7.0,8.0,210.0,7.0,12.0,169.0,5.0,9.0,188.0,2.0,5.0,162.0,32.0,45.0,1031.0
경상북도교육청,경상북도김천교육지원청,경상북도 김천시,S150006026,김천동신초등학교,2,공립,N,,1.0,2.0,99.0,2.0,7.0,110.0,3.0,7.0,124.0,10.0,4.0,108.0,4.0,1.0,119.0,4.0,2.0,110.0,24.0,23.0,670.0
경상북도교육청,경상북도안동교육지원청,경상북도 안동시,S150006027,녹전초등학교원천분교장,2,공립,N,,0.0,0.0,3.0,0.0,0.0,2.0,0.0,0.0,0.0,0.0,0.0,1.0,0.0,0.0,1.0,0.0,0.0,3.0,0.0,0.0,10.0
경상북도교육청,경상북도경산교육지원청,경상북도 경산시,S150006029,사동초등학교,2,공립,N,,1.0,3.0,97.0,10.0,5.0,134.0,13.0,7.0,119.0,4.0,2.0,160.0,7.0,5.0,114.0,4.0,2.0,111.0,39.0,24.0,735.0
경상북도교육청,경상북도경산교육지원청,경상북도 경산시,S150006030,성암초등학교,2,공립,N,,13.0,3.0,280.0,26.0,20.0,228.0,28.0,13.0,223.0,15.0,17.0,172.0,22.0,4.0,144.0,6.0,8.0,111.0,110.0,65.0,1158.0
경상북도교육청,경상북도안동교육지원청,경상북도 안동시,S150006032,안동강남초등학교,2,공립,N,,5.0,3.0,100.0,7.0,7.0,146.0,9.0,7.0,143.0,1.0,5.0,153.0,2.0,5.0,125.0,3.0,2.0,150.0,27.0,29.0,817.0
경상북도교육청,경상북도구미교육지원청,경상북도 구미시,S150006034,구미사곡초등학교,2,공립,N,,0.0,2.0,97.0,4.0,8.0,81.0,7.0,2.0,90.0,2.0,5.0,87.0,3.0,8.0,97.0,5.0,5.0,87.0,21.0,30.0,539.0
경상북도교육청,경상북도영천교육지원청,경상북도 영천시,S150006143,포은초등학교,2,공립,N,,3.0,6.0,212.0,4.0,7.0,176.0,5.0,14.0,221.0,4.0,9.0,204.0,4.0,12.0,216.0,1.0,7.0,192.0,21.0,55.0,1221.0
경상북도교육청,경상북도경산교육지원청,경상북도 경산시,S150006146,옥곡초등학교,2,공립,N,,5.0,4.0,184.0,8.0,10.0,197.0,27.0,11.0,221.0,14.0,12.0,222.0,11.0,11.0,250.0,13.0,6.0,259.0,78.0,54.0,1333.0
경상북도교육청,경상북도구미교육지원청,경상북도 구미시,S150006149,문장초등학교,2,공립,N,,1.0,2.0,34.0,1.0,2.0,39.0,6.0,7.0,47.0,1.0,4.0,55.0,2.0,4.0,48.0,2.0,2.0,50.0,13.0,21.0,273.0
경상북도교육청,경상북도칠곡교육지원청,경상북도 칠곡군,S150006151,대교초등학교,2,공립,N,,6.0,9.0,212.0,7.0,8.0,217.0,2.0,17.0,236.0,6.0,11.0,202.0,9.0,11.0,233.0,3.0,8.0,201.0,33.0,64.0,1301.0
경상북도교육청,경상북도상주교육지원청,경상북도 상주시,S150006153,성동초등학교,2,공립,N,,0.0,2.0,45.0,3.0,4.0,49.0,3.0,5.0,60.0,3.0,1.0,58.0,2.0,5.0,71.0,0.0,1.0,78.0,11.0,18.0,361.0
경상북도교육청,경상북도구미교육지원청,경상북도 구미시,S150006154,도봉초등학교,2,공립,N,,3.0,2.0,133.0,8.0,10.0,142.0,13.0,8.0,145.0,8.0,7.0,153.0,9.0,8.0,141.0,1.0,6.0,136.0,42.0,41.0,850.0
경상북도교육청,경상북도구미교육지원청,경상북도 구미시,S150006155,진평초등학교,2,공립,N,,4.0,6.0,100.0,2.0,7.0,112.0,7.0,9.0,128.0,6.0,6.0,126.0,1.0,2.0,130.0,3.0,8.0,133.0,23.0,38.0,729.0
경상북도교육청,경상북도포항교육지원청,경상북도 포항시 북구,S150006231,포항장원초등학교,2,공립,N,,3.0,5.0,118.0,5.0,10.0,119.0,6.0,5.0,94.0,11.0,5.0,103.0,5.0,7.0,93.0,10.0,8.0,80.0,40.0,40.0,607.0
경상북도교육청,경상북도포항교육지원청,경상북도 포항시 북구,S150006232,포항장흥초등학교,2,공립,N,,0.0,2.0,36.0,1.0,2.0,46.0,3.0,5.0,56.0,6.0,3.0,48.0,3.0,4.0,64.0,3.0,1.0,69.0,16.0,17.0,319.0
경상북도교육청,경상북도경산교육지원청,경상북도 경산시,S150006237,봉황초등학교,2,공립,N,,10.0,7.0,94.0,7.0,6.0,111.0,5.0,10.0,114.0,3.0,11.0,103.0,3.0,10.0,107.0,3.0,3.0,116.0,31.0,47.0,645.0
경상북도교육청,경상북도구미교육지원청,경상북도 구미시,S150006248,구미오산초등학교,2,공립,N,,0.0,2.0,30.0,2.0,4.0,26.0,2.0,3.0,31.0,1.0,1.0,42.0,1.0,0.0,34.0,1.0,2.0,44.0,7.0,12.0,207.0
경상북도교육청,경상북도포항교육지원청,경상북도 포항시 남구,S150006258,대이초등학교,2,공립,N,,1.0,0.0,55.0,2.0,1.0,52.0,2.0,2.0,69.0,3.0,2.0,56.0,2.0,3.0,62.0,2.0,3.0,57.0,12.0,11.0,351.0
경상북도교육청,경상북도포항교육지원청,경상북도 포항시 북구,S150006259,포항해맞이초등학교,2,공립,N,,3.0,1.0,88.0,4.0,8.0,105.0,6.0,12.0,113.0,3.0,7.0,95.0,4.0,6.0,109.0,3.0,4.0,97.0,23.0,38.0,607.0
경상북도교육청,경상북도구미교육지원청,경상북도 구미시,S150006266,구미봉곡초등학교,2,공립,N,,2.0,4.0,107.0,9.0,9.0,79.0,6.0,9.0,116.0,9.0,6.0,102.0,8.0,9.0,125.0,2.0,3.0,89.0,36.0,40.0,618.0
경상북도교육청,경상북도구미교육지원청,경상북도 구미시,S150006275,천생초등학교,2,공립,N,,2.0,2.0,71.0,0.0,4.0,70.0,5.0,7.0,98.0,4.0,7.0,116.0,3.0,2.0,95.0,0.0,2.0,101.0,14.0,24.0,551.0
경상북도교육청,경상북도구미교육지원청,경상북도 구미시,S150006278,구미왕산초등학교,2,공립,N,,3.0,5.0,184.0,6.0,4.0,130.0,3.0,7.0,160.0,4.0,4.0,145.0,2.0,6.0,133.0,2.0,6.0,129.0,20.0,32.0,881.0
경상북도교육청,경상북도경주교육지원청,경상북도 경주시,S150006303,금장초등학교,2,공립,N,,2.0,2.0,103.0,5.0,3.0,103.0,5.0,10.0,110.0,5.0,5.0,151.0,4.0,4.0,127.0,3.0,6.0,127.0,24.0,30.0,721.0
경상북도교육청,경상북도구미교육지원청,경상북도 구미시,S150006309,정수초등학교,2,공립,N,,1.0,2.0,115.0,4.0,9.0,98.0,2.0,7.0,110.0,5.0,5.0,121.0,4.0,1.0,96.0,2.0,3.0,76.0,18.0,27.0,616.0
경상북도교육청,경상북도구미교육지원청,경상북도 구미시,S150006311,옥계동부초등학교,2,공립,N,,6.0,10.0,234.0,13.0,19.0,228.0,12.0,20.0,276.0,15.0,16.0,283.0,12.0,18.0,253.0,11.0,12.0,269.0,69.0,95.0,1543.0
경상북도교육청,경상북도포항교육지원청,경상북도 포항시 남구,S150006312,포항원동초등학교,2,공립,N,,11.0,9.0,180.0,16.0,14.0,220.0,14.0,15.0,247.0,18.0,15.0,265.0,11.0,11.0,233.0,9.0,11.0,222.0,79.0,75.0,1367.0
경상북도교육청,경상북도포항교육지원청,경상북도 포항시 북구,S150006318,포항양덕초등학교,2,공립,N,,1.0,5.0,186.0,7.0,10.0,155.0,8.0,11.0,223.0,9.0,11.0,209.0,12.0,8.0,222.0,10.0,8.0,212.0,47.0,53.0,1207.0
경상북도교육청,경상북도포항교육지원청,경상북도 포항시 북구,S150006322,학천초등학교,2,공립,N,,5.0,3.0,81.0,3.0,5.0,95.0,1.0,6.0,104.0,2.0,3.0,112.0,3.0,4.0,132.0,2.0,3.0,102.0,16.0,24.0,626.0
경상북도교육청,경상북도경산교육지원청,경상북도 경산시,S150006367,평산초등학교,2,공립,N,,5.0,7.0,162.0,8.0,10.0,176.0,7.0,13.0,210.0,4.0,7.0,202.0,8.0,10.0,190.0,4.0,10.0,174.0,36.0,57.0,1114.0
경상북도교육청,경상북도포항교육지원청,경상북도 포항시 북구,S150006393,포항송곡초등학교,2,공립,N,,5.0,5.0,226.0,7.0,13.0,200.0,11.0,22.0,225.0,5.0,27.0,235.0,9.0,13.0,186.0,3.0,17.0,179.0,40.0,97.0,1251.0
경상북도교육청,경상북도김천교육지원청,경상북도 김천시,S150006439,율곡초등학교,2,공립,N,,1.0,6.0,186.0,8.0,9.0,201.0,9.0,10.0,202.0,7.0,12.0,183.0,5.0,7.0,170.0,5.0,15.0,163.0,35.0,59.0,1105.0
경상북도교육청,경상북도구미교육지원청,경상북도 구미시,S150006440,해마루초등학교,2,공립,N,,2.0,13.0,347.0,19.0,23.0,309.0,19.0,28.0,326.0,18.0,15.0,312.0,11.0,18.0,277.0,8.0,11.0,246.0,77.0,108.0,1817.0
경상북도교육청,경상북도경산교육지원청,경상북도 경산시,S150006461,삼성현초등학교,2,공립,N,,8.0,13.0,183.0,13.0,10.0,190.0,8.0,17.0,190.0,6.0,2.0,175.0,7.0,8.0,143.0,5.0,3.0,164.0,47.0,53.0,1045.0
경상북도교육청,경상북도안동교육지원청,경상북도 안동시,S150006481,풍천풍서초등학교,2,공립,N,,2.0,8.0,123.0,13.0,3.0,134.0,5.0,8.0,172.0,11.0,17.0,183.0,9.0,10.0,163.0,8.0,11.0,161.0,48.0,57.0,936.0
경상북도교육청,경상북도영주교육지원청,경상북도 영주시,S150006489,영주가흥초등학교,2,공립,N,,2.0,1.0,178.0,4.0,3.0,180.0,2.0,6.0,213.0,6.0,2.0,189.0,4.0,11.0,194.0,1.0,2.0,136.0,19.0,25.0,1090.0
경상북도교육청,경상북도포항교육지원청,경상북도 포항시 북구,S150006492,초곡초등학교,2,공립,N,,11.0,10.0,227.0,17.0,22.0,205.0,8.0,12.0,209.0,12.0,20.0,148.0,5.0,11.0,131.0,5.0,14.0,111.0,58.0,89.0,1031.0
경상북도교육청,경상북도예천교육지원청,경상북도 예천군,S150006493,호명초등학교,2,공립,N,,14.0,9.0,223.0,21.0,9.0,257.0,16.0,17.0,224.0,12.0,11.0,181.0,10.0,6.0,159.0,9.0,9.0,160.0,82.0,61.0,1204.0
경상북도교육청,경상북도구미교육지원청,경상북도 구미시,S150006516,구미인덕초등학교,2,공립,N,,5.0,10.0,336.0,18.0,18.0,269.0,16.0,17.0,278.0,12.0,19.0,272.0,10.0,13.0,196.0,9.0,10.0,161.0,70.0,87.0,1512.0
경상북도교육청,경상북도구미교육지원청,경상북도 구미시,S150006517,구미문성초등학교,2,공립,N,,13.0,7.0,248.0,30.0,5.0,211.0,34.0,4.0,196.0,29.0,12.0,191.0,21.0,0.0,106.0,30.0,3.0,126.0,157.0,31.0,1078.0
경상북도교육청,경상북도포항교육지원청,경상북도 포항시 북구,S150006519,양서초등학교,2,공립,N,,0.0,8.0,142.0,7.0,11.0,178.0,5.0,6.0,175.0,3.0,7.0,187.0,5.0,5.0,118.0,5.0,5.0,112.0,25.0,42.0,912.0
경상북도교육청,경상북도구미교육지원청,경상북도 구미시,S150006525,구미원당초등학교,2,공립,N,,3.0,3.0,113.0,5.0,5.0,96.0,8.0,1.0,64.0,5.0,0.0,43.0,4.0,0.0,23.0,3.0,0.0,39.0,28.0,9.0,378.0
경상북도교육청,경상북도구미교육지원청,경상북도 구미시,S150006526,구미신당초등학교,2,공립,N,,9.0,10.0,213.0,14.0,10.0,188.0,11.0,7.0,170.0,14.0,7.0,146.0,7.0,3.0,134.0,5.0,5.0,99.0,60.0,42.0,950.0
경상남도교육청,교육부,경상남도 진주시,S000003526,진주교육대학교부설초등학교,2,국립,N,,0.0,0.0,80.0,2.0,5.0,96.0,0.0,0.0,96.0,1.0,0.0,96.0,0.0,0.0,96.0,0.0,1.0,94.0,3.0,6.0,558.0
경상남도교육청,거제교육지원청,경상남도 거제시,S160000768,거제초등학교,2,공립,N,,6.0,1.0,29.0,3.0,1.0,29.0,1.0,2.0,28.0,2.0,2.0,35.0,7.0,2.0,35.0,2.0,2.0,44.0,21.0,10.0,200.0
경상남도교육청,거제교육지원청,경상남도 거제시,S160000771,계룡초등학교,2,공립,N,,5.0,5.0,80.0,8.0,1.0,72.0,5.0,7.0,75.0,6.0,7.0,112.0,7.0,12.0,106.0,6.0,3.0,79.0,37.0,35.0,524.0
경상남도교육청,거제교육지원청,경상남도 거제시,S160000778,국산초등학교,2,공립,N,,4.0,5.0,168.0,4.0,7.0,154.0,7.0,13.0,183.0,7.0,8.0,193.0,9.0,9.0,202.0,4.0,10.0,177.0,35.0,52.0,1077.0
경상남도교육청,거제교육지원청,경상남도 거제시,S160000780,기성초등학교,2,공립,N,,6.0,5.0,149.0,5.0,14.0,121.0,5.0,10.0,124.0,2.0,8.0,129.0,6.0,9.0,130.0,4.0,2.0,88.0,28.0,48.0,741.0
경상남도교육청,거제교육지원청,경상남도 거제시,S160000782,능포초등학교,2,공립,N,,1.0,0.0,13.0,0.0,2.0,9.0,1.0,0.0,11.0,0.0,1.0,16.0,0.0,0.0,10.0,0.0,1.0,10.0,2.0,4.0,69.0
경상남도교육청,거제교육지원청,경상남도 거제시,S160000787,대우초등학교,2,사립,N,,2.0,2.0,84.0,5.0,3.0,84.0,6.0,5.0,84.0,2.0,2.0,84.0,1.0,9.0,79.0,0.0,3.0,70.0,16.0,24.0,485.0
경상남도교육청,거제교육지원청,경상남도 거제시,S160000791,동부초등학교,2,공립,N,,0.0,0.0,12.0,0.0,0.0,4.0,0.0,0.0,15.0,1.0,0.0,7.0,2.0,1.0,12.0,0.0,0.0,9.0,3.0,1.0,59.0
경상남도교육청,거제교육지원청,경상남도 거제시,S160000795,동부초등학교율포분교장,2,공립,N,,0.0,0.0,1.0,0.0,0.0,1.0,0.0,0.0,2.0,0.0,0.0,3.0,0.0,0.0,1.0,0.0,0.0,4.0,0.0,0.0,12.0
경상남도교육청,거제교육지원청,경상남도 거제시,S160000799,마전초등학교,2,공립,N,,0.0,3.0,43.0,1.0,1.0,25.0,0.0,2.0,42.0,1.0,2.0,43.0,1.0,1.0,41.0,0.0,1.0,42.0,3.0,10.0,236.0
경상남도교육청,거제교육지원청,경상남도 거제시,S160000802,명사초등학교,2,공립,N,,0.0,1.0,4.0,0.0,0.0,1.0,0.0,0.0,5.0,0.0,1.0,2.0,0.0,0.0,5.0,0.0,0.0,3.0,0.0,2.0,20.0
경상남도교육청,거제교육지원청,경상남도 거제시,S160000807,사등초등학교,2,공립,N,,0.0,0.0,17.0,0.0,0.0,17.0,0.0,0.0,23.0,0.0,1.0,14.0,1.0,0.0,23.0,1.0,1.0,17.0,2.0,2.0,111.0
경상남도교육청,거제교육지원청,경상남도 거제시,S160000811,송정초등학교,2,공립,N,,1.0,0.0,4.0,0.0,0.0,5.0,1.0,0.0,9.0,0.0,0.0,11.0,0.0,1.0,13.0,0.0,1.0,5.0,2.0,2.0,47.0
경상남도교육청,거제교육지원청,경상남도 거제시,S160000813,수월초등학교,2,공립,N,,5.0,6.0,124.0,4.0,3.0,123.0,9.0,9.0,143.0,9.0,4.0,141.0,6.0,6.0,151.0,6.0,2.0,120.0,39.0,30.0,802.0
경상남도교육청,거제교육지원청,경상남도 거제시,S160000814,숭덕초등학교,2,공립,N,,1.0,0.0,2.0,2.0,1.0,7.0,1.0,1.0,8.0,3.0,0.0,13.0,2.0,2.0,6.0,2.0,2.0,16.0,11.0,6.0,52.0
경상남도교육청,거제교육지원청,경상남도 거제시,S160000818,신현초등학교,2,공립,N,,2.0,8.0,65.0,0.0,4.0,68.0,4.0,4.0,81.0,5.0,6.0,82.0,3.0,7.0,75.0,3.0,5.0,57.0,17.0,34.0,428.0
경상남도교육청,거제교육지원청,경상남도 거제시,S160000820,아주초등학교,2,공립,N,,5.0,9.0,104.0,7.0,97.0,110.0,7.0,118.0,121.0,6.0,87.0,134.0,6.0,70.0,110.0,1.0,41.0,110.0,32.0,422.0,689.0
경상남도교육청,거제교육지원청,경상남도 거제시,S160000822,연초초등학교,2,공립,N,,0.0,1.0,29.0,1.0,3.0,29.0,1.0,0.0,20.0,1.0,0.0,33.0,4.0,3.0,20.0,0.0,2.0,29.0,7.0,9.0,160.0
경상남도교육청,거제교육지원청,경상남도 거제시,S160000824,오량초등학교,2,공립,N,,0.0,0.0,7.0,0.0,0.0,7.0,0.0,0.0,11.0,1.0,2.0,9.0,2.0,1.0,13.0,0.0,2.0,9.0,3.0,5.0,56.0
경상남도교육청,거제교육지원청,경상남도 거제시,S160000826,오비초등학교,2,공립,N,,1.0,3.0,26.0,2.0,2.0,22.0,0.0,3.0,21.0,0.0,1.0,21.0,0.0,2.0,23.0,0.0,2.0,17.0,3.0,13.0,130.0
경상남도교육청,거제교육지원청,경상남도 거제시,S160000827,옥포초등학교,2,공립,N,,5.0,7.0,70.0,4.0,2.0,61.0,5.0,10.0,73.0,5.0,4.0,75.0,6.0,4.0,67.0,3.0,3.0,59.0,28.0,30.0,405.0
경상남도교육청,거제교육지원청,경상남도 거제시,S160000828,외간초등학교,2,공립,N,,4.0,6.0,21.0,3.0,6.0,24.0,2.0,5.0,19.0,2.0,2.0,17.0,0.0,6.0,22.0,1.0,5.0,26.0,12.0,30.0,129.0
경상남도교육청,거제교육지원청,경상남도 거제시,S160000829,외포초등학교,2,공립,N,,0.0,0.0,17.0,2.0,0.0,7.0,2.0,0.0,9.0,0.0,0.0,13.0,0.0,0.0,5.0,1.0,0.0,12.0,5.0,0.0,63.0
경상남도교육청,거제교육지원청,경상남도 거제시,S160000835,일운초등학교,2,공립,N,,6.0,2.0,44.0,5.0,3.0,56.0,8.0,5.0,69.0,4.0,5.0,54.0,3.0,6.0,54.0,9.0,0.0,39.0,35.0,21.0,316.0
경상남도교육청,거제교육지원청,경상남도 거제시,S160000838,장목초등학교,2,공립,N,,1.0,0.0,8.0,2.0,0.0,4.0,0.0,1.0,7.0,2.0,1.0,11.0,0.0,1.0,6.0,1.0,1.0,8.0,6.0,4.0,44.0
경상남도교육청,거제교육지원청,경상남도 거제시,S160000843,장승포초등학교,2,공립,N,,2.0,2.0,70.0,2.0,5.0,69.0,1.0,4.0,93.0,3.0,11.0,82.0,2.0,2.0,105.0,2.0,10.0,99.0,12.0,34.0,518.0
경상남도교육청,거제교육지원청,경상남도 거제시,S160000844,장평초등학교,2,공립,N,,0.0,0.0,65.0,0.0,0.0,52.0,0.0,0.0,62.0,0.0,0.0,50.0,0.0,0.0,75.0,1.0,2.0,72.0,1.0,2.0,376.0
경상남도교육청,거제교육지원청,경상남도 거제시,S160000845,중곡초등학교,2,공립,N,,1.0,5.0,139.0,6.0,11.0,162.0,4.0,9.0,162.0,6.0,10.0,172.0,3.0,6.0,155.0,3.0,8.0,178.0,23.0,49.0,968.0
경상남도교육청,거제교육지원청,경상남도 거제시,S160000846,창호초등학교,2,공립,N,,0.0,1.0,9.0,0.0,1.0,7.0,1.0,4.0,6.0,0.0,1.0,10.0,0.0,5.0,4.0,0.0,1.0,13.0,1.0,13.0,49.0
경상남도교육청,거제교육지원청,경상남도 거제시,S160000848,칠천초등학교,2,공립,N,,0.0,1.0,8.0,0.0,1.0,4.0,0.0,0.0,8.0,0.0,0.0,3.0,0.0,1.0,3.0,0.0,0.0,5.0,0.0,3.0,31.0
경상남도교육청,거제교육지원청,경상남도 거제시,S160000850,하청초등학교,2,공립,N,,0.0,2.0,30.0,1.0,1.0,18.0,1.0,3.0,22.0,0.0,3.0,21.0,0.0,2.0,26.0,0.0,1.0,17.0,2.0,12.0,134.0
경상남도교육청,거창교육지원청,경상남도 거창군,S160000924,가북초등학교,2,공립,N,,0.0,0.0,4.0,0.0,0.0,2.0,0.0,1.0,4.0,0.0,1.0,2.0,0.0,2.0,3.0,0.0,0.0,6.0,0.0,4.0,21.0
경상남도교육청,거창교육지원청,경상남도 거창군,S160000930,가조초등학교,2,공립,N,,0.0,0.0,8.0,0.0,0.0,11.0,0.0,0.0,11.0,0.0,0.0,13.0,1.0,2.0,17.0,1.0,0.0,10.0,2.0,2.0,70.0
경상남도교육청,거창교육지원청,경상남도 거창군,S160000934,거창초등학교,2,공립,N,,2.0,1.0,31.0,2.0,2.0,28.0,0.0,0.0,42.0,3.0,0.0,61.0,1.0,1.0,60.0,0.0,1.0,58.0,8.0,5.0,280.0
경상남도교육청,거창교육지원청,경상남도 거창군,S160000936,고제초등학교,2,공립,N,,0.0,0.0,3.0,0.0,1.0,6.0,0.0,1.0,3.0,0.0,1.0,5.0,0.0,0.0,1.0,0.0,0.0,4.0,0.0,3.0,22.0
경상남도교육청,거창교육지원청,경상남도 거창군,S160000940,남상초등학교,2,공립,N,,0.0,0.0,6.0,0.0,0.0,6.0,0.0,0.0,9.0,1.0,0.0,2.0,0.0,1.0,5.0,0.0,0.0,7.0,1.0,1.0,35.0
경상남도교육청,거창교육지원청,경상남도 거창군,S160000942,남하초등학교,2,공립,N,,1.0,1.0,3.0,1.0,0.0,5.0,0.0,1.0,3.0,0.0,2.0,7.0,0.0,0.0,4.0,0.0,0.0,2.0,2.0,4.0,24.0
경상남도교육청,거창교육지원청,경상남도 거창군,S160000947,마리초등학교,2,공립,N,,1.0,0.0,6.0,1.0,0.0,3.0,2.0,0.0,3.0,0.0,2.0,6.0,1.0,0.0,7.0,0.0,0.0,6.0,5.0,2.0,31.0
경상남도교육청,거창교육지원청,경상남도 거창군,S160000952,북상초등학교,2,공립,N,,0.0,0.0,3.0,0.0,0.0,1.0,0.0,0.0,7.0,1.0,0.0,6.0,0.0,0.0,5.0,0.0,0.0,5.0,1.0,0.0,27.0
경상남도교육청,거창교육지원청,경상남도 거창군,S160000956,샛별초등학교,2,사립,N,,0.0,0.0,52.0,0.0,0.0,54.0,0.0,1.0,51.0,0.0,1.0,52.0,0.0,0.0,54.0,0.0,2.0,53.0,0.0,4.0,316.0
경상남도교육청,거창교육지원청,경상남도 거창군,S160000960,신원초등학교,2,공립,N,,1.0,3.0,3.0,5.0,3.0,9.0,0.0,0.0,3.0,2.0,0.0,3.0,1.0,0.0,5.0,0.0,0.0,3.0,9.0,6.0,26.0
경상남도교육청,거창교육지원청,경상남도 거창군,S160000971,웅양초등학교,2,공립,N,,0.0,0.0,9.0,1.0,0.0,4.0,0.0,0.0,6.0,0.0,0.0,7.0,0.0,0.0,7.0,0.0,0.0,14.0,1.0,0.0,47.0
경상남도교육청,거창교육지원청,경상남도 거창군,S160000974,월천초등학교,2,공립,N,,1.0,0.0,12.0,2.0,0.0,1.0,0.0,0.0,2.0,2.0,0.0,15.0,1.0,0.0,9.0,2.0,0.0,11.0,8.0,0.0,50.0
경상남도교육청,거창교육지원청,경상남도 거창군,S160000975,위천초등학교,2,공립,N,,0.0,0.0,3.0,0.0,0.0,11.0,0.0,1.0,7.0,0.0,2.0,7.0,0.0,1.0,9.0,0.0,0.0,8.0,0.0,4.0,45.0
경상남도교육청,거창교육지원청,경상남도 거창군,S160000978,주상초등학교,2,공립,N,,1.0,0.0,5.0,0.0,0.0,5.0,0.0,1.0,6.0,1.0,0.0,5.0,1.0,1.0,7.0,1.0,0.0,4.0,4.0,2.0,32.0
경상남도교육청,거창교육지원청,경상남도 거창군,S160000984,창남초등학교,2,공립,N,,1.0,4.0,64.0,3.0,5.0,60.0,3.0,1.0,65.0,1.0,3.0,51.0,2.0,2.0,51.0,2.0,1.0,48.0,12.0,16.0,339.0
경상남도교육청,거창교육지원청,경상남도 거창군,S160000985,창동초등학교,2,공립,N,,3.0,3.0,97.0,1.0,4.0,115.0,2.0,3.0,110.0,4.0,4.0,125.0,4.0,3.0,104.0,1.0,7.0,126.0,15.0,24.0,677.0
경상남도교육청,고성교육지원청,경상남도 고성군,S160001037,개천초등학교,2,공립,N,,1.0,0.0,4.0,0.0,0.0,3.0,0.0,0.0,5.0,0.0,0.0,4.0,0.0,0.0,7.0,0.0,0.0,5.0,1.0,0.0,28.0
경상남도교육청,고성교육지원청,경상남도 고성군,S160001040,거류초등학교,2,공립,N,,0.0,0.0,11.0,1.0,1.0,10.0,0.0,2.0,16.0,2.0,3.0,22.0,0.0,1.0,12.0,0.0,1.0,22.0,3.0,8.0,93.0
경상남도교육청,고성교육지원청,경상남도 고성군,S160001043,고성초등학교,2,공립,N,,1.0,4.0,122.0,4.0,8.0,121.0,8.0,3.0,159.0,5.0,3.0,161.0,7.0,3.0,167.0,22.0,5.0,124.0,47.0,26.0,854.0
경상남도교육청,고성교육지원청,경상남도 고성군,S160001045,구만초등학교,2,공립,N,,0.0,0.0,4.0,0.0,0.0,1.0,0.0,0.0,3.0,0.0,0.0,4.0,0.0,1.0,5.0,0.0,0.0,3.0,0.0,1.0,20.0
경상남도교육청,고성교육지원청,경상남도 고성군,S160001047,대성초등학교,2,공립,N,,2.0,0.0,62.0,1.0,0.0,66.0,1.0,0.0,81.0,2.0,2.0,72.0,3.0,3.0,86.0,2.0,1.0,73.0,11.0,6.0,440.0
경상남도교육청,고성교육지원청,경상남도 고성군,S160001052,대흥초등학교,2,공립,N,,0.0,1.0,19.0,1.0,0.0,13.0,0.0,1.0,18.0,0.0,1.0,18.0,0.0,0.0,11.0,0.0,1.0,14.0,1.0,4.0,93.0
경상남도교육청,고성교육지원청,경상남도 고성군,S160001056,동광초등학교,2,공립,N,,0.0,0.0,3.0,0.0,0.0,7.0,0.0,0.0,10.0,0.0,2.0,7.0,2.0,0.0,7.0,0.0,0.0,11.0,2.0,2.0,45.0
경상남도교육청,고성교육지원청,경상남도 고성군,S160001059,동해초등학교,2,공립,N,,0.0,0.0,4.0,0.0,2.0,7.0,1.0,1.0,3.0,0.0,0.0,8.0,0.0,1.0,8.0,1.0,1.0,6.0,2.0,5.0,36.0
경상남도교육청,고성교육지원청,경상남도 고성군,S160001061,마암초등학교,2,공립,N,,0.0,0.0,1.0,0.0,0.0,4.0,0.0,0.0,1.0,0.0,0.0,5.0,0.0,0.0,3.0,0.0,0.0,3.0,0.0,0.0,17.0
경상남도교육청,고성교육지원청,경상남도 고성군,S160001062,방산초등학교,2,공립,N,,1.0,0.0,6.0,0.0,0.0,12.0,1.0,0.0,7.0,1.0,0.0,7.0,0.0,0.0,9.0,1.0,0.0,9.0,4.0,0.0,50.0
경상남도교육청,고성교육지원청,경상남도 고성군,S160001068,삼산초등학교,2,공립,N,,1.0,1.0,1.0,0.0,0.0,4.0,0.0,0.0,9.0,2.0,1.0,3.0,1.0,0.0,12.0,0.0,0.0,4.0,4.0,2.0,33.0
경상남도교육청,고성교육지원청,경상남도 고성군,S160001074,상리초등학교,2,공립,N,,0.0,1.0,5.0,0.0,0.0,6.0,0.0,1.0,5.0,0.0,0.0,8.0,0.0,1.0,4.0,0.0,1.0,8.0,0.0,4.0,36.0
경상남도교육청,고성교육지원청,경상남도 고성군,S160001082,영오초등학교,2,공립,N,,2.0,1.0,2.0,0.0,1.0,3.0,3.0,1.0,3.0,5.0,0.0,4.0,2.0,0.0,3.0,1.0,0.0,2.0,13.0,3.0,17.0
경상남도교육청,고성교육지원청,경상남도 고성군,S160001084,영오초등학교영현분교장,2,공립,N,,0.0,0.0,0.0,0.0,0.0,4.0,0.0,0.0,0.0,0.0,1.0,2.0,0.0,0.0,1.0,0.0,1.0,0.0,0.0,2.0,7.0
경상남도교육청,고성교육지원청,경상남도 고성군,S160001086,율천초등학교,2,공립,N,,1.0,0.0,6.0,1.0,0.0,6.0,0.0,0.0,10.0,0.0,0.0,4.0,0.0,0.0,4.0,0.0,1.0,8.0,2.0,1.0,38.0
경상남도교육청,고성교육지원청,경상남도 고성군,S160001088,철성초등학교,2,공립,N,,0.0,1.0,23.0,0.0,0.0,13.0,1.0,1.0,13.0,0.0,0.0,8.0,2.0,0.0,17.0,0.0,0.0,6.0,3.0,2.0,80.0
경상남도교육청,고성교육지원청,경상남도 고성군,S160001090,하이초등학교,2,공립,N,,0.0,0.0,10.0,0.0,0.0,13.0,0.0,0.0,10.0,0.0,0.0,12.0,0.0,0.0,18.0,0.0,1.0,11.0,0.0,1.0,74.0
경상남도교육청,고성교육지원청,경상남도 고성군,S160001092,하일초등학교,2,공립,N,,0.0,0.0,2.0,0.0,1.0,3.0,0.0,0.0,3.0,0.0,0.0,0.0,0.0,1.0,7.0,0.0,0.0,3.0,0.0,2.0,18.0
경상남도교육청,고성교육지원청,경상남도 고성군,S160001094,회화초등학교,2,공립,N,,1.0,0.0,20.0,0.0,1.0,18.0,0.0,1.0,18.0,2.0,1.0,20.0,1.0,1.0,19.0,0.0,0.0,17.0,4.0,4.0,112.0
경상남도교육청,김해교육지원청,경상남도 김해시,S160001157,김해가야초등학교,2,공립,N,,2.0,7.0,93.0,6.0,9.0,94.0,5.0,4.0,104.0,9.0,4.0,91.0,6.0,5.0,94.0,4.0,1.0,91.0,32.0,30.0,567.0
경상남도교육청,김해교육지원청,경상남도 김해시,S160001158,경운초등학교,2,공립,N,,5.0,4.0,95.0,9.0,8.0,92.0,4.0,6.0,93.0,5.0,3.0,111.0,3.0,3.0,89.0,2.0,1.0,84.0,28.0,25.0,564.0
경상남도교육청,김해교육지원청,경상남도 김해시,S160001159,구봉초등학교,2,공립,N,,0.0,0.0,27.0,0.0,2.0,22.0,2.0,3.0,42.0,2.0,2.0,41.0,2.0,3.0,43.0,1.0,2.0,53.0,7.0,12.0,228.0
경상남도교육청,김해교육지원청,경상남도 김해시,S160001160,구산초등학교,2,공립,N,,0.0,3.0,65.0,4.0,8.0,84.0,4.0,8.0,87.0,1.0,7.0,93.0,2.0,3.0,79.0,2.0,0.0,82.0,13.0,29.0,490.0
경상남도교육청,김해교육지원청,경상남도 김해시,S160001162,금동초등학교,2,공립,N,,0.0,1.0,7.0,0.0,0.0,4.0,0.0,1.0,10.0,0.0,0.0,5.0,0.0,3.0,6.0,0.0,1.0,8.0,0.0,6.0,40.0
경상남도교육청,김해교육지원청,경상남도 김해시,S160001163,금산초등학교,2,공립,N,,0.0,1.0,9.0,1.0,0.0,9.0,2.0,1.0,15.0,2.0,3.0,15.0,0.0,0.0,15.0,0.0,1.0,16.0,5.0,6.0,79.0
경상남도교육청,김해교육지원청,경상남도 김해시,S160001164,김해내동초등학교,2,공립,N,,3.0,4.0,46.0,2.0,4.0,43.0,2.0,3.0,42.0,3.0,4.0,46.0,2.0,5.0,50.0,6.0,3.0,64.0,18.0,23.0,291.0
경상남도교육청,김해교육지원청,경상남도 김해시,S160001165,김해동광초등학교,2,공립,N,,5.0,6.0,75.0,5.0,7.0,77.0,5.0,9.0,79.0,6.0,4.0,64.0,6.0,5.0,70.0,4.0,3.0,59.0,31.0,34.0,424.0
경상남도교육청,김해교육지원청,경상남도 김해시,S160001166,김해봉황초등학교,2,공립,N,,5.0,4.0,119.0,5.0,8.0,126.0,2.0,9.0,133.0,4.0,6.0,119.0,0.0,3.0,98.0,2.0,1.0,95.0,18.0,31.0,690.0
경상남도교육청,김해교육지원청,경상남도 김해시,S160001168,김해부곡초등학교,2,공립,N,,3.0,8.0,108.0,5.0,9.0,110.0,9.0,11.0,148.0,6.0,6.0,161.0,6.0,8.0,170.0,2.0,6.0,169.0,31.0,48.0,866.0
경상남도교육청,김해교육지원청,경상남도 김해시,S160001169,김해삼성초등학교,2,공립,N,,5.0,7.0,147.0,6.0,6.0,138.0,7.0,6.0,183.0,7.0,11.0,165.0,5.0,7.0,191.0,4.0,8.0,168.0,34.0,45.0,992.0
경상남도교육청,김해교육지원청,경상남도 김해시,S160001170,김해외동초등학교,2,공립,N,,1.0,3.0,71.0,3.0,2.0,82.0,2.0,3.0,93.0,5.0,4.0,93.0,4.0,5.0,93.0,1.0,3.0,116.0,16.0,20.0,548.0
경상남도교육청,김해교육지원청,경상남도 김해시,S160001171,김해합성초등학교,2,공립,N,,2.0,2.0,31.0,1.0,5.0,23.0,1.0,1.0,34.0,2.0,2.0,39.0,1.0,2.0,41.0,2.0,4.0,36.0,9.0,16.0,204.0
경상남도교육청,김해교육지원청,경상남도 김해시,S160001172,김해활천초등학교,2,공립,N,,1.0,4.0,85.0,0.0,2.0,85.0,6.0,6.0,106.0,2.0,9.0,125.0,7.0,5.0,103.0,1.0,3.0,107.0,17.0,29.0,611.0
경상남도교육청,김해교육지원청,경상남도 김해시,S160001176,대감초등학교,2,공립,N,,0.0,0.0,7.0,0.0,0.0,3.0,0.0,0.0,3.0,0.0,0.0,7.0,0.0,0.0,4.0,0.0,0.0,4.0,0.0,0.0,28.0
경상남도교육청,김해교육지원청,경상남도 김해시,S160001177,대동초등학교,2,공립,N,,0.0,1.0,7.0,3.0,2.0,12.0,2.0,1.0,12.0,1.0,1.0,11.0,2.0,2.0,4.0,0.0,2.0,11.0,8.0,9.0,57.0
경상남도교육청,김해교육지원청,경상남도 김해시,S160001178,대중초등학교,2,공립,N,,1.0,0.0,4.0,1.0,1.0,2.0,1.0,0.0,5.0,1.0,0.0,4.0,0.0,0.0,8.0,0.0,1.0,8.0,4.0,2.0,31.0
경상남도교육청,김해교육지원청,경상남도 김해시,S160001179,대진초등학교,2,공립,N,,0.0,0.0,6.0,0.0,2.0,11.0,0.0,0.0,13.0,0.0,0.0,4.0,0.0,2.0,16.0,0.0,0.0,12.0,0.0,4.0,62.0
경상남도교육청,김해교육지원청,경상남도 김해시,S160001181,봉명초등학교,2,공립,N,,3.0,5.0,125.0,3.0,5.0,113.0,3.0,9.0,118.0,4.0,7.0,138.0,1.0,2.0,137.0,2.0,2.0,118.0,16.0,30.0,749.0
경상남도교육청,김해교육지원청,경상남도 김해시,S160001182,삼계초등학교,2,공립,N,,32.0,3.0,125.0,35.0,5.0,103.0,29.0,0.0,106.0,26.0,4.0,106.0,24.0,5.0,129.0,2.0,0.0,116.0,148.0,17.0,685.0
경상남도교육청,김해교육지원청,경상남도 김해시,S160001183,삼문초등학교,2,공립,N,,4.0,8.0,65.0,5.0,7.0,52.0,5.0,4.0,97.0,6.0,9.0,80.0,2.0,1.0,93.0,5.0,2.0,72.0,27.0,31.0,459.0
경상남도교육청,김해교육지원청,경상남도 김해시,S160001184,삼방초등학교,2,공립,N,,2.0,4.0,32.0,1.0,0.0,37.0,3.0,4.0,32.0,3.0,0.0,41.0,1.0,0.0,41.0,0.0,1.0,51.0,10.0,9.0,234.0
경상남도교육청,김해교육지원청,경상남도 김해시,S160001185,생림초등학교,2,공립,N,,0.0,1.0,11.0,2.0,0.0,8.0,0.0,3.0,11.0,0.0,2.0,12.0,0.0,4.0,11.0,0.0,0.0,6.0,2.0,10.0,59.0
경상남도교육청,김해교육지원청,경상남도 김해시,S160001188,수남초등학교,2,공립,N,,12.0,15.0,219.0,10.0,22.0,263.0,14.0,19.0,285.0,11.0,21.0,302.0,15.0,16.0,295.0,6.0,6.0,265.0,68.0,99.0,1629.0
경상남도교육청,김해교육지원청,경상남도 김해시,S160001189,신어초등학교,2,공립,N,,2.0,3.0,46.0,3.0,3.0,49.0,3.0,5.0,68.0,2.0,4.0,64.0,2.0,4.0,77.0,3.0,3.0,66.0,15.0,22.0,370.0
경상남도교육청,김해교육지원청,경상남도 김해시,S160001193,안명초등학교,2,공립,N,,0.0,1.0,16.0,0.0,1.0,17.0,1.0,4.0,16.0,0.0,2.0,19.0,1.0,1.0,6.0,0.0,1.0,10.0,2.0,10.0,84.0
경상남도교육청,김해교육지원청,경상남도 김해시,S160001194,어방초등학교,2,공립,N,,1.0,10.0,105.0,4.0,9.0,123.0,1.0,3.0,125.0,2.0,6.0,113.0,3.0,7.0,114.0,3.0,3.0,99.0,14.0,38.0,679.0
경상남도교육청,김해교육지원청,경상남도 김해시,S160001195,영운초등학교,2,공립,N,,4.0,2.0,63.0,2.0,3.0,57.0,3.0,5.0,76.0,1.0,3.0,82.0,3.0,3.0,80.0,0.0,2.0,84.0,13.0,18.0,442.0
경상남도교육청,김해교육지원청,경상남도 김해시,S160001196,용산초등학교,2,공립,N,,0.0,0.0,6.0,1.0,2.0,11.0,0.0,0.0,9.0,1.0,2.0,10.0,0.0,2.0,6.0,0.0,2.0,10.0,2.0,8.0,52.0
경상남도교육청,김해교육지원청,경상남도 김해시,S160001197,우암초등학교,2,공립,N,,1.0,4.0,58.0,3.0,4.0,72.0,1.0,7.0,76.0,1.0,7.0,73.0,5.0,4.0,77.0,2.0,3.0,71.0,13.0,29.0,427.0
경상남도교육청,김해교육지원청,경상남도 김해시,S160001198,월산초등학교,2,공립,N,,7.0,2.0,95.0,3.0,5.0,99.0,10.0,4.0,114.0,5.0,6.0,113.0,5.0,8.0,125.0,7.0,4.0,119.0,37.0,29.0,665.0
경상남도교육청,김해교육지원청,경상남도 김해시,S160001199,이북초등학교,2,공립,N,,0.0,0.0,9.0,0.0,0.0,6.0,0.0,0.0,10.0,0.0,0.0,15.0,0.0,2.0,9.0,0.0,0.0,11.0,0.0,2.0,60.0
경상남도교육청,김해교육지원청,경상남도 김해시,S160001200,이작초등학교,2,공립,N,,0.0,0.0,6.0,0.0,2.0,8.0,0.0,0.0,7.0,0.0,0.0,5.0,0.0,0.0,8.0,0.0,0.0,7.0,0.0,2.0,41.0
경상남도교육청,김해교육지원청,경상남도 김해시,S160001203,임호초등학교,2,공립,N,,4.0,5.0,73.0,3.0,8.0,72.0,6.0,4.0,87.0,1.0,6.0,81.0,1.0,2.0,93.0,2.0,3.0,95.0,17.0,28.0,501.0
경상남도교육청,김해교육지원청,경상남도 김해시,S160001204,장유초등학교,2,공립,N,,3.0,0.0,90.0,0.0,3.0,80.0,6.0,2.0,112.0,1.0,6.0,84.0,1.0,0.0,116.0,5.0,9.0,112.0,16.0,20.0,594.0
경상남도교육청,김해교육지원청,경상남도 김해시,S160001206,주석초등학교,2,공립,N,,2.0,2.0,110.0,5.0,4.0,115.0,4.0,10.0,145.0,6.0,9.0,154.0,1.0,4.0,168.0,1.0,0.0,132.0,19.0,29.0,824.0
경상남도교육청,김해교육지원청,경상남도 김해시,S160001207,주촌초등학교,2,공립,N,,8.0,7.0,264.0,14.0,18.0,255.0,13.0,14.0,188.0,13.0,5.0,158.0,13.0,7.0,126.0,6.0,7.0,106.0,67.0,58.0,1097.0
경상남도교육청,김해교육지원청,경상남도 김해시,S160001208,진례초등학교,2,공립,N,,0.0,1.0,20.0,2.0,0.0,16.0,0.0,8.0,26.0,7.0,1.0,18.0,0.0,3.0,21.0,0.0,1.0,27.0,9.0,14.0,128.0
경상남도교육청,김해교육지원청,경상남도 김해시,S160001209,진영대창초등학교,2,공립,N,,2.0,2.0,94.0,1.0,9.0,99.0,2.0,0.0,118.0,2.0,1.0,108.0,0.0,7.0,121.0,4.0,0.0,118.0,11.0,19.0,658.0
경상남도교육청,김해교육지원청,경상남도 김해시,S160001210,진영대흥초등학교,2,공립,N,,4.0,6.0,107.0,8.0,10.0,105.0,5.0,10.0,111.0,3.0,4.0,89.0,6.0,4.0,81.0,3.0,11.0,75.0,29.0,45.0,568.0
경상남도교육청,김해교육지원청,경상남도 김해시,S160001211,칠산초등학교,2,공립,N,,0.0,1.0,6.0,0.0,0.0,13.0,4.0,3.0,16.0,0.0,0.0,14.0,0.0,1.0,9.0,0.0,0.0,9.0,4.0,5.0,67.0
경상남도교육청,김해교육지원청,경상남도 김해시,S160001212,한림초등학교,2,공립,N,,1.0,1.0,10.0,0.0,0.0,13.0,1.0,2.0,17.0,0.0,2.0,18.0,1.0,1.0,15.0,0.0,1.0,17.0,3.0,7.0,90.0
경상남도교육청,남해교육지원청,경상남도 남해군,S160001268,고현초등학교,2,공립,N,,4.0,2.0,10.0,1.0,1.0,7.0,2.0,2.0,5.0,0.0,2.0,7.0,2.0,1.0,9.0,0.0,0.0,7.0,9.0,8.0,45.0
경상남도교육청,남해교육지원청,경상남도 남해군,S160001273,남명초등학교,2,공립,N,,0.0,0.0,6.0,1.0,0.0,2.0,1.0,1.0,8.0,0.0,0.0,10.0,1.0,0.0,15.0,1.0,0.0,5.0,4.0,1.0,46.0
경상남도교육청,남해교육지원청,경상남도 남해군,S160001278,남해초등학교,2,공립,N,,3.0,0.0,81.0,1.0,5.0,59.0,5.0,3.0,95.0,4.0,2.0,90.0,1.0,1.0,94.0,19.0,5.0,101.0,33.0,16.0,520.0
경상남도교육청,남해교육지원청,경상남도 남해군,S160001283,도마초등학교,2,공립,N,,1.0,0.0,7.0,2.0,0.0,9.0,0.0,0.0,7.0,2.0,1.0,6.0,0.0,0.0,9.0,1.0,0.0,6.0,6.0,1.0,44.0
경상남도교육청,남해교육지원청,경상남도 남해군,S160001286,미조초등학교,2,공립,N,,0.0,0.0,13.0,0.0,0.0,7.0,0.0,0.0,6.0,0.0,0.0,15.0,0.0,0.0,8.0,0.0,0.0,15.0,0.0,0.0,64.0
경상남도교육청,남해교육지원청,경상남도 남해군,S160001292,삼동초등학교,2,공립,N,,4.0,0.0,8.0,2.0,1.0,9.0,0.0,0.0,10.0,2.0,1.0,13.0,1.0,0.0,7.0,2.0,0.0,4.0,11.0,2.0,51.0
경상남도교육청,남해교육지원청,경상남도 남해군,S160001295,상주초등학교,2,공립,N,,1.0,1.0,7.0,0.0,0.0,4.0,11.0,0.0,6.0,1.0,1.0,10.0,12.0,0.0,6.0,1.0,0.0,11.0,26.0,2.0,44.0
경상남도교육청,남해교육지원청,경상남도 남해군,S160001300,설천초등학교,2,공립,N,,0.0,0.0,4.0,0.0,0.0,3.0,0.0,0.0,2.0,0.0,0.0,3.0,0.0,0.0,3.0,0.0,0.0,5.0,0.0,0.0,20.0
경상남도교육청,남해교육지원청,경상남도 남해군,S160001304,성명초등학교,2,공립,N,,0.0,0.0,7.0,0.0,0.0,5.0,0.0,0.0,5.0,0.0,0.0,8.0,0.0,0.0,9.0,0.0,0.0,5.0,0.0,0.0,39.0
경상남도교육청,남해교육지원청,경상남도 남해군,S160001310,이동초등학교,2,공립,N,,0.0,1.0,3.0,1.0,2.0,9.0,0.0,2.0,5.0,1.0,2.0,11.0,0.0,2.0,9.0,0.0,0.0,15.0,2.0,9.0,52.0
경상남도교육청,남해교육지원청,경상남도 남해군,S160001313,지족초등학교,2,공립,N,,1.0,0.0,3.0,2.0,2.0,8.0,0.0,1.0,5.0,1.0,2.0,6.0,1.0,0.0,4.0,4.0,0.0,8.0,9.0,5.0,34.0
경상남도교육청,거제교육지원청,경상남도 거제시,S160001316,진목초등학교,2,공립,N,,4.0,9.0,97.0,1.0,8.0,112.0,5.0,15.0,119.0,0.0,9.0,121.0,3.0,12.0,128.0,3.0,6.0,121.0,16.0,59.0,698.0
경상남도교육청,남해교육지원청,경상남도 남해군,S160001317,창선초등학교,2,공립,N,,1.0,2.0,15.0,2.0,1.0,9.0,1.0,0.0,19.0,3.0,2.0,16.0,4.0,0.0,11.0,0.0,2.0,25.0,11.0,7.0,95.0
경상남도교육청,남해교육지원청,경상남도 남해군,S160001319,해양초등학교,2,공립,N,,2.0,3.0,24.0,2.0,1.0,31.0,0.0,2.0,24.0,4.0,3.0,29.0,2.0,0.0,47.0,2.0,0.0,37.0,12.0,9.0,192.0
경상남도교육청,창원교육지원청,경상남도 창원시 마산합포구,S160001380,가포초등학교,2,공립,N,,9.0,0.0,3.0,2.0,0.0,6.0,6.0,1.0,12.0,2.0,0.0,9.0,4.0,0.0,14.0,1.0,0.0,5.0,24.0,1.0,49.0
경상남도교육청,창원교육지원청,경상남도 창원시 마산회원구,S160001381,감천초등학교,2,공립,N,,0.0,0.0,4.0,0.0,0.0,7.0,0.0,0.0,8.0,1.0,0.0,14.0,0.0,1.0,8.0,0.0,0.0,11.0,1.0,1.0,52.0
경상남도교육청,창원교육지원청,경상남도 창원시 마산회원구,S160001382,광려초등학교,2,공립,N,,3.0,3.0,61.0,1.0,3.0,73.0,0.0,7.0,72.0,0.0,5.0,78.0,2.0,6.0,85.0,1.0,8.0,79.0,7.0,32.0,448.0
경상남도교육청,창원교육지원청,경상남도 창원시 마산회원구,S160001383,교동초등학교,2,공립,N,,0.0,3.0,15.0,2.0,0.0,6.0,1.0,2.0,17.0,0.0,3.0,15.0,0.0,4.0,17.0,0.0,3.0,14.0,3.0,15.0,84.0
경상남도교육청,창원교육지원청,경상남도 창원시 마산합포구,S160001384,교방초등학교,2,공립,N,,7.0,2.0,131.0,7.0,6.0,136.0,6.0,4.0,143.0,10.0,6.0,135.0,5.0,3.0,118.0,9.0,6.0,107.0,44.0,27.0,770.0
경상남도교육청,창원교육지원청,경상남도 창원시 마산합포구,S160001385,구산초등학교,2,공립,N,,0.0,3.0,4.0,2.0,1.0,9.0,0.0,1.0,2.0,0.0,0.0,1.0,0.0,0.0,0.0,0.0,0.0,4.0,2.0,5.0,20.0
경상남도교육청,창원교육지원청,경상남도 창원시 마산회원구,S160001388,구암초등학교,2,공립,N,,3.0,3.0,72.0,3.0,1.0,83.0,4.0,6.0,110.0,3.0,2.0,84.0,5.0,3.0,103.0,1.0,5.0,79.0,19.0,20.0,531.0
경상남도교육청,창원교육지원청,경상남도 창원시 마산회원구,S160001389,내서초등학교,2,공립,N,,0.0,0.0,5.0,0.0,0.0,4.0,0.0,2.0,10.0,0.0,0.0,12.0,0.0,0.0,6.0,0.0,0.0,9.0,0.0,2.0,46.0
경상남도교육청,창원교육지원청,경상남도 창원시 마산합포구,S160001390,무학초등학교,2,공립,N,,0.0,0.0,65.0,2.0,6.0,71.0,2.0,4.0,96.0,6.0,9.0,87.0,6.0,4.0,83.0,3.0,4.0,91.0,19.0,27.0,493.0
경상남도교육청,창원교육지원청,경상남도 창원시 마산합포구,S160001391,반동초등학교,2,공립,N,,0.0,0.0,4.0,0.0,0.0,2.0,0.0,0.0,2.0,0.0,2.0,8.0,0.0,0.0,2.0,0.0,0.0,2.0,0.0,2.0,20.0
경상남도교육청,창원교육지원청,경상남도 창원시 마산회원구,S160001396,봉덕초등학교,2,공립,N,,2.0,0.0,50.0,1.0,1.0,27.0,1.0,1.0,42.0,0.0,0.0,63.0,0.0,3.0,45.0,0.0,1.0,59.0,4.0,6.0,286.0
경상남도교육청,창원교육지원청,경상남도 창원시 마산회원구,S160001397,북성초등학교,2,공립,N,,1.0,0.0,58.0,3.0,7.0,68.0,3.0,1.0,68.0,2.0,5.0,54.0,0.0,1.0,66.0,0.0,2.0,53.0,9.0,16.0,367.0
경상남도교육청,창원교육지원청,경상남도 창원시 마산합포구,S160001398,산호초등학교,2,공립,N,,6.0,1.0,44.0,3.0,5.0,44.0,3.0,5.0,63.0,6.0,2.0,70.0,3.0,3.0,50.0,1.0,0.0,66.0,22.0,16.0,337.0
경상남도교육청,창원교육지원청,경상남도 창원시 마산회원구,S160001399,삼계초등학교,2,공립,N,,5.0,1.0,92.0,4.0,7.0,101.0,5.0,8.0,119.0,6.0,4.0,105.0,3.0,5.0,109.0,1.0,2.0,112.0,24.0,27.0,638.0
경상남도교육청,창원교육지원청,경상남도 창원시 마산합포구,S160001401,상남초등학교,2,공립,N,,0.0,0.0,9.0,0.0,0.0,7.0,0.0,0.0,16.0,1.0,2.0,9.0,2.0,0.0,16.0,0.0,1.0,11.0,3.0,3.0,68.0
경상남도교육청,창원교육지원청,경상남도 창원시 마산회원구,S160001403,상일초등학교,2,공립,N,,3.0,5.0,54.0,1.0,0.0,58.0,4.0,4.0,76.0,2.0,2.0,58.0,1.0,4.0,56.0,3.0,4.0,73.0,14.0,19.0,375.0
경상남도교육청,창원교육지원청,경상남도 창원시 마산회원구,S160001404,석전초등학교,2,공립,N,,1.0,2.0,88.0,6.0,3.0,124.0,1.0,5.0,131.0,1.0,4.0,114.0,3.0,3.0,120.0,3.0,2.0,113.0,15.0,19.0,690.0
경상남도교육청,창원교육지원청,경상남도 창원시 마산합포구,S160001405,성호초등학교,2,공립,N,,0.0,0.0,16.0,0.0,2.0,22.0,0.0,1.0,26.0,2.0,0.0,27.0,1.0,1.0,27.0,1.0,1.0,27.0,4.0,5.0,145.0
경상남도교육청,창원교육지원청,경상남도 창원시 마산합포구,S160001406,마산신월초등학교,2,공립,N,,7.0,7.0,111.0,6.0,30.0,100.0,8.0,31.0,92.0,7.0,28.0,100.0,11.0,20.0,113.0,2.0,16.0,111.0,41.0,132.0,627.0
경상남도교육청,창원교육지원청,경상남도 창원시 마산회원구,S160001407,양덕초등학교,2,공립,N,,3.0,5.0,100.0,3.0,6.0,91.0,4.0,7.0,125.0,7.0,4.0,117.0,6.0,8.0,132.0,1.0,2.0,122.0,24.0,32.0,687.0
경상남도교육청,창원교육지원청,경상남도 창원시 마산합포구,S160001411,완월초등학교,2,공립,N,,0.0,6.0,58.0,3.0,11.0,70.0,3.0,6.0,60.0,3.0,7.0,70.0,2.0,2.0,65.0,1.0,2.0,74.0,12.0,34.0,397.0
경상남도교육청,창원교육지원청,경상남도 창원시 마산합포구,S160001412,용마초등학교,2,공립,N,,6.0,0.0,44.0,3.0,11.0,54.0,1.0,2.0,61.0,2.0,2.0,60.0,2.0,5.0,52.0,3.0,3.0,45.0,17.0,23.0,316.0
경상남도교육청,창원교육지원청,경상남도 창원시 마산합포구,S160001413,우산초등학교,2,공립,N,,1.0,0.0,9.0,0.0,2.0,7.0,0.0,2.0,5.0,0.0,1.0,11.0,0.0,1.0,12.0,0.0,0.0,11.0,1.0,6.0,55.0
경상남도교육청,창원교육지원청,경상남도 창원시 마산합포구,S160001414,월성초등학교,2,공립,N,,0.0,0.0,71.0,0.0,2.0,58.0,0.0,2.0,90.0,0.0,7.0,75.0,0.0,7.0,66.0,0.0,0.0,71.0,0.0,18.0,431.0
경상남도교육청,창원교육지원청,경상남도 창원시 마산합포구,S160001415,월영초등학교,2,공립,N,,0.0,3.0,94.0,1.0,2.0,106.0,2.0,7.0,104.0,0.0,8.0,95.0,0.0,11.0,119.0,0.0,12.0,119.0,3.0,43.0,637.0
경상남도교육청,창원교육지원청,경상남도 창원시 마산합포구,S160001416,월포초등학교,2,공립,N,,2.0,3.0,59.0,5.0,12.0,78.0,2.0,7.0,78.0,0.0,11.0,74.0,0.0,4.0,67.0,2.0,6.0,69.0,11.0,43.0,425.0
경상남도교육청,창원교육지원청,경상남도 창원시 마산회원구,S160001418,중리초등학교,2,공립,N,,4.0,1.0,69.0,0.0,6.0,64.0,1.0,1.0,70.0,0.0,3.0,80.0,0.0,4.0,85.0,0.0,1.0,62.0,5.0,16.0,430.0
경상남도교육청,창원교육지원청,경상남도 창원시 마산합포구,S160001420,진동초등학교,2,공립,N,,1.0,0.0,117.0,0.0,2.0,121.0,2.0,4.0,113.0,0.0,5.0,105.0,0.0,7.0,111.0,3.0,0.0,108.0,6.0,18.0,675.0
경상남도교육청,창원교육지원청,경상남도 창원시 마산합포구,S160001422,진전초등학교,2,공립,N,,1.0,0.0,6.0,0.0,0.0,7.0,0.0,0.0,12.0,0.0,0.0,14.0,0.0,2.0,16.0,0.0,0.0,8.0,1.0,2.0,63.0
경상남도교육청,창원교육지원청,경상남도 창원시 마산회원구,S160001426,팔룡초등학교,2,공립,N,,1.0,2.0,28.0,1.0,2.0,34.0,1.0,4.0,45.0,2.0,2.0,54.0,1.0,2.0,45.0,1.0,5.0,50.0,7.0,17.0,256.0
경상남도교육청,창원교육지원청,경상남도 창원시 마산합포구,S160001427,하북초등학교,2,공립,N,,0.0,0.0,5.0,0.0,0.0,6.0,0.0,1.0,12.0,0.0,0.0,10.0,0.0,1.0,10.0,0.0,0.0,9.0,0.0,2.0,52.0
경상남도교육청,창원교육지원청,경상남도 창원시 마산회원구,S160001429,합성초등학교,2,공립,N,,2.0,4.0,70.0,1.0,3.0,68.0,3.0,6.0,67.0,0.0,6.0,47.0,3.0,8.0,59.0,0.0,4.0,53.0,9.0,31.0,364.0
경상남도교육청,창원교육지원청,경상남도 창원시 마산합포구,S160001430,합포초등학교,2,공립,N,,3.0,1.0,66.0,6.0,7.0,71.0,9.0,6.0,91.0,10.0,15.0,74.0,2.0,5.0,62.0,3.0,6.0,77.0,33.0,40.0,441.0
경상남도교육청,창원교육지원청,경상남도 창원시 마산합포구,S160001431,해운초등학교,2,공립,N,,3.0,1.0,134.0,5.0,27.0,148.0,6.0,22.0,174.0,5.0,19.0,161.0,8.0,13.0,142.0,1.0,10.0,135.0,28.0,92.0,894.0
경상남도교육청,창원교육지원청,경상남도 창원시 마산합포구,S160001432,현동초등학교,2,공립,N,,11.0,12.0,248.0,11.0,18.0,226.0,8.0,12.0,258.0,6.0,19.0,216.0,5.0,13.0,166.0,1.0,10.0,160.0,42.0,84.0,1274.0
경상남도교육청,창원교육지원청,경상남도 창원시 마산회원구,S160001433,회원초등학교,2,공립,N,,0.0,2.0,94.0,9.0,2.0,95.0,8.0,6.0,113.0,3.0,5.0,99.0,8.0,8.0,91.0,5.0,0.0,98.0,33.0,23.0,590.0
경상남도교육청,밀양교육지원청,경상남도 밀양시,S160001497,무안초등학교,2,공립,N,,0.0,1.0,5.0,0.0,0.0,10.0,0.0,0.0,16.0,1.0,2.0,15.0,0.0,0.0,11.0,1.0,1.0,18.0,2.0,4.0,75.0
경상남도교육청,밀양교육지원청,경상남도 밀양시,S160001501,밀성초등학교,2,공립,N,,6.0,1.0,96.0,3.0,4.0,101.0,1.0,0.0,103.0,3.0,1.0,124.0,3.0,1.0,127.0,2.0,3.0,113.0,18.0,10.0,664.0
경상남도교육청,밀양교육지원청,경상남도 밀양시,S160001502,밀양초등학교,2,공립,N,,2.0,5.0,130.0,3.0,6.0,130.0,10.0,2.0,137.0,2.0,2.0,107.0,3.0,3.0,139.0,2.0,0.0,140.0,22.0,18.0,783.0
경상남도교육청,밀양교육지원청,경상남도 밀양시,S160001503,밀주초등학교,2,공립,N,,2.0,0.0,20.0,5.0,0.0,28.0,4.0,0.0,18.0,7.0,1.0,22.0,3.0,1.0,29.0,0.0,2.0,22.0,21.0,4.0,139.0
경상남도교육청,밀양교육지원청,경상남도 밀양시,S160001508,부북초등학교,2,공립,N,,3.0,4.0,27.0,5.0,1.0,19.0,1.0,0.0,18.0,0.0,1.0,14.0,0.0,0.0,15.0,0.0,0.0,14.0,9.0,6.0,107.0
경상남도교육청,밀양교육지원청,경상남도 밀양시,S160001510,사포초등학교,2,공립,N,,0.0,0.0,14.0,0.0,2.0,16.0,0.0,2.0,25.0,0.0,0.0,23.0,2.0,0.0,11.0,0.0,0.0,19.0,2.0,4.0,108.0
경상남도교육청,밀양교육지원청,경상남도 밀양시,S160001511,산내남명초등학교,2,공립,N,,0.0,0.0,0.0,0.0,0.0,4.0,0.0,0.0,2.0,0.0,0.0,0.0,0.0,0.0,4.0,0.0,0.0,3.0,0.0,0.0,13.0
경상남도교육청,밀양교육지원청,경상남도 밀양시,S160001512,산내초등학교,2,공립,N,,0.0,0.0,6.0,0.0,0.0,4.0,0.0,1.0,8.0,0.0,1.0,8.0,1.0,0.0,12.0,0.0,1.0,8.0,1.0,3.0,46.0
경상남도교육청,밀양교육지원청,경상남도 밀양시,S160001514,산동초등학교,2,공립,N,,2.0,0.0,1.0,0.0,0.0,0.0,0.0,0.0,2.0,2.0,0.0,1.0,0.0,1.0,3.0,0.0,0.0,4.0,4.0,1.0,11.0
경상남도교육청,밀양교육지원청,경상남도 밀양시,S160001517,산외초등학교,2,공립,N,,0.0,0.0,6.0,1.0,0.0,9.0,1.0,2.0,12.0,0.0,1.0,10.0,0.0,0.0,9.0,0.0,0.0,12.0,2.0,3.0,58.0
경상남도교육청,밀양교육지원청,경상남도 밀양시,S160001518,삼랑진초등학교,2,공립,N,,0.0,0.0,14.0,0.0,0.0,7.0,1.0,0.0,8.0,2.0,0.0,13.0,0.0,1.0,16.0,0.0,0.0,11.0,3.0,1.0,69.0
경상남도교육청,밀양교육지원청,경상남도 밀양시,S160001519,상남초등학교,2,공립,N,,0.0,0.0,4.0,0.0,0.0,4.0,1.0,1.0,4.0,0.0,0.0,0.0,0.0,2.0,3.0,0.0,0.0,3.0,1.0,3.0,18.0
경상남도교육청,밀양교육지원청,경상남도 밀양시,S160001521,상동초등학교,2,공립,N,,0.0,0.0,7.0,0.0,0.0,3.0,0.0,2.0,7.0,0.0,0.0,5.0,0.0,0.0,4.0,1.0,0.0,9.0,1.0,2.0,35.0
경상남도교육청,밀양교육지원청,경상남도 밀양시,S160001524,송진초등학교,2,공립,N,,0.0,0.0,7.0,0.0,0.0,7.0,1.0,0.0,6.0,0.0,1.0,5.0,1.0,0.0,10.0,0.0,1.0,4.0,2.0,2.0,39.0
경상남도교육청,밀양교육지원청,경상남도 밀양시,S160001525,수산초등학교,2,공립,N,,0.0,0.0,26.0,2.0,1.0,35.0,0.0,1.0,34.0,1.0,2.0,37.0,1.0,0.0,35.0,1.0,3.0,29.0,5.0,7.0,196.0
경상남도교육청,밀양교육지원청,경상남도 밀양시,S160001526,숭진초등학교,2,공립,N,,1.0,0.0,6.0,0.0,0.0,5.0,0.0,1.0,3.0,1.0,0.0,1.0,0.0,0.0,1.0,0.0,1.0,2.0,2.0,2.0,18.0
경상남도교육청,밀양교육지원청,경상남도 밀양시,S160001534,예림초등학교,2,공립,N,,4.0,1.0,52.0,1.0,2.0,61.0,1.0,1.0,46.0,1.0,3.0,68.0,3.0,4.0,61.0,0.0,0.0,46.0,10.0,11.0,334.0
경상남도교육청,밀양교육지원청,경상남도 밀양시,S160001542,청도초등학교,2,공립,N,,1.0,1.0,5.0,0.0,0.0,3.0,0.0,0.0,2.0,1.0,1.0,1.0,0.0,0.0,5.0,0.0,0.0,0.0,2.0,2.0,16.0
경상남도교육청,밀양교육지원청,경상남도 밀양시,S160001544,초동초등학교,2,공립,N,,1.0,0.0,10.0,0.0,0.0,7.0,0.0,0.0,8.0,0.0,0.0,7.0,0.0,0.0,5.0,3.0,1.0,6.0,4.0,1.0,43.0
경상남도교육청,밀양교육지원청,경상남도 밀양시,S160001546,태룡초등학교,2,공립,N,,0.0,0.0,1.0,0.0,2.0,3.0,0.0,0.0,6.0,0.0,0.0,1.0,0.0,0.0,4.0,0.0,0.0,2.0,0.0,2.0,17.0
경상남도교육청,사천교육지원청,경상남도 사천시,S160001605,곤양초등학교,2,공립,N,,1.0,0.0,11.0,0.0,1.0,17.0,0.0,0.0,12.0,1.0,1.0,14.0,0.0,0.0,16.0,1.0,0.0,10.0,3.0,2.0,80.0
경상남도교육청,사천교육지원청,경상남도 사천시,S160001610,남양초등학교,2,공립,N,,0.0,1.0,20.0,2.0,2.0,16.0,1.0,1.0,18.0,1.0,1.0,27.0,2.0,0.0,24.0,0.0,1.0,29.0,6.0,6.0,134.0
경상남도교육청,사천교육지원청,경상남도 사천시,S160001611,노산초등학교,2,공립,N,,0.0,0.0,40.0,0.0,0.0,31.0,0.0,1.0,30.0,1.0,0.0,37.0,1.0,1.0,33.0,0.0,0.0,39.0,2.0,2.0,210.0
경상남도교육청,사천교육지원청,경상남도 사천시,S160001615,대방초등학교,2,공립,N,,3.0,0.0,13.0,0.0,0.0,16.0,0.0,2.0,18.0,1.0,1.0,18.0,0.0,1.0,25.0,0.0,0.0,11.0,4.0,4.0,101.0
경상남도교육청,사천교육지원청,경상남도 사천시,S160001618,대성초등학교,2,공립,N,,3.0,1.0,37.0,3.0,2.0,34.0,6.0,3.0,42.0,2.0,1.0,32.0,6.0,1.0,39.0,2.0,1.0,29.0,22.0,9.0,213.0
경상남도교육청,사천교육지원청,경상남도 사천시,S160001620,동성초등학교,2,공립,N,,5.0,4.0,131.0,22.0,10.0,130.0,24.0,7.0,129.0,12.0,3.0,100.0,8.0,4.0,133.0,2.0,1.0,103.0,73.0,29.0,726.0
경상남도교육청,사천교육지원청,경상남도 사천시,S160001621,문선초등학교,2,공립,N,,2.0,0.0,99.0,6.0,5.0,113.0,4.0,0.0,142.0,1.0,2.0,111.0,1.0,5.0,141.0,1.0,0.0,132.0,15.0,12.0,738.0
경상남도교육청,사천교육지원청,경상남도 사천시,S160001626,사천초등학교,2,공립,N,,6.0,0.0,39.0,1.0,5.0,50.0,3.0,4.0,50.0,3.0,4.0,95.0,4.0,3.0,89.0,0.0,2.0,80.0,17.0,18.0,403.0
경상남도교육청,사천교육지원청,경상남도 사천시,S160001627,삼성초등학교,2,공립,N,,3.0,4.0,119.0,6.0,6.0,110.0,3.0,12.0,105.0,4.0,5.0,95.0,6.0,9.0,105.0,1.0,3.0,110.0,23.0,39.0,644.0
경상남도교육청,사천교육지원청,경상남도 사천시,S160001630,삼천포초등학교,2,공립,N,,1.0,3.0,21.0,0.0,1.0,9.0,0.0,3.0,21.0,3.0,1.0,22.0,0.0,0.0,20.0,0.0,1.0,29.0,4.0,9.0,122.0
경상남도교육청,사천교육지원청,경상남도 사천시,S160001634,서포초등학교,2,공립,N,,0.0,0.0,6.0,0.0,0.0,7.0,1.0,0.0,5.0,1.0,0.0,8.0,0.0,0.0,7.0,0.0,0.0,13.0,2.0,0.0,46.0
경상남도교육청,사천교육지원청,경상남도 사천시,S160001638,삼천포초등학교신수도분교장,2,공립,N,,0.0,0.0,0.0,0.0,0.0,0.0,0.0,0.0,0.0,0.0,0.0,0.0,0.0,0.0,1.0,0.0,0.0,1.0,0.0,0.0,2.0
경상남도교육청,사천교육지원청,경상남도 사천시,S160001644,곤명초등학교,2,공립,N,,1.0,0.0,10.0,0.0,0.0,5.0,1.0,2.0,3.0,1.0,0.0,5.0,1.0,3.0,8.0,0.0,1.0,4.0,4.0,6.0,35.0
경상남도교육청,사천교육지원청,경상남도 사천시,S160001645,용산초등학교,2,공립,N,,0.0,2.0,57.0,3.0,5.0,49.0,4.0,7.0,86.0,3.0,3.0,91.0,2.0,2.0,89.0,0.0,4.0,121.0,12.0,23.0,493.0
경상남도교육청,사천교육지원청,경상남도 사천시,S160001646,용현초등학교,2,공립,N,,0.0,1.0,41.0,3.0,1.0,34.0,3.0,0.0,55.0,1.0,1.0,50.0,1.0,0.0,39.0,2.0,1.0,41.0,10.0,4.0,260.0
경상남도교육청,사천교육지원청,경상남도 사천시,S160001648,정동초등학교,2,공립,N,,3.0,1.0,40.0,2.0,7.0,49.0,1.0,4.0,49.0,3.0,4.0,47.0,0.0,5.0,42.0,1.0,2.0,43.0,10.0,23.0,270.0
경상남도교육청,사천교육지원청,경상남도 사천시,S160001651,축동초등학교,2,공립,N,,0.0,2.0,12.0,0.0,0.0,6.0,2.0,0.0,16.0,0.0,1.0,9.0,0.0,1.0,13.0,0.0,0.0,11.0,2.0,4.0,67.0
경상남도교육청,산청교육지원청,경상남도 산청군,S160001698,금서초등학교,2,공립,N,,0.0,0.0,2.0,1.0,0.0,1.0,0.0,1.0,5.0,1.0,0.0,3.0,0.0,1.0,3.0,0.0,0.0,5.0,2.0,2.0,19.0
경상남도교육청,산청교육지원청,경상남도 산청군,S160001704,단계초등학교,2,공립,N,,0.0,0.0,6.0,0.0,0.0,10.0,0.0,0.0,4.0,0.0,0.0,10.0,1.0,0.0,2.0,0.0,0.0,8.0,1.0,0.0,40.0
경상남도교육청,산청교육지원청,경상남도 산청군,S160001706,단성초등학교,2,공립,N,,4.0,2.0,11.0,2.0,1.0,8.0,0.0,2.0,20.0,1.0,0.0,19.0,0.0,0.0,10.0,0.0,0.0,10.0,7.0,5.0,78.0
경상남도교육청,산청교육지원청,경상남도 산청군,S160001712,덕산초등학교,2,공립,N,,0.0,0.0,7.0,0.0,0.0,13.0,0.0,1.0,19.0,0.0,2.0,20.0,0.0,0.0,16.0,0.0,1.0,14.0,0.0,4.0,89.0
경상남도교육청,산청교육지원청,경상남도 산청군,S160001713,도산초등학교,2,공립,N,,0.0,1.0,4.0,0.0,0.0,6.0,0.0,2.0,7.0,0.0,0.0,5.0,2.0,0.0,8.0,0.0,0.0,8.0,2.0,3.0,38.0
경상남도교육청,산청교육지원청,경상남도 산청군,S160001719,산청초등학교,2,공립,N,,2.0,0.0,37.0,3.0,2.0,50.0,4.0,0.0,52.0,2.0,1.0,48.0,5.0,3.0,88.0,0.0,1.0,61.0,16.0,7.0,336.0
경상남도교육청,산청교육지원청,경상남도 산청군,S160001720,삼장초등학교,2,공립,N,,0.0,0.0,0.0,0.0,2.0,2.0,2.0,0.0,4.0,0.0,0.0,5.0,1.0,0.0,7.0,0.0,0.0,4.0,3.0,2.0,22.0
경상남도교육청,산청교육지원청,경상남도 산청군,S160001722,생비량초등학교,2,공립,N,,0.0,0.0,2.0,0.0,0.0,3.0,0.0,0.0,3.0,0.0,0.0,4.0,1.0,0.0,4.0,0.0,0.0,2.0,1.0,0.0,18.0
경상남도교육청,산청교육지원청,경상남도 산청군,S160001724,생초초등학교,2,공립,N,,0.0,2.0,3.0,0.0,0.0,4.0,0.0,0.0,1.0,0.0,0.0,4.0,0.0,0.0,2.0,0.0,0.0,4.0,0.0,2.0,18.0
경상남도교육청,산청교육지원청,경상남도 산청군,S160001729,신안초등학교,2,공립,N,,2.0,2.0,31.0,1.0,3.0,31.0,0.0,1.0,23.0,2.0,4.0,28.0,0.0,1.0,39.0,0.0,3.0,28.0,5.0,14.0,180.0
경상남도교육청,산청교육지원청,경상남도 산청군,S160001730,신천초등학교,2,공립,N,,0.0,0.0,1.0,0.0,0.0,2.0,0.0,0.0,5.0,0.0,0.0,2.0,1.0,0.0,5.0,0.0,0.0,7.0,1.0,0.0,22.0
경상남도교육청,산청교육지원청,경상남도 산청군,S160001734,오부초등학교,2,공립,N,,0.0,0.0,3.0,0.0,0.0,4.0,0.0,0.0,6.0,0.0,1.0,3.0,0.0,0.0,3.0,0.0,0.0,4.0,0.0,1.0,23.0
경상남도교육청,산청교육지원청,경상남도 산청군,S160001745,차황초등학교,2,공립,N,,2.0,0.0,5.0,0.0,0.0,3.0,0.0,1.0,2.0,0.0,0.0,3.0,0.0,0.0,1.0,1.0,0.0,3.0,3.0,1.0,17.0
경상남도교육청,양산교육지원청,경상남도 양산시,S160001795,덕계초등학교,2,공립,N,,0.0,5.0,112.0,0.0,37.0,62.0,0.0,41.0,90.0,0.0,42.0,106.0,0.0,32.0,97.0,0.0,13.0,96.0,0.0,170.0,563.0
경상남도교육청,양산교육지원청,경상남도 양산시,S160001797,동산초등학교,2,공립,N,,2.0,4.0,66.0,1.0,2.0,50.0,7.0,5.0,65.0,3.0,4.0,55.0,1.0,3.0,90.0,4.0,4.0,66.0,18.0,22.0,392.0
경상남도교육청,양산교육지원청,경상남도 양산시,S160001798,물금초등학교,2,공립,N,,6.0,2.0,90.0,6.0,3.0,67.0,14.0,3.0,77.0,11.0,4.0,64.0,10.0,4.0,67.0,8.0,3.0,46.0,55.0,19.0,411.0
경상남도교육청,양산교육지원청,경상남도 양산시,S160001800,범어초등학교,2,공립,N,,1.0,1.0,35.0,2.0,3.0,27.0,4.0,1.0,24.0,7.0,5.0,34.0,1.0,2.0,25.0,3.0,1.0,27.0,18.0,13.0,172.0
경상남도교육청,양산교육지원청,경상남도 양산시,S160001801,삼성초등학교,2,공립,N,,3.0,5.0,51.0,3.0,2.0,37.0,6.0,5.0,48.0,2.0,3.0,49.0,3.0,1.0,49.0,7.0,1.0,60.0,24.0,17.0,294.0
경상남도교육청,양산교육지원청,경상남도 양산시,S160001802,상북초등학교,2,공립,N,,1.0,0.0,26.0,0.0,1.0,31.0,3.0,1.0,30.0,1.0,3.0,40.0,2.0,0.0,29.0,1.0,2.0,37.0,8.0,7.0,193.0
경상남도교육청,양산교육지원청,경상남도 양산시,S160001803,서남초등학교,2,공립,N,,7.0,5.0,81.0,3.0,7.0,89.0,3.0,12.0,106.0,3.0,10.0,86.0,1.0,5.0,106.0,1.0,6.0,95.0,18.0,45.0,563.0
경상남도교육청,양산교육지원청,경상남도 양산시,S160001804,서창초등학교,2,공립,N,,3.0,3.0,49.0,2.0,5.0,41.0,1.0,6.0,71.0,2.0,5.0,53.0,2.0,7.0,76.0,1.0,3.0,70.0,11.0,29.0,360.0
경상남도교육청,양산교육지원청,경상남도 양산시,S160001806,소토초등학교,2,공립,N,,2.0,1.0,29.0,1.0,2.0,26.0,1.0,1.0,20.0,1.0,3.0,28.0,1.0,2.0,23.0,0.0,5.0,24.0,6.0,14.0,150.0
경상남도교육청,양산교육지원청,경상남도 양산시,S160001807,신기초등학교,2,공립,N,,2.0,4.0,45.0,3.0,4.0,56.0,5.0,4.0,59.0,2.0,2.0,51.0,2.0,0.0,50.0,2.0,1.0,39.0,16.0,15.0,300.0
경상남도교육청,양산교육지원청,경상남도 양산시,S160001808,양산초등학교,2,공립,N,,0.0,0.0,49.0,0.0,0.0,48.0,0.0,0.0,61.0,0.0,0.0,56.0,0.0,0.0,44.0,0.0,5.0,60.0,0.0,5.0,318.0
경상남도교육청,양산교육지원청,경상남도 양산시,S160001809,양주초등학교,2,공립,N,,3.0,1.0,63.0,2.0,3.0,55.0,4.0,10.0,85.0,6.0,8.0,67.0,2.0,4.0,50.0,2.0,1.0,66.0,19.0,27.0,386.0
경상남도교육청,양산교육지원청,경상남도 양산시,S160001810,어곡초등학교,2,공립,N,,0.0,3.0,50.0,0.0,6.0,34.0,2.0,3.0,36.0,1.0,11.0,46.0,1.0,1.0,38.0,1.0,2.0,44.0,5.0,26.0,248.0
경상남도교육청,양산교육지원청,경상남도 양산시,S160001811,영천초등학교,2,공립,N,,0.0,1.0,1.0,1.0,1.0,5.0,0.0,0.0,6.0,0.0,0.0,6.0,0.0,0.0,10.0,0.0,1.0,12.0,1.0,3.0,40.0
경상남도교육청,양산교육지원청,경상남도 양산시,S160001812,오봉초등학교,2,공립,N,,0.0,3.0,41.0,0.0,2.0,44.0,0.0,3.0,53.0,0.0,5.0,46.0,0.0,1.0,38.0,1.0,1.0,47.0,1.0,15.0,269.0
경상남도교육청,양산교육지원청,경상남도 양산시,S160001813,용연초등학교,2,공립,N,,1.0,2.0,10.0,3.0,2.0,14.0,0.0,0.0,6.0,0.0,1.0,6.0,2.0,0.0,7.0,0.0,1.0,5.0,6.0,6.0,48.0
경상남도교육청,양산교육지원청,경상남도 양산시,S160001814,웅상초등학교,2,공립,N,,5.0,10.0,129.0,9.0,9.0,121.0,8.0,15.0,135.0,10.0,15.0,128.0,7.0,8.0,143.0,5.0,5.0,118.0,44.0,62.0,774.0
경상남도교육청,양산교육지원청,경상남도 양산시,S160001815,원동초등학교,2,공립,N,,0.0,0.0,4.0,0.0,1.0,3.0,1.0,0.0,5.0,0.0,0.0,2.0,0.0,0.0,3.0,1.0,0.0,4.0,2.0,1.0,21.0
경상남도교육청,양산교육지원청,경상남도 양산시,S160001817,원동초등학교이천분교장,2,공립,N,,0.0,0.0,2.0,0.0,0.0,0.0,0.0,0.0,3.0,0.0,0.0,2.0,1.0,1.0,2.0,0.0,1.0,2.0,1.0,2.0,11.0
경상남도교육청,양산교육지원청,경상남도 양산시,S160001818,좌삼초등학교,2,공립,N,,1.0,0.0,6.0,2.0,0.0,3.0,0.0,0.0,13.0,1.0,0.0,7.0,1.0,0.0,13.0,0.0,0.0,5.0,5.0,0.0,47.0
경상남도교육청,양산교육지원청,경상남도 양산시,S160001819,중부초등학교,2,공립,N,,4.0,5.0,85.0,11.0,5.0,88.0,11.0,7.0,102.0,13.0,5.0,94.0,4.0,7.0,103.0,4.0,2.0,99.0,47.0,31.0,571.0
경상남도교육청,양산교육지원청,경상남도 양산시,S160001820,천성초등학교,2,공립,N,,4.0,4.0,92.0,8.0,8.0,105.0,11.0,11.0,106.0,7.0,7.0,114.0,5.0,5.0,63.0,6.0,6.0,77.0,41.0,41.0,557.0
경상남도교육청,양산교육지원청,경상남도 양산시,S160001821,평산초등학교,2,공립,N,,1.0,5.0,102.0,9.0,12.0,121.0,8.0,12.0,120.0,2.0,9.0,113.0,8.0,14.0,120.0,1.0,3.0,94.0,29.0,55.0,670.0
경상남도교육청,양산교육지원청,경상남도 양산시,S160001822,하북초등학교,2,공립,N,,0.0,1.0,14.0,1.0,1.0,22.0,0.0,1.0,20.0,2.0,0.0,20.0,1.0,2.0,28.0,2.0,0.0,20.0,6.0,5.0,124.0
경상남도교육청,양산교육지원청,경상남도 양산시,S160001823,화제초등학교,2,공립,N,,0.0,0.0,20.0,0.0,0.0,18.0,0.0,0.0,14.0,0.0,0.0,9.0,0.0,0.0,17.0,0.0,0.0,17.0,0.0,0.0,95.0
경상남도교육청,의령교육지원청,경상남도 의령군,S160001856,가례초등학교,2,공립,N,,0.0,0.0,4.0,1.0,2.0,5.0,0.0,2.0,3.0,0.0,0.0,1.0,0.0,0.0,1.0,0.0,0.0,4.0,1.0,4.0,18.0
경상남도교육청,의령교육지원청,경상남도 의령군,S160001859,남산초등학교궁류분교장,2,공립,N,,0.0,0.0,0.0,0.0,0.0,3.0,0.0,0.0,1.0,0.0,0.0,0.0,0.0,0.0,2.0,0.0,0.0,2.0,0.0,0.0,8.0
경상남도교육청,의령교육지원청,경상남도 의령군,S160001861,낙서초등학교,2,공립,N,,1.0,0.0,2.0,0.0,0.0,1.0,0.0,1.0,3.0,0.0,0.0,3.0,0.0,0.0,1.0,0.0,0.0,1.0,1.0,1.0,11.0
경상남도교육청,의령교육지원청,경상남도 의령군,S160001863,남산초등학교,2,공립,N,,0.0,1.0,18.0,1.0,2.0,13.0,2.0,0.0,25.0,0.0,0.0,20.0,1.0,0.0,18.0,1.0,0.0,22.0,5.0,3.0,116.0
경상남도교육청,의령교육지원청,경상남도 의령군,S160001865,대의초등학교,2,공립,N,,1.0,0.0,2.0,0.0,0.0,3.0,2.0,0.0,2.0,1.0,0.0,4.0,1.0,0.0,3.0,2.0,0.0,2.0,7.0,0.0,16.0
경상남도교육청,의령교육지원청,경상남도 의령군,S160001875,부림초등학교봉수분교장,2,공립,N,,1.0,0.0,4.0,0.0,0.0,1.0,0.0,0.0,0.0,0.0,0.0,2.0,0.0,0.0,2.0,0.0,0.0,0.0,1.0,0.0,9.0
경상남도교육청,의령교육지원청,경상남도 의령군,S160001877,부림초등학교,2,공립,N,,1.0,0.0,7.0,0.0,0.0,11.0,2.0,0.0,11.0,0.0,2.0,13.0,1.0,0.0,14.0,1.0,1.0,14.0,5.0,3.0,70.0
경상남도교육청,의령교육지원청,경상남도 의령군,S160001885,용덕초등학교,2,공립,N,,0.0,0.0,7.0,0.0,0.0,3.0,0.0,0.0,7.0,0.0,0.0,5.0,0.0,1.0,4.0,0.0,0.0,5.0,0.0,1.0,31.0
경상남도교육청,의령교육지원청,경상남도 의령군,S160001888,유곡초등학교,2,공립,N,,0.0,0.0,2.0,0.0,0.0,2.0,0.0,0.0,1.0,0.0,0.0,2.0,0.0,0.0,0.0,1.0,0.0,1.0,1.0,0.0,8.0
경상남도교육청,의령교육지원청,경상남도 의령군,S160001890,의령초등학교,2,공립,N,,1.0,1.0,45.0,1.0,0.0,50.0,2.0,2.0,65.0,1.0,1.0,58.0,2.0,4.0,66.0,0.0,2.0,62.0,7.0,10.0,346.0
경상남도교육청,의령교육지원청,경상남도 의령군,S160001893,정곡초등학교,2,공립,N,,0.0,1.0,6.0,0.0,1.0,3.0,0.0,0.0,3.0,0.0,0.0,3.0,0.0,0.0,0.0,0.0,0.0,4.0,0.0,2.0,19.0
경상남도교육청,의령교육지원청,경상남도 의령군,S160001900,지정초등학교,2,공립,N,,0.0,0.0,3.0,0.0,0.0,0.0,1.0,0.0,3.0,1.0,0.0,7.0,1.0,0.0,1.0,0.0,0.0,4.0,3.0,0.0,18.0
경상남도교육청,의령교육지원청,경상남도 의령군,S160001903,칠곡초등학교,2,공립,N,,0.0,0.0,1.0,0.0,2.0,4.0,1.0,0.0,3.0,2.0,2.0,4.0,1.0,1.0,3.0,0.0,1.0,5.0,4.0,6.0,20.0
경상남도교육청,의령교육지원청,경상남도 의령군,S160001907,화정초등학교,2,공립,N,,0.0,0.0,2.0,0.0,0.0,1.0,0.0,0.0,2.0,0.0,0.0,2.0,0.0,0.0,4.0,0.0,0.0,4.0,0.0,0.0,15.0
경상남도교육청,진주교육지원청,경상남도 진주시,S160001961,가람초등학교,2,공립,N,,1.0,1.0,86.0,4.0,3.0,80.0,2.0,3.0,93.0,5.0,6.0,116.0,4.0,5.0,91.0,3.0,2.0,109.0,19.0,20.0,575.0
경상남도교육청,진주교육지원청,경상남도 진주시,S160001967,관봉초등학교,2,공립,N,,3.0,2.0,21.0,2.0,2.0,19.0,1.0,3.0,14.0,0.0,1.0,18.0,0.0,3.0,17.0,1.0,0.0,16.0,7.0,11.0,105.0
경상남도교육청,진주교육지원청,경상남도 진주시,S160001968,금곡초등학교,2,공립,N,,0.0,0.0,3.0,0.0,0.0,3.0,0.0,0.0,3.0,0.0,0.0,9.0,0.0,0.0,9.0,0.0,1.0,7.0,0.0,1.0,34.0
경상남도교육청,진주교육지원청,경상남도 진주시,S160001970,금산초등학교,2,공립,N,,0.0,6.0,124.0,1.0,2.0,91.0,0.0,6.0,137.0,2.0,2.0,112.0,0.0,13.0,139.0,4.0,3.0,107.0,7.0,32.0,710.0
경상남도교육청,진주교육지원청,경상남도 진주시,S160001971,금성초등학교,2,공립,N,,5.0,1.0,45.0,4.0,3.0,72.0,4.0,4.0,67.0,5.0,2.0,78.0,4.0,2.0,85.0,1.0,3.0,72.0,23.0,15.0,419.0
경상남도교육청,진주교육지원청,경상남도 진주시,S160001973,남강초등학교,2,공립,N,,3.0,2.0,56.0,3.0,3.0,62.0,4.0,2.0,60.0,6.0,6.0,76.0,10.0,5.0,79.0,2.0,7.0,79.0,28.0,25.0,412.0
경상남도교육청,진주교육지원청,경상남도 진주시,S160001975,내동초등학교,2,공립,N,,3.0,0.0,41.0,0.0,3.0,32.0,1.0,3.0,42.0,1.0,2.0,43.0,5.0,2.0,37.0,3.0,2.0,36.0,13.0,12.0,231.0
경상남도교육청,진주교육지원청,경상남도 진주시,S160001978,대곡초등학교,2,공립,N,,1.0,0.0,20.0,7.0,0.0,10.0,5.0,0.0,22.0,4.0,0.0,15.0,6.0,0.0,10.0,5.0,0.0,16.0,28.0,0.0,93.0
경상남도교육청,진주교육지원청,경상남도 진주시,S160001986,도동초등학교,2,공립,N,,1.0,3.0,88.0,2.0,3.0,62.0,5.0,8.0,109.0,3.0,9.0,104.0,4.0,6.0,103.0,1.0,1.0,87.0,16.0,30.0,553.0
경상남도교육청,진주교육지원청,경상남도 진주시,S160001992,동진초등학교,2,공립,N,,1.0,3.0,44.0,2.0,2.0,69.0,2.0,1.0,54.0,1.0,2.0,79.0,3.0,2.0,65.0,3.0,1.0,86.0,12.0,11.0,397.0
경상남도교육청,진주교육지원청,경상남도 진주시,S160001996,망경초등학교,2,공립,N,,1.0,2.0,43.0,0.0,0.0,30.0,1.0,2.0,35.0,1.0,0.0,36.0,1.0,1.0,43.0,1.0,1.0,36.0,5.0,6.0,223.0
경상남도교육청,진주교육지원청,경상남도 진주시,S160001999,문산초등학교,2,공립,N,,3.0,4.0,73.0,3.0,6.0,60.0,4.0,5.0,89.0,1.0,3.0,66.0,3.0,6.0,63.0,4.0,0.0,70.0,18.0,24.0,421.0
경상남도교육청,진주교육지원청,경상남도 진주시,S160002001,반성초등학교,2,공립,N,,0.0,0.0,15.0,1.0,0.0,11.0,0.0,0.0,10.0,2.0,0.0,9.0,0.0,1.0,16.0,0.0,1.0,19.0,3.0,2.0,80.0
경상남도교육청,진주교육지원청,경상남도 진주시,S160002004,배영초등학교,2,공립,N,,4.0,2.0,58.0,5.0,5.0,67.0,4.0,6.0,68.0,3.0,3.0,87.0,4.0,3.0,74.0,0.0,1.0,76.0,20.0,20.0,430.0
경상남도교육청,진주교육지원청,경상남도 진주시,S160002005,봉곡초등학교,2,공립,N,,2.0,5.0,33.0,2.0,2.0,30.0,1.0,2.0,41.0,0.0,3.0,28.0,5.0,3.0,36.0,0.0,0.0,36.0,10.0,15.0,204.0
경상남도교육청,진주교육지원청,경상남도 진주시,S160002006,봉래초등학교,2,공립,N,,4.0,1.0,26.0,2.0,2.0,27.0,3.0,1.0,47.0,3.0,2.0,50.0,4.0,4.0,63.0,1.0,3.0,61.0,17.0,13.0,274.0
경상남도교육청,진주교육지원청,경상남도 진주시,S160002007,봉원초등학교,2,공립,N,,0.0,1.0,33.0,1.0,4.0,40.0,3.0,3.0,50.0,3.0,5.0,47.0,2.0,4.0,50.0,2.0,0.0,48.0,11.0,17.0,268.0
경상남도교육청,진주교육지원청,경상남도 진주시,S160002010,사봉초등학교,2,공립,N,,0.0,0.0,7.0,0.0,0.0,4.0,0.0,0.0,8.0,0.0,0.0,7.0,0.0,0.0,7.0,0.0,0.0,6.0,0.0,0.0,39.0
경상남도교육청,진주교육지원청,경상남도 진주시,S160002014,선학초등학교,2,공립,N,,1.0,2.0,47.0,1.0,5.0,55.0,2.0,4.0,51.0,2.0,3.0,66.0,0.0,5.0,47.0,2.0,0.0,60.0,8.0,19.0,326.0
경상남도교육청,진주교육지원청,경상남도 진주시,S160002017,수곡초등학교,2,공립,N,,2.0,1.0,9.0,2.0,0.0,9.0,0.0,1.0,9.0,0.0,0.0,12.0,2.0,2.0,11.0,1.0,0.0,12.0,7.0,4.0,62.0
경상남도교육청,진주교육지원청,경상남도 진주시,S160002018,수정초등학교,2,공립,N,,6.0,4.0,187.0,9.0,10.0,169.0,2.0,13.0,183.0,5.0,16.0,196.0,8.0,8.0,205.0,13.0,10.0,193.0,43.0,61.0,1133.0
경상남도교육청,진주교육지원청,경상남도 진주시,S160002019,신안초등학교,2,공립,N,,3.0,4.0,86.0,2.0,4.0,66.0,2.0,4.0,81.0,4.0,3.0,84.0,5.0,4.0,89.0,0.0,0.0,74.0,16.0,19.0,480.0
경상남도교육청,진주교육지원청,경상남도 진주시,S160002020,신진초등학교,2,공립,N,,10.0,3.0,112.0,10.0,5.0,86.0,11.0,6.0,107.0,13.0,6.0,115.0,9.0,5.0,116.0,3.0,0.0,122.0,56.0,25.0,658.0
경상남도교육청,진주교육지원청,경상남도 진주시,S160002021,미천초등학교,2,공립,N,,0.0,0.0,22.0,1.0,0.0,7.0,5.0,0.0,9.0,4.0,0.0,12.0,3.0,1.0,13.0,0.0,0.0,4.0,13.0,1.0,67.0
경상남도교육청,진주교육지원청,경상남도 진주시,S160002023,예하초등학교,2,공립,N,,8.0,2.0,90.0,14.0,8.0,74.0,8.0,2.0,76.0,13.0,2.0,64.0,10.0,3.0,46.0,3.0,3.0,50.0,56.0,20.0,400.0
경상남도교육청,진주교육지원청,경상남도 진주시,S160002027,명석초등학교,2,공립,N,,1.0,0.0,15.0,2.0,0.0,16.0,0.0,0.0,9.0,2.0,2.0,23.0,0.0,2.0,17.0,1.0,0.0,11.0,6.0,4.0,91.0
경상남도교육청,진주교육지원청,경상남도 진주시,S160002036,이반성초등학교,2,공립,N,,0.0,0.0,5.0,0.0,0.0,3.0,1.0,0.0,5.0,4.0,0.0,13.0,0.0,0.0,2.0,0.0,0.0,3.0,5.0,0.0,31.0
경상남도교육청,진주교육지원청,경상남도 진주시,S160002038,장재초등학교,2,공립,N,,2.0,8.0,233.0,10.0,16.0,211.0,14.0,26.0,205.0,10.0,21.0,246.0,7.0,18.0,232.0,2.0,9.0,181.0,45.0,98.0,1308.0
경상남도교육청,진주교육지원청,경상남도 진주시,S160002040,정촌초등학교,2,공립,N,,1.0,2.0,78.0,3.0,3.0,67.0,3.0,3.0,101.0,2.0,4.0,96.0,2.0,4.0,104.0,2.0,3.0,100.0,13.0,19.0,546.0
경상남도교육청,진주교육지원청,경상남도 진주시,S160002041,진주초등학교,2,공립,N,,0.0,1.0,30.0,1.0,1.0,27.0,3.0,3.0,35.0,1.0,3.0,54.0,1.0,2.0,48.0,0.0,2.0,46.0,6.0,12.0,240.0
경상남도교육청,진주교육지원청,경상남도 진주시,S160002042,지수초등학교,2,공립,N,,0.0,3.0,8.0,0.0,1.0,3.0,0.0,4.0,14.0,2.0,0.0,6.0,1.0,0.0,8.0,2.0,0.0,9.0,5.0,8.0,48.0
경상남도교육청,진주교육지원청,경상남도 진주시,S160002044,진성초등학교,2,공립,N,,0.0,3.0,23.0,5.0,2.0,28.0,2.0,1.0,20.0,4.0,1.0,11.0,2.0,0.0,13.0,0.0,0.0,10.0,13.0,7.0,105.0
경상남도교육청,진주교육지원청,경상남도 진주시,S160002047,집현초등학교,2,공립,N,,0.0,1.0,26.0,3.0,1.0,19.0,1.0,0.0,31.0,1.0,0.0,36.0,1.0,1.0,34.0,1.0,0.0,31.0,7.0,3.0,177.0
경상남도교육청,진주교육지원청,경상남도 진주시,S160002048,천전초등학교,2,공립,N,,0.0,3.0,43.0,1.0,1.0,46.0,2.0,1.0,48.0,3.0,2.0,49.0,5.0,0.0,57.0,1.0,0.0,51.0,12.0,7.0,294.0
경상남도교육청,진주교육지원청,경상남도 진주시,S160002050,촉석초등학교,2,공립,N,,5.0,1.0,86.0,3.0,8.0,87.0,3.0,4.0,99.0,3.0,7.0,94.0,1.0,4.0,100.0,2.0,4.0,118.0,17.0,28.0,584.0
경상남도교육청,진주교육지원청,경상남도 진주시,S160002051,평거초등학교,2,공립,N,,3.0,4.0,51.0,2.0,6.0,47.0,3.0,2.0,52.0,5.0,2.0,51.0,2.0,4.0,60.0,1.0,1.0,39.0,16.0,19.0,300.0
경상남도교육청,창원교육지원청,경상남도 창원시 진해구,S160002131,경화초등학교,2,공립,N,,1.0,5.0,75.0,4.0,12.0,83.0,3.0,11.0,90.0,4.0,10.0,86.0,6.0,7.0,65.0,1.0,4.0,71.0,19.0,49.0,470.0
경상남도교육청,창원교육지원청,경상남도 창원시 진해구,S160002134,진해남산초등학교,2,공립,N,,2.0,0.0,37.0,1.0,1.0,40.0,0.0,1.0,43.0,1.0,1.0,53.0,1.0,0.0,40.0,1.0,1.0,33.0,6.0,4.0,246.0
경상남도교육청,창원교육지원청,경상남도 창원시 진해구,S160002137,대야초등학교,2,공립,N,,1.0,4.0,23.0,5.0,5.0,31.0,3.0,5.0,29.0,1.0,2.0,45.0,3.0,2.0,29.0,1.0,0.0,42.0,14.0,18.0,199.0
경상남도교육청,창원교육지원청,경상남도 창원시 진해구,S160002139,덕산초등학교,2,공립,N,,2.0,6.0,135.0,6.0,11.0,158.0,7.0,17.0,154.0,9.0,10.0,169.0,7.0,8.0,140.0,1.0,10.0,178.0,32.0,62.0,934.0
경상남도교육청,창원교육지원청,경상남도 창원시 진해구,S160002141,도천초등학교,2,공립,N,,15.0,17.0,115.0,11.0,16.0,112.0,16.0,11.0,137.0,11.0,23.0,127.0,10.0,13.0,141.0,4.0,10.0,128.0,67.0,90.0,760.0
경상남도교육청,창원교육지원청,경상남도 창원시 진해구,S160002142,동부초등학교,2,공립,N,,2.0,1.0,71.0,2.0,3.0,71.0,4.0,1.0,78.0,0.0,4.0,92.0,0.0,6.0,99.0,3.0,2.0,103.0,11.0,17.0,514.0
경상남도교육청,창원교육지원청,경상남도 창원시 진해구,S160002158,안청초등학교,2,공립,N,,5.0,5.0,176.0,4.0,5.0,193.0,14.0,10.0,218.0,6.0,14.0,217.0,10.0,13.0,250.0,6.0,7.0,201.0,45.0,54.0,1255.0
경상남도교육청,창원교육지원청,경상남도 창원시 진해구,S160002166,용원초등학교,2,공립,N,,2.0,2.0,23.0,6.0,0.0,32.0,6.0,3.0,27.0,3.0,2.0,20.0,4.0,1.0,26.0,1.0,0.0,18.0,22.0,8.0,146.0
경상남도교육청,창원교육지원청,경상남도 창원시 진해구,S160002170,웅동초등학교,2,공립,N,,5.0,2.0,66.0,4.0,9.0,53.0,5.0,10.0,72.0,4.0,11.0,77.0,5.0,12.0,67.0,3.0,7.0,74.0,26.0,51.0,409.0
경상남도교육청,창원교육지원청,경상남도 창원시 진해구,S160002171,웅천초등학교,2,공립,N,,7.0,13.0,185.0,10.0,8.0,178.0,16.0,14.0,178.0,10.0,12.0,155.0,9.0,6.0,120.0,7.0,8.0,122.0,59.0,61.0,938.0
경상남도교육청,창원교육지원청,경상남도 창원시 진해구,S160002176,자은초등학교,2,공립,N,,3.0,0.0,50.0,3.0,5.0,49.0,6.0,8.0,80.0,2.0,5.0,65.0,3.0,7.0,89.0,0.0,0.0,72.0,17.0,25.0,405.0
경상남도교육청,창원교육지원청,경상남도 창원시 진해구,S160002177,제황초등학교,2,공립,N,,0.0,3.0,30.0,0.0,2.0,31.0,0.0,4.0,34.0,1.0,2.0,30.0,0.0,3.0,35.0,1.0,0.0,23.0,2.0,14.0,183.0
경상남도교육청,창원교육지원청,경상남도 창원시 진해구,S160002180,진해중앙초등학교,2,공립,N,,0.0,3.0,54.0,2.0,2.0,50.0,1.0,7.0,59.0,1.0,2.0,58.0,0.0,4.0,63.0,1.0,1.0,55.0,5.0,19.0,339.0
경상남도교육청,창녕교육지원청,경상남도 창녕군,S160002249,계창초등학교,2,공립,N,,0.0,1.0,4.0,0.0,0.0,2.0,0.0,0.0,4.0,0.0,0.0,4.0,1.0,0.0,9.0,0.0,0.0,5.0,1.0,1.0,28.0
경상남도교육청,창녕교육지원청,경상남도 창녕군,S160002252,고암초등학교,2,공립,N,,1.0,0.0,2.0,1.0,0.0,7.0,1.0,3.0,7.0,0.0,1.0,7.0,0.0,1.0,8.0,0.0,1.0,2.0,3.0,6.0,33.0
경상남도교육청,창녕교육지원청,경상남도 창녕군,S160002256,길곡초등학교,2,공립,N,,0.0,0.0,3.0,0.0,0.0,4.0,0.0,0.0,3.0,0.0,0.0,4.0,0.0,0.0,4.0,0.0,0.0,3.0,0.0,0.0,21.0
경상남도교육청,창녕교육지원청,경상남도 창녕군,S160002259,남지초등학교,2,공립,N,,1.0,0.0,80.0,3.0,5.0,86.0,5.0,7.0,77.0,3.0,5.0,73.0,5.0,4.0,66.0,0.0,5.0,64.0,17.0,26.0,446.0
경상남도교육청,창녕교육지원청,경상남도 창녕군,S160002263,창녕성산초등학교,2,공립,N,,0.0,1.0,9.0,1.0,3.0,1.0,5.0,0.0,7.0,1.0,0.0,3.0,1.0,2.0,4.0,0.0,0.0,3.0,8.0,6.0,27.0
경상남도교육청,창녕교육지원청,경상남도 창녕군,S160002267,대지초등학교,2,공립,N,,0.0,0.0,5.0,1.0,0.0,12.0,0.0,1.0,14.0,0.0,2.0,8.0,1.0,1.0,14.0,0.0,0.0,11.0,2.0,4.0,64.0
경상남도교육청,창녕교육지원청,경상남도 창녕군,S160002269,대합초등학교,2,공립,N,,0.0,0.0,8.0,3.0,0.0,7.0,0.0,0.0,9.0,0.0,4.0,18.0,0.0,0.0,6.0,0.0,0.0,9.0,3.0,4.0,57.0
경상남도교육청,창녕교육지원청,경상남도 창녕군,S160002273,도천초등학교,2,공립,N,,0.0,0.0,6.0,0.0,1.0,4.0,0.0,0.0,6.0,1.0,1.0,6.0,1.0,1.0,5.0,0.0,0.0,5.0,2.0,3.0,32.0
경상남도교육청,창녕교육지원청,경상남도 창녕군,S160002275,동포초등학교,2,공립,N,,0.0,1.0,35.0,2.0,0.0,43.0,0.0,2.0,40.0,1.0,0.0,59.0,1.0,1.0,53.0,0.0,0.0,44.0,4.0,4.0,274.0
경상남도교육청,창녕교육지원청,경상남도 창녕군,S160002276,명덕초등학교,2,공립,N,,3.0,5.0,46.0,3.0,6.0,55.0,2.0,6.0,57.0,2.0,5.0,70.0,1.0,7.0,62.0,3.0,2.0,60.0,14.0,31.0,350.0
경상남도교육청,창녕교육지원청,경상남도 창녕군,S160002280,부곡초등학교,2,공립,N,,0.0,1.0,4.0,0.0,0.0,6.0,1.0,0.0,8.0,1.0,1.0,7.0,0.0,0.0,9.0,1.0,1.0,14.0,3.0,3.0,48.0
경상남도교육청,창녕교육지원청,경상남도 창녕군,S160002282,부곡초등학교학포분교장,2,공립,N,,0.0,0.0,1.0,0.0,1.0,1.0,0.0,0.0,0.0,0.0,0.0,0.0,0.0,0.0,2.0,0.0,0.0,2.0,0.0,1.0,6.0
경상남도교육청,창녕교육지원청,경상남도 창녕군,S160002288,영산초등학교,2,공립,N,,1.0,0.0,11.0,0.0,2.0,23.0,0.0,3.0,32.0,1.0,1.0,22.0,0.0,0.0,32.0,0.0,1.0,34.0,2.0,7.0,154.0
경상남도교육청,창녕교육지원청,경상남도 창녕군,S160002293,유어초등학교,2,공립,N,,0.0,0.0,5.0,1.0,0.0,5.0,0.0,1.0,1.0,0.0,0.0,1.0,0.0,2.0,2.0,0.0,1.0,1.0,1.0,4.0,15.0
경상남도교육청,창녕교육지원청,경상남도 창녕군,S160002297,이방초등학교,2,공립,N,,0.0,0.0,3.0,0.0,0.0,5.0,0.0,2.0,5.0,0.0,0.0,4.0,0.0,0.0,5.0,0.0,0.0,3.0,0.0,2.0,25.0
경상남도교육청,창녕교육지원청,경상남도 창녕군,S160002300,장마초등학교,2,공립,N,,0.0,0.0,4.0,1.0,0.0,4.0,0.0,0.0,0.0,1.0,0.0,2.0,0.0,0.0,7.0,0.0,0.0,2.0,2.0,0.0,19.0
경상남도교육청,창녕교육지원청,경상남도 창녕군,S160002302,장천초등학교,2,공립,N,,0.0,0.0,0.0,0.0,0.0,5.0,0.0,0.0,3.0,0.0,0.0,0.0,0.0,0.0,3.0,0.0,0.0,3.0,0.0,0.0,14.0
경상남도교육청,창녕교육지원청,경상남도 창녕군,S160002304,창녕초등학교,2,공립,N,,2.0,5.0,98.0,2.0,1.0,87.0,4.0,7.0,112.0,3.0,4.0,96.0,5.0,5.0,107.0,2.0,2.0,87.0,18.0,24.0,587.0
경상남도교육청,창원교육지원청,경상남도 창원시 성산구,S160002380,창원남산초등학교,2,공립,N,,1.0,1.0,34.0,0.0,2.0,25.0,0.0,3.0,27.0,0.0,0.0,34.0,1.0,1.0,31.0,1.0,2.0,13.0,3.0,9.0,164.0
경상남도교육청,창원교육지원청,경상남도 창원시 성산구,S160002381,남양초등학교,2,공립,N,,3.0,3.0,166.0,5.0,13.0,164.0,6.0,9.0,182.0,3.0,8.0,175.0,2.0,8.0,188.0,2.0,4.0,177.0,21.0,45.0,1052.0
경상남도교육청,창원교육지원청,경상남도 창원시 성산구,S160002382,남정초등학교,2,공립,N,,1.0,5.0,110.0,3.0,2.0,103.0,4.0,6.0,93.0,6.0,7.0,86.0,5.0,8.0,69.0,0.0,2.0,57.0,19.0,30.0,518.0
경상남도교육청,창원교육지원청,경상남도 창원시 성산구,S160002383,내동초등학교,2,공립,N,,1.0,1.0,46.0,0.0,3.0,46.0,1.0,1.0,38.0,1.0,0.0,54.0,0.0,2.0,40.0,1.0,1.0,40.0,4.0,8.0,264.0
경상남도교육청,창원교육지원청,경상남도 창원시 성산구,S160002384,대방초등학교,2,공립,N,,2.0,8.0,105.0,2.0,9.0,109.0,5.0,9.0,132.0,3.0,8.0,123.0,3.0,3.0,118.0,2.0,4.0,110.0,17.0,41.0,697.0
경상남도교육청,창원교육지원청,경상남도 창원시 의창구,S160002385,대산초등학교,2,공립,N,,1.0,2.0,15.0,3.0,2.0,16.0,0.0,1.0,8.0,1.0,0.0,12.0,1.0,3.0,20.0,1.0,1.0,14.0,7.0,9.0,85.0
경상남도교육청,창원교육지원청,경상남도 창원시 성산구,S160002386,대암초등학교,2,공립,N,,0.0,3.0,56.0,2.0,4.0,68.0,2.0,5.0,72.0,3.0,4.0,65.0,1.0,1.0,73.0,2.0,1.0,62.0,10.0,18.0,396.0
경상남도교육청,창원교육지원청,경상남도 창원시 성산구,S160002387,대원초등학교,2,공립,N,,7.0,5.0,86.0,7.0,7.0,71.0,4.0,10.0,81.0,6.0,3.0,68.0,3.0,3.0,80.0,5.0,5.0,70.0,32.0,33.0,456.0
경상남도교육청,창원교육지원청,경상남도 창원시 의창구,S160002388,도계초등학교,2,공립,N,,2.0,3.0,96.0,7.0,5.0,104.0,2.0,5.0,114.0,3.0,5.0,137.0,2.0,5.0,127.0,1.0,3.0,127.0,17.0,26.0,705.0
경상남도교육청,창원교육지원청,경상남도 창원시 성산구,S160002389,동산초등학교,2,공립,N,,4.0,0.0,44.0,3.0,4.0,47.0,5.0,6.0,61.0,9.0,5.0,59.0,4.0,1.0,63.0,2.0,1.0,67.0,27.0,17.0,341.0
경상남도교육청,창원교육지원청,경상남도 창원시 의창구,S160002390,명서초등학교,2,공립,N,,2.0,1.0,52.0,2.0,4.0,52.0,8.0,4.0,68.0,4.0,4.0,60.0,3.0,3.0,70.0,2.0,5.0,65.0,21.0,21.0,367.0
경상남도교육청,창원교육지원청,경상남도 창원시 성산구,S160002391,반송초등학교,2,공립,N,,0.0,4.0,170.0,7.0,8.0,176.0,5.0,7.0,204.0,14.0,10.0,208.0,4.0,3.0,212.0,9.0,5.0,202.0,39.0,37.0,1172.0
경상남도교육청,창원교육지원청,경상남도 창원시 의창구,S160002392,봉강초등학교,2,공립,N,,0.0,0.0,6.0,0.0,0.0,7.0,1.0,0.0,8.0,0.0,0.0,9.0,0.0,0.0,6.0,0.0,0.0,4.0,1.0,0.0,40.0
경상남도교육청,창원교육지원청,경상남도 창원시 의창구,S160002393,봉림초등학교,2,공립,N,,3.0,3.0,62.0,5.0,3.0,57.0,2.0,4.0,58.0,3.0,4.0,59.0,2.0,2.0,67.0,1.0,3.0,70.0,16.0,19.0,373.0
경상남도교육청,창원교육지원청,경상남도 창원시 의창구,S160002394,북면초등학교,2,공립,N,,1.0,0.0,214.0,5.0,2.0,204.0,0.0,7.0,211.0,0.0,3.0,189.0,0.0,2.0,176.0,0.0,6.0,190.0,6.0,20.0,1184.0
경상남도교육청,창원교육지원청,경상남도 창원시 의창구,S160002395,북면초등학교승산분교장,2,공립,N,,0.0,0.0,0.0,0.0,0.0,2.0,0.0,0.0,2.0,0.0,0.0,1.0,1.0,0.0,3.0,0.0,0.0,1.0,1.0,0.0,9.0
경상남도교육청,창원교육지원청,경상남도 창원시 성산구,S160002397,사파초등학교,2,공립,N,,4.0,0.0,52.0,6.0,4.0,46.0,7.0,9.0,76.0,7.0,3.0,54.0,4.0,5.0,73.0,2.0,3.0,64.0,30.0,24.0,365.0
경상남도교육청,창원교육지원청,경상남도 창원시 의창구,S160002398,사화초등학교,2,공립,N,,3.0,1.0,116.0,5.0,6.0,124.0,5.0,6.0,142.0,4.0,8.0,131.0,4.0,6.0,131.0,2.0,5.0,133.0,23.0,32.0,777.0
경상남도교육청,창원교육지원청,경상남도 창원시 의창구,S160002399,상북초등학교,2,공립,N,,1.0,1.0,48.0,3.0,4.0,57.0,4.0,3.0,49.0,1.0,6.0,56.0,3.0,7.0,74.0,2.0,2.0,53.0,14.0,23.0,337.0
경상남도교육청,창원교육지원청,경상남도 창원시 성산구,S160002400,성주초등학교,2,공립,N,,2.0,3.0,90.0,1.0,7.0,79.0,1.0,1.0,87.0,1.0,7.0,90.0,3.0,1.0,83.0,1.0,0.0,75.0,9.0,19.0,504.0
경상남도교육청,창원교육지원청,경상남도 창원시 의창구,S160002401,소답초등학교,2,공립,N,,0.0,4.0,53.0,2.0,3.0,75.0,2.0,1.0,84.0,0.0,8.0,64.0,0.0,0.0,61.0,1.0,2.0,64.0,5.0,18.0,401.0
경상남도교육청,창원교육지원청,경상남도 창원시 의창구,S160002403,신등초등학교,2,공립,N,,0.0,1.0,13.0,0.0,0.0,1.0,2.0,0.0,2.0,0.0,1.0,7.0,0.0,0.0,12.0,0.0,0.0,11.0,2.0,2.0,46.0
경상남도교육청,창원교육지원청,경상남도 창원시 의창구,S160002404,신방초등학교,2,공립,N,,0.0,1.0,48.0,1.0,8.0,82.0,3.0,6.0,73.0,5.0,8.0,70.0,1.0,4.0,75.0,1.0,6.0,74.0,11.0,33.0,422.0
경상남도교육청,창원교육지원청,경상남도 창원시 성산구,S160002405,창원신월초등학교,2,공립,N,,2.0,3.0,47.0,1.0,4.0,48.0,1.0,7.0,55.0,5.0,4.0,64.0,5.0,1.0,66.0,0.0,0.0,66.0,14.0,19.0,346.0
경상남도교육청,창원교육지원청,경상남도 창원시 마산회원구,S160002406,안계초등학교,2,공립,N,,1.0,8.0,78.0,1.0,4.0,67.0,0.0,2.0,83.0,2.0,2.0,82.0,3.0,5.0,82.0,1.0,4.0,80.0,8.0,25.0,472.0
경상남도교육청,창원교육지원청,경상남도 창원시 성산구,S160002407,안남초등학교,2,공립,N,,0.0,4.0,98.0,1.0,3.0,91.0,4.0,1.0,100.0,2.0,4.0,111.0,5.0,4.0,86.0,1.0,4.0,82.0,13.0,20.0,568.0
경상남도교육청,창원교육지원청,경상남도 창원시 성산구,S160002408,안민초등학교,2,공립,N,,1.0,2.0,74.0,3.0,2.0,70.0,2.0,4.0,79.0,3.0,4.0,81.0,0.0,4.0,86.0,2.0,4.0,78.0,11.0,20.0,468.0
경상남도교육청,창원교육지원청,경상남도 창원시 성산구,S160002409,양곡초등학교,2,공립,N,,2.0,2.0,43.0,6.0,3.0,55.0,1.0,3.0,68.0,3.0,5.0,75.0,1.0,5.0,67.0,2.0,3.0,61.0,15.0,21.0,369.0
경상남도교육청,창원교육지원청,경상남도 창원시 의창구,S160002411,온천초등학교,2,공립,N,,1.0,2.0,25.0,1.0,1.0,19.0,3.0,2.0,25.0,2.0,0.0,23.0,0.0,1.0,31.0,1.0,0.0,27.0,8.0,6.0,150.0
경상남도교육청,창원교육지원청,경상남도 창원시 성산구,S160002412,외동초등학교,2,공립,N,,1.0,3.0,82.0,2.0,6.0,75.0,6.0,3.0,77.0,5.0,5.0,92.0,3.0,6.0,81.0,3.0,0.0,77.0,20.0,23.0,484.0
경상남도교육청,창원교육지원청,경상남도 창원시 성산구,S160002413,용남초등학교,2,공립,N,,0.0,0.0,92.0,1.0,1.0,91.0,0.0,2.0,135.0,1.0,0.0,104.0,2.0,2.0,107.0,0.0,0.0,124.0,4.0,5.0,653.0
경상남도교육청,창원교육지원청,경상남도 창원시 성산구,S160002415,용지초등학교,2,공립,N,,0.0,2.0,32.0,2.0,2.0,21.0,2.0,4.0,25.0,5.0,3.0,28.0,1.0,3.0,33.0,1.0,2.0,25.0,11.0,16.0,164.0
경상남도교육청,창원교육지원청,경상남도 창원시 성산구,S160002416,용호초등학교,2,공립,N,,8.0,6.0,262.0,16.0,10.0,247.0,21.0,8.0,298.0,15.0,11.0,256.0,13.0,8.0,228.0,12.0,5.0,261.0,85.0,48.0,1552.0
경상남도교육청,창원교육지원청,경상남도 창원시 의창구,S160002417,우암초등학교,2,공립,N,,3.0,0.0,7.0,1.0,2.0,11.0,2.0,0.0,13.0,0.0,1.0,14.0,1.0,1.0,15.0,0.0,0.0,14.0,7.0,4.0,74.0
경상남도교육청,창원교육지원청,경상남도 창원시 성산구,S160002418,웅남초등학교,2,공립,N,,2.0,3.0,118.0,2.0,1.0,139.0,1.0,1.0,135.0,3.0,9.0,141.0,2.0,9.0,135.0,3.0,2.0,135.0,13.0,25.0,803.0
경상남도교육청,창원교육지원청,경상남도 창원시 성산구,S160002419,유목초등학교,2,공립,N,,2.0,3.0,79.0,4.0,6.0,79.0,4.0,6.0,94.0,0.0,2.0,89.0,2.0,1.0,85.0,1.0,2.0,90.0,13.0,20.0,516.0
경상남도교육청,창원교육지원청,경상남도 창원시 의창구,S160002420,일동초등학교,2,공립,N,,0.0,0.0,5.0,0.0,0.0,3.0,0.0,0.0,5.0,0.0,0.0,4.0,0.0,0.0,0.0,0.0,0.0,2.0,0.0,0.0,19.0
경상남도교육청,창원교육지원청,경상남도 창원시 의창구,S160002421,자여초등학교,2,공립,N,,1.0,1.0,37.0,3.0,1.0,58.0,2.0,1.0,78.0,2.0,0.0,60.0,3.0,2.0,81.0,0.0,0.0,47.0,11.0,5.0,361.0
경상남도교육청,창원교육지원청,경상남도 창원시 성산구,S160002424,창원상남초등학교,2,공립,N,,4.0,2.0,84.0,6.0,2.0,76.0,2.0,2.0,87.0,10.0,1.0,78.0,1.0,8.0,94.0,2.0,4.0,92.0,25.0,19.0,511.0
경상남도교육청,창원교육지원청,경상남도 창원시 의창구,S160002425,창원초등학교,2,공립,N,,1.0,1.0,59.0,0.0,5.0,85.0,0.0,6.0,72.0,0.0,3.0,70.0,0.0,2.0,93.0,0.0,6.0,84.0,1.0,23.0,463.0
경상남도교육청,창원교육지원청,경상남도 창원시 성산구,S160002426,토월초등학교,2,공립,N,,2.0,5.0,95.0,5.0,3.0,99.0,9.0,12.0,118.0,3.0,6.0,125.0,2.0,10.0,117.0,4.0,4.0,117.0,25.0,40.0,671.0
경상남도교육청,창원교육지원청,경상남도 창원시 의창구,S160002427,평산초등학교,2,공립,N,,3.0,6.0,84.0,5.0,8.0,71.0,4.0,1.0,78.0,4.0,3.0,74.0,4.0,5.0,81.0,4.0,1.0,70.0,24.0,24.0,458.0
경상남도교육청,창원교육지원청,경상남도 창원시 의창구,S160002428,하천초등학교,2,공립,N,,1.0,0.0,9.0,0.0,0.0,7.0,1.0,0.0,7.0,0.0,0.0,10.0,0.0,0.0,6.0,0.0,0.0,10.0,2.0,0.0,49.0
경상남도교육청,창원교육지원청,경상남도 창원시 마산회원구,S160002429,호계초등학교,2,공립,N,,7.0,5.0,158.0,12.0,9.0,175.0,10.0,12.0,207.0,4.0,10.0,223.0,7.0,10.0,210.0,3.0,5.0,199.0,43.0,51.0,1172.0
경상남도교육청,창원교육지원청,경상남도 창원시 의창구,S160002430,화양초등학교,2,공립,N,,1.0,0.0,6.0,0.0,3.0,8.0,1.0,3.0,19.0,0.0,2.0,7.0,4.0,0.0,14.0,0.0,0.0,11.0,6.0,8.0,65.0
경상남도교육청,통영교육지원청,경상남도 통영시,S160002481,광도초등학교,2,공립,N,,0.0,0.0,17.0,0.0,0.0,17.0,0.0,0.0,35.0,0.0,0.0,23.0,0.0,0.0,27.0,0.0,0.0,40.0,0.0,0.0,159.0
경상남도교육청,통영교육지원청,경상남도 통영시,S160002485,남포초등학교,2,공립,N,,0.0,0.0,2.0,0.0,0.0,2.0,0.0,1.0,9.0,0.0,1.0,6.0,0.0,1.0,8.0,0.0,0.0,6.0,0.0,3.0,33.0
경상남도교육청,통영교육지원청,경상남도 통영시,S160002493,도산초등학교,2,공립,N,,0.0,0.0,4.0,1.0,1.0,10.0,0.0,0.0,10.0,0.0,0.0,5.0,0.0,0.0,10.0,1.0,0.0,9.0,2.0,1.0,48.0
경상남도교육청,통영교육지원청,경상남도 통영시,S160002500,두룡초등학교,2,공립,N,,0.0,1.0,20.0,2.0,2.0,25.0,1.0,1.0,29.0,0.0,1.0,29.0,0.0,5.0,46.0,0.0,2.0,41.0,3.0,12.0,190.0
경상남도교육청,통영교육지원청,경상남도 통영시,S160002507,벽방초등학교,2,공립,N,,6.0,3.0,70.0,5.0,8.0,59.0,5.0,6.0,71.0,3.0,6.0,84.0,5.0,6.0,59.0,5.0,2.0,62.0,29.0,31.0,405.0
경상남도교육청,통영교육지원청,경상남도 통영시,S160002509,사량초등학교,2,공립,N,,0.0,0.0,2.0,0.0,1.0,4.0,0.0,1.0,4.0,0.0,0.0,0.0,0.0,2.0,3.0,0.0,1.0,2.0,0.0,5.0,15.0
경상남도교육청,통영교육지원청,경상남도 통영시,S160002515,산양초등학교,2,공립,N,,0.0,0.0,6.0,2.0,0.0,11.0,3.0,2.0,8.0,1.0,0.0,14.0,2.0,0.0,7.0,1.0,0.0,9.0,9.0,2.0,55.0
경상남도교육청,통영교육지원청,경상남도 통영시,S160002516,산양초등학교곤리분교장,2,공립,N,,0.0,0.0,0.0,0.0,0.0,0.0,0.0,0.0,1.0,0.0,0.0,0.0,0.0,0.0,0.0,0.0,0.0,1.0,0.0,0.0,2.0
경상남도교육청,통영교육지원청,경상남도 통영시,S160002522,산양초등학교풍화분교장,2,공립,N,,0.0,0.0,4.0,0.0,0.0,4.0,0.0,0.0,2.0,0.0,0.0,5.0,0.0,0.0,0.0,0.0,1.0,3.0,0.0,1.0,18.0
경상남도교육청,통영교육지원청,경상남도 통영시,S160002536,용남초등학교,2,공립,N,,0.0,5.0,104.0,3.0,3.0,91.0,2.0,3.0,132.0,0.0,8.0,116.0,0.0,4.0,131.0,0.0,2.0,127.0,5.0,25.0,701.0
경상남도교육청,통영교육지원청,경상남도 통영시,S160002538,원량초등학교,2,공립,N,,0.0,1.0,2.0,0.0,1.0,3.0,0.0,0.0,6.0,0.0,0.0,2.0,0.0,0.0,8.0,0.0,0.0,7.0,0.0,2.0,28.0
경상남도교육청,통영교육지원청,경상남도 통영시,S160002549,원량초등학교연화분교장,2,공립,N,,0.0,0.0,1.0,0.0,0.0,0.0,0.0,0.0,2.0,0.0,0.0,0.0,0.0,0.0,1.0,0.0,0.0,0.0,0.0,0.0,4.0
경상남도교육청,통영교육지원청,경상남도 통영시,S160002552,원평초등학교,2,공립,N,,0.0,0.0,38.0,0.0,1.0,34.0,1.0,2.0,42.0,2.0,2.0,40.0,3.0,0.0,46.0,2.0,1.0,39.0,8.0,6.0,239.0
경상남도교육청,통영교육지원청,경상남도 통영시,S160002557,유영초등학교,2,공립,N,,2.0,4.0,99.0,1.0,1.0,83.0,5.0,12.0,118.0,7.0,3.0,94.0,3.0,7.0,113.0,1.0,8.0,85.0,19.0,35.0,592.0
경상남도교육청,통영교육지원청,경상남도 통영시,S160002559,인평초등학교,2,공립,N,,1.0,1.0,28.0,1.0,2.0,28.0,1.0,2.0,40.0,1.0,2.0,34.0,3.0,2.0,34.0,0.0,0.0,40.0,7.0,9.0,204.0
경상남도교육청,통영교육지원청,경상남도 통영시,S160002563,진남초등학교,2,공립,N,,1.0,4.0,118.0,1.0,3.0,123.0,5.0,5.0,138.0,3.0,11.0,185.0,3.0,10.0,179.0,2.0,3.0,175.0,15.0,36.0,918.0
경상남도교육청,통영교육지원청,경상남도 통영시,S160002566,충렬초등학교,2,공립,N,,2.0,1.0,17.0,0.0,1.0,14.0,1.0,1.0,26.0,1.0,1.0,24.0,0.0,1.0,18.0,1.0,1.0,17.0,5.0,6.0,116.0
경상남도교육청,통영교육지원청,경상남도 통영시,S160002568,충무초등학교,2,공립,N,,0.0,3.0,54.0,2.0,4.0,42.0,5.0,3.0,71.0,1.0,4.0,60.0,0.0,1.0,66.0,1.0,3.0,61.0,9.0,18.0,354.0
경상남도교육청,통영교육지원청,경상남도 통영시,S160002569,통영초등학교,2,공립,N,,3.0,2.0,141.0,1.0,10.0,136.0,6.0,13.0,147.0,7.0,7.0,171.0,6.0,8.0,186.0,2.0,4.0,160.0,25.0,44.0,941.0
경상남도교육청,통영교육지원청,경상남도 통영시,S160002585,한려초등학교,2,공립,N,,3.0,3.0,42.0,1.0,2.0,41.0,3.0,1.0,46.0,0.0,4.0,70.0,3.0,1.0,62.0,1.0,3.0,62.0,11.0,14.0,323.0
경상남도교육청,통영교육지원청,경상남도 통영시,S160002586,한산초등학교,2,공립,N,,0.0,0.0,2.0,0.0,0.0,2.0,1.0,0.0,5.0,0.0,2.0,3.0,0.0,0.0,6.0,1.0,1.0,5.0,2.0,3.0,23.0
경상남도교육청,하동교육지원청,경상남도 하동군,S160002656,갈육초등학교,2,공립,N,,0.0,0.0,5.0,0.0,1.0,7.0,0.0,0.0,5.0,0.0,0.0,4.0,1.0,0.0,4.0,0.0,0.0,3.0,1.0,1.0,28.0
경상남도교육청,하동교육지원청,경상남도 하동군,S160002660,고전초등학교,2,공립,N,,0.0,0.0,3.0,1.0,0.0,4.0,2.0,2.0,9.0,1.0,0.0,8.0,0.0,1.0,10.0,0.0,0.0,4.0,4.0,3.0,38.0
경상남도교육청,하동교육지원청,경상남도 하동군,S160002663,궁항초등학교,2,공립,N,,0.0,0.0,5.0,0.0,1.0,4.0,0.0,0.0,0.0,0.0,0.0,5.0,1.0,0.0,7.0,0.0,0.0,4.0,1.0,1.0,25.0
경상남도교육청,하동교육지원청,경상남도 하동군,S160002665,노량초등학교,2,공립,N,,1.0,0.0,2.0,0.0,0.0,3.0,0.0,1.0,6.0,0.0,0.0,6.0,0.0,1.0,2.0,0.0,0.0,8.0,1.0,2.0,27.0
경상남도교육청,하동교육지원청,경상남도 하동군,S160002671,묵계초등학교,2,공립,N,,0.0,1.0,5.0,1.0,5.0,7.0,3.0,4.0,9.0,5.0,11.0,21.0,4.0,7.0,14.0,1.0,6.0,18.0,14.0,34.0,74.0
경상남도교육청,하동교육지원청,경상남도 하동군,S160002674,북천초등학교,2,공립,N,,0.0,0.0,1.0,0.0,0.0,1.0,0.0,1.0,2.0,0.0,0.0,5.0,0.0,1.0,9.0,0.0,0.0,7.0,0.0,2.0,25.0
경상남도교육청,하동교육지원청,경상남도 하동군,S160002682,쌍계초등학교,2,공립,N,,0.0,1.0,4.0,0.0,0.0,3.0,0.0,1.0,4.0,1.0,1.0,6.0,0.0,1.0,1.0,0.0,0.0,0.0,1.0,4.0,18.0
경상남도교육청,하동교육지원청,경상남도 하동군,S160002683,악양초등학교,2,공립,N,,1.0,0.0,11.0,0.0,1.0,5.0,2.0,0.0,13.0,0.0,0.0,11.0,0.0,1.0,16.0,1.0,0.0,14.0,4.0,2.0,70.0
경상남도교육청,하동교육지원청,경상남도 하동군,S160002684,양보초등학교,2,공립,N,,0.0,0.0,0.0,0.0,1.0,3.0,0.0,0.0,2.0,0.0,1.0,1.0,0.0,0.0,4.0,0.0,0.0,5.0,0.0,2.0,15.0
경상남도교육청,하동교육지원청,경상남도 하동군,S160002687,옥종초등학교,2,공립,N,,0.0,0.0,23.0,1.0,0.0,8.0,0.0,2.0,18.0,0.0,1.0,16.0,0.0,0.0,19.0,1.0,0.0,25.0,2.0,3.0,109.0
경상남도교육청,하동교육지원청,경상남도 하동군,S160002697,적량초등학교,2,공립,N,,0.0,0.0,3.0,0.0,0.0,5.0,1.0,0.0,6.0,1.0,1.0,6.0,1.0,0.0,8.0,0.0,0.0,2.0,3.0,1.0,30.0
경상남도교육청,하동교육지원청,경상남도 하동군,S160002702,진교초등학교,2,공립,N,,0.0,0.0,41.0,0.0,0.0,39.0,0.0,2.0,54.0,0.0,2.0,47.0,0.0,0.0,44.0,0.0,2.0,29.0,0.0,6.0,254.0
경상남도교육청,하동교육지원청,경상남도 하동군,S160002706,진정초등학교,2,공립,N,,0.0,0.0,1.0,0.0,0.0,3.0,0.0,0.0,7.0,0.0,0.0,6.0,0.0,0.0,10.0,0.0,0.0,2.0,0.0,0.0,29.0
경상남도교육청,하동교육지원청,경상남도 하동군,S160002707,묵계초등학교청암분교장,2,공립,N,,0.0,0.0,2.0,0.0,0.0,1.0,0.0,0.0,1.0,0.0,0.0,5.0,0.0,1.0,3.0,0.0,1.0,2.0,0.0,2.0,14.0
경상남도교육청,하동교육지원청,경상남도 하동군,S160002712,하동초등학교,2,공립,N,,2.0,2.0,60.0,1.0,6.0,62.0,6.0,2.0,73.0,7.0,5.0,74.0,4.0,3.0,110.0,3.0,1.0,74.0,23.0,19.0,453.0
경상남도교육청,하동교육지원청,경상남도 하동군,S160002713,화개초등학교,2,공립,N,,0.0,0.0,10.0,0.0,1.0,5.0,0.0,0.0,6.0,1.0,0.0,7.0,0.0,0.0,6.0,0.0,0.0,8.0,1.0,1.0,42.0
경상남도교육청,하동교육지원청,경상남도 하동군,S160002715,화개초등학교왕성분교장,2,공립,N,,1.0,0.0,0.0,0.0,0.0,1.0,0.0,0.0,2.0,0.0,0.0,0.0,0.0,0.0,4.0,0.0,0.0,2.0,1.0,0.0,9.0
경상남도교육청,하동교육지원청,경상남도 하동군,S160002716,횡천초등학교,2,공립,N,,0.0,0.0,7.0,0.0,0.0,3.0,1.0,0.0,3.0,0.0,0.0,5.0,0.0,0.0,4.0,1.0,0.0,8.0,2.0,0.0,30.0
경상남도교육청,함안교육지원청,경상남도 함안군,S160002763,가야초등학교,2,공립,N,,2.0,1.0,100.0,6.0,5.0,107.0,3.0,6.0,129.0,3.0,3.0,121.0,3.0,6.0,142.0,3.0,2.0,148.0,20.0,23.0,747.0
경상남도교육청,함안교육지원청,경상남도 함안군,S160002765,대산초등학교,2,공립,N,,0.0,1.0,2.0,0.0,0.0,6.0,0.0,1.0,8.0,0.0,1.0,11.0,1.0,0.0,9.0,1.0,0.0,8.0,2.0,3.0,44.0
경상남도교육청,함안교육지원청,경상남도 함안군,S160002766,군북초등학교,2,공립,N,,2.0,4.0,35.0,5.0,5.0,26.0,1.0,6.0,29.0,3.0,6.0,29.0,3.0,3.0,27.0,5.0,5.0,25.0,19.0,29.0,171.0
경상남도교육청,함안교육지원청,경상남도 함안군,S160002772,문암초등학교,2,공립,N,,0.0,0.0,9.0,0.0,0.0,7.0,0.0,1.0,7.0,0.0,1.0,10.0,0.0,1.0,4.0,0.0,0.0,7.0,0.0,3.0,44.0
경상남도교육청,함안교육지원청,경상남도 함안군,S160002774,법수초등학교,2,공립,N,,0.0,0.0,16.0,0.0,0.0,7.0,0.0,0.0,10.0,0.0,0.0,4.0,0.0,0.0,7.0,0.0,0.0,3.0,0.0,0.0,47.0
경상남도교육청,함안교육지원청,경상남도 함안군,S160002778,산인초등학교,2,공립,N,,1.0,1.0,11.0,1.0,1.0,6.0,0.0,0.0,6.0,0.0,2.0,6.0,0.0,2.0,11.0,0.0,0.0,9.0,2.0,6.0,49.0
경상남도교육청,함안교육지원청,경상남도 함안군,S160002783,아라초등학교,2,공립,N,,0.0,1.0,23.0,0.0,1.0,13.0,0.0,3.0,22.0,0.0,4.0,38.0,0.0,2.0,35.0,0.0,1.0,35.0,0.0,12.0,166.0
경상남도교육청,함안교육지원청,경상남도 함안군,S160002787,예곡초등학교,2,공립,N,,0.0,0.0,5.0,0.0,1.0,5.0,0.0,3.0,8.0,0.0,0.0,12.0,0.0,1.0,6.0,0.0,0.0,11.0,0.0,5.0,47.0
경상남도교육청,함안교육지원청,경상남도 함안군,S160002788,외암초등학교,2,공립,N,,0.0,0.0,7.0,0.0,0.0,3.0,0.0,0.0,3.0,0.0,1.0,6.0,0.0,0.0,2.0,1.0,0.0,8.0,1.0,1.0,29.0
경상남도교육청,함안교육지원청,경상남도 함안군,S160002792,월촌초등학교,2,공립,N,,0.0,0.0,5.0,0.0,0.0,2.0,0.0,0.0,3.0,0.0,0.0,1.0,0.0,0.0,4.0,0.0,0.0,3.0,0.0,0.0,18.0
경상남도교육청,함안교육지원청,경상남도 함안군,S160002793,유원초등학교,2,공립,N,,1.0,1.0,17.0,2.0,2.0,18.0,1.0,2.0,19.0,1.0,2.0,15.0,0.0,3.0,13.0,0.0,0.0,12.0,5.0,10.0,94.0
경상남도교육청,함안교육지원청,경상남도 함안군,S160002796,칠서초등학교이룡분교장,2,공립,N,,0.0,0.0,0.0,0.0,0.0,1.0,0.0,0.0,1.0,0.0,0.0,6.0,1.0,0.0,2.0,0.0,0.0,4.0,1.0,0.0,14.0
경상남도교육청,함안교육지원청,경상남도 함안군,S160002797,중앙초등학교,2,공립,N,,0.0,0.0,19.0,0.0,0.0,12.0,1.0,0.0,24.0,1.0,0.0,14.0,0.0,1.0,11.0,0.0,0.0,9.0,2.0,1.0,89.0
경상남도교육청,함안교육지원청,경상남도 함안군,S160002800,칠서초등학교이령분교장,2,공립,N,,0.0,0.0,0.0,0.0,0.0,1.0,0.0,0.0,0.0,1.0,0.0,1.0,0.0,0.0,1.0,0.0,0.0,1.0,1.0,0.0,4.0
경상남도교육청,함안교육지원청,경상남도 함안군,S160002802,칠서초등학교,2,공립,N,,0.0,2.0,23.0,0.0,4.0,22.0,0.0,3.0,34.0,0.0,1.0,30.0,0.0,3.0,29.0,0.0,2.0,26.0,0.0,15.0,164.0
경상남도교육청,함안교육지원청,경상남도 함안군,S160002803,칠원초등학교,2,공립,N,,1.0,1.0,40.0,1.0,7.0,60.0,3.0,3.0,56.0,2.0,5.0,66.0,2.0,1.0,65.0,1.0,3.0,70.0,10.0,20.0,357.0
경상남도교육청,함안교육지원청,경상남도 함안군,S160002807,함안초등학교,2,공립,N,,0.0,0.0,10.0,0.0,1.0,5.0,0.0,1.0,8.0,0.0,0.0,9.0,0.0,1.0,8.0,1.0,0.0,5.0,1.0,3.0,45.0
경상남도교육청,함양교육지원청,경상남도 함양군,S160002843,금반초등학교,2,공립,N,,0.0,0.0,4.0,1.0,1.0,3.0,1.0,0.0,5.0,0.0,2.0,6.0,0.0,1.0,3.0,0.0,0.0,5.0,2.0,4.0,26.0
경상남도교육청,함양교육지원청,경상남도 함양군,S160002858,마천초등학교,2,공립,N,,0.0,0.0,5.0,0.0,0.0,4.0,0.0,1.0,4.0,0.0,1.0,3.0,0.0,0.0,5.0,0.0,1.0,8.0,0.0,3.0,29.0
경상남도교육청,함양교육지원청,경상남도 함양군,S160002866,백전초등학교,2,공립,N,,0.0,0.0,3.0,0.0,0.0,4.0,0.0,0.0,2.0,0.0,0.0,5.0,0.0,1.0,8.0,0.0,0.0,7.0,0.0,1.0,29.0
경상남도교육청,함양교육지원청,경상남도 함양군,S160002868,병곡초등학교,2,공립,N,,0.0,0.0,5.0,0.0,0.0,3.0,0.0,0.0,3.0,0.0,0.0,3.0,0.0,0.0,5.0,0.0,0.0,4.0,0.0,0.0,23.0
경상남도교육청,함양교육지원청,경상남도 함양군,S160002874,서상초등학교,2,공립,N,,0.0,0.0,6.0,0.0,0.0,7.0,1.0,0.0,3.0,0.0,0.0,5.0,1.0,0.0,5.0,0.0,0.0,5.0,2.0,0.0,31.0
경상남도교육청,함양교육지원청,경상남도 함양군,S160002876,서하초등학교,2,공립,N,,2.0,1.0,5.0,0.0,0.0,6.0,0.0,0.0,6.0,0.0,0.0,4.0,0.0,1.0,3.0,0.0,0.0,9.0,2.0,2.0,33.0
경상남도교육청,함양교육지원청,경상남도 함양군,S160002880,수동초등학교,2,공립,N,,0.0,1.0,8.0,0.0,1.0,8.0,1.0,0.0,10.0,0.0,0.0,7.0,0.0,0.0,13.0,0.0,0.0,13.0,1.0,2.0,59.0
경상남도교육청,함양교육지원청,경상남도 함양군,S160002884,안의초등학교,2,공립,N,,2.0,1.0,13.0,3.0,0.0,13.0,0.0,0.0,21.0,1.0,0.0,11.0,1.0,1.0,20.0,1.0,0.0,17.0,8.0,2.0,95.0
경상남도교육청,함양교육지원청,경상남도 함양군,S160002889,위림초등학교,2,공립,N,,2.0,2.0,14.0,2.0,1.0,6.0,2.0,1.0,9.0,0.0,1.0,9.0,2.0,0.0,5.0,0.0,1.0,10.0,8.0,6.0,53.0
경상남도교육청,함양교육지원청,경상남도 함양군,S160002891,위성초등학교,2,공립,N,,2.0,2.0,51.0,4.0,1.0,74.0,2.0,1.0,74.0,0.0,0.0,51.0,2.0,3.0,82.0,3.0,3.0,82.0,13.0,10.0,414.0
경상남도교육청,함양교육지원청,경상남도 함양군,S160002892,유림초등학교,2,공립,N,,0.0,0.0,3.0,0.0,0.0,3.0,2.0,0.0,2.0,2.0,0.0,2.0,0.0,0.0,5.0,0.0,0.0,3.0,4.0,0.0,18.0
경상남도교육청,함양교육지원청,경상남도 함양군,S160002895,지곡초등학교,2,공립,N,,1.0,1.0,6.0,0.0,0.0,7.0,0.0,0.0,5.0,0.0,1.0,2.0,0.0,1.0,12.0,0.0,1.0,6.0,1.0,4.0,38.0
경상남도교육청,함양교육지원청,경상남도 함양군,S160002899,함양초등학교,2,공립,N,,0.0,1.0,87.0,0.0,0.0,85.0,2.0,1.0,89.0,0.0,0.0,91.0,2.0,2.0,88.0,1.0,1.0,76.0,5.0,5.0,516.0
경상남도교육청,합천교육지원청,경상남도 합천군,S160002961,가회초등학교,2,공립,N,,0.0,1.0,3.0,0.0,0.0,5.0,0.0,0.0,1.0,0.0,0.0,4.0,0.0,0.0,2.0,0.0,0.0,6.0,0.0,1.0,21.0
경상남도교육청,김해교육지원청,경상남도 김해시,S160002964,계동초등학교,2,공립,N,,4.0,7.0,92.0,7.0,9.0,110.0,6.0,9.0,118.0,4.0,9.0,131.0,6.0,8.0,125.0,4.0,3.0,139.0,31.0,45.0,715.0
경상남도교육청,합천교육지원청,경상남도 합천군,S160002966,남정초등학교,2,공립,N,,1.0,2.0,18.0,0.0,1.0,9.0,0.0,1.0,13.0,2.0,1.0,9.0,3.0,0.0,10.0,2.0,0.0,10.0,8.0,5.0,69.0
경상남도교육청,합천교육지원청,경상남도 합천군,S160002969,대병초등학교,2,공립,N,,0.0,2.0,4.0,0.0,0.0,1.0,0.0,0.0,4.0,0.0,1.0,11.0,1.0,0.0,6.0,2.0,0.0,8.0,3.0,3.0,34.0
경상남도교육청,합천교육지원청,경상남도 합천군,S160002970,대양초등학교,2,공립,N,,0.0,1.0,1.0,0.0,1.0,9.0,0.0,2.0,4.0,0.0,2.0,4.0,0.0,1.0,4.0,0.0,1.0,9.0,0.0,8.0,31.0
경상남도교육청,합천교육지원청,경상남도 합천군,S160002972,초계초등학교덕곡분교장,2,공립,N,,0.0,0.0,0.0,0.0,0.0,0.0,0.0,0.0,0.0,0.0,0.0,0.0,0.0,0.0,0.0,0.0,0.0,1.0,0.0,0.0,1.0
경상남도교육청,합천교육지원청,경상남도 합천군,S160002976,묘산초등학교,2,공립,N,,1.0,0.0,3.0,0.0,0.0,2.0,0.0,2.0,1.0,0.0,0.0,3.0,0.0,0.0,2.0,0.0,0.0,4.0,1.0,2.0,15.0
경상남도교육청,합천교육지원청,경상남도 합천군,S160002979,봉산초등학교,2,공립,N,,0.0,0.0,4.0,0.0,0.0,3.0,0.0,0.0,0.0,0.0,0.0,4.0,0.0,0.0,1.0,0.0,0.0,5.0,0.0,0.0,17.0
경상남도교육청,합천교육지원청,경상남도 합천군,S160002984,삼가초등학교,2,공립,N,,0.0,0.0,5.0,1.0,0.0,11.0,1.0,0.0,8.0,1.0,1.0,10.0,0.0,0.0,5.0,0.0,0.0,11.0,3.0,1.0,50.0
경상남도교육청,합천교육지원청,경상남도 합천군,S160002990,쌍백초등학교,2,공립,N,,0.0,0.0,4.0,0.0,0.0,5.0,0.0,0.0,2.0,0.0,0.0,5.0,0.0,1.0,7.0,0.0,1.0,4.0,0.0,2.0,27.0
경상남도교육청,합천교육지원청,경상남도 합천군,S160002992,쌍책초등학교,2,공립,N,,0.0,0.0,1.0,0.0,0.0,3.0,0.0,0.0,3.0,0.0,0.0,2.0,0.0,1.0,2.0,0.0,0.0,3.0,0.0,1.0,14.0
경상남도교육청,합천교육지원청,경상남도 합천군,S160002994,야로초등학교,2,공립,N,,0.0,0.0,7.0,0.0,0.0,6.0,0.0,0.0,5.0,0.0,0.0,4.0,0.0,0.0,8.0,0.0,0.0,4.0,0.0,0.0,34.0
경상남도교육청,합천교육지원청,경상남도 합천군,S160002996,영전초등학교,2,공립,N,,2.0,0.0,2.0,0.0,0.0,0.0,0.0,0.0,3.0,0.0,0.0,3.0,0.0,0.0,5.0,0.0,0.0,5.0,2.0,0.0,18.0
경상남도교육청,합천교육지원청,경상남도 합천군,S160003002,용주초등학교,2,공립,N,,0.0,0.0,2.0,0.0,0.0,2.0,0.0,0.0,6.0,0.0,0.0,6.0,0.0,1.0,6.0,0.0,1.0,4.0,0.0,2.0,26.0
경상남도교육청,합천교육지원청,경상남도 합천군,S160003014,적중초등학교,2,공립,N,,1.0,0.0,2.0,2.0,0.0,0.0,0.0,0.0,4.0,0.0,0.0,2.0,0.0,0.0,3.0,0.0,0.0,4.0,3.0,0.0,15.0
경상남도교육청,합천교육지원청,경상남도 합천군,S160003017,청덕초등학교,2,공립,N,,0.0,0.0,1.0,0.0,0.0,2.0,0.0,0.0,6.0,0.0,0.0,1.0,0.0,0.0,3.0,0.0,0.0,2.0,0.0,0.0,15.0
경상남도교육청,합천교육지원청,경상남도 합천군,S160003021,초계초등학교,2,공립,N,,1.0,0.0,4.0,1.0,1.0,4.0,2.0,2.0,6.0,0.0,0.0,13.0,0.0,0.0,7.0,0.0,1.0,12.0,4.0,4.0,46.0
경상남도교육청,합천교육지원청,경상남도 합천군,S160003023,합천초등학교,2,공립,N,,2.0,2.0,82.0,1.0,1.0,112.0,6.0,1.0,102.0,4.0,1.0,112.0,3.0,3.0,74.0,2.0,3.0,93.0,18.0,11.0,575.0
경상남도교육청,창원교육지원청,경상남도 창원시 마산합포구,S160003114,구산초등학교구서분교장,2,공립,N,,0.0,0.0,1.0,2.0,0.0,1.0,0.0,0.0,5.0,1.0,0.0,2.0,0.0,1.0,7.0,0.0,0.0,1.0,3.0,1.0,17.0
경상남도교육청,양산교육지원청,경상남도 양산시,S160003136,백동초등학교,2,공립,N,,0.0,4.0,73.0,5.0,8.0,79.0,4.0,7.0,103.0,3.0,4.0,102.0,2.0,5.0,84.0,1.0,3.0,99.0,15.0,31.0,540.0
경상남도교육청,창원교육지원청,경상남도 창원시 마산회원구,S160003197,마산중앙초등학교,2,공립,N,,1.0,1.0,37.0,1.0,1.0,38.0,2.0,2.0,45.0,2.0,2.0,55.0,2.0,2.0,41.0,0.0,1.0,32.0,8.0,9.0,248.0
경상남도교육청,진주교육지원청,경상남도 진주시,S160003198,주약초등학교,2,공립,N,,1.0,3.0,129.0,10.0,4.0,118.0,3.0,8.0,116.0,4.0,6.0,123.0,4.0,1.0,114.0,0.0,4.0,133.0,22.0,26.0,733.0
경상남도교육청,창원교육지원청,경상남도 창원시 진해구,S160003199,풍호초등학교,2,공립,N,,10.0,2.0,168.0,6.0,12.0,194.0,12.0,13.0,127.0,11.0,4.0,134.0,3.0,9.0,116.0,6.0,4.0,118.0,48.0,44.0,857.0
경상남도교육청,창원교육지원청,경상남도 창원시 진해구,S160003200,석동초등학교,2,공립,N,,0.0,1.0,67.0,4.0,7.0,101.0,4.0,7.0,98.0,5.0,9.0,107.0,4.0,4.0,114.0,4.0,3.0,107.0,21.0,31.0,594.0
경상남도교육청,김해교육지원청,경상남도 김해시,S160003201,화정초등학교,2,공립,N,,1.0,2.0,146.0,5.0,12.0,170.0,7.0,6.0,211.0,6.0,3.0,153.0,7.0,8.0,214.0,1.0,4.0,200.0,27.0,35.0,1094.0
경상남도교육청,거제교육지원청,경상남도 거제시,S160003202,거제중앙초등학교,2,공립,N,,1.0,8.0,162.0,12.0,11.0,160.0,3.0,17.0,178.0,7.0,7.0,161.0,6.0,9.0,162.0,1.0,12.0,163.0,30.0,64.0,986.0
경상남도교육청,창원교육지원청,경상남도 창원시 의창구,S160003233,명도초등학교,2,공립,N,,0.0,4.0,71.0,0.0,0.0,67.0,7.0,2.0,68.0,0.0,1.0,94.0,4.0,0.0,91.0,0.0,1.0,99.0,11.0,8.0,490.0
경상남도교육청,창원교육지원청,경상남도 창원시 의창구,S160003234,명곡초등학교,2,공립,N,,2.0,4.0,43.0,1.0,4.0,41.0,2.0,3.0,46.0,6.0,3.0,47.0,3.0,1.0,44.0,3.0,1.0,56.0,17.0,16.0,277.0
경상남도교육청,김해교육지원청,경상남도 김해시,S160003235,석봉초등학교,2,공립,N,,2.0,1.0,101.0,9.0,9.0,109.0,10.0,5.0,125.0,6.0,6.0,112.0,6.0,3.0,144.0,2.0,5.0,137.0,35.0,29.0,728.0
경상남도교육청,거제교육지원청,경상남도 거제시,S160003236,양지초등학교,2,공립,N,,1.0,0.0,76.0,0.0,3.0,88.0,2.0,0.0,105.0,0.0,4.0,114.0,3.0,0.0,112.0,0.0,1.0,111.0,6.0,8.0,606.0
경상남도교육청,양산교육지원청,경상남도 양산시,S160003237,신명초등학교,2,공립,N,,6.0,6.0,71.0,5.0,4.0,69.0,3.0,20.0,109.0,6.0,11.0,102.0,3.0,10.0,107.0,1.0,6.0,117.0,24.0,57.0,575.0
경상남도교육청,양산교육지원청,경상남도 양산시,S160003238,삽량초등학교,2,공립,N,,16.0,6.0,117.0,3.0,4.0,116.0,7.0,8.0,139.0,1.0,5.0,126.0,4.0,5.0,144.0,2.0,2.0,145.0,33.0,30.0,787.0
경상남도교육청,거창교육지원청,경상남도 거창군,S160003239,아림초등학교,2,공립,N,,4.0,3.0,144.0,4.0,4.0,118.0,3.0,4.0,148.0,5.0,3.0,161.0,5.0,5.0,136.0,3.0,3.0,147.0,24.0,22.0,854.0
경상남도교육청,창원교육지원청,경상남도 창원시 마산회원구,S160003249,전안초등학교,2,공립,N,,2.0,2.0,86.0,2.0,5.0,79.0,5.0,8.0,88.0,5.0,3.0,79.0,3.0,4.0,88.0,3.0,8.0,95.0,20.0,30.0,515.0
경상남도교육청,김해교육지원청,경상남도 김해시,S160003253,대청초등학교,2,공립,N,,5.0,5.0,177.0,9.0,11.0,179.0,9.0,6.0,194.0,8.0,11.0,205.0,3.0,5.0,199.0,9.0,3.0,186.0,43.0,41.0,1140.0
경상남도교육청,김해교육지원청,경상남도 김해시,S160003254,분성초등학교,2,공립,N,,5.0,5.0,117.0,7.0,2.0,120.0,7.0,9.0,136.0,6.0,7.0,139.0,4.0,6.0,129.0,1.0,2.0,139.0,30.0,31.0,780.0
경상남도교육청,김해교육지원청,경상남도 김해시,S160003255,김해신명초등학교,2,공립,N,,11.0,6.0,164.0,22.0,7.0,195.0,16.0,7.0,187.0,8.0,9.0,184.0,9.0,10.0,180.0,3.0,7.0,201.0,69.0,46.0,1111.0
경상남도교육청,밀양교육지원청,경상남도 밀양시,S160003256,미리벌초등학교,2,공립,N,,3.0,5.0,173.0,4.0,4.0,159.0,5.0,4.0,214.0,2.0,5.0,201.0,5.0,2.0,191.0,3.0,0.0,172.0,22.0,20.0,1110.0
경상남도교육청,거제교육지원청,경상남도 거제시,S160003257,거제고현초등학교,2,공립,N,,0.0,3.0,123.0,6.0,5.0,106.0,12.0,9.0,142.0,5.0,5.0,149.0,7.0,5.0,102.0,1.0,2.0,139.0,31.0,29.0,761.0
경상남도교육청,양산교육지원청,경상남도 양산시,S160003259,대운초등학교,2,공립,N,,0.0,2.0,153.0,0.0,13.0,182.0,0.0,12.0,182.0,0.0,10.0,201.0,6.0,0.0,210.0,2.0,0.0,206.0,8.0,37.0,1134.0
경상남도교육청,창원교육지원청,경상남도 창원시 진해구,S160003282,안골포초등학교,2,공립,N,,6.0,11.0,138.0,7.0,10.0,138.0,7.0,18.0,187.0,8.0,13.0,196.0,7.0,12.0,173.0,3.0,8.0,182.0,38.0,72.0,1014.0
경상남도교육청,김해교육지원청,경상남도 김해시,S160003283,능동초등학교,2,공립,N,,3.0,4.0,115.0,13.0,14.0,151.0,11.0,8.0,174.0,5.0,10.0,130.0,9.0,6.0,163.0,7.0,6.0,134.0,48.0,48.0,867.0
경상남도교육청,김해교육지원청,경상남도 김해시,S160003284,김해신안초등학교,2,공립,N,,2.0,3.0,100.0,3.0,9.0,106.0,7.0,5.0,131.0,9.0,7.0,121.0,0.0,5.0,109.0,6.0,4.0,117.0,27.0,33.0,684.0
경상남도교육청,창원교육지원청,경상남도 창원시 성산구,S160003293,삼정자초등학교,2,공립,N,,4.0,2.0,163.0,8.0,7.0,158.0,7.0,3.0,149.0,14.0,7.0,158.0,10.0,3.0,166.0,6.0,3.0,182.0,49.0,25.0,976.0
경상남도교육청,김해교육지원청,경상남도 김해시,S160003295,김해대곡초등학교,2,공립,N,,0.0,1.0,46.0,1.0,5.0,64.0,3.0,4.0,76.0,1.0,4.0,70.0,1.0,3.0,67.0,1.0,2.0,75.0,7.0,19.0,398.0
경상남도교육청,김해교육지원청,경상남도 김해시,S160003296,덕정초등학교,2,공립,N,,0.0,2.0,88.0,9.0,0.0,96.0,1.0,2.0,95.0,0.0,5.0,125.0,5.0,4.0,113.0,2.0,2.0,117.0,17.0,15.0,634.0
경상남도교육청,양산교육지원청,경상남도 양산시,S160003297,신양초등학교,2,공립,N,,0.0,7.0,107.0,3.0,3.0,93.0,4.0,5.0,119.0,5.0,6.0,127.0,4.0,6.0,118.0,1.0,1.0,123.0,17.0,28.0,687.0
경상남도교육청,양산교육지원청,경상남도 양산시,S160003298,북정초등학교,2,공립,N,,0.0,0.0,40.0,1.0,3.0,46.0,4.0,3.0,55.0,1.0,7.0,61.0,1.0,5.0,62.0,3.0,1.0,51.0,10.0,19.0,315.0
경상남도교육청,김해교육지원청,경상남도 김해시,S160003340,김해구지초등학교,2,공립,N,,3.0,8.0,215.0,3.0,11.0,152.0,7.0,10.0,203.0,6.0,15.0,187.0,2.0,12.0,184.0,1.0,2.0,165.0,22.0,58.0,1106.0
경상남도교육청,창원교육지원청,경상남도 창원시 의창구,S160003341,중동초등학교,2,공립,N,,0.0,3.0,34.0,2.0,3.0,45.0,2.0,5.0,43.0,3.0,2.0,50.0,6.0,2.0,55.0,2.0,1.0,40.0,15.0,16.0,267.0
경상남도교육청,진주교육지원청,경상남도 진주시,S160003342,가좌초등학교,2,공립,N,,2.0,5.0,168.0,5.0,9.0,131.0,9.0,6.0,127.0,9.0,8.0,129.0,5.0,6.0,107.0,6.0,4.0,92.0,36.0,38.0,754.0
경상남도교육청,김해교육지원청,경상남도 김해시,S160003344,진영금병초등학교,2,공립,N,,6.0,13.0,232.0,11.0,22.0,238.0,9.0,27.0,238.0,16.0,26.0,234.0,9.0,16.0,253.0,7.0,10.0,240.0,58.0,114.0,1435.0
경상남도교육청,사천교육지원청,경상남도 사천시,S160003349,수양초등학교,2,공립,N,,4.0,4.0,69.0,2.0,10.0,64.0,6.0,6.0,71.0,2.0,9.0,79.0,4.0,4.0,79.0,0.0,4.0,72.0,18.0,37.0,434.0
경상남도교육청,통영교육지원청,경상남도 통영시,S160003350,죽림초등학교,2,공립,N,,0.0,9.0,176.0,2.0,1.0,182.0,1.0,10.0,200.0,3.0,2.0,244.0,7.0,0.0,228.0,1.0,0.0,203.0,14.0,22.0,1233.0
경상남도교육청,함안교육지원청,경상남도 함안군,S160003351,호암초등학교,2,공립,N,,4.0,4.0,153.0,12.0,16.0,187.0,11.0,6.0,197.0,7.0,7.0,190.0,9.0,6.0,196.0,0.0,10.0,217.0,43.0,49.0,1140.0
경상남도교육청,거제교육지원청,경상남도 거제시,S160003397,삼룡초등학교,2,공립,N,,3.0,7.0,183.0,2.0,3.0,168.0,5.0,8.0,189.0,7.0,9.0,170.0,8.0,5.0,179.0,1.0,2.0,148.0,26.0,34.0,1037.0
경상남도교육청,진주교육지원청,경상남도 진주시,S160003401,금호초등학교,2,공립,N,,12.0,6.0,133.0,5.0,6.0,143.0,10.0,13.0,170.0,3.0,5.0,154.0,2.0,2.0,134.0,6.0,11.0,132.0,38.0,43.0,866.0
경상남도교육청,양산교육지원청,경상남도 양산시,S160003404,황산초등학교,2,공립,N,,7.0,4.0,160.0,17.0,5.0,161.0,14.0,6.0,165.0,10.0,11.0,173.0,9.0,10.0,178.0,5.0,6.0,151.0,62.0,42.0,988.0
경상남도교육청,거제교육지원청,경상남도 거제시,S160003407,제산초등학교,2,공립,N,,6.0,3.0,154.0,14.0,5.0,196.0,10.0,8.0,192.0,11.0,11.0,184.0,14.0,4.0,179.0,6.0,3.0,181.0,61.0,34.0,1086.0
경상남도교육청,창원교육지원청,경상남도 창원시 진해구,S160003408,장복초등학교,2,공립,N,,5.0,4.0,131.0,11.0,11.0,141.0,7.0,9.0,156.0,10.0,14.0,160.0,10.0,7.0,150.0,3.0,3.0,162.0,46.0,48.0,900.0
경상남도교육청,창원교육지원청,경상남도 창원시 진해구,S160003409,장천초등학교,2,공립,N,,5.0,9.0,174.0,13.0,15.0,217.0,16.0,25.0,297.0,16.0,17.0,256.0,10.0,16.0,228.0,10.0,11.0,228.0,70.0,93.0,1400.0
경상남도교육청,창원교육지원청,경상남도 창원시 마산회원구,S160003419,가고파초등학교,2,공립,N,,5.0,5.0,243.0,14.0,17.0,271.0,7.0,20.0,267.0,12.0,17.0,266.0,9.0,20.0,219.0,2.0,6.0,245.0,49.0,85.0,1511.0
경상남도교육청,사천교육지원청,경상남도 사천시,S160003422,사남초등학교,2,공립,N,,0.0,2.0,161.0,3.0,3.0,151.0,0.0,5.0,179.0,0.0,9.0,148.0,0.0,1.0,194.0,0.0,6.0,169.0,3.0,26.0,1002.0
경상남도교육청,양산교육지원청,경상남도 양산시,S160003423,석산초등학교,2,공립,N,,4.0,9.0,291.0,8.0,17.0,265.0,7.0,21.0,304.0,8.0,23.0,289.0,5.0,17.0,264.0,4.0,16.0,220.0,36.0,103.0,1633.0
경상남도교육청,김해교육지원청,경상남도 김해시,S160003427,율하초등학교,2,공립,N,,5.0,9.0,189.0,21.0,15.0,219.0,10.0,19.0,244.0,13.0,15.0,219.0,14.0,13.0,263.0,10.0,3.0,243.0,73.0,74.0,1377.0
경상남도교육청,양산교육지원청,경상남도 양산시,S160003431,성산초등학교,2,공립,N,,5.0,3.0,166.0,5.0,7.0,168.0,13.0,10.0,155.0,11.0,8.0,187.0,3.0,13.0,160.0,4.0,5.0,175.0,41.0,46.0,1011.0
경상남도교육청,창원교육지원청,경상남도 창원시 의창구,S160003458,감계초등학교,2,공립,N,,7.0,12.0,219.0,6.0,6.0,198.0,13.0,4.0,231.0,10.0,13.0,195.0,10.0,5.0,177.0,4.0,4.0,129.0,50.0,44.0,1149.0
경상남도교육청,김해교육지원청,경상남도 김해시,S160003462,관동초등학교,2,공립,N,,15.0,14.0,294.0,24.0,9.0,254.0,21.0,22.0,281.0,13.0,19.0,295.0,12.0,17.0,241.0,5.0,9.0,222.0,90.0,90.0,1587.0
경상남도교육청,창원교육지원청,경상남도 창원시 진해구,S160003466,진해냉천초등학교,2,공립,N,,3.0,8.0,199.0,8.0,10.0,213.0,9.0,12.0,193.0,6.0,12.0,205.0,7.0,10.0,156.0,1.0,2.0,131.0,34.0,54.0,1097.0
경상남도교육청,창원교육지원청,경상남도 창원시 의창구,S160003469,무동초등학교,2,공립,N,,9.0,10.0,251.0,9.0,19.0,220.0,8.0,18.0,267.0,8.0,12.0,220.0,12.0,9.0,192.0,10.0,7.0,160.0,56.0,75.0,1310.0
경상남도교육청,창원교육지원청,경상남도 창원시 의창구,S160003471,창원한들초등학교,2,공립,N,,0.0,1.0,48.0,0.0,3.0,47.0,2.0,4.0,63.0,1.0,8.0,54.0,1.0,4.0,74.0,2.0,3.0,69.0,6.0,23.0,355.0
경상남도교육청,거제교육지원청,경상남도 거제시,S160003472,거제상동초등학교,2,공립,N,,8.0,20.0,342.0,6.0,19.0,303.0,12.0,19.0,381.0,11.0,17.0,313.0,7.0,18.0,302.0,2.0,10.0,237.0,46.0,103.0,1878.0
경상남도교육청,거제교육지원청,경상남도 거제시,S160003473,내곡초등학교,2,공립,N,,5.0,11.0,233.0,8.0,17.0,259.0,14.0,23.0,225.0,8.0,12.0,275.0,4.0,14.0,247.0,3.0,9.0,206.0,42.0,86.0,1445.0
경상남도교육청,진주교육지원청,경상남도 진주시,S160003479,초전초등학교,2,공립,N,,3.0,0.0,107.0,4.0,0.0,130.0,3.0,0.0,138.0,1.0,1.0,127.0,1.0,0.0,136.0,1.0,2.0,119.0,13.0,3.0,757.0
경상남도교육청,진주교육지원청,경상남도 진주시,S160003482,갈전초등학교,2,공립,N,,8.0,1.0,157.0,19.0,17.0,162.0,13.0,23.0,163.0,15.0,30.0,165.0,0.0,0.0,159.0,0.0,0.0,123.0,55.0,71.0,929.0
경상남도교육청,진주교육지원청,경상남도 진주시,S160003485,서진초등학교,2,공립,N,,2.0,4.0,123.0,1.0,8.0,124.0,3.0,6.0,130.0,3.0,5.0,130.0,1.0,9.0,141.0,2.0,3.0,127.0,12.0,35.0,775.0
경상남도교육청,진주교육지원청,경상남도 진주시,S160003486,무지개초등학교,2,공립,N,,5.0,3.0,181.0,9.0,14.0,183.0,14.0,17.0,195.0,8.0,13.0,170.0,9.0,19.0,174.0,5.0,9.0,146.0,50.0,75.0,1049.0
경상남도교육청,양산교육지원청,경상남도 양산시,S160003848,증산초등학교,2,공립,N,,6.0,9.0,280.0,14.0,16.0,282.0,11.0,21.0,295.0,20.0,19.0,323.0,7.0,17.0,282.0,5.0,9.0,233.0,63.0,91.0,1695.0
경상남도교육청,양산교육지원청,경상남도 양산시,S160003849,신주초등학교,2,공립,N,,3.0,3.0,141.0,6.0,5.0,151.0,6.0,8.0,134.0,8.0,8.0,185.0,8.0,7.0,160.0,9.0,3.0,162.0,40.0,34.0,933.0
경상남도교육청,통영교육지원청,경상남도 통영시,S160003850,제석초등학교,2,공립,N,,3.0,3.0,221.0,7.0,9.0,178.0,14.0,10.0,229.0,9.0,5.0,165.0,7.0,7.0,179.0,2.0,4.0,163.0,42.0,38.0,1135.0
경상남도교육청,김해교육지원청,경상남도 김해시,S160003855,진영중앙초등학교,2,공립,N,,14.0,7.0,210.0,13.0,53.0,224.0,16.0,79.0,245.0,11.0,42.0,229.0,11.0,49.0,180.0,10.0,39.0,191.0,75.0,269.0,1279.0
경상남도교육청,양산교육지원청,경상남도 양산시,S160003883,가남초등학교,2,공립,N,,12.0,9.0,191.0,8.0,9.0,169.0,12.0,17.0,227.0,20.0,16.0,153.0,10.0,9.0,211.0,5.0,3.0,135.0,67.0,63.0,1086.0
경상남도교육청,양산교육지원청,경상남도 양산시,S160003903,가양초등학교,2,공립,N,,20.0,16.0,294.0,21.0,27.0,277.0,22.0,24.0,299.0,17.0,20.0,269.0,14.0,11.0,194.0,10.0,10.0,142.0,104.0,108.0,1475.0
경상남도교육청,창원교육지원청,경상남도 창원시 진해구,S160003905,진해신항초등학교,2,공립,N,,38.0,6.0,190.0,53.0,3.0,145.0,52.0,6.0,151.0,64.0,9.0,135.0,56.0,5.0,128.0,32.0,4.0,105.0,295.0,33.0,854.0
경상남도교육청,거제교육지원청,경상남도 거제시,S160003919,거제양정초등학교,2,공립,N,,5.0,5.0,157.0,8.0,5.0,155.0,8.0,8.0,136.0,4.0,4.0,113.0,9.0,1.0,94.0,6.0,4.0,79.0,40.0,27.0,734.0
경상남도교육청,합천교육지원청,경상남도 합천군,S160003920,합천가야초등학교,2,공립,N,,0.0,2.0,12.0,1.0,0.0,11.0,0.0,0.0,8.0,0.0,2.0,18.0,0.0,2.0,17.0,1.0,1.0,24.0,2.0,7.0,90.0
경상남도교육청,진주교육지원청,경상남도 진주시,S160003926,충무공초등학교,2,공립,N,,9.0,3.0,284.0,36.0,9.0,237.0,36.0,7.0,265.0,59.0,9.0,215.0,41.0,13.0,203.0,23.0,2.0,162.0,204.0,43.0,1366.0
경상남도교육청,김해교육지원청,경상남도 김해시,S160003928,김해모산초등학교,2,공립,N,,8.0,3.0,195.0,12.0,16.0,150.0,16.0,20.0,187.0,19.0,15.0,155.0,13.0,8.0,133.0,5.0,7.0,125.0,73.0,69.0,945.0
경상남도교육청,김해교육지원청,경상남도 김해시,S160003968,김해율산초등학교,2,공립,N,,5.0,8.0,200.0,15.0,8.0,201.0,23.0,3.0,163.0,23.0,8.0,168.0,18.0,3.0,120.0,7.0,5.0,102.0,91.0,35.0,954.0
경상남도교육청,양산교육지원청,경상남도 양산시,S160003969,가촌초등학교,2,공립,N,,0.0,12.0,265.0,0.0,2.0,249.0,4.0,1.0,190.0,5.0,3.0,167.0,6.0,0.0,115.0,6.0,0.0,97.0,21.0,18.0,1083.0
경상남도교육청,양산교육지원청,경상남도 양산시,S160003970,금오초등학교,2,공립,N,,7.0,5.0,154.0,8.0,3.0,126.0,10.0,4.0,68.0,9.0,4.0,68.0,7.0,3.0,60.0,5.0,4.0,34.0,46.0,23.0,510.0
경상남도교육청,거제교육지원청,경상남도 거제시,S160003986,거제용소초등학교,2,공립,N,,8.0,6.0,139.0,8.0,2.0,87.0,13.0,5.0,112.0,8.0,2.0,79.0,2.0,3.0,66.0,2.0,2.0,34.0,41.0,20.0,517.0
경상남도교육청,창원교육지원청,경상남도 창원시 의창구,S160003987,의창초등학교,2,공립,N,,10.0,10.0,281.0,7.0,10.0,278.0,8.0,4.0,243.0,9.0,8.0,248.0,9.0,8.0,237.0,5.0,6.0,227.0,48.0,46.0,1514.0
경상남도교육청,김해교육지원청,경상남도 김해시,S160004008,진영장등초등학교,2,공립,N,,1.0,2.0,84.0,2.0,0.0,47.0,1.0,1.0,76.0,0.0,1.0,44.0,0.0,0.0,54.0,0.0,0.0,41.0,4.0,4.0,346.0
경상남도교육청,양산교육지원청,경상남도 양산시,S160004009,회야초등학교,2,공립,N,,21.0,0.0,112.0,0.0,0.0,64.0,0.0,1.0,95.0,0.0,4.0,86.0,0.0,1.0,59.0,13.0,0.0,26.0,34.0,6.0,442.0
경상남도교육청,진주교육지원청,경상남도 진주시,S160004032,은하수초등학교,2,공립,Y,본교는 해당항목에 대해서 통계자료가 없으므로 제외함.,,,,,,,,,,,,,,,,,,,,,
경상남도교육청,창원교육지원청,경상남도 창원시 마산합포구,S160004071,마산고운초등학교,2,공립,N,,37.0,5.0,210.0,195.0,3.0,163.0,187.0,1.0,156.0,183.0,2.0,158.0,139.0,1.0,110.0,115.0,1.0,97.0,856.0,13.0,894.0
제주특별자치도교육청,교육부,제주특별자치도 제주시,S000003565,제주대학교교육대학부설초등학교,2,국립,N,,0.0,0.0,72.0,2.0,1.0,72.0,5.0,3.0,72.0,7.0,5.0,69.0,1.0,2.0,71.0,0.0,0.0,72.0,15.0,11.0,428.0
제주특별자치도교육청,제주시교육지원청,제주특별자치도 제주시,S170000174,고산초등학교,2,공립,N,,2.0,3.0,19.0,6.0,3.0,12.0,0.0,0.0,7.0,2.0,3.0,12.0,1.0,2.0,19.0,1.0,1.0,20.0,12.0,12.0,89.0
제주특별자치도교육청,제주시교육지원청,제주특별자치도 제주시,S170000175,곽금초등학교,2,공립,N,,4.0,0.0,14.0,2.0,6.0,17.0,2.0,3.0,19.0,2.0,1.0,18.0,0.0,2.0,16.0,0.0,2.0,13.0,10.0,14.0,97.0
제주특별자치도교육청,제주시교육지원청,제주특별자치도 제주시,S170000176,광령초등학교,2,공립,N,,4.0,8.0,54.0,13.0,8.0,66.0,5.0,7.0,57.0,12.0,6.0,55.0,6.0,8.0,52.0,6.0,2.0,57.0,46.0,39.0,341.0
제주특별자치도교육청,제주시교육지원청,제주특별자치도 제주시,S170000177,구엄초등학교,2,공립,N,,3.0,4.0,27.0,11.0,3.0,31.0,7.0,4.0,44.0,5.0,3.0,53.0,2.0,3.0,26.0,10.0,5.0,42.0,38.0,22.0,223.0
제주특별자치도교육청,제주시교육지원청,제주특별자치도 제주시,S170000178,구좌중앙초등학교,2,공립,N,,0.0,2.0,11.0,2.0,2.0,8.0,3.0,1.0,15.0,1.0,1.0,9.0,2.0,1.0,14.0,0.0,1.0,11.0,8.0,8.0,68.0
제주특별자치도교육청,제주시교육지원청,제주특별자치도 제주시,S170000179,귀덕초등학교,2,공립,N,,1.0,0.0,9.0,0.0,0.0,18.0,1.0,1.0,18.0,2.0,0.0,14.0,0.0,0.0,16.0,0.0,0.0,9.0,4.0,1.0,84.0
제주특별자치도교육청,제주시교육지원청,제주특별자치도 제주시,S170000180,금악초등학교,2,공립,N,,1.0,0.0,12.0,0.0,0.0,19.0,2.0,1.0,20.0,0.0,0.0,14.0,1.0,1.0,16.0,1.0,0.0,9.0,5.0,2.0,90.0
제주특별자치도교육청,제주시교육지원청,제주특별자치도 제주시,S170000181,김녕초등학교,2,공립,N,,0.0,3.0,21.0,1.0,0.0,16.0,3.0,3.0,17.0,1.0,4.0,22.0,3.0,5.0,12.0,0.0,2.0,13.0,8.0,17.0,101.0
제주특별자치도교육청,제주시교육지원청,제주특별자치도 제주시,S170000182,납읍초등학교,2,공립,N,,6.0,1.0,24.0,6.0,4.0,30.0,2.0,3.0,24.0,2.0,2.0,20.0,2.0,2.0,20.0,0.0,2.0,17.0,18.0,14.0,135.0
제주특별자치도교육청,제주시교육지원청,제주특별자치도 제주시,S170000183,대흘초등학교,2,공립,N,,6.0,2.0,53.0,6.0,8.0,39.0,10.0,3.0,42.0,6.0,9.0,45.0,3.0,3.0,29.0,2.0,2.0,33.0,33.0,27.0,241.0
제주특별자치도교육청,제주시교육지원청,제주특별자치도 제주시,S170000186,물메초등학교,2,공립,N,,0.0,0.0,17.0,5.0,0.0,21.0,2.0,0.0,21.0,2.0,2.0,20.0,2.0,2.0,20.0,1.0,3.0,18.0,12.0,7.0,117.0
제주특별자치도교육청,제주시교육지원청,제주특별자치도 제주시,S170000187,북촌초등학교,2,공립,N,,0.0,0.0,14.0,4.0,0.0,14.0,1.0,3.0,18.0,2.0,1.0,11.0,2.0,1.0,17.0,0.0,0.0,11.0,9.0,5.0,85.0
제주특별자치도교육청,제주시교육지원청,제주특별자치도 제주시,S170000190,세화초등학교,2,공립,N,,2.0,2.0,23.0,1.0,0.0,20.0,4.0,3.0,19.0,2.0,1.0,24.0,2.0,2.0,19.0,0.0,0.0,20.0,11.0,8.0,125.0
제주특별자치도교육청,제주시교육지원청,제주특별자치도 제주시,S170000191,송당초등학교,2,공립,N,,1.0,0.0,8.0,3.0,0.0,11.0,0.0,2.0,13.0,1.0,0.0,18.0,1.0,1.0,11.0,1.0,0.0,8.0,7.0,3.0,69.0
제주특별자치도교육청,제주시교육지원청,제주특별자치도 제주시,S170000192,수원초등학교,2,공립,N,,3.0,2.0,27.0,1.0,0.0,24.0,3.0,2.0,23.0,2.0,1.0,31.0,2.0,2.0,32.0,0.0,1.0,34.0,11.0,8.0,171.0
제주특별자치도교육청,제주시교육지원청,제주특별자치도 제주시,S170000194,신창초등학교,2,공립,N,,5.0,0.0,13.0,7.0,4.0,23.0,7.0,2.0,23.0,3.0,0.0,13.0,2.0,1.0,12.0,1.0,3.0,15.0,25.0,10.0,99.0
제주특별자치도교육청,제주시교육지원청,제주특별자치도 제주시,S170000195,신촌초등학교,2,공립,N,,7.0,4.0,46.0,5.0,5.0,43.0,8.0,2.0,57.0,7.0,4.0,41.0,6.0,4.0,43.0,2.0,2.0,39.0,35.0,21.0,269.0
제주특별자치도교육청,제주시교육지원청,제주특별자치도 제주시,S170000196,애월초등학교,2,공립,N,,6.0,2.0,25.0,9.0,3.0,28.0,7.0,6.0,41.0,2.0,3.0,34.0,3.0,1.0,25.0,3.0,2.0,32.0,30.0,17.0,185.0
제주특별자치도교육청,제주시교육지원청,제주특별자치도 제주시,S170000197,어도초등학교,2,공립,N,,3.0,2.0,15.0,5.0,2.0,23.0,4.0,4.0,14.0,1.0,1.0,14.0,3.0,2.0,24.0,1.0,1.0,16.0,17.0,12.0,106.0
제주특별자치도교육청,제주시교육지원청,제주특별자치도 제주시,S170000198,우도초등학교,2,공립,N,,0.0,2.0,7.0,1.0,1.0,5.0,1.0,1.0,12.0,1.0,1.0,9.0,2.0,0.0,10.0,2.0,2.0,11.0,7.0,7.0,54.0
제주특별자치도교육청,제주시교육지원청,제주특별자치도 제주시,S170000200,장전초등학교,2,공립,N,,12.0,1.0,43.0,16.0,13.0,55.0,17.0,5.0,53.0,9.0,4.0,54.0,9.0,6.0,49.0,3.0,5.0,41.0,66.0,34.0,295.0
제주특별자치도교육청,제주시교육지원청,제주특별자치도 제주시,S170000201,재릉초등학교,2,공립,N,,5.0,1.0,31.0,16.0,10.0,42.0,8.0,15.0,54.0,8.0,14.0,38.0,13.0,7.0,52.0,7.0,3.0,37.0,57.0,50.0,254.0
제주특별자치도교육청,제주시교육지원청,제주특별자치도 제주시,S170000202,저청초등학교,2,공립,N,,4.0,3.0,15.0,4.0,3.0,26.0,1.0,2.0,20.0,4.0,5.0,29.0,4.0,5.0,27.0,6.0,1.0,16.0,23.0,19.0,133.0
제주특별자치도교육청,제주시교육지원청,제주특별자치도 제주시,S170000204,조천초등학교,2,공립,N,,2.0,1.0,56.0,9.0,2.0,50.0,5.0,2.0,53.0,5.0,5.0,55.0,3.0,1.0,34.0,5.0,5.0,46.0,29.0,16.0,294.0
제주특별자치도교육청,제주시교육지원청,제주특별자치도 제주시,S170000205,종달초등학교,2,공립,N,,0.0,1.0,15.0,1.0,0.0,10.0,1.0,1.0,9.0,1.0,1.0,12.0,0.0,0.0,18.0,0.0,0.0,5.0,3.0,3.0,69.0
제주특별자치도교육청,제주시교육지원청,제주특별자치도 제주시,S170000206,추자초등학교,2,공립,N,,0.0,2.0,7.0,2.0,1.0,5.0,0.0,2.0,8.0,1.0,0.0,6.0,1.0,2.0,9.0,0.0,0.0,8.0,4.0,7.0,43.0
제주특별자치도교육청,제주시교육지원청,제주특별자치도 제주시,S170000208,평대초등학교,2,공립,N,,0.0,1.0,5.0,4.0,0.0,10.0,1.0,4.0,14.0,0.0,0.0,10.0,1.0,0.0,7.0,0.0,1.0,12.0,6.0,6.0,58.0
제주특별자치도교육청,제주시교육지원청,제주특별자치도 제주시,S170000209,하귀초등학교,2,공립,N,,4.0,3.0,41.0,7.0,5.0,52.0,6.0,2.0,50.0,1.0,3.0,52.0,5.0,4.0,40.0,0.0,3.0,41.0,23.0,20.0,276.0
제주특별자치도교육청,제주시교육지원청,제주특별자치도 제주시,S170000210,하도초등학교,2,공립,N,,0.0,0.0,10.0,0.0,4.0,16.0,0.0,3.0,13.0,0.0,0.0,12.0,0.0,0.0,11.0,0.0,0.0,18.0,0.0,7.0,80.0
제주특별자치도교육청,제주시교육지원청,제주특별자치도 제주시,S170000211,한동초등학교,2,공립,N,,0.0,0.0,11.0,2.0,1.0,7.0,0.0,0.0,11.0,0.0,0.0,9.0,0.0,0.0,7.0,0.0,1.0,9.0,2.0,2.0,54.0
제주특별자치도교육청,제주시교육지원청,제주특별자치도 제주시,S170000212,한림초등학교,2,공립,N,,8.0,4.0,67.0,7.0,8.0,73.0,8.0,0.0,84.0,5.0,3.0,76.0,11.0,5.0,75.0,2.0,6.0,90.0,41.0,26.0,465.0
제주특별자치도교육청,제주시교육지원청,제주특별자치도 제주시,S170000213,함덕초등학교,2,공립,N,,9.0,4.0,67.0,9.0,9.0,76.0,6.0,11.0,90.0,7.0,6.0,77.0,5.0,6.0,68.0,3.0,4.0,69.0,39.0,40.0,447.0
제주특별자치도교육청,제주시교육지원청,제주특별자치도 제주시,S170000217,김녕초등학교동복분교장,2,공립,N,,2.0,0.0,5.0,2.0,0.0,5.0,3.0,2.0,13.0,0.0,0.0,6.0,0.0,2.0,15.0,0.0,1.0,9.0,7.0,5.0,53.0
제주특별자치도교육청,제주시교육지원청,제주특별자치도 제주시,S170000219,더럭초등학교,2,공립,N,,8.0,0.0,15.0,4.0,2.0,13.0,4.0,2.0,19.0,5.0,5.0,14.0,3.0,2.0,22.0,2.0,0.0,17.0,26.0,11.0,100.0
제주특별자치도교육청,제주시교육지원청,제주특별자치도 제주시,S170000223,조천초등학교교래분교장,2,공립,N,,0.0,1.0,3.0,1.0,3.0,2.0,0.0,0.0,4.0,0.0,0.0,1.0,0.0,0.0,5.0,0.0,0.0,2.0,1.0,4.0,17.0
제주특별자치도교육청,제주시교육지원청,제주특별자치도 제주시,S170000227,함덕초등학교선인분교장,2,공립,N,,1.0,0.0,2.0,3.0,0.0,8.0,1.0,1.0,10.0,4.0,0.0,7.0,1.0,0.0,12.0,1.0,1.0,9.0,11.0,2.0,48.0
제주특별자치도교육청,제주시교육지원청,제주특별자치도 제주시,S170000228,선흘초등학교,2,공립,N,,2.0,4.0,25.0,2.0,1.0,17.0,1.0,7.0,20.0,0.0,2.0,18.0,6.0,5.0,17.0,0.0,0.0,13.0,11.0,19.0,110.0
제주특별자치도교육청,제주시교육지원청,제주특별자치도 제주시,S170000229,추자초등학교신양분교장,2,공립,N,,0.0,0.0,0.0,0.0,1.0,1.0,0.0,0.0,0.0,0.0,0.0,0.0,0.0,1.0,2.0,0.0,0.0,0.0,0.0,2.0,3.0
제주특별자치도교육청,서귀포시교육지원청,제주특별자치도 서귀포시,S170000292,가마초등학교,2,공립,N,,2.0,1.0,6.0,4.0,1.0,10.0,4.0,3.0,14.0,3.0,2.0,12.0,2.0,1.0,11.0,0.0,0.0,12.0,15.0,8.0,65.0
제주특별자치도교육청,서귀포시교육지원청,제주특별자치도 서귀포시,S170000294,가파초등학교,2,공립,N,,0.0,0.0,2.0,0.0,0.0,0.0,0.0,0.0,0.0,0.0,2.0,2.0,0.0,0.0,1.0,0.0,0.0,3.0,0.0,2.0,8.0
제주특별자치도교육청,서귀포시교육지원청,제주특별자치도 서귀포시,S170000295,강정초등학교,2,공립,N,,1.0,1.0,18.0,3.0,0.0,19.0,0.0,2.0,14.0,2.0,0.0,15.0,1.0,3.0,12.0,0.0,0.0,14.0,7.0,6.0,92.0
제주특별자치도교육청,서귀포시교육지원청,제주특별자치도 서귀포시,S170000297,남원초등학교,2,공립,N,,1.0,1.0,40.0,4.0,2.0,40.0,2.0,1.0,36.0,2.0,1.0,43.0,3.0,4.0,54.0,2.0,0.0,57.0,14.0,9.0,270.0
제주특별자치도교육청,서귀포시교육지원청,제주특별자치도 서귀포시,S170000298,대정초등학교,2,공립,N,,2.0,0.0,57.0,3.0,3.0,73.0,5.0,4.0,83.0,9.0,6.0,82.0,1.0,2.0,68.0,3.0,5.0,89.0,23.0,20.0,452.0
제주특별자치도교육청,서귀포시교육지원청,제주특별자치도 서귀포시,S170000299,대정서초등학교,2,공립,N,,1.0,2.0,15.0,1.0,3.0,13.0,2.0,2.0,14.0,4.0,2.0,20.0,1.0,1.0,8.0,0.0,1.0,7.0,9.0,11.0,77.0
제주특별자치도교육청,서귀포시교육지원청,제주특별자치도 서귀포시,S170000300,덕수초등학교,2,공립,N,,0.0,2.0,15.0,5.0,1.0,17.0,3.0,2.0,17.0,4.0,1.0,20.0,1.0,0.0,17.0,3.0,2.0,16.0,16.0,8.0,102.0
제주특별자치도교육청,서귀포시교육지원청,제주특별자치도 서귀포시,S170000301,도순초등학교,2,공립,N,,1.0,1.0,18.0,2.0,2.0,20.0,1.0,2.0,19.0,2.0,1.0,18.0,0.0,1.0,7.0,0.0,3.0,9.0,6.0,10.0,91.0
제주특별자치도교육청,서귀포시교육지원청,제주특별자치도 서귀포시,S170000302,동남초등학교,2,공립,N,,3.0,2.0,40.0,7.0,5.0,48.0,5.0,2.0,46.0,5.0,1.0,38.0,0.0,3.0,48.0,1.0,3.0,44.0,21.0,16.0,264.0
제주특별자치도교육청,서귀포시교육지원청,제주특별자치도 서귀포시,S170000303,무릉초등학교,2,공립,N,,0.0,0.0,7.0,1.0,1.0,8.0,3.0,1.0,19.0,3.0,1.0,20.0,2.0,1.0,16.0,0.0,1.0,10.0,9.0,5.0,80.0
제주특별자치도교육청,서귀포시교육지원청,제주특별자치도 서귀포시,S170000305,법환초등학교,2,공립,N,,7.0,2.0,27.0,3.0,2.0,26.0,3.0,1.0,33.0,4.0,4.0,38.0,3.0,1.0,28.0,2.0,0.0,21.0,22.0,10.0,173.0
제주특별자치도교육청,서귀포시교육지원청,제주특별자치도 서귀포시,S170000306,보목초등학교,2,공립,N,,1.0,1.0,13.0,1.0,0.0,6.0,1.0,1.0,21.0,1.0,1.0,19.0,0.0,0.0,4.0,0.0,0.0,17.0,4.0,3.0,80.0
제주특별자치도교육청,서귀포시교육지원청,제주특별자치도 서귀포시,S170000307,보성초등학교,2,공립,N,,7.0,18.0,49.0,8.0,8.0,39.0,24.0,19.0,44.0,13.0,11.0,52.0,16.0,7.0,35.0,5.0,8.0,33.0,73.0,71.0,252.0
제주특별자치도교육청,서귀포시교육지원청,제주특별자치도 서귀포시,S170000308,사계초등학교,2,공립,N,,3.0,3.0,22.0,4.0,3.0,20.0,5.0,0.0,15.0,3.0,4.0,21.0,0.0,1.0,16.0,1.0,2.0,17.0,16.0,13.0,111.0
제주특별자치도교육청,서귀포시교육지원청,제주특별자치도 서귀포시,S170000310,새서귀초등학교,2,공립,N,,10.0,11.0,180.0,17.0,13.0,154.0,14.0,19.0,174.0,12.0,18.0,154.0,11.0,11.0,151.0,9.0,11.0,139.0,73.0,83.0,952.0
제주특별자치도교육청,서귀포시교육지원청,제주특별자치도 서귀포시,S170000311,서광초등학교,2,공립,N,,1.0,0.0,18.0,0.0,0.0,19.0,0.0,1.0,21.0,2.0,0.0,19.0,0.0,0.0,23.0,0.0,1.0,13.0,3.0,2.0,113.0
제주특별자치도교육청,서귀포시교육지원청,제주특별자치도 서귀포시,S170000312,서귀북초등학교,2,공립,N,,7.0,4.0,131.0,3.0,5.0,152.0,9.0,6.0,148.0,7.0,5.0,183.0,10.0,5.0,188.0,3.0,4.0,183.0,39.0,29.0,985.0
제주특별자치도교육청,서귀포시교육지원청,제주특별자치도 서귀포시,S170000313,서귀서초등학교,2,공립,N,,4.0,3.0,40.0,5.0,2.0,44.0,3.0,4.0,43.0,5.0,2.0,36.0,1.0,1.0,47.0,3.0,2.0,27.0,21.0,14.0,237.0
제주특별자치도교육청,서귀포시교육지원청,제주특별자치도 서귀포시,S170000314,서귀중앙초등학교,2,공립,N,,4.0,0.0,65.0,4.0,0.0,52.0,4.0,3.0,63.0,1.0,1.0,73.0,2.0,0.0,67.0,1.0,1.0,68.0,16.0,5.0,388.0
제주특별자치도교육청,서귀포시교육지원청,제주특별자치도 서귀포시,S170000315,서귀포초등학교,2,공립,N,,3.0,2.0,27.0,2.0,1.0,33.0,4.0,2.0,51.0,5.0,3.0,34.0,3.0,5.0,47.0,3.0,3.0,40.0,20.0,16.0,232.0
제주특별자치도교육청,서귀포시교육지원청,제주특별자치도 서귀포시,S170000316,서호초등학교,2,공립,N,,2.0,1.0,79.0,4.0,5.0,65.0,5.0,7.0,72.0,10.0,5.0,79.0,5.0,4.0,78.0,3.0,3.0,50.0,29.0,25.0,423.0
제주특별자치도교육청,서귀포시교육지원청,제주특별자치도 서귀포시,S170000317,성산초등학교,2,공립,N,,4.0,2.0,8.0,3.0,0.0,11.0,4.0,1.0,7.0,4.0,2.0,12.0,2.0,1.0,12.0,0.0,1.0,4.0,17.0,7.0,54.0
제주특별자치도교육청,서귀포시교육지원청,제주특별자치도 서귀포시,S170000318,성읍초등학교,2,공립,N,,1.0,2.0,8.0,2.0,2.0,13.0,1.0,0.0,12.0,0.0,3.0,10.0,1.0,1.0,10.0,0.0,0.0,15.0,5.0,8.0,68.0
제주특별자치도교육청,서귀포시교육지원청,제주특별자치도 서귀포시,S170000319,수산초등학교,2,공립,N,,0.0,1.0,7.0,3.0,3.0,4.0,2.0,1.0,10.0,1.0,3.0,12.0,0.0,0.0,9.0,0.0,0.0,13.0,6.0,8.0,55.0
제주특별자치도교육청,서귀포시교육지원청,제주특별자치도 서귀포시,S170000320,시흥초등학교,2,공립,N,,0.0,0.0,8.0,1.0,1.0,8.0,1.0,0.0,6.0,1.0,4.0,9.0,2.0,3.0,11.0,1.0,1.0,9.0,6.0,9.0,51.0
제주특별자치도교육청,서귀포시교육지원청,제주특별자치도 서귀포시,S170000322,신례초등학교,2,공립,N,,1.0,0.0,7.0,0.0,0.0,7.0,2.0,0.0,8.0,0.0,1.0,10.0,0.0,0.0,6.0,0.0,0.0,6.0,3.0,1.0,44.0
제주특별자치도교육청,서귀포시교육지원청,제주특별자치도 서귀포시,S170000323,신산초등학교,2,공립,N,,0.0,1.0,7.0,3.0,3.0,5.0,3.0,1.0,15.0,1.0,1.0,12.0,1.0,2.0,10.0,0.0,0.0,10.0,8.0,8.0,59.0
제주특별자치도교육청,서귀포시교육지원청,제주특별자치도 서귀포시,S170000324,안덕초등학교,2,공립,N,,3.0,2.0,32.0,4.0,4.0,41.0,5.0,4.0,38.0,5.0,6.0,41.0,5.0,3.0,46.0,4.0,0.0,30.0,26.0,19.0,228.0
제주특별자치도교육청,서귀포시교육지원청,제주특별자치도 서귀포시,S170000327,예래초등학교,2,공립,N,,3.0,3.0,17.0,3.0,3.0,10.0,1.0,3.0,19.0,3.0,3.0,18.0,0.0,1.0,17.0,1.0,0.0,20.0,11.0,13.0,101.0
제주특별자치도교육청,서귀포시교육지원청,제주특별자치도 서귀포시,S170000328,온평초등학교,2,공립,N,,0.0,0.0,13.0,3.0,4.0,12.0,0.0,2.0,6.0,1.0,2.0,13.0,0.0,1.0,5.0,0.0,0.0,3.0,4.0,9.0,52.0
제주특별자치도교육청,서귀포시교육지원청,제주특별자치도 서귀포시,S170000329,위미초등학교,2,공립,N,,1.0,1.0,22.0,2.0,6.0,31.0,3.0,1.0,37.0,3.0,4.0,41.0,3.0,0.0,25.0,1.0,1.0,28.0,13.0,13.0,184.0
제주특별자치도교육청,서귀포시교육지원청,제주특별자치도 서귀포시,S170000330,의귀초등학교,2,공립,N,,0.0,0.0,12.0,2.0,0.0,7.0,1.0,1.0,15.0,1.0,0.0,5.0,0.0,0.0,13.0,1.0,0.0,9.0,5.0,1.0,61.0
제주특별자치도교육청,서귀포시교육지원청,제주특별자치도 서귀포시,S170000331,중문초등학교,2,공립,N,,19.0,7.0,97.0,26.0,14.0,123.0,27.0,12.0,137.0,15.0,8.0,128.0,14.0,11.0,127.0,8.0,7.0,119.0,109.0,59.0,731.0
제주특별자치도교육청,서귀포시교육지원청,제주특별자치도 서귀포시,S170000332,창천초등학교,2,공립,N,,0.0,1.0,12.0,1.0,1.0,4.0,1.0,1.0,7.0,1.0,0.0,7.0,2.0,0.0,6.0,1.0,1.0,9.0,6.0,4.0,45.0
제주특별자치도교육청,서귀포시교육지원청,제주특별자치도 서귀포시,S170000333,태흥초등학교,2,공립,N,,0.0,0.0,16.0,1.0,2.0,12.0,2.0,1.0,19.0,2.0,2.0,14.0,0.0,1.0,21.0,2.0,1.0,13.0,7.0,7.0,95.0
제주특별자치도교육청,서귀포시교육지원청,제주특별자치도 서귀포시,S170000334,토산초등학교,2,공립,N,,0.0,0.0,7.0,1.0,0.0,9.0,1.0,2.0,8.0,0.0,1.0,13.0,0.0,2.0,6.0,0.0,0.0,12.0,2.0,5.0,55.0
제주특별자치도교육청,서귀포시교육지원청,제주특별자치도 서귀포시,S170000335,토평초등학교,2,공립,N,,1.0,1.0,38.0,3.0,2.0,35.0,2.0,1.0,40.0,3.0,2.0,40.0,0.0,0.0,44.0,2.0,2.0,33.0,11.0,8.0,230.0
제주특별자치도교육청,서귀포시교육지원청,제주특별자치도 서귀포시,S170000336,표선초등학교,2,공립,N,,9.0,2.0,42.0,9.0,1.0,35.0,12.0,3.0,39.0,6.0,1.0,53.0,9.0,4.0,38.0,8.0,1.0,39.0,53.0,12.0,246.0
제주특별자치도교육청,서귀포시교육지원청,제주특별자치도 서귀포시,S170000337,풍천초등학교,2,공립,N,,2.0,3.0,16.0,7.0,4.0,17.0,5.0,2.0,24.0,4.0,5.0,18.0,1.0,3.0,19.0,2.0,1.0,19.0,21.0,18.0,113.0
제주특별자치도교육청,서귀포시교육지원청,제주특별자치도 서귀포시,S170000338,하례초등학교,2,공립,N,,2.0,0.0,8.0,1.0,0.0,8.0,2.0,0.0,11.0,0.0,1.0,12.0,0.0,0.0,7.0,1.0,0.0,6.0,6.0,1.0,52.0
제주특별자치도교육청,서귀포시교육지원청,제주특별자치도 서귀포시,S170000339,하원초등학교,2,공립,N,,1.0,0.0,5.0,2.0,0.0,8.0,1.0,2.0,15.0,0.0,2.0,7.0,1.0,0.0,15.0,0.0,0.0,12.0,5.0,4.0,62.0
제주특별자치도교육청,서귀포시교육지원청,제주특별자치도 서귀포시,S170000342,효돈초등학교,2,공립,N,,5.0,2.0,32.0,3.0,1.0,25.0,3.0,0.0,40.0,3.0,3.0,36.0,2.0,2.0,43.0,0.0,0.0,41.0,16.0,8.0,217.0
제주특별자치도교육청,서귀포시교육지원청,제주특별자치도 서귀포시,S170000343,흥산초등학교,2,공립,N,,1.0,0.0,7.0,1.0,0.0,10.0,1.0,0.0,7.0,1.0,0.0,6.0,0.0,1.0,7.0,0.0,0.0,8.0,4.0,1.0,45.0
제주특별자치도교육청,서귀포시교육지원청,제주특별자치도 서귀포시,S170000356,동홍초등학교,2,공립,N,,2.0,4.0,176.0,4.0,4.0,198.0,6.0,4.0,194.0,4.0,5.0,197.0,2.0,3.0,226.0,2.0,3.0,212.0,20.0,23.0,1203.0
제주특별자치도교육청,서귀포시교육지원청,제주특별자치도 서귀포시,S170000357,한마음초등학교,2,공립,N,,1.0,1.0,29.0,9.0,3.0,26.0,6.0,2.0,33.0,7.0,6.0,32.0,4.0,2.0,27.0,6.0,3.0,23.0,33.0,17.0,170.0
제주특별자치도교육청,제주시교육지원청,제주특별자치도 제주시,S170000439,광양초등학교,2,공립,N,,3.0,0.0,29.0,0.0,8.0,48.0,0.0,0.0,29.0,1.0,2.0,53.0,1.0,0.0,27.0,0.0,0.0,54.0,5.0,10.0,240.0
제주특별자치도교육청,제주시교육지원청,제주특별자치도 제주시,S170000440,남광초등학교,2,공립,N,,1.0,2.0,178.0,11.0,3.0,174.0,15.0,5.0,213.0,5.0,9.0,206.0,8.0,2.0,192.0,8.0,7.0,217.0,48.0,28.0,1180.0
제주특별자치도교육청,제주시교육지원청,제주특별자치도 제주시,S170000441,노형초등학교,2,공립,N,,4.0,4.0,137.0,17.0,13.0,171.0,11.0,10.0,171.0,16.0,12.0,204.0,8.0,8.0,170.0,7.0,7.0,178.0,63.0,54.0,1031.0
제주특별자치도교육청,제주시교육지원청,제주특별자치도 제주시,S170000442,도남초등학교,2,공립,N,,5.0,2.0,124.0,7.0,9.0,114.0,4.0,9.0,135.0,10.0,4.0,123.0,1.0,5.0,122.0,1.0,3.0,126.0,28.0,32.0,744.0
제주특별자치도교육청,제주시교육지원청,제주특별자치도 제주시,S170000443,도리초등학교,2,공립,N,,2.0,4.0,49.0,1.0,3.0,57.0,2.0,4.0,52.0,0.0,7.0,48.0,0.0,1.0,44.0,2.0,3.0,61.0,7.0,22.0,311.0
제주특별자치도교육청,제주시교육지원청,제주특별자치도 제주시,S170000444,동광초등학교,2,공립,N,,3.0,3.0,191.0,5.0,6.0,166.0,10.0,11.0,203.0,11.0,7.0,186.0,7.0,5.0,180.0,8.0,2.0,182.0,44.0,34.0,1108.0
제주특별자치도교육청,제주시교육지원청,제주특별자치도 제주시,S170000445,동화초등학교,2,공립,N,,2.0,5.0,73.0,2.0,10.0,78.0,0.0,16.0,93.0,15.0,0.0,72.0,0.0,10.0,82.0,0.0,0.0,83.0,19.0,41.0,481.0
제주특별자치도교육청,제주시교육지원청,제주특별자치도 제주시,S170000446,봉개초등학교,2,공립,N,,1.0,2.0,46.0,3.0,1.0,41.0,1.0,2.0,30.0,4.0,0.0,21.0,3.0,1.0,36.0,0.0,2.0,23.0,12.0,8.0,197.0
제주특별자치도교육청,제주시교육지원청,제주특별자치도 제주시,S170000447,삼성초등학교,2,공립,N,,6.0,3.0,100.0,4.0,9.0,135.0,2.0,8.0,136.0,2.0,7.0,128.0,1.0,8.0,113.0,0.0,4.0,136.0,15.0,39.0,748.0
제주특별자치도교육청,제주시교육지원청,제주특별자치도 제주시,S170000448,삼양초등학교,2,공립,N,,8.0,8.0,194.0,9.0,6.0,151.0,21.0,7.0,197.0,15.0,6.0,151.0,8.0,6.0,166.0,7.0,3.0,142.0,68.0,36.0,1001.0
제주특별자치도교육청,제주시교육지원청,제주특별자치도 제주시,S170000449,신광초등학교,2,공립,N,,4.0,3.0,117.0,5.0,8.0,113.0,5.0,9.0,144.0,4.0,6.0,152.0,5.0,7.0,141.0,4.0,4.0,117.0,27.0,37.0,784.0
제주특별자치도교육청,제주시교육지원청,제주특별자치도 제주시,S170000450,신제주초등학교,2,공립,N,,10.0,2.0,183.0,13.0,6.0,196.0,10.0,9.0,175.0,10.0,6.0,204.0,8.0,2.0,196.0,5.0,4.0,156.0,56.0,29.0,1110.0
제주특별자치도교육청,제주시교육지원청,제주특별자치도 제주시,S170000451,아라초등학교,2,공립,N,,7.0,14.0,340.0,20.0,22.0,287.0,29.0,21.0,335.0,23.0,20.0,306.0,17.0,11.0,295.0,14.0,15.0,298.0,110.0,103.0,1861.0
제주특별자치도교육청,제주시교육지원청,제주특별자치도 제주시,S170000452,영평초등학교,2,공립,N,,1.0,2.0,117.0,16.0,7.0,102.0,14.0,6.0,112.0,14.0,5.0,92.0,9.0,2.0,81.0,8.0,2.0,58.0,62.0,24.0,562.0
제주특별자치도교육청,제주시교육지원청,제주특별자치도 제주시,S170000453,오라초등학교,2,공립,N,,3.0,1.0,116.0,3.0,4.0,106.0,4.0,5.0,122.0,3.0,4.0,117.0,1.0,3.0,97.0,2.0,2.0,77.0,16.0,19.0,635.0
제주특별자치도교육청,제주시교육지원청,제주특별자치도 제주시,S170000454,외도초등학교,2,공립,N,,7.0,12.0,261.0,17.0,11.0,246.0,7.0,18.0,282.0,6.0,12.0,247.0,7.0,13.0,258.0,9.0,8.0,243.0,53.0,74.0,1537.0
제주특별자치도교육청,제주시교육지원청,제주특별자치도 제주시,S170000455,인화초등학교,2,공립,N,,2.0,3.0,161.0,6.0,8.0,175.0,8.0,4.0,201.0,2.0,15.0,221.0,3.0,3.0,202.0,0.0,0.0,227.0,21.0,33.0,1187.0
제주특별자치도교육청,제주시교육지원청,제주특별자치도 제주시,S170000456,일도초등학교,2,공립,N,,1.0,4.0,24.0,5.0,2.0,19.0,2.0,3.0,29.0,1.0,0.0,32.0,3.0,2.0,31.0,0.0,0.0,19.0,12.0,11.0,154.0
제주특별자치도교육청,제주시교육지원청,제주특별자치도 제주시,S170000457,제주남초등학교,2,공립,N,,0.0,3.0,17.0,2.0,0.0,8.0,3.0,1.0,30.0,5.0,0.0,20.0,2.0,0.0,20.0,0.0,0.0,33.0,12.0,4.0,128.0
제주특별자치도교육청,제주시교육지원청,제주특별자치도 제주시,S170000458,제주동초등학교,2,공립,N,,4.0,2.0,90.0,4.0,6.0,76.0,8.0,4.0,92.0,6.0,12.0,94.0,6.0,4.0,88.0,3.0,6.0,95.0,31.0,34.0,535.0
제주특별자치도교육청,제주시교육지원청,제주특별자치도 제주시,S170000459,제주북초등학교,2,공립,N,,3.0,0.0,35.0,12.0,4.0,39.0,5.0,5.0,37.0,8.0,2.0,31.0,6.0,3.0,35.0,1.0,0.0,37.0,35.0,14.0,214.0
제주특별자치도교육청,제주시교육지원청,제주특별자치도 제주시,S170000460,제주서초등학교,2,공립,N,,3.0,4.0,112.0,6.0,4.0,91.0,6.0,2.0,124.0,4.0,4.0,104.0,5.0,3.0,118.0,5.0,5.0,104.0,29.0,22.0,653.0
제주특별자치도교육청,제주시교육지원청,제주특별자치도 제주시,S170000462,한천초등학교,2,공립,N,,0.0,0.0,42.0,2.0,2.0,48.0,1.0,2.0,48.0,2.0,3.0,44.0,3.0,1.0,42.0,2.0,0.0,39.0,10.0,8.0,263.0
제주특별자치도교육청,제주시교육지원청,제주특별자치도 제주시,S170000463,화북초등학교,2,공립,N,,5.0,3.0,90.0,2.0,5.0,78.0,5.0,10.0,104.0,6.0,5.0,98.0,4.0,3.0,93.0,1.0,1.0,92.0,23.0,27.0,555.0
제주특별자치도교육청,제주시교육지원청,제주특별자치도 제주시,S170000464,해안초등학교,2,공립,N,,2.0,0.0,16.0,4.0,1.0,20.0,4.0,1.0,26.0,2.0,0.0,13.0,2.0,2.0,25.0,4.0,0.0,22.0,18.0,4.0,122.0
제주특별자치도교육청,제주시교육지원청,제주특별자치도 제주시,S170000466,도평초등학교,2,공립,N,,0.0,0.0,69.0,3.0,4.0,70.0,2.0,5.0,71.0,2.0,1.0,56.0,1.0,2.0,47.0,2.0,1.0,39.0,10.0,13.0,352.0
제주특별자치도교육청,제주시교육지원청,제주특별자치도 제주시,S170000467,제주중앙초등학교,2,공립,N,,4.0,2.0,96.0,2.0,4.0,88.0,3.0,7.0,106.0,1.0,6.0,109.0,3.0,3.0,125.0,2.0,2.0,101.0,15.0,24.0,625.0
제주특별자치도교육청,제주시교육지원청,제주특별자치도 제주시,S170000468,한라초등학교,2,공립,N,,15.0,20.0,336.0,33.0,23.0,328.0,33.0,26.0,300.0,32.0,32.0,305.0,28.0,21.0,343.0,15.0,14.0,315.0,156.0,136.0,1927.0
제주특별자치도교육청,제주시교육지원청,제주특별자치도 제주시,S170000791,백록초등학교,2,공립,N,,4.0,12.0,164.0,12.0,10.0,140.0,13.0,11.0,180.0,14.0,12.0,170.0,10.0,8.0,154.0,1.0,5.0,161.0,54.0,58.0,969.0
제주특별자치도교육청,제주시교육지원청,제주특별자치도 제주시,S170000801,월랑초등학교,2,공립,N,,1.0,2.0,95.0,8.0,5.0,106.0,2.0,5.0,128.0,2.0,6.0,129.0,8.0,4.0,135.0,1.0,4.0,106.0,22.0,26.0,699.0
제주특별자치도교육청,제주시교육지원청,제주특별자치도 제주시,S170000834,이도초등학교,2,공립,N,,2.0,9.0,182.0,1.0,11.0,190.0,9.0,10.0,226.0,11.0,8.0,192.0,4.0,6.0,218.0,2.0,3.0,174.0,29.0,47.0,1182.0
제주특별자치도교육청,제주시교육지원청,제주특별자치도 제주시,S170000836,도련초등학교,2,공립,N,,2.0,6.0,222.0,5.0,9.0,199.0,5.0,12.0,216.0,6.0,12.0,200.0,3.0,6.0,183.0,1.0,6.0,150.0,22.0,51.0,1170.0
제주특별자치도교육청,제주시교육지원청,제주특별자치도 제주시,S170000837,삼화초등학교,2,공립,N,,6.0,1.0,99.0,6.0,9.0,128.0,4.0,7.0,137.0,6.0,13.0,145.0,6.0,6.0,128.0,3.0,6.0,158.0,31.0,42.0,795.0
제주특별자치도교육청,제주시교육지원청,제주특별자치도 제주시,S170000839,하귀일초등학교,2,공립,N,,13.0,4.0,96.0,17.0,16.0,102.0,22.0,15.0,120.0,10.0,11.0,95.0,9.0,13.0,103.0,8.0,17.0,108.0,79.0,76.0,624.0
