,attrition,age,income,overtime
0,0,44,6467,1
1,0,41,6201,0
2,1,25,4017,1
3,0,28,6360,1
4,1,58,2369,0
5,1,30,4317,0
6,0,47,6715,1
7,0,44,6839,0
8,0,47,6395,1
9,0,55,6998,0
10,1,32,4237,1
11,0,28,5236,0
12,0,41,5578,0
13,0,37,5582,0
14,1,41,5710,0
15,0,32,3453,1
16,1,28,2915,1
17,1,29,3056,0
18,0,50,6993,1
19,1,35,5632,1
20,0,57,6202,0
21,1,47,4027,1
22,0,28,6043,0
23,0,27,5356,1
24,0,47,6529,0
25,1,36,5244,1
26,1,49,4729,0
27,1,39,3863,0
28,1,45,5153,1
29,1,49,5438,1
30,1,27,3575,0
31,1,30,4180,0
32,0,40,5257,1
33,1,52,3656,1
34,0,48,6897,0
35,1,59,5134,1
36,1,47,5222,1
37,1,54,3558,1
38,0,56,5900,1
39,0,40,6334,0
40,1,36,2530,1
41,0,28,6134,0
42,1,46,2218,0
43,0,59,5128,0
44,1,55,5445,1
45,1,49,4597,0
46,1,41,5789,1
47,1,36,5169,0
48,0,41,5514,0
49,0,31,3590,1
50,0,36,6192,1
51,1,50,5514,1
52,1,49,2479,1
53,1,25,3486,1
54,0,53,5358,1
55,0,54,6412,0
56,0,26,6719,1
57,0,42,5343,0
58,1,43,3235,1
59,1,50,2485,0
60,0,50,6391,0
61,0,31,4202,0
62,0,43,5663,0
63,1,58,4007,0
64,1,29,2096,0
65,0,27,6185,0
66,1,46,3299,0
67,1,39,2936,0
68,0,32,5133,0
69,1,56,4026,1
70,1,56,4415,0
71,0,30,6504,1
72,1,36,4220,1
73,1,26,5931,0
74,0,53,6317,1
75,1,33,2841,0
76,0,49,4849,1
77,1,40,3569,0
78,1,29,5526,0
79,0,56,5131,0
80,1,50,4375,0
81,0,26,5585,0
82,1,29,2523,1
83,1,43,4797,0
84,0,29,6660,1
85,0,30,6004,0
86,1,44,4203,1
87,0,25,5395,0
88,0,58,6536,0
89,0,50,4872,1
90,1,30,4976,1
91,1,31,3496,1
92,1,25,3262,1
93,1,54,2908,0
94,1,46,4132,0
95,1,39,5050,1
96,0,57,5168,1
97,0,38,5082,0
98,0,38,4061,1
99,1,26,2246,1
100,1,32,5904,0
101,0,54,4880,0
102,1,42,2075,0
103,1,29,2793,1
104,1,37,2007,0
105,0,37,6515,0
106,1,35,2401,1
107,1,47,3515,1
108,1,41,5243,1
109,1,26,2193,1
110,1,56,2233,0
111,1,48,5260,0
112,1,35,3420,0
113,1,51,3561,1
114,1,54,2500,0
115,1,59,4761,0
116,1,31,4130,0
117,0,48,4287,1
118,0,51,6217,1
119,0,35,5598,0
120,0,43,6734,0
121,1,49,3145,1
122,1,44,2404,0
123,0,49,5370,1
124,1,51,3003,1
125,1,35,2871,0
126,1,45,4269,0
127,0,26,4564,0
128,1,48,4717,0
129,1,27,2477,1
130,0,58,5584,1
131,0,26,5011,0
132,1,35,2643,1
133,1,36,4451,0
134,1,29,2052,0
135,1,26,2370,0
136,0,58,6715,0
137,0,49,6688,0
138,0,47,3562,1
139,1,39,4839,0
140,1,49,3600,1
141,1,30,6046,1
142,1,55,2240,0
143,1,52,5918,1
144,0,57,6944,1
145,0,39,6715,1
146,1,50,2342,1
147,1,31,3923,0
148,1,42,4236,0
149,1,37,2921,0
150,1,58,2983,1
151,1,48,2602,1
152,1,56,3747,0
153,0,27,6992,0
154,1,39,3066,1
155,1,46,4697,0
156,0,53,5466,0
157,1,29,4012,1
158,1,55,4904,1
159,1,46,2196,0
160,1,49,3921,0
161,1,35,5371,1
162,1,59,4543,0
163,0,28,5667,0
164,1,25,2515,1
165,1,25,3488,1
166,1,26,2633,0
167,1,32,5204,0
168,0,57,6443,0
169,0,42,5948,1
170,1,27,3749,0
171,1,35,4704,1
172,0,29,5482,1
173,0,38,5844,0
174,1,36,3466,0
175,0,34,6572,1
176,1,53,4840,0
177,1,31,5216,0
178,0,25,5534,1
179,1,39,2027,0
180,1,41,5768,1
181,0,27,6497,0
182,1,40,4485,0
183,0,43,6822,1
184,0,50,5572,0
185,1,55,6205,0
186,0,45,4303,0
187,1,49,4410,1
188,1,39,4693,1
189,1,33,3591,0
190,0,33,5743,1
191,0,37,5094,0
192,1,50,6357,1
193,0,47,5669,1
194,1,44,3398,0
195,1,53,3796,0
196,1,53,2975,1
197,0,51,6372,1
198,0,41,4580,0
199,1,41,4101,0
200,0,36,5006,1
201,1,43,3556,0
202,1,54,4009,0
203,0,44,6709,1
204,0,33,5822,0
205,0,43,5932,0
206,1,51,5541,0
207,1,25,3438,1
208,1,34,3980,1
209,0,38,3491,0
210,0,51,5377,1
211,1,45,3613,0
212,0,34,5102,1
213,0,43,6147,1
214,1,50,5149,1
215,1,33,3992,1
216,1,43,3554,0
217,1,25,2529,0
218,1,31,3067,1
219,0,38,6996,1
220,1,47,2445,1
221,0,35,6062,1
222,1,55,2342,0
223,0,55,6976,0
224,0,35,2863,0
225,0,43,3825,1
226,0,34,5063,1
227,1,56,2229,1
228,1,43,4127,0
229,1,28,4987,0
230,0,41,6807,1
231,0,42,6858,0
232,0,44,6511,1
233,1,43,2297,1
234,1,56,2332,0
235,0,44,6088,0
236,1,34,2727,0
237,0,31,4185,1
238,0,27,4904,0
239,0,32,5662,1
240,0,51,6363,0
241,0,48,5914,0
242,1,40,3686,0
243,1,51,2610,1
244,1,30,4171,0
245,1,58,3716,0
246,1,46,3040,1
247,1,45,4920,0
248,1,51,3852,0
249,0,54,6634,0
250,0,58,5619,1
251,1,30,3719,0
252,1,59,3513,1
253,1,29,2206,0
254,1,50,4208,1
255,1,55,3369,0
256,1,51,2524,1
257,1,45,4175,0
258,1,26,3762,0
259,1,27,6071,0
260,0,43,6742,1
261,1,29,4386,1
262,1,57,2794,1
263,0,37,6652,1
264,0,35,6830,0
265,1,32,2547,0
266,1,38,5007,1
267,1,43,4230,1
268,0,58,5863,0
269,1,25,3764,0
270,0,47,6828,0
271,1,30,2440,1
272,0,42,4963,0
273,1,33,3442,0
274,1,32,2349,1
275,0,42,5955,0
276,0,55,4261,1
277,1,58,2024,0
278,1,32,4010,0
279,0,52,6470,1
280,0,56,5754,1
281,1,50,4288,0
282,0,33,6564,1
283,1,38,3936,1
284,1,40,2582,1
285,0,30,5760,1
286,1,39,4703,1
287,0,51,5368,0
288,1,42,4334,1
289,0,38,6248,1
290,0,31,4388,0
291,0,54,4845,0
292,0,55,5799,1
293,0,37,5076,1
294,1,47,2255,0
295,1,56,2583,1
296,1,33,2377,1
297,0,37,6162,1
298,1,56,2265,0
299,1,49,4840,0
300,0,33,5607,0
301,0,42,6352,1
302,0,36,5548,0
303,1,51,2056,0
304,0,28,4110,0
305,1,43,3074,0
306,1,29,5034,1
307,1,59,2248,1
308,0,38,5577,0
309,1,57,3147,1
310,0,29,6013,1
311,1,40,2709,1
312,0,49,4914,1
313,0,54,5477,1
314,1,32,5936,0
315,1,38,3907,0
316,1,40,2410,0
317,1,27,2559,1
318,0,55,6419,1
319,0,56,3864,1
320,1,25,5239,1
321,1,58,2775,0
322,1,48,6062,0
323,0,31,4017,1
324,1,30,2592,1
325,1,29,3801,1
326,1,47,3905,1
327,1,59,3638,1
328,0,48,6947,0
329,1,38,3288,1
330,1,50,2768,0
331,1,30,3037,0
332,0,25,5044,1
333,1,56,4143,1
334,1,40,2716,0
335,0,29,5049,1
336,1,31,3737,0
337,1,41,3801,0
338,1,51,3468,0
339,0,53,6144,0
340,1,46,2756,0
341,0,54,4581,1
342,0,47,6129,1
343,1,48,4602,1
344,1,32,5175,1
345,1,58,2189,1
346,1,41,3993,0
347,1,59,3276,0
348,1,50,3598,1
349,0,50,6453,0
350,0,30,5174,1
351,0,28,6636,0
352,1,39,3803,0
353,0,44,4946,0
354,0,25,5193,1
355,1,39,3457,1
356,0,26,5415,1
357,1,27,4229,0
358,1,40,3387,1
359,0,59,5075,1
360,1,27,3888,1
361,1,36,6609,1
362,0,52,2817,0
363,1,28,2034,1
364,0,30,5462,0
365,1,33,4054,1
366,0,36,6220,1
367,1,51,6677,1
368,0,46,5896,0
369,0,30,5534,1
370,0,50,5395,0
371,0,29,4571,1
372,1,36,6164,1
373,1,35,5410,1
374,1,50,4402,0
375,1,37,4416,0
376,0,38,4310,0
377,1,48,6063,1
378,1,59,2708,0
379,0,42,6186,1
380,0,50,6745,0
381,1,44,5728,0
382,1,31,3294,1
383,1,56,2067,0
384,0,46,5121,1
385,1,42,3940,1
386,1,47,2004,0
387,1,37,2809,0
388,1,45,4962,0
389,1,25,2031,0
390,0,25,6129,0
391,0,57,6445,1
392,1,28,3865,0
393,1,34,3952,1
394,1,28,3826,0
395,1,26,4785,0
396,1,36,3908,0
397,1,52,4549,0
398,1,52,6056,1
399,1,37,2668,0
400,1,54,2033,1
401,1,55,2668,1
402,1,38,2952,0
403,1,28,2585,1
404,0,43,5842,0
405,1,49,2506,0
406,0,54,6999,1
407,1,45,2943,1
408,1,45,2266,1
409,1,41,4163,1
410,1,29,3176,0
411,0,46,6014,0
412,0,39,6920,0
413,0,34,6864,1
414,1,50,6114,0
415,1,51,2945,1
416,0,45,6409,1
417,0,54,6134,1
418,1,31,3423,1
419,0,54,4816,1
420,1,56,2725,0
421,0,28,6309,0
422,0,35,6346,1
423,1,43,3806,1
424,1,47,5168,0
425,1,53,3093,1
426,0,50,6058,1
427,1,46,2556,1
428,1,59,2852,1
429,0,54,4286,0
430,1,32,3720,0
431,1,54,2705,0
432,1,52,3230,1
433,0,33,5858,0
434,1,35,2484,0
435,0,42,6746,1
436,0,58,5117,1
437,1,45,6603,0
438,1,48,3069,0
439,1,44,2944,1
440,1,50,5506,1
441,1,34,3409,1
442,1,47,3687,1
443,0,48,5610,0
444,0,51,5200,0
445,1,32,3698,0
446,1,43,2857,1
447,0,42,6036,1
448,0,35,5009,1
449,1,56,2714,1
450,0,37,6240,0
451,0,34,6685,1
452,1,56,2802,0
453,0,53,6369,1
454,1,50,4393,0
455,0,47,5179,1
456,1,40,3800,1
457,0,53,6875,0
458,1,37,3462,1
459,1,26,2499,1
460,1,49,4240,0
461,0,46,4261,0
462,1,28,5503,0
463,0,57,6993,1
464,1,58,3663,0
465,1,31,2624,0
466,0,50,4631,0
467,0,40,6419,1
468,1,28,5336,1
469,0,30,4625,1
470,1,34,3834,1
471,1,39,2071,1
472,0,30,5566,0
473,1,27,3104,0
474,0,57,6481,1
475,1,41,4523,0
476,0,39,4352,0
477,1,45,3907,0
478,0,29,5474,0
479,1,29,5147,1
480,0,40,5795,0
481,1,52,3483,1
482,1,29,5958,0
483,0,53,5995,0
484,1,29,2318,0
485,0,52,4450,0
486,1,43,4993,0
487,1,47,2283,0
488,0,27,6818,1
489,1,41,2695,1
490,0,26,6537,0
491,1,27,2236,1
492,1,34,2782,0
493,1,37,5387,0
494,1,42,2533,1
495,0,57,6059,1
496,1,54,3065,0
497,1,29,2431,0
498,0,43,5853,1
499,0,43,6363,1
500,0,49,4244,1
501,0,45,5069,1
502,1,59,2780,0
503,1,36,3165,1
504,0,34,6607,1
505,0,50,5774,1
506,0,28,6483,0
507,1,54,4560,0
508,1,40,4179,1
509,1,27,2345,0
510,1,43,3761,1
511,1,27,4878,0
512,0,43,4834,0
513,1,57,5022,0
514,1,45,4655,1
515,0,47,5625,1
516,1,31,2941,1
517,1,42,2684,0
518,0,27,5736,0
519,1,27,5728,0
520,1,49,2488,1
521,1,30,4653,0
522,1,56,2577,0
523,0,56,6777,0
524,1,29,5952,0
525,1,34,2588,0
526,0,37,4713,1
527,1,26,2795,1
528,0,39,5521,0
529,0,26,3946,1
530,1,42,3269,0
531,0,45,4254,0
532,1,40,4564,1
533,0,53,6591,0
534,1,49,3523,0
535,1,52,4284,0
536,0,25,5749,0
537,1,38,5448,1
538,1,46,4335,0
539,0,48,6267,1
540,1,31,4289,1
541,1,25,2254,1
542,1,38,2856,0
543,1,38,5193,0
544,1,56,2588,0
545,1,31,2226,1
546,1,36,2453,1
547,1,50,4641,1
548,1,57,5628,1
549,0,43,6658,1
550,1,32,5562,0
551,1,29,2549,1
552,1,45,5963,1
553,0,48,5709,0
554,0,33,5803,1
555,1,59,2524,1
556,1,31,3208,0
557,1,29,3163,0
558,1,47,2889,0
559,1,38,2124,0
560,1,40,5473,0
561,0,43,5361,0
562,0,26,5097,0
563,0,37,6747,1
564,1,44,3649,0
565,1,26,4767,0
566,0,31,6934,1
567,0,39,6795,0
568,1,46,3503,0
569,0,38,4473,1
570,1,31,2763,0
571,1,55,2798,0
572,1,40,3500,0
573,1,41,3245,0
574,1,49,3897,1
575,0,43,6645,0
576,0,38,5357,1
577,1,55,4503,1
578,1,40,4572,1
579,1,54,2782,0
580,0,38,5114,0
581,1,26,3840,0
582,1,37,2647,1
583,0,59,5416,0
584,0,32,4928,1
585,0,59,3957,0
586,1,39,4123,0
587,1,47,2514,0
588,1,35,3377,0
589,1,35,2375,1
590,0,25,5985,0
591,1,48,3876,1
592,1,58,4648,1
593,1,50,5515,0
594,0,38,4385,1
595,1,33,3552,1
596,1,44,2195,1
597,1,27,3286,0
598,1,51,3448,1
599,1,40,3571,0
600,1,54,3578,1
601,1,52,3312,0
602,1,25,4738,1
603,0,29,5606,1
604,1,58,4369,0
605,0,25,4652,1
606,1,28,5494,0
607,1,40,4650,1
608,0,43,5912,0
609,1,53,2973,1
610,1,34,6072,1
611,1,34,2940,0
612,0,40,6098,0
613,0,31,5269,0
614,0,58,5845,1
615,1,50,3649,1
616,1,26,4803,0
617,0,52,5096,1
618,1,56,4083,0
619,0,59,4718,0
620,1,45,2945,1
621,0,40,5153,0
622,1,59,6069,1
623,1,31,5971,0
624,1,59,2961,0
625,1,28,4783,0
626,1,43,4456,0
627,0,42,6106,0
628,1,54,4310,0
629,1,56,2328,1
630,1,37,2852,0
631,1,54,2735,0
632,1,48,6053,1
633,0,56,3936,1
634,1,37,4645,1
635,0,42,6935,1
636,1,44,4075,0
637,1,36,2997,0
638,0,51,4017,1
639,1,42,3749,1
640,0,43,6497,1
641,1,26,2890,0
642,1,33,6187,1
643,0,42,6804,1
644,1,26,3956,0
645,0,39,4042,1
646,0,44,4597,1
647,0,46,6093,0
648,1,57,4640,0
649,1,36,4167,0
650,1,42,2056,1
651,0,33,5751,1
652,0,45,3446,0
653,1,50,3455,0
654,1,28,2753,0
655,0,48,6951,1
656,1,58,2242,1
657,1,44,2134,1
658,0,40,6222,1
659,1,25,3201,1
660,0,51,3706,0
661,1,42,3749,0
662,1,41,3008,0
663,0,36,6825,0
664,1,53,2207,1
665,1,58,3384,0
666,0,30,6650,1
667,0,55,5060,0
668,0,30,5516,1
669,1,43,3835,1
670,1,42,2380,1
671,0,59,5603,0
672,1,56,2538,0
673,0,35,6836,1
674,1,40,2011,0
675,1,37,6082,0
676,0,42,5047,1
677,0,27,6881,0
678,0,59,5261,1
679,0,58,6886,1
680,0,51,5569,1
681,1,41,2411,1
682,1,29,5847,1
683,1,33,4431,1
684,1,28,3152,1
685,0,44,5255,1
686,1,46,4441,1
687,0,38,5293,1
688,1,50,4625,1
689,1,32,4775,1
690,1,30,4143,0
691,1,42,4585,1
692,0,28,5287,0
693,1,55,4834,1
694,1,44,4808,1
695,1,45,5178,1
696,1,32,3964,1
697,1,54,2596,0
698,0,49,5017,1
699,1,25,4281,0
700,1,59,2444,0
701,1,31,2479,1
702,0,45,6840,0
703,1,58,2035,1
704,1,36,3680,0
705,1,28,2296,0
706,1,59,2517,1
707,1,38,5192,1
708,0,56,6072,0
709,1,46,2754,1
710,1,36,3575,0
711,1,59,6317,1
712,1,40,4795,0
713,0,47,6814,0
714,0,48,3836,0
715,0,25,6953,0
716,1,46,3736,0
717,0,51,6905,1
718,1,26,4809,1
719,0,47,3091,0
720,1,25,2654,0
721,1,45,3005,0
722,1,26,4442,1
723,0,55,6783,0
724,0,39,6636,1
725,1,42,4307,1
726,1,55,5536,0
727,1,53,2692,0
728,0,33,6246,0
729,1,42,2698,1
730,1,43,2242,1
731,1,41,3299,0
732,1,37,2902,1
733,1,26,3725,0
734,0,27,5588,0
735,1,52,3741,1
736,0,37,6289,1
737,1,56,4125,0
738,1,59,2946,1
739,1,50,2548,0
740,0,57,5492,0
741,1,59,3466,1
742,0,32,6395,1
743,1,38,3153,0
744,1,28,3974,0
745,1,56,2676,0
746,1,53,4363,0
747,1,53,4155,1
748,0,42,5617,1
749,0,40,6308,0
750,1,59,2277,0
751,0,39,6535,1
752,1,37,4656,0
753,1,46,4225,1
754,1,38,4298,0
755,0,41,5279,1
756,1,31,4041,1
757,1,30,4245,0
758,1,26,3991,0
759,1,46,4429,0
760,1,49,3597,1
761,1,31,3222,1
762,0,27,5741,1
763,0,30,5929,0
764,0,44,5554,1
765,1,43,3776,1
766,1,29,4562,0
767,1,27,3314,0
768,1,47,3283,1
769,0,32,4018,0
770,1,57,3938,0
771,1,57,4413,1
772,1,58,2696,0
773,0,34,6077,1
774,1,40,2672,1
775,1,25,4639,0
776,1,27,2642,0
777,0,49,6267,1
778,1,27,6581,1
779,0,58,5690,0
780,0,36,6979,1
781,0,32,6293,0
782,1,39,4115,0
783,1,43,2843,1
784,1,55,3414,1
785,1,57,3316,0
786,0,51,6082,1
787,0,41,5745,1
788,1,38,3292,0
789,1,56,4630,1
790,1,49,3912,0
791,0,27,6699,0
792,0,54,4627,1
793,0,45,4073,1
794,1,43,2402,1
795,0,45,4821,1
796,1,30,2191,0
797,1,48,3805,0
798,1,59,3450,0
799,0,40,4812,1
800,1,39,2349,1
801,0,59,4366,0
802,1,46,2237,0
803,1,45,4240,0
804,0,52,5503,1
805,1,55,2052,1
806,1,52,3996,1
807,1,46,2452,0
808,0,43,6729,1
809,0,41,5429,1
810,1,35,3756,0
811,1,28,4292,0
812,0,59,4946,0
813,1,43,6034,1
814,1,43,2109,1
815,1,56,5657,0
816,1,49,3164,1
817,1,41,2816,0
818,0,36,4317,0
819,0,32,6473,0
820,1,50,4343,0
821,1,30,2202,1
822,1,46,5472,0
823,1,45,2909,1
824,1,37,3231,0
825,0,27,5943,1
826,1,26,3486,0
827,1,28,5441,1
828,1,52,5680,0
829,1,38,3185,0
830,1,57,3428,0
831,1,47,2613,0
832,1,56,2984,1
833,0,43,6280,1
834,1,33,3942,0
835,1,38,3200,0
836,0,27,5209,1
837,0,56,6768,1
838,1,49,2523,0
839,1,50,3956,0
840,0,27,5489,0
841,1,49,3909,0
842,0,56,4694,1
843,1,29,5051,1
844,1,48,3067,1
845,1,52,3273,1
846,1,51,2247,0
847,1,25,5185,0
848,0,48,5343,0
849,1,28,2924,1
850,1,49,2453,1
851,1,30,2476,0
852,1,43,2213,1
853,0,29,6703,0
854,1,40,2866,0
855,0,35,2876,1
856,1,32,3703,1
857,1,55,2325,0
858,1,33,3177,1
859,1,41,2939,1
860,1,34,5776,0
861,1,28,4315,0
862,0,49,4836,0
863,1,44,4769,0
864,0,47,6449,0
865,1,54,2848,0
866,1,54,4280,0
867,1,29,2420,1
868,1,53,2963,0
869,0,35,6125,1
870,1,40,2962,1
871,1,47,3072,1
872,0,38,4653,1
873,1,41,5325,1
874,1,40,3412,1
875,1,41,4334,0
876,1,54,2485,0
877,1,53,4476,1
878,0,31,5529,1
879,0,39,5736,0
880,1,37,2339,1
881,0,50,3551,1
882,0,32,6051,0
883,1,39,2392,1
884,1,57,3935,1
885,0,37,5269,0
886,1,28,6973,0
887,1,31,4567,0
888,0,46,5601,1
889,0,50,6143,0
890,1,35,2009,0
891,0,52,6708,1
892,0,41,5694,1
893,0,46,6001,1
894,1,43,2246,1
895,0,42,5056,1
896,1,53,4756,1
897,0,51,6561,1
898,0,47,5675,0
899,0,43,6266,0
900,1,33,4033,0
901,0,46,5978,0
902,1,44,4487,0
903,0,52,6282,1
904,0,26,6881,1
905,0,46,5670,1
906,1,53,2369,1
907,0,42,5160,1
908,1,55,5058,0
909,1,51,3192,1
910,1,51,2313,1
911,1,57,2763,0
912,0,57,5665,0
913,0,38,6367,0
914,0,36,6473,1
915,0,47,6061,0
916,1,55,2096,0
917,1,49,4500,1
918,0,46,5759,0
919,1,31,4901,1
920,0,47,3379,1
921,0,35,3992,1
922,1,56,4169,1
923,1,46,4478,1
924,1,44,2078,0
925,0,45,4538,1
926,1,45,3811,1
927,1,28,3267,0
928,1,30,3055,0
929,1,36,3248,1
930,1,26,5526,1
931,1,32,6159,0
932,0,44,6718,0
933,1,50,4609,0
934,0,37,6891,1
935,1,49,4099,0
936,0,29,6476,0
937,1,54,3037,1
938,0,30,5892,1
939,1,48,4887,1
940,0,27,6848,0
941,1,27,4536,0
942,1,51,5543,0
943,1,40,3961,1
944,1,54,4988,0
945,1,40,2253,1
946,0,57,6542,1
947,0,29,6181,0
948,0,27,6307,0
949,1,59,6001,0
950,1,29,4138,0
951,1,39,4980,1
952,1,47,3833,1
953,1,48,4048,1
954,0,36,4012,1
955,0,27,6474,1
956,1,46,4709,0
957,1,29,2176,1
958,1,47,3143,0
959,1,44,4557,0
960,1,51,3990,1
961,0,53,5034,1
962,1,44,4111,1
963,0,30,6848,0
964,1,31,2824,1
965,0,57,5742,0
966,1,27,4028,1
967,0,50,6322,1
968,1,44,2169,1
969,1,41,3692,1
970,1,58,5265,1
971,1,48,2909,0
972,1,54,2845,0
973,1,58,5117,0
974,1,39,5654,1
975,0,39,4297,0
976,1,54,2241,1
977,1,53,4147,0
978,1,57,3157,0
979,1,25,3490,1
980,0,29,5757,0
981,1,55,3722,0
982,0,49,5955,0
983,1,25,2832,0
984,0,39,6895,1
985,1,58,3169,1
986,1,39,2846,1
987,0,59,5804,0
988,1,51,2271,0
989,1,33,2775,1
990,1,32,3474,0
991,0,52,4836,0
992,1,50,5487,0
993,0,50,3798,1
994,1,48,4802,0
995,1,29,3295,0
996,0,48,6759,1
997,1,56,3657,1
998,1,29,3067,1
999,1,32,4628,0
1000,0,39,6600,0
1001,0,35,6848,0
1002,1,39,3689,0
1003,0,50,3831,0
1004,0,46,5962,1
1005,0,26,4622,0
1006,1,27,2207,1
1007,0,45,5927,0
1008,1,51,3216,1
1009,1,49,2379,1
1010,1,46,5167,0
1011,1,42,5197,0
1012,1,48,3530,1
1013,1,58,2478,0
1014,0,42,6739,0
1015,0,38,4415,1
1016,0,50,6550,0
1017,0,31,6093,1
1018,1,52,5592,1
1019,0,55,6894,0
1020,1,38,2892,1
1021,0,43,5020,1
1022,1,43,4137,0
1023,0,49,5400,1
1024,1,34,5364,0
1025,1,59,3013,0
1026,0,37,6116,1
1027,1,28,2052,1
1028,1,27,4508,1
1029,0,31,6418,1
1030,0,33,5566,1
1031,1,31,4336,1
1032,0,31,6095,0
1033,1,46,4594,1
1034,1,29,2047,1
1035,1,47,6267,0
1036,1,33,2105,1
1037,0,54,5827,1
1038,1,35,6021,1
1039,1,28,2196,1
1040,1,57,4077,1
1041,1,29,2253,1
1042,0,48,3319,0
1043,0,36,4920,1
1044,0,36,6540,1
1045,0,35,5911,1
1046,0,37,5300,1
1047,1,57,4957,0
1048,1,44,4950,0
1049,1,27,4953,0
1050,0,49,6129,1
1051,1,50,2208,1
1052,1,26,2752,1
1053,1,55,3848,1
1054,1,25,3688,0
1055,0,53,5688,1
1056,0,32,5470,0
1057,1,36,4055,0
1058,1,40,5408,1
1059,1,41,4987,0
1060,0,52,5341,1
1061,0,52,6539,1
1062,1,51,3751,0
1063,1,56,3072,0
1064,0,58,5440,0
1065,1,34,2965,0
1066,0,42,5290,0
1067,0,32,3780,0
1068,1,50,5702,0
1069,0,57,6591,0
1070,0,33,5082,0
1071,0,30,5488,0
1072,1,55,2641,0
1073,1,48,5519,0
1074,1,40,3832,1
1075,1,28,5271,1
1076,0,36,5868,1
1077,1,40,5085,1
1078,1,59,2664,0
1079,0,44,5464,0
1080,1,36,3493,0
1081,1,40,2107,0
1082,1,35,3958,1
1083,0,45,4587,0
1084,1,46,2578,1
1085,1,56,4070,0
1086,0,57,6026,1
1087,1,39,2802,1
1088,0,55,5916,0
1089,0,51,6627,0
1090,0,45,6896,1
1091,1,57,3673,1
1092,1,30,4564,1
1093,1,33,3023,1
1094,1,33,3738,1
1095,1,48,2420,0
1096,0,46,6169,1
1097,0,33,6118,1
1098,0,35,6212,1
1099,1,29,2190,0
1100,0,47,5028,0
1101,0,29,6436,0
1102,0,31,6096,0
1103,1,34,3177,0
1104,1,43,3585,0
1105,1,31,3655,1
1106,0,39,6982,1
1107,0,55,6403,1
1108,0,47,6618,1
1109,0,46,5858,1
1110,1,43,5119,1
1111,0,59,6220,0
1112,1,54,4722,0
1113,1,52,3909,1
1114,1,41,2299,0
1115,0,52,6122,0
1116,1,52,3156,1
1117,1,47,3889,1
1118,1,32,3811,1
1119,0,53,6742,1
1120,0,53,6114,1
1121,0,38,2875,0
1122,1,25,3493,0
1123,1,53,5356,0
1124,1,33,2444,1
1125,0,55,6139,1
1126,0,35,6046,1
1127,1,57,2859,1
1128,1,25,6266,1
1129,0,50,6076,1
1130,0,25,5516,0
1131,0,25,5825,0
1132,1,30,2559,0
1133,1,59,5275,0
1134,0,32,5935,0
1135,1,37,5326,0
1136,0,33,5932,1
1137,1,41,5390,1
1138,1,51,4624,1
1139,1,25,2329,1
1140,0,38,4177,0
1141,0,33,6128,0
1142,1,57,2264,1
1143,1,35,4362,0
1144,1,53,2755,0
1145,1,39,6973,0
1146,0,25,5535,0
1147,0,43,6186,0
1148,1,28,5804,1
1149,1,26,4904,0
1150,0,48,6833,0
1151,1,41,4111,0
1152,0,50,5140,0
1153,1,47,2355,0
1154,0,57,6459,1
1155,1,40,3541,0
1156,1,53,2140,0
1157,1,44,2968,1
1158,1,47,3292,0
1159,1,25,2546,1
1160,1,26,4366,1
1161,0,48,4938,0
1162,1,25,4507,1
1163,0,55,5938,1
1164,1,41,2666,0
1165,0,32,6250,1
1166,1,55,4856,1
1167,1,51,2153,0
1168,0,47,4421,1
1169,1,46,2521,0
1170,0,52,6607,0
1171,0,47,6652,1
1172,1,32,2882,1
1173,1,48,4126,0
1174,1,28,2800,1
1175,0,50,4769,1
1176,1,58,2443,0
1177,1,26,2870,1
1178,1,40,3313,1
1179,1,33,2137,0
1180,0,32,6169,0
1181,0,25,4721,1
1182,0,49,5337,1
1183,0,30,5508,1
1184,0,52,6824,0
1185,1,47,5508,1
1186,0,54,6228,1
1187,0,53,6552,1
1188,1,29,3480,1
1189,1,34,4433,1
1190,1,38,2954,1
1191,0,46,6786,1
1192,1,34,2576,1
1193,0,43,5442,1
1194,1,37,2530,0
1195,0,40,5484,1
1196,0,41,6821,0
1197,1,36,3876,1
1198,0,47,4670,0
1199,1,56,3829,1
1200,0,42,4548,0
1201,0,38,6990,0
1202,0,56,6605,0
1203,0,49,6884,0
1204,1,57,2366,0
1205,0,46,3193,1
1206,0,52,5872,0
1207,1,26,4396,1
1208,1,35,3351,1
1209,0,25,6261,1
1210,1,25,2164,1
1211,1,27,2593,0
1212,1,32,3281,1
1213,0,26,5193,0
1214,1,57,4233,1
1215,1,42,6941,0
1216,1,54,2818,1
1217,1,49,3145,0
1218,1,37,3352,1
1219,1,28,3498,0
1220,0,32,5647,1
1221,1,45,5331,0
1222,0,41,6029,0
1223,1,26,4053,1
1224,1,41,3641,1
1225,1,32,4149,1
1226,1,29,3125,1
1227,1,35,4529,0
1228,1,51,3194,0
1229,1,53,5199,0
1230,1,55,3211,0
1231,1,54,3261,1
1232,1,37,3142,0
1233,0,35,5807,0
1234,1,30,3170,1
1235,1,32,6063,1
1236,0,54,6928,0
1237,1,43,3390,0
1238,0,56,5856,1
1239,0,36,6997,0
1240,1,53,2612,0
1241,0,50,6936,0
1242,1,58,2151,0
1243,1,58,3431,1
1244,1,49,2613,1
1245,0,47,5452,0
1246,1,56,3808,1
1247,1,42,4090,1
1248,0,52,6273,0
1249,1,27,3898,1
1250,1,39,2319,0
1251,1,49,4831,0
1252,1,26,3349,1
1253,0,35,6098,0
1254,1,35,3143,0
1255,1,58,3443,0
1256,1,31,2159,0
1257,0,51,4860,1
1258,1,47,5142,1
1259,1,29,4862,0
1260,1,26,2436,0
1261,0,32,3335,0
1262,0,35,6312,0
1263,1,29,2121,1
1264,1,33,4489,0
1265,0,55,5522,1
1266,1,56,4472,1
1267,1,45,5039,1
1268,1,55,2163,0
1269,0,45,4787,0
1270,0,56,6394,0
1271,1,40,5172,0
1272,0,33,4688,1
1273,0,28,6103,1
1274,0,45,6603,0
1275,0,55,5177,0
1276,0,37,6425,0
1277,0,27,6690,0
1278,0,57,5499,0
1279,0,51,6854,0
1280,1,26,4674,0
1281,1,42,3290,0
1282,1,52,3538,0
1283,0,32,6165,1
1284,0,55,4449,0
1285,1,55,3112,1
1286,0,30,6734,1
1287,0,32,4803,1
1288,0,42,6251,1
1289,1,31,2911,1
1290,0,37,3713,0
1291,0,27,6675,0
1292,0,30,5285,1
1293,1,39,5188,0
1294,0,26,3771,1
1295,1,39,5324,1
1296,0,32,6201,1
1297,1,30,4168,1
1298,1,45,3494,0
1299,0,38,6236,0
1300,0,38,4837,0
1301,1,30,3503,0
1302,1,58,3032,1
1303,1,53,6133,1
1304,0,38,5509,1
1305,0,26,6606,0
1306,0,41,4731,1
1307,1,35,5227,1
1308,0,46,4477,0
1309,0,35,6401,1
1310,1,26,3590,0
1311,1,48,3574,0
1312,1,31,6965,1
1313,1,50,3385,0
1314,1,30,3114,1
1315,0,25,5932,0
1316,1,29,5906,1
1317,1,33,3581,0
1318,1,35,2293,1
1319,0,35,5746,1
1320,1,52,5467,1
1321,1,36,5142,0
1322,0,37,5132,0
1323,0,46,6048,1
1324,1,32,2065,0
1325,0,29,6323,0
1326,1,36,4877,0
1327,0,28,6728,0
1328,1,31,2883,0
1329,0,51,5196,1
1330,0,58,6108,1
1331,0,38,5440,0
1332,1,36,2867,1
1333,1,54,2471,1
1334,1,27,5162,1
1335,0,38,5129,1
1336,1,32,3948,1
1337,0,49,6055,1
1338,0,46,6336,1
1339,1,39,5013,1
1340,1,31,3331,1
1341,1,42,3891,1
1342,1,55,4473,1
1343,0,59,6130,0
1344,1,31,2199,0
1345,0,45,4359,1
1346,1,28,3781,1
1347,1,52,2139,0
1348,0,51,4847,1
1349,0,57,4680,1
1350,1,27,3210,0
1351,1,45,4569,0
1352,0,50,6873,0
1353,1,28,3584,1
1354,1,41,2743,1
1355,1,40,5435,1
1356,0,54,6344,1
1357,1,50,3527,1
1358,1,38,2097,1
1359,0,54,6052,0
1360,1,45,5216,1
1361,0,35,6878,1
1362,0,36,5005,0
1363,1,39,4902,1
1364,0,58,6373,1
1365,1,45,3525,0
1366,1,37,4414,1
1367,1,28,2119,0
1368,1,53,3792,1
1369,1,50,3760,0
1370,1,46,4393,1
1371,1,54,4512,0
1372,1,55,4493,0
1373,1,46,3695,1
1374,1,43,5727,1
1375,1,50,2283,1
1376,1,32,3849,1
1377,0,54,4921,0
1378,0,52,5982,1
1379,0,59,2725,1
1380,1,51,4894,0
1381,1,59,5214,1
1382,1,30,2233,0
1383,0,39,5011,1
1384,1,39,4955,1
1385,0,59,5072,0
1386,1,50,2021,0
1387,0,51,4942,1
1388,0,29,5598,1
1389,1,32,2421,1
1390,1,29,2117,0
1391,0,34,5590,1
1392,1,30,2582,1
1393,1,48,5545,0
1394,1,58,5334,0
1395,1,56,2697,0
1396,1,33,2207,0
1397,0,32,4972,1
1398,1,46,2811,1
1399,0,54,3840,0
1400,0,26,6110,1
1401,0,47,6048,0
1402,0,41,6541,0
1403,1,27,3688,1
1404,1,32,5382,1
1405,1,52,6968,0
1406,0,36,5439,1
1407,0,28,6061,0
1408,1,51,4583,1
1409,1,31,6334,1
1410,1,39,4486,1
1411,1,39,2777,1
1412,1,25,4302,0
1413,1,41,2401,0
1414,0,40,6115,1
1415,1,44,4910,0
1416,0,43,6601,0
1417,1,37,3241,1
1418,1,49,2962,0
1419,1,27,2070,1
1420,1,47,3920,0
1421,1,53,2739,0
1422,1,56,2671,0
1423,0,38,4946,0
1424,1,25,4282,1
1425,1,53,2543,1
1426,1,45,5670,0
1427,1,41,2853,1
1428,1,29,3293,0
1429,1,51,3591,1
1430,1,33,2030,1
1431,1,32,2519,1
1432,1,26,6302,1
1433,0,29,4645,1
1434,1,51,4197,0
1435,1,40,2418,0
1436,1,38,3473,0
1437,1,52,4951,0
1438,0,44,5510,0
1439,0,27,6261,0
1440,1,47,2334,0
1441,0,30,4519,1
1442,0,43,4428,1
1443,0,25,5416,0
1444,1,48,2736,1
1445,0,34,6948,0
1446,0,45,5898,1
1447,1,34,2398,1
1448,1,57,2030,0
1449,0,38,6971,1
1450,0,45,6990,1
1451,0,59,4328,0
1452,0,49,6045,0
1453,1,34,3179,1
1454,1,42,3113,1
1455,1,42,2998,0
1456,1,53,3079,1
1457,0,56,5987,0
1458,1,49,3209,0
1459,0,38,6077,0
1460,1,49,2097,1
1461,1,35,2022,1
1462,0,52,3912,0
1463,1,55,2650,0
1464,1,29,3100,1
1465,0,30,6233,1
1466,0,46,5807,1
1467,0,36,2869,1
1468,0,25,6883,1
1469,0,51,6382,0
1470,1,37,2911,1
1471,1,43,2383,1
1472,1,39,3179,0
1473,0,31,6750,1
1474,1,41,5242,0
1475,0,25,2514,0
1476,0,54,4671,0
1477,1,52,2364,1
1478,0,30,6130,1
1479,0,28,6807,0
1480,1,31,3406,0
1481,1,28,4585,0
1482,0,58,5941,0
1483,1,33,6609,0
1484,1,41,4282,1
1485,1,33,2172,1
1486,1,47,2823,1
1487,1,52,3018,1
1488,0,56,3796,0
1489,1,47,2258,0
1490,1,27,3471,0
1491,1,43,4131,1
1492,1,36,3241,1
1493,0,45,6475,1
1494,1,39,2697,1
1495,0,53,5131,0
1496,0,37,6073,1
1497,1,27,3994,0
1498,0,53,5320,0
1499,0,39,5362,0
1500,1,50,2940,1
1501,0,51,6713,0
1502,0,35,6807,1
1503,1,47,3449,0
1504,0,36,3438,0
1505,1,25,3856,1
1506,0,30,6011,0
1507,0,43,3967,0
1508,0,31,6662,1
1509,1,33,4988,0
1510,1,57,2136,0
1511,0,47,6803,0
1512,0,56,6951,1
1513,1,25,2836,0
1514,0,38,6780,0
1515,0,27,5075,1
1516,1,45,3492,0
1517,1,38,4030,0
1518,1,45,5532,0
1519,1,32,2189,1
1520,1,52,4083,0
1521,1,27,2515,1
1522,0,35,6646,1
1523,1,30,3325,1
1524,1,42,2915,0
1525,0,56,6208,1
1526,1,55,5476,1
1527,0,55,6978,0
1528,1,58,2260,0
1529,0,56,5949,1
1530,1,43,3714,1
1531,0,49,4797,0
1532,0,44,6348,1
1533,0,53,5405,0
1534,0,53,6473,1
1535,0,52,6823,1
1536,1,47,3926,1
1537,1,34,3394,0
1538,0,48,4541,1
1539,1,35,3849,1
1540,1,33,4445,1
1541,1,59,3661,0
1542,0,30,5814,1
1543,1,26,3642,0
1544,1,56,2409,1
1545,0,47,5518,1
1546,1,58,5139,0
1547,1,30,2874,0
1548,0,41,6719,0
1549,0,31,6692,1
1550,0,41,6040,1
1551,1,51,3071,1
1552,1,28,2514,1
1553,1,43,5401,1
1554,1,51,2957,1
1555,1,59,5042,0
1556,0,59,3869,1
1557,1,57,2670,1
1558,0,48,6903,0
1559,1,48,2429,0
1560,1,57,2292,1
1561,1,37,3253,0
1562,1,45,2169,1
1563,0,33,5665,1
1564,0,25,4896,0
1565,1,46,2791,1
1566,1,48,2897,0
1567,1,55,3167,1
1568,0,41,6601,0
1569,0,31,5841,1
1570,0,39,6651,1
1571,1,41,2723,1
1572,0,41,4952,1
1573,0,25,5073,0
1574,1,25,4309,1
1575,1,35,2129,1
1576,1,37,2620,1
1577,1,41,6056,1
1578,1,57,2653,0
1579,1,41,2057,1
1580,1,50,2558,0
1581,1,58,6561,0
1582,1,51,2984,1
1583,1,32,4822,1
1584,1,48,3880,1
1585,1,49,4786,0
1586,0,46,4223,1
1587,1,52,4732,0
1588,1,27,4248,0
1589,1,57,4422,1
1590,1,38,2363,1
1591,0,33,6659,0
1592,1,54,3133,1
1593,1,44,5826,0
1594,1,49,6518,1
1595,0,57,4822,0
1596,0,55,5960,1
1597,0,29,6754,0
1598,1,47,5699,0
1599,1,35,3338,0
1600,0,47,6678,0
1601,1,37,5233,1
1602,0,32,5363,1
1603,1,37,3634,0
1604,0,50,3349,1
1605,1,28,3890,1
1606,1,30,3624,1
1607,1,43,3163,0
1608,0,26,6143,0
1609,1,29,4220,1
1610,1,35,4223,0
1611,1,35,2741,1
1612,1,56,3208,1
1613,0,42,5174,0
1614,0,29,3176,1
1615,1,59,3890,0
1616,1,33,3017,0
1617,1,59,2101,1
1618,1,55,4426,0
1619,1,48,3745,0
1620,1,33,2653,1
1621,0,41,3722,0
1622,0,33,6823,1
1623,1,45,2654,1
1624,1,56,4041,1
1625,1,28,3207,1
1626,1,32,3857,1
1627,0,59,6604,1
1628,1,39,3000,0
1629,1,52,2999,0
1630,1,50,5550,1
1631,0,44,5544,1
1632,1,26,3842,1
1633,1,44,3817,0
1634,0,35,4909,1
1635,0,38,6592,0
1636,0,55,4518,0
1637,0,51,5225,0
1638,1,45,4364,0
1639,0,52,6277,0
1640,1,39,3123,1
1641,1,56,5460,0
1642,0,48,4998,1
1643,1,37,2944,0
1644,1,38,3622,0
1645,0,43,6765,1
1646,1,25,2746,1
1647,1,27,2275,1
1648,1,29,2939,1
1649,0,58,6143,0
1650,1,45,2030,1
1651,1,52,3963,1
1652,0,56,3863,0
1653,0,50,6831,1
1654,1,48,4895,0
1655,1,48,5279,1
1656,0,39,5648,0
1657,0,27,4588,1
1658,1,48,3853,1
1659,1,48,4138,0
1660,0,52,6395,1
1661,1,48,2754,1
1662,0,39,5084,1
1663,1,27,2844,0
1664,1,51,2155,0
1665,0,45,6365,1
1666,0,57,4229,1
1667,1,33,4503,0
1668,0,31,5525,0
1669,1,48,3686,1
1670,0,38,6805,1
1671,1,55,5018,1
1672,0,34,5802,1
1673,1,27,2251,1
1674,1,45,2636,0
1675,1,27,2466,0
1676,1,42,4857,0
1677,1,31,4968,0
1678,1,52,4823,0
1679,1,29,3243,0
1680,1,56,2593,1
1681,0,33,5027,0
1682,1,33,3623,1
1683,1,39,3968,0
1684,1,27,4147,0
1685,1,45,3891,1
1686,0,59,4778,1
1687,1,35,5027,0
1688,1,31,5327,0
1689,0,36,6429,1
1690,1,45,4107,0
1691,1,33,5552,1
1692,1,52,2677,1
1693,0,39,4808,0
1694,0,47,5916,1
1695,1,39,2171,1
1696,1,47,3541,0
1697,1,57,2350,1
1698,1,29,2226,0
1699,0,56,6541,0
1700,0,25,6255,1
1701,1,29,2342,0
1702,1,32,2620,0
1703,1,28,6438,0
1704,0,32,4920,0
1705,1,53,2634,1
1706,1,59,4803,1
1707,0,37,5261,0
1708,1,59,2951,0
1709,0,49,6748,0
1710,1,46,3445,0
1711,1,48,3672,0
1712,0,46,3600,0
1713,1,34,4984,1
1714,1,35,2034,1
1715,0,59,6263,1
1716,1,57,3692,0
1717,0,48,6380,0
1718,0,34,3749,1
1719,0,51,2399,0
1720,0,51,5328,1
1721,1,25,3586,0
1722,0,51,5285,0
1723,1,51,5726,0
1724,0,26,5839,0
1725,1,44,5378,1
1726,1,30,6888,1
1727,1,57,2700,0
1728,1,52,3991,0
1729,1,35,3951,1
1730,0,39,6794,0
1731,0,41,5866,0
1732,1,51,3039,1
1733,0,43,6070,0
1734,0,31,6739,0
1735,1,39,2718,0
1736,1,44,2190,0
1737,1,28,3370,0
1738,1,46,3561,1
1739,1,47,2271,1
1740,0,30,4653,1
1741,1,56,2106,1
1742,1,31,4391,1
1743,1,50,4399,1
1744,1,57,4208,0
1745,1,45,2788,1
1746,1,45,2324,1
1747,0,39,4154,1
1748,0,44,6029,0
1749,0,48,4954,0
1750,1,45,3207,0
1751,1,45,2691,0
1752,1,30,2676,1
1753,1,33,2020,1
1754,0,50,6750,0
1755,0,43,5848,1
1756,1,54,3218,0
1757,0,38,4180,0
1758,1,41,2303,0
1759,1,45,3689,1
1760,0,30,6646,0
1761,1,53,3362,0
1762,1,26,3213,0
1763,0,38,5772,1
1764,0,44,5152,1
1765,1,56,3253,0
1766,0,34,5376,1
1767,0,34,6552,1
1768,1,54,3355,1
1769,1,54,2341,0
1770,1,30,2378,1
1771,1,57,2927,1
1772,0,57,5381,0
1773,1,58,2575,1
1774,1,52,5667,1
1775,1,31,2507,0
1776,1,48,2960,0
1777,0,42,5801,1
1778,1,35,4663,0
1779,0,55,6704,0
1780,1,54,3743,1
1781,0,52,6509,1
1782,1,56,2216,0
1783,1,44,5881,1
1784,0,39,6405,1
1785,1,52,6501,1
1786,1,56,4486,1
1787,1,52,3932,1
1788,1,53,2309,0
1789,1,29,3403,0
1790,1,31,3375,1
1791,0,34,5650,0
1792,0,51,6672,0
1793,1,28,2437,0
1794,0,37,4698,1
1795,1,57,4928,1
1796,1,45,2119,0
1797,0,36,5544,0
1798,1,42,4034,0
1799,0,38,6108,1
1800,0,32,6359,0
1801,0,36,4900,1
1802,0,53,4170,0
1803,0,46,3248,0
1804,1,33,4009,0
1805,1,54,6109,0
1806,1,44,3936,0
1807,1,34,3488,1
1808,0,58,3646,0
1809,0,58,6880,0
1810,0,49,4750,0
1811,1,25,3833,1
1812,0,30,6377,0
1813,1,47,2194,0
1814,0,33,6606,0
1815,1,38,4266,1
1816,0,36,5963,0
1817,1,39,2710,0
1818,1,41,4944,0
1819,1,55,3677,1
1820,1,37,3705,0
1821,1,31,2698,0
1822,1,40,4912,1
1823,0,48,6602,0
1824,0,28,3558,0
1825,1,35,2598,0
1826,0,35,4380,0
1827,0,45,6839,1
1828,1,27,2551,1
1829,1,26,3705,1
1830,1,40,3157,0
1831,1,45,2821,0
1832,0,37,6953,1
1833,1,43,4684,1
1834,1,30,3025,0
1835,0,39,5939,0
1836,0,48,6267,0
1837,1,55,4142,1
1838,1,56,3110,0
1839,0,38,5101,0
1840,1,43,2778,1
1841,0,56,6949,1
1842,0,33,6454,1
1843,1,40,3691,0
1844,0,58,5122,0
1845,1,55,4073,1
1846,1,32,2275,0
1847,1,31,3120,1
1848,1,33,2128,0
1849,0,45,5944,0
1850,0,45,6531,1
1851,1,52,2314,1
1852,0,38,5879,1
1853,0,53,5913,0
1854,0,45,5254,0
1855,1,31,3461,1
1856,1,42,2892,1
1857,1,45,5441,1
1858,0,43,5646,1
1859,1,34,2774,1
1860,1,52,4767,1
1861,1,56,2056,0
1862,0,58,5135,0
1863,1,35,3654,1
1864,1,59,5634,0
1865,1,58,3753,0
1866,1,57,2890,1
1867,0,32,4106,0
1868,1,54,3498,0
1869,0,34,5045,1
1870,1,26,2758,0
1871,1,27,2019,0
1872,1,54,4448,1
1873,0,52,6916,1
1874,0,30,4988,1
1875,1,25,5054,1
1876,1,28,2217,0
1877,1,30,3733,0
1878,1,36,3477,0
1879,1,45,4583,1
1880,0,34,5058,0
1881,1,36,5657,1
1882,1,45,5839,1
1883,0,35,4725,0
1884,0,33,5935,0
1885,0,53,3017,0
1886,1,49,3206,1
1887,1,25,5340,1
1888,1,51,4590,1
1889,1,28,4994,0
1890,0,28,6827,1
1891,0,27,6247,1
1892,0,56,5315,0
1893,1,39,2459,0
1894,0,37,2782,0
1895,1,42,4931,1
1896,1,47,5722,1
1897,1,58,4175,0
1898,0,47,6669,1
1899,1,58,3274,0
1900,1,30,2307,0
1901,0,44,6370,0
1902,1,56,2012,0
1903,0,37,6633,1
1904,1,50,3422,1
1905,1,39,2011,1
1906,1,46,6292,0
1907,1,38,5079,0
1908,1,38,5266,0
1909,1,33,2303,1
1910,1,28,2028,0
1911,0,26,6970,1
1912,1,44,2456,1
1913,1,43,3822,1
1914,0,52,6629,1
1915,1,25,2740,1
1916,0,55,6699,0
1917,0,42,6674,1
1918,0,56,3729,1
1919,1,29,5009,0
1920,1,59,3500,0
1921,0,48,5722,0
1922,1,39,3577,0
1923,1,48,2898,0
1924,0,39,6205,0
1925,1,53,4952,1
1926,1,27,5187,1
1927,1,44,3562,0
1928,0,52,6908,1
1929,0,30,6708,1
1930,1,53,5131,0
1931,0,55,4740,1
1932,0,54,5862,1
1933,0,47,5619,0
1934,1,45,4377,0
1935,1,38,2808,0
1936,0,52,6190,1
1937,0,54,4571,1
1938,1,55,3177,0
1939,1,48,3083,1
1940,0,43,5459,0
1941,1,40,2511,1
1942,0,36,6891,0
1943,1,43,2393,0
1944,1,33,4089,1
1945,0,38,6498,0
1946,1,33,6884,0
1947,1,41,3892,1
1948,1,46,2202,1
1949,1,30,4906,0
1950,1,51,2189,0
1951,1,27,4657,1
1952,1,31,2382,0
1953,1,31,3039,0
1954,0,40,4207,0
1955,0,51,6862,1
1956,0,47,6500,1
1957,0,56,4654,1
1958,1,30,4917,0
1959,1,33,3724,0
1960,0,46,6933,1
1961,1,25,6730,0
1962,1,35,3385,0
1963,1,35,3259,1
1964,0,46,6746,0
1965,0,32,6108,1
1966,0,59,4922,1
1967,1,32,3334,1
1968,1,47,4001,1
1969,1,45,2247,0
1970,0,58,6566,1
1971,0,49,4214,0
1972,1,40,2937,1
1973,1,44,2121,1
1974,1,45,3305,0
1975,0,51,6091,1
1976,1,57,4537,1
1977,1,50,2755,0
1978,0,41,6618,1
1979,0,48,6085,0
1980,1,49,4044,1
1981,0,28,6955,1
1982,1,37,4774,1
1983,0,38,6401,1
1984,1,31,3835,1
1985,0,57,3634,0
1986,0,40,5309,1
1987,1,50,3624,0
1988,1,38,4013,1
1989,0,35,6372,0
1990,0,55,6747,1
1991,1,29,2745,0
1992,0,43,6441,0
1993,1,43,3917,0
1994,1,52,2150,0
1995,0,35,6013,1
1996,1,55,3366,1
1997,0,42,5708,0
1998,1,50,2688,1
1999,1,49,2804,0
2000,1,49,4311,0
2001,1,34,2114,0
2002,1,39,2130,0
2003,0,38,5785,1
2004,0,35,6488,0
2005,0,26,6585,1
2006,0,39,5216,0
2007,1,37,3194,1
2008,1,25,4523,0
2009,0,29,4890,1
2010,1,53,3204,0
2011,0,25,6631,1
2012,0,34,6254,0
2013,0,41,6328,0
2014,0,35,4927,1
2015,1,55,3758,0
2016,1,50,2819,1
2017,0,56,6605,1
2018,1,53,2138,1
2019,0,29,5449,1
2020,1,57,3196,0
2021,1,58,2662,0
2022,0,58,6081,0
2023,1,42,6281,0
2024,0,33,5723,1
2025,1,59,2031,1
2026,1,40,3696,0
2027,0,32,4212,0
2028,0,49,6955,0
2029,0,32,4495,1
2030,0,40,5499,0
2031,0,31,6997,0
2032,0,31,4621,0
2033,1,35,4324,1
2034,1,37,2088,0
2035,0,39,4147,1
2036,0,47,5416,1
2037,0,41,5891,1
2038,1,39,4485,0
2039,1,48,4220,1
2040,0,35,5183,0
2041,1,33,3887,0
2042,1,40,3809,1
2043,1,27,3557,1
2044,1,59,3238,0
2045,1,50,4187,1
2046,1,37,3946,0
2047,1,50,4990,0
2048,1,25,3059,0
2049,1,33,5489,0
2050,1,51,3557,1
2051,1,42,2930,1
2052,0,56,6400,0
2053,0,51,6014,1
2054,1,28,3468,0
2055,1,54,2319,0
2056,1,40,3019,1
2057,0,33,5624,1
2058,1,36,2255,1
2059,0,33,4986,0
2060,0,27,6846,1
2061,0,51,5620,1
2062,1,39,3617,1
2063,1,39,5797,0
2064,0,27,6877,1
2065,1,35,4518,0
2066,0,37,5183,0
2067,0,58,6716,1
2068,1,44,3608,0
2069,1,58,4049,0
2070,1,46,2056,0
2071,0,51,6982,0
2072,0,55,5440,1
2073,1,39,2168,1
2074,0,36,6304,1
2075,0,52,5977,1
2076,0,47,5494,1
2077,0,54,6843,0
2078,1,47,4059,1
2079,1,50,2765,1
2080,1,25,3774,1
2081,1,42,3388,0
2082,1,41,4106,1
2083,1,29,2886,1
2084,0,37,6174,0
2085,1,48,2252,1
2086,1,40,3808,0
2087,0,55,5235,0
2088,1,27,6443,1
2089,0,25,6454,1
2090,1,42,4596,1
2091,1,33,3225,0
2092,1,36,4096,0
2093,1,47,5899,0
2094,1,43,3330,0
2095,1,48,4965,1
2096,1,32,4941,0
2097,1,39,4051,1
2098,1,46,3202,1
2099,0,47,5301,1
2100,1,56,3062,1
2101,1,58,3563,1
2102,1,58,6414,1
2103,1,32,3180,1
2104,1,31,2806,1
2105,1,56,3976,0
2106,1,34,3047,0
2107,1,26,2657,1
2108,1,25,2602,1
2109,0,30,6850,0
2110,0,52,6800,0
2111,0,43,6598,1
2112,1,35,3253,0
2113,0,56,5200,1
2114,1,43,4695,0
2115,1,57,3111,0
2116,1,31,3403,0
2117,0,27,6119,0
2118,0,42,6843,1
2119,1,31,5327,0
2120,1,53,2104,1
2121,0,39,6519,1
2122,1,38,3676,1
2123,1,32,3122,1
2124,0,28,6189,1
2125,0,55,3787,1
2126,1,43,2861,0
2127,1,51,3444,1
2128,1,43,2975,0
2129,0,30,6168,0
2130,1,57,5902,0
2131,1,36,2318,0
2132,0,59,6087,1
2133,1,33,2458,1
2134,0,51,5213,1
2135,0,34,6525,0
2136,0,37,6976,1
2137,0,54,6242,0
2138,1,44,5253,1
2139,1,49,2281,0
2140,0,53,5285,0
2141,0,50,2960,0
2142,0,34,4851,1
2143,0,54,5679,0
2144,1,29,2826,0
2145,1,37,2318,1
2146,1,29,4633,0
2147,0,57,4776,0
2148,1,25,3950,1
2149,1,39,4344,0
2150,0,45,6105,1
2151,1,54,4589,0
2152,0,51,6526,1
2153,1,49,4411,1
2154,1,31,3022,1
2155,1,36,5328,0
2156,1,39,3097,1
2157,0,47,6496,1
2158,1,29,2042,0
2159,1,50,2187,1
2160,1,54,3063,0
2161,1,58,2328,1
2162,1,31,3788,1
2163,0,27,6558,0
2164,1,41,2728,1
2165,0,30,6838,1
2166,0,57,5274,1
2167,0,30,6951,1
2168,1,44,2347,1
2169,1,47,3024,0
2170,1,27,4163,1
2171,1,47,2629,0
2172,0,32,5589,0
2173,1,32,4581,0
2174,1,39,6472,1
2175,0,38,5073,0
2176,0,46,4286,1
2177,0,56,5155,1
2178,0,45,5541,1
2179,1,50,3178,0
2180,0,25,6515,0
2181,1,27,3726,0
2182,0,42,6074,0
2183,1,36,2471,1
2184,0,53,4463,0
2185,1,40,2872,0
2186,1,50,2244,1
2187,1,46,4013,0
2188,1,38,3851,0
2189,1,43,2889,0
2190,0,35,5922,0
2191,1,52,2767,0
2192,1,57,2923,0
2193,0,44,6249,1
2194,1,29,5515,0
2195,0,51,5339,1
2196,1,44,3305,1
2197,1,28,3108,0
2198,1,43,3212,1
2199,0,41,4331,1
2200,1,39,2901,0
2201,0,25,2546,0
2202,1,42,4054,0
2203,0,36,5576,0
2204,1,50,3742,0
2205,1,51,2728,1
2206,1,40,2964,0
2207,1,55,4483,1
2208,1,45,5788,1
2209,0,59,6824,0
2210,1,50,5098,0
2211,0,50,5782,1
2212,0,28,4786,0
2213,1,56,2789,1
2214,0,56,5165,1
2215,1,51,2222,1
2216,1,38,2397,1
2217,0,53,5673,0
2218,1,50,2283,1
2219,0,50,6534,0
2220,1,26,3716,0
2221,1,56,5497,0
2222,0,37,5792,0
2223,1,57,3177,0
2224,1,53,4871,1
2225,0,37,3977,1
2226,0,41,4308,0
2227,0,26,6688,1
2228,0,54,6196,1
2229,1,26,2422,0
2230,1,58,3574,1
2231,0,46,4005,1
2232,0,29,5543,0
2233,1,58,3910,0
2234,0,50,6673,0
2235,1,41,2183,0
2236,1,25,5542,0
2237,0,53,4736,1
2238,1,59,2066,0
2239,1,47,5284,1
2240,1,39,2387,1
2241,1,32,2979,1
2242,0,44,6408,0
2243,1,53,2485,0
2244,0,29,6251,1
2245,1,39,2448,0
2246,1,37,4490,0
2247,1,38,3569,0
2248,1,41,3022,1
2249,1,46,2516,0
2250,0,58,5866,0
2251,0,53,6523,1
2252,1,25,4295,1
2253,0,31,4142,0
2254,0,54,5665,0
2255,1,29,2991,0
2256,1,29,2949,0
2257,1,55,3992,1
2258,1,28,4546,1
2259,0,41,5371,0
2260,0,27,5881,1
2261,1,59,2377,1
2262,1,37,3431,0
2263,0,26,4837,1
2264,1,53,4992,1
2265,1,34,5587,1
2266,1,52,2951,0
2267,1,47,2244,0
2268,1,36,2591,1
2269,1,49,5554,0
2270,1,25,2388,0
2271,0,37,6841,1
2272,1,46,3187,0
2273,1,37,4058,0
2274,1,39,2258,0
2275,1,27,3795,1
2276,1,46,4813,1
2277,0,50,4604,0
2278,1,55,3238,0
2279,1,46,2471,1
2280,0,46,5941,0
2281,1,37,3720,1
2282,1,52,3682,1
2283,1,41,2701,1
2284,1,25,5597,1
2285,1,58,3847,1
2286,0,37,5567,1
2287,1,50,4399,0
2288,1,44,3570,0
2289,1,34,3475,0
2290,0,50,6301,0
2291,1,35,4762,1
2292,0,28,6781,1
2293,1,33,2251,0
2294,1,38,3249,1
2295,1,32,2510,1
2296,1,46,5530,1
2297,0,56,5999,1
2298,0,53,5944,0
2299,0,58,6489,1
2300,1,34,2524,0
2301,0,33,4749,0
2302,0,54,6344,0
2303,0,44,6724,0
2304,0,59,5347,1
2305,0,50,5636,0
2306,1,35,2881,0
2307,1,25,2763,1
2308,0,37,4626,0
2309,0,59,6340,1
2310,1,44,3513,1
2311,1,40,4598,0
2312,1,57,3102,0
2313,0,53,6846,0
2314,1,32,3164,0
2315,1,37,3913,0
2316,0,57,6090,1
2317,0,52,6216,0
2318,1,58,2403,1
2319,1,54,4130,1
2320,1,31,2612,0
2321,1,36,3617,1
2322,0,49,6604,0
2323,1,45,2187,0
2324,0,39,5669,0
2325,1,50,3621,1
2326,1,52,3905,1
2327,1,37,3907,0
2328,0,26,5902,1
2329,0,26,5945,0
2330,0,44,3707,1
2331,1,33,5511,1
2332,1,56,3466,1
2333,0,59,5054,0
2334,1,27,2776,1
2335,1,27,3437,0
2336,1,51,3642,1
2337,1,44,3789,1
2338,1,42,3602,1
2339,0,40,5888,0
2340,0,51,6591,0
2341,1,36,2367,1
2342,1,59,3685,0
2343,1,40,4696,0
2344,1,57,2272,0
2345,1,50,6926,0
2346,0,58,6438,1
2347,0,49,4261,0
2348,0,57,5678,1
2349,0,46,5571,1
2350,1,33,2539,0
2351,1,36,3940,1
2352,1,58,2159,0
2353,1,46,2601,1
2354,1,35,4364,1
2355,0,31,5688,1
2356,1,48,3462,1
2357,0,46,6431,0
2358,0,59,4286,1
2359,1,59,3993,0
2360,0,27,5382,0
2361,0,57,6138,1
2362,1,45,4056,1
2363,1,38,5116,0
2364,0,51,6802,0
2365,0,46,6248,0
2366,1,48,2047,0
2367,0,39,5846,0
2368,0,42,6788,0
2369,0,28,5932,1
2370,0,59,6560,1
2371,0,25,6969,0
2372,1,47,2575,0
2373,1,33,3396,0
2374,1,35,3844,0
2375,1,26,3666,0
2376,1,45,2665,0
2377,1,35,2726,0
2378,0,49,6114,0
2379,0,43,6327,0
2380,0,30,6836,1
2381,1,27,3227,1
2382,1,51,4326,1
2383,0,43,6197,0
2384,1,39,4648,1
2385,1,53,3103,0
2386,1,39,3234,1
2387,0,48,6051,1
2388,1,28,2626,0
2389,1,39,3344,1
2390,1,36,5622,1
2391,1,59,2693,1
2392,0,51,5013,1
2393,1,36,2224,0
2394,0,46,6592,0
2395,1,57,2318,0
2396,1,53,3890,0
2397,1,38,4419,1
2398,1,29,2963,0
2399,1,43,2423,0
2400,1,29,3553,0
2401,1,57,5101,1
2402,0,25,5870,1
2403,1,39,4755,0
2404,1,37,2581,0
2405,0,46,4877,0
2406,0,56,6855,1
2407,1,48,2660,0
2408,1,48,3330,0
2409,1,54,2294,0
2410,0,39,6877,0
2411,0,52,5703,0
2412,1,32,3073,0
2413,1,57,3864,1
2414,1,33,3884,0
2415,0,55,5733,1
2416,1,51,2396,1
2417,0,38,6564,1
2418,1,56,4430,0
2419,1,34,2820,0
2420,0,54,6716,1
2421,0,32,5827,1
2422,0,56,4387,0
2423,1,33,3213,1
2424,1,51,3684,1
2425,1,58,2387,1
2426,0,44,6504,1
2427,0,45,6003,0
2428,0,51,4421,0
2429,0,39,5848,1
2430,1,29,4337,1
2431,1,44,3109,1
2432,0,50,6779,0
2433,1,26,2671,1
2434,1,25,2398,1
2435,1,26,4427,0
2436,0,31,5449,1
2437,1,27,2221,0
2438,1,28,5537,0
2439,1,56,2302,0
2440,1,46,3230,0
2441,1,55,4062,0
2442,0,30,5930,0
2443,0,41,6821,0
2444,1,26,4235,1
2445,1,43,4320,1
2446,0,39,5319,1
2447,0,47,6186,1
2448,1,55,3632,1
2449,1,49,2717,0
2450,1,30,2765,1
2451,1,41,2517,0
2452,1,42,2619,0
2453,0,54,6614,1
2454,1,47,2178,0
2455,1,36,3766,1
2456,0,45,5404,1
2457,1,59,2115,1
2458,1,35,4325,0
2459,0,34,6262,0
2460,1,38,3295,1
2461,0,52,6258,0
2462,1,34,4656,0
2463,0,41,6492,0
2464,1,56,3238,0
2465,1,38,3266,0
2466,0,54,5928,1
2467,0,55,6643,0
2468,1,35,5048,1
2469,0,49,6826,0
2470,1,57,6414,0
2471,1,58,2913,1
2472,0,47,4934,0
2473,0,33,6485,0
2474,0,26,6138,0
2475,1,43,4808,0
2476,0,59,5471,1
2477,0,37,5265,1
2478,0,52,6191,0
2479,0,36,5872,1
2480,1,37,3930,0
2481,1,27,4848,0
2482,1,44,3342,1
2483,0,35,5037,1
2484,0,37,5305,1
2485,0,40,5342,1
2486,1,39,3330,0
2487,0,56,4098,1
2488,1,36,6260,1
2489,1,47,2398,0
2490,0,57,5812,0
2491,0,35,5108,1
2492,1,44,3905,0
2493,1,57,2017,0
2494,1,45,2128,0
2495,0,48,6163,1
2496,0,53,5539,1
2497,0,39,6126,1
2498,1,47,6146,1
2499,1,28,3632,1
2500,1,44,4315,1
2501,0,40,5726,0
2502,0,41,3675,1
2503,1,49,3913,0
2504,1,59,5774,0
2505,0,31,4728,1
2506,1,38,5119,0
2507,0,42,5017,0
2508,1,57,3164,0
2509,1,33,2873,1
2510,1,39,5468,1
2511,1,53,4381,1
2512,1,28,2837,0
2513,1,29,2700,1
2514,0,38,6730,1
2515,0,52,5397,0
2516,1,34,3172,0
2517,1,58,4790,1
2518,0,50,6013,0
2519,0,36,6817,1
2520,1,44,5190,1
2521,0,35,5837,0
2522,1,32,2502,1
2523,1,47,2890,0
2524,1,38,5829,1
2525,1,33,2159,0
2526,1,26,4499,0
2527,1,55,3698,1
2528,1,58,3942,1
2529,1,37,2479,1
2530,0,34,5703,0
2531,1,34,6295,0
2532,0,53,5541,0
2533,0,31,6939,0
2534,1,58,2273,0
2535,1,30,2435,0
2536,0,35,5933,1
2537,1,59,6267,1
2538,0,48,6158,0
2539,1,38,2411,0
2540,1,51,3713,1
2541,0,30,6229,0
2542,1,39,4653,1
2543,0,39,2963,1
2544,1,38,3333,1
2545,1,51,3887,0
2546,0,27,3716,0
2547,1,50,6681,1
2548,1,39,3174,0
2549,0,59,5966,1
2550,1,46,3410,1
2551,1,47,6608,1
2552,1,41,5050,1
2553,1,39,6341,0
2554,0,42,6897,0
2555,1,38,4731,0
2556,1,47,3504,1
2557,0,45,6881,1
2558,1,54,3040,1
2559,1,31,6011,0
2560,0,57,3250,1
2561,1,51,2213,0
2562,1,54,4748,0
2563,1,26,4025,0
2564,1,46,5575,1
2565,0,39,6806,1
2566,0,44,6629,0
2567,0,55,5416,0
2568,1,56,2167,0
2569,1,50,2825,1
2570,1,52,3714,0
2571,1,36,5350,0
2572,1,38,2252,0
2573,1,32,4663,0
2574,1,55,2761,1
2575,0,55,6294,1
2576,1,25,4945,1
2577,1,28,2150,0
2578,1,40,2242,1
2579,1,40,3864,0
2580,1,25,3435,0
2581,1,41,3130,1
2582,0,57,5225,1
2583,1,45,4789,0
2584,1,36,2938,1
2585,0,52,5156,0
2586,0,55,5914,0
2587,1,28,4425,0
2588,0,48,6124,0
2589,0,30,4209,1
2590,0,33,5472,1
2591,1,27,2493,1
2592,1,49,3275,1
2593,0,27,6382,0
2594,1,57,4012,0
2595,1,37,3664,1
2596,1,43,2749,0
2597,1,50,2663,0
2598,1,43,4546,0
2599,0,55,6138,0
2600,0,25,6414,0
2601,1,43,2350,1
2602,1,48,3782,1
2603,1,27,2553,0
2604,1,46,6065,1
2605,0,59,5965,1
2606,1,39,5542,1
2607,1,47,5984,1
2608,1,28,4365,1
2609,0,53,4470,0
2610,0,52,4883,1
2611,0,48,6947,1
2612,1,39,2229,0
2613,0,54,6107,0
2614,1,29,6582,1
2615,1,50,3189,1
2616,1,41,5646,1
2617,1,38,3822,1
2618,0,50,5933,1
2619,1,51,3654,1
2620,1,56,4625,0
2621,0,31,6613,1
2622,1,29,5456,0
2623,0,29,5906,1
2624,1,32,3269,0
2625,1,37,2143,0
2626,1,39,4965,1
2627,1,59,2809,0
2628,0,52,3503,0
2629,1,53,3563,0
2630,1,45,4876,0
2631,1,48,4061,1
2632,1,25,3483,0
2633,1,36,3271,1
2634,0,45,6580,0
2635,1,56,2559,0
2636,1,50,3148,1
2637,0,54,6625,0
2638,1,57,3410,0
2639,0,36,6464,1
2640,1,25,2192,1
2641,0,59,5768,0
2642,0,28,5743,0
2643,1,56,2260,1
2644,0,47,4913,0
2645,1,33,3916,1
2646,0,59,6206,1
2647,0,41,4267,0
2648,1,49,2214,0
2649,0,38,5944,1
2650,1,54,5982,1
2651,1,48,4585,0
2652,1,26,2741,1
2653,0,43,4050,0
2654,0,42,5125,1
2655,1,33,2640,1
2656,0,30,4164,0
2657,1,54,5466,0
2658,1,48,3526,0
2659,1,48,5265,1
2660,1,47,4324,0
2661,1,34,4740,0
2662,1,29,4996,0
2663,0,51,6691,1
2664,1,42,2212,1
2665,0,44,5491,0
2666,0,30,6139,0
2667,1,55,2760,0
2668,0,28,4211,0
2669,0,58,5938,0
2670,0,46,4953,0
2671,1,47,3108,1
2672,0,37,6391,1
2673,1,31,2361,0
2674,1,43,5994,1
2675,1,48,3391,1
2676,1,30,4371,0
2677,1,36,4796,1
2678,1,25,2286,0
2679,1,48,4853,1
2680,1,50,3528,0
2681,1,47,2441,1
2682,0,46,5882,1
2683,1,57,2818,0
2684,1,48,3225,1
2685,1,26,2414,1
2686,1,38,3975,0
2687,0,47,5643,0
2688,1,37,3261,1
2689,0,45,6269,1
2690,1,58,4305,1
2691,0,54,4755,0
2692,0,35,5104,1
2693,0,32,6121,0
2694,0,32,4950,1
2695,0,28,4367,1
2696,0,56,6368,1
2697,1,51,3200,0
2698,1,29,3282,1
2699,1,48,3340,1
2700,1,43,3927,1
2701,0,30,5025,1
2702,1,44,2451,0
2703,1,59,2832,1
2704,1,36,4340,1
2705,1,37,3067,1
2706,1,36,4102,0
2707,0,33,6826,1
2708,1,52,2380,1
2709,1,47,3352,1
2710,0,27,6997,1
2711,0,46,6726,0
2712,1,31,3337,1
2713,1,35,2777,0
2714,0,54,6486,1
2715,1,30,5857,1
2716,0,57,3814,1
2717,1,58,2046,1
2718,0,29,4506,1
2719,0,28,5347,1
2720,1,27,2059,1
2721,1,45,6819,1
2722,1,46,3480,1
2723,0,59,4477,0
2724,0,53,6793,0
2725,1,48,5884,1
2726,1,37,2114,1
2727,1,56,3901,0
2728,0,47,5952,1
2729,1,50,3890,0
2730,1,59,2673,1
2731,1,57,4403,1
2732,1,46,2528,0
2733,1,49,4273,0
2734,0,53,6097,1
2735,1,27,2146,0
2736,0,29,6117,0
2737,1,44,3375,1
2738,1,57,3219,0
2739,0,52,6049,1
2740,1,58,3113,0
2741,1,32,2223,0
2742,1,37,2900,1
2743,0,26,6008,1
2744,1,45,2852,0
2745,1,56,2486,1
2746,1,57,3570,0
2747,1,51,3129,0
2748,1,59,2334,1
2749,1,47,2505,0
2750,0,53,6646,1
2751,1,49,4574,1
2752,0,56,4904,0
2753,1,30,2518,1
2754,0,45,6529,0
2755,1,53,3024,0
2756,0,38,3659,0
2757,0,51,5772,0
2758,1,56,3516,1
2759,1,53,5608,1
2760,1,57,5680,1
2761,0,38,6965,1
2762,0,44,6748,1
2763,0,40,6401,1
2764,1,47,2624,1
2765,1,36,4309,1
2766,1,49,2931,0
2767,1,56,3910,0
2768,0,25,6414,0
2769,1,25,4361,0
2770,1,58,3377,1
2771,0,31,4983,1
2772,1,40,4517,1
2773,1,37,5544,1
2774,0,47,5714,1
2775,0,56,6967,0
2776,0,54,6689,1
2777,0,27,3872,0
2778,1,31,3423,1
2779,0,29,5537,0
2780,1,34,3430,0
2781,1,32,2332,0
2782,1,45,2277,1
2783,1,54,5504,0
2784,0,36,4047,0
2785,0,35,6534,0
2786,1,59,3317,1
2787,0,35,5468,0
2788,0,25,2906,0
2789,0,52,6578,0
2790,0,29,5681,1
2791,1,25,4296,0
2792,1,26,4032,1
2793,1,30,3075,1
2794,0,52,6872,0
2795,0,39,6287,1
2796,0,32,5916,0
2797,0,35,5615,0
2798,1,51,3764,1
2799,0,36,4463,1
2800,0,57,4796,1
2801,0,40,6245,1
2802,0,38,6435,0
2803,0,30,3179,0
2804,0,55,6411,0
2805,0,31,6786,0
2806,0,51,4728,1
2807,1,40,2768,1
2808,1,40,2968,1
2809,0,31,6854,1
2810,0,49,5058,1
2811,1,53,4196,1
2812,1,37,5065,0
2813,1,26,6373,0
2814,1,47,4840,1
2815,1,52,2145,1
2816,0,38,5592,1
2817,0,54,4779,1
2818,1,35,3384,0
2819,1,42,4079,0
2820,1,58,3587,0
2821,1,49,3683,1
2822,0,46,4778,0
2823,0,34,6165,0
2824,0,59,6801,1
2825,1,30,2263,0
2826,0,59,6269,0
2827,1,39,3634,1
2828,0,51,6127,0
2829,1,58,2096,1
2830,1,36,2005,0
2831,1,58,5360,0
2832,0,48,5795,0
2833,1,25,3664,0
2834,0,57,5038,1
2835,0,31,5792,1
2836,0,36,4432,0
2837,0,44,3970,0
2838,1,47,3700,1
2839,1,52,2623,1
2840,0,42,4277,1
2841,1,52,3485,1
2842,0,41,5944,0
2843,1,44,2452,1
2844,1,45,4911,0
2845,1,32,3529,1
2846,1,44,2132,1
2847,0,27,4093,1
2848,1,59,2171,0
2849,1,54,5727,0
2850,0,26,4943,1
2851,0,36,6061,1
2852,1,43,3865,0
2853,0,53,6584,1
2854,0,56,6690,0
2855,1,52,4688,1
2856,0,47,4684,0
2857,1,27,3781,1
2858,1,54,5533,0
2859,0,57,5486,1
2860,1,35,4599,1
2861,1,27,4003,1
2862,1,45,2756,1
2863,1,30,4027,1
2864,1,29,3157,1
2865,0,55,5876,1
2866,1,30,2427,0
2867,0,44,6859,0
2868,0,40,5783,0
2869,1,46,3631,0
2870,1,32,5279,0
2871,1,48,4035,0
2872,1,46,2226,1
2873,0,40,3621,0
2874,0,54,4935,0
2875,1,43,3628,0
2876,1,46,4589,0
2877,0,29,5484,1
2878,0,35,5993,1
2879,1,47,6096,0
2880,1,55,3425,1
2881,1,54,2976,0
2882,1,44,2245,1
2883,0,49,4348,1
2884,0,59,5221,0
2885,0,52,4890,0
2886,1,46,4978,0
2887,1,45,4088,1
2888,0,38,6283,0
2889,0,48,5556,1
2890,0,41,5437,0
2891,0,54,5793,0
2892,1,50,3029,0
2893,1,42,5819,1
2894,1,51,4162,0
2895,1,42,3431,0
2896,1,27,2763,1
2897,0,43,6461,1
2898,1,49,3984,0
2899,1,49,4967,1
2900,1,55,2523,0
2901,1,44,5975,0
2902,1,43,4368,0
2903,1,55,3334,0
2904,1,45,3798,0
2905,0,34,3455,1
2906,1,37,3071,1
2907,0,39,6399,0
2908,0,56,6039,0
2909,1,55,2422,1
2910,0,50,4224,0
2911,0,25,5064,0
2912,0,53,6396,0
2913,1,29,2630,0
2914,1,27,4919,0
2915,0,30,5855,1
2916,1,33,3780,1
2917,0,26,6784,0
2918,1,55,3440,0
2919,1,33,4152,1
2920,0,55,6619,0
2921,1,57,2569,1
2922,1,31,4739,0
2923,1,52,4147,0
2924,1,31,2692,1
2925,1,27,3584,1
2926,1,58,3649,0
2927,1,42,4923,0
2928,1,40,2148,1
2929,0,34,6406,0
2930,1,27,4615,0
2931,1,56,5114,1
2932,0,58,5325,1
2933,1,58,2339,0
2934,0,40,6221,0
2935,1,32,3309,1
2936,0,50,5745,0
2937,1,54,3419,0
2938,0,41,6411,0
2939,1,52,3745,0
2940,1,45,2376,0
2941,0,43,5318,1
2942,1,37,4390,1
2943,0,50,5058,0
2944,0,43,6354,0
2945,0,55,6398,1
2946,1,59,2345,0
2947,0,34,6688,1
2948,0,46,4391,0
2949,1,42,3347,1
2950,1,31,3909,1
2951,0,43,6698,1
2952,0,56,4761,1
2953,0,34,6594,1
2954,1,49,4367,1
2955,0,48,5847,1
2956,0,49,5262,1
2957,0,40,5630,0
2958,0,51,2943,1
2959,1,38,2935,0
2960,1,31,2158,1
2961,1,32,4571,1
2962,0,54,5644,1
2963,1,53,2517,1
2964,1,35,3944,1
2965,1,57,4912,1
2966,0,53,2944,0
2967,0,35,4488,0
2968,0,51,4789,0
2969,1,36,2080,1
2970,0,59,5604,1
2971,1,59,3106,1
2972,0,45,6715,1
2973,0,42,6870,1
2974,1,34,4948,1
2975,0,47,5763,0
2976,1,57,4687,1
2977,0,53,6666,0
2978,1,56,3042,1
2979,1,54,2613,1
2980,0,47,5245,0
2981,1,57,5847,1
2982,1,32,4080,1
2983,0,30,6771,1
2984,1,59,4439,1
2985,1,30,4139,0
2986,0,27,6862,1
2987,1,58,3774,1
2988,0,27,6258,1
2989,0,41,6232,1
2990,0,38,6539,1
2991,0,40,6518,1
2992,0,54,5945,1
2993,1,40,3609,1
2994,0,57,5461,0
2995,1,57,4054,0
2996,1,41,4518,0
2997,0,31,5917,1
2998,0,35,6392,0
2999,1,40,2794,0
3000,0,43,6175,1
3001,1,37,3080,1
3002,0,26,6962,1
3003,0,34,6336,0
3004,1,31,4152,0
3005,1,58,4472,1
3006,1,54,3462,1
3007,1,37,2613,1
3008,1,44,2060,1
3009,1,31,4010,0
3010,0,28,4606,1
3011,0,48,4088,0
3012,0,35,6064,1
3013,1,40,2536,0
3014,1,35,5186,1
3015,1,52,6112,0
3016,1,53,2967,1
3017,1,32,3520,1
3018,1,25,3424,0
3019,1,50,3517,0
3020,1,30,3229,0
3021,0,39,5803,1
3022,0,43,6792,0
3023,1,56,2835,1
3024,1,59,2264,1
3025,1,35,4650,0
3026,1,26,3398,1
3027,1,33,5796,1
3028,0,49,5951,1
3029,1,39,2997,1
3030,0,49,6856,1
3031,1,51,3440,1
3032,1,31,4177,1
3033,0,53,6108,1
3034,0,43,6588,1
3035,1,38,5604,0
3036,1,50,4248,1
3037,0,48,5714,1
3038,0,47,5091,1
3039,1,36,3280,1
3040,0,37,6818,1
3041,1,33,3936,0
3042,1,28,2358,1
3043,1,51,2340,0
3044,1,36,3596,0
3045,1,45,2308,1
3046,1,31,5269,1
3047,1,50,3197,0
3048,1,42,2269,1
3049,0,55,6927,0
3050,1,35,3289,1
3051,1,31,2275,1
3052,1,35,6480,0
3053,0,51,6345,0
3054,1,40,2668,1
3055,0,29,6762,1
3056,1,39,2668,0
3057,1,59,4610,1
3058,0,25,5906,1
3059,0,33,6190,0
3060,1,34,3434,0
3061,0,28,4877,1
3062,0,31,6850,0
3063,1,40,3044,1
3064,1,42,5017,0
3065,1,42,2463,1
3066,1,56,2092,1
3067,0,33,5906,1
3068,1,59,2895,0
3069,0,38,5895,0
3070,0,52,6336,0
3071,1,38,3751,0
3072,1,32,4835,0
3073,1,41,3743,1
3074,0,40,6587,0
3075,1,55,3821,1
3076,0,45,6753,1
3077,1,43,3636,0
3078,1,40,2425,0
3079,1,30,4813,1
3080,1,47,6315,0
3081,1,25,4060,0
3082,0,37,5576,0
3083,1,44,3534,0
3084,0,37,6085,0
3085,1,31,2754,0
3086,0,52,6581,0
3087,0,53,5517,0
3088,1,53,4742,0
3089,0,45,6430,1
3090,1,39,3534,0
3091,1,47,3861,0
3092,1,30,5508,1
3093,0,56,6388,0
3094,1,29,4239,1
3095,0,49,5819,1
3096,1,48,3299,0
3097,0,55,5602,0
3098,0,31,3236,1
3099,0,28,6289,0
3100,1,53,4105,1
3101,0,36,4969,1
3102,1,27,2377,1
3103,0,25,4760,1
3104,1,34,2148,1
3105,1,50,3325,1
3106,0,27,4945,1
3107,1,56,2979,0
3108,0,41,6819,0
3109,1,58,6163,1
3110,0,26,5904,1
3111,1,32,3536,0
3112,1,40,4565,0
3113,0,52,5685,0
3114,1,42,2751,0
3115,1,39,3177,0
3116,0,51,4556,1
3117,1,38,2978,0
3118,1,26,2956,1
3119,0,57,5148,0
3120,1,55,4816,0
3121,1,59,3328,1
3122,1,39,3124,1
3123,0,37,5266,0
3124,1,44,2834,1
3125,0,51,6785,0
3126,1,31,4965,1
3127,1,48,5480,1
3128,1,25,3400,1
3129,1,48,3770,0
3130,1,28,3852,0
3131,1,45,6893,0
3132,1,34,3086,0
3133,1,57,3317,0
3134,0,51,6539,1
3135,0,25,2900,0
3136,0,42,3667,0
3137,0,45,6021,0
3138,0,31,6517,0
3139,1,42,3296,1
3140,1,31,3339,0
3141,0,49,3050,0
3142,1,27,6315,1
3143,1,33,3591,0
3144,1,53,3493,0
3145,0,39,5377,0
3146,0,46,6095,1
3147,0,25,5839,0
3148,1,48,3295,0
3149,0,57,6887,1
3150,1,43,5324,1
3151,0,41,4838,1
3152,0,40,6669,0
3153,1,55,4242,0
3154,1,58,2119,0
3155,1,45,2440,0
3156,0,28,5582,0
3157,0,52,6600,0
3158,0,28,6715,1
3159,1,28,6145,0
3160,1,42,3892,1
3161,1,45,2541,1
3162,0,41,4309,0
3163,0,56,6474,0
3164,0,51,5287,1
3165,0,31,6335,0
3166,0,59,5625,1
3167,1,49,3665,1
3168,0,27,6808,0
3169,1,33,6734,0
3170,1,51,4681,1
3171,1,32,5125,1
3172,1,27,4543,0
3173,1,38,2030,0
3174,1,42,2901,1
3175,1,54,2262,1
3176,0,30,5856,1
3177,0,25,6898,0
3178,1,26,2106,1
3179,1,32,3861,1
3180,0,49,6084,0
3181,1,43,2703,0
3182,1,36,3075,0
3183,0,35,5396,0
3184,1,30,2666,1
3185,1,26,4196,0
3186,1,41,2030,0
3187,1,47,3467,0
3188,0,49,5446,1
3189,0,28,4584,0
3190,0,25,6627,0
3191,1,47,3041,1
3192,1,36,4505,0
3193,0,59,6590,0
3194,1,58,2212,1
3195,0,43,4416,0
3196,1,41,2568,1
3197,0,35,6263,0
3198,0,37,5293,1
3199,1,40,2651,1
3200,0,37,6389,1
3201,1,26,4669,0
3202,1,30,3513,0
3203,1,48,3523,0
3204,1,54,3820,1
3205,1,46,2833,1
3206,1,51,4688,0
3207,1,34,2862,1
3208,0,40,5244,1
3209,1,55,4783,1
3210,0,42,6983,0
3211,0,54,6884,0
3212,0,53,5462,0
3213,0,58,5176,0
3214,1,34,5458,1
3215,1,29,3698,1
3216,1,41,3961,0
3217,1,40,2750,1
3218,1,32,2024,0
3219,0,34,4528,1
3220,0,33,5092,1
3221,0,44,5702,1
3222,1,46,4484,0
3223,0,36,3935,0
3224,1,52,2737,1
3225,1,56,2091,1
3226,0,58,4971,1
3227,1,36,3833,1
3228,0,31,3832,1
3229,1,55,4464,1
3230,1,57,3925,0
3231,1,35,3190,0
3232,1,59,2407,1
3233,1,27,2874,1
3234,1,55,3165,0
3235,0,34,6429,0
3236,0,42,6344,1
3237,1,40,3826,1
3238,1,42,2258,0
3239,0,53,5827,0
3240,0,54,6470,0
3241,0,39,4731,1
3242,0,39,6404,1
3243,1,45,3040,0
3244,1,25,3318,0
3245,1,33,3829,1
3246,0,28,5389,0
3247,1,51,4429,0
3248,0,37,6700,1
3249,0,34,4323,1
3250,1,57,2798,1
3251,1,26,5401,0
3252,1,46,2540,0
3253,0,34,6368,1
3254,1,51,3971,1
3255,1,46,3337,0
3256,1,55,3711,1
3257,1,31,4082,0
3258,0,50,5580,1
3259,1,47,5067,0
3260,0,46,5304,0
3261,1,59,3387,0
3262,1,47,2389,1
3263,0,54,5538,1
3264,1,58,3097,1
3265,1,53,4387,1
3266,1,58,2227,1
3267,0,25,6790,1
3268,1,42,3363,0
3269,1,34,2997,1
3270,1,37,2362,1
3271,0,34,5774,0
3272,1,54,2658,0
3273,1,27,4189,1
3274,0,59,3685,1
3275,0,36,6880,1
3276,1,52,2860,0
3277,1,42,3088,1
3278,0,28,5026,0
3279,0,25,6422,0
3280,1,58,5251,0
3281,0,58,3557,0
3282,1,36,2510,0
3283,0,39,6591,1
3284,0,34,2926,0
3285,1,46,2074,0
3286,1,30,3575,1
3287,1,48,4402,0
3288,1,41,2143,1
3289,0,42,5400,1
3290,1,31,2755,1
3291,1,43,4753,0
3292,1,44,3467,1
3293,1,35,3587,0
3294,0,31,5583,0
3295,1,47,3875,0
3296,1,26,3289,1
3297,1,59,3143,0
3298,0,27,5205,1
3299,0,44,4606,0
3300,1,34,2363,1
3301,0,53,5597,1
3302,0,56,5704,1
3303,1,31,3820,0
3304,1,55,3632,1
3305,1,47,3648,0
3306,1,34,3798,0
3307,1,57,2916,1
3308,1,53,3132,1
3309,1,57,4196,1
3310,1,54,2236,1
3311,0,41,4188,1
3312,1,46,3443,1
3313,1,27,2226,1
3314,0,59,4906,0
3315,1,42,5750,0
3316,0,47,6623,1
3317,1,32,2287,0
3318,1,51,2732,1
3319,1,54,4506,1
3320,0,38,5313,0
3321,1,36,3838,0
3322,1,28,3689,1
3323,1,49,2737,1
3324,0,53,5398,0
3325,1,41,4370,0
3326,0,48,6998,1
3327,1,33,3632,1
3328,0,34,5997,0
3329,1,56,2662,1
3330,1,38,4626,1
3331,0,27,5888,0
3332,0,40,6239,1
3333,1,57,4826,1
3334,1,42,2649,1
3335,1,27,5609,0
3336,0,54,6279,1
3337,1,55,2054,0
3338,1,46,5169,0
3339,0,50,5336,1
3340,1,58,5844,0
3341,1,36,2180,1
3342,1,29,2026,0
3343,0,31,5193,0
3344,0,45,6508,1
3345,1,48,5671,1
3346,1,47,3047,1
3347,1,43,4059,1
3348,1,34,5182,1
3349,1,28,2272,0
3350,1,49,4043,0
3351,1,32,3678,1
3352,0,32,5505,0
3353,0,44,6132,1
3354,1,45,3231,1
3355,1,43,4522,1
3356,0,58,6394,1
3357,1,39,2688,1
3358,1,53,3503,0
3359,1,43,2456,0
3360,0,58,5554,0
3361,0,50,3030,0
3362,1,39,5467,1
3363,0,52,6153,0
3364,1,55,4804,1
3365,0,55,5664,0
3366,0,48,4509,1
3367,0,46,5957,0
3368,1,42,3584,1
3369,0,47,5768,0
3370,1,35,4035,0
3371,1,54,3516,0
3372,1,34,4233,0
3373,1,37,4982,1
3374,1,49,3343,0
3375,1,36,5181,0
3376,1,57,3541,1
3377,0,40,6530,1
3378,1,50,2049,0
3379,1,32,2211,0
3380,1,50,4165,1
3381,1,40,4120,0
3382,0,26,4164,1
3383,0,41,6611,0
3384,0,56,5113,0
3385,0,53,6848,1
3386,1,50,3402,1
3387,0,28,5899,1
3388,0,26,6261,0
3389,0,38,5377,0
3390,1,42,3098,1
3391,1,58,5319,1
3392,1,43,4543,1
3393,1,39,2908,0
3394,0,31,4333,0
3395,0,56,6797,0
3396,0,26,6416,0
3397,1,32,2749,1
3398,0,51,6166,0
3399,0,40,4769,0
3400,0,44,6463,0
3401,0,38,6524,0
3402,0,28,6638,1
3403,1,58,2380,0
3404,1,32,2095,1
3405,1,47,2860,0
3406,0,56,6659,0
3407,1,29,3095,0
3408,1,39,3270,1
3409,1,53,2653,0
3410,1,39,3929,0
3411,1,45,2483,1
3412,1,27,2366,1
3413,0,31,5278,1
3414,1,42,3925,1
3415,0,32,6178,0
3416,0,44,6960,1
3417,1,31,5761,1
3418,0,30,6338,0
3419,1,47,4477,0
3420,1,48,4127,1
3421,1,27,2200,0
3422,1,39,2364,0
3423,1,40,3130,1
3424,1,57,4702,1
3425,0,27,6983,1
3426,1,49,3940,0
3427,0,53,6605,0
3428,0,25,5785,0
3429,1,42,3478,1
3430,1,26,5032,1
3431,0,38,4630,1
3432,1,29,2920,1
3433,1,45,3946,1
3434,1,31,4328,0
3435,1,57,3727,1
3436,1,41,5814,0
3437,1,29,5396,1
3438,0,36,4691,1
3439,0,44,6740,0
3440,1,58,4510,1
3441,1,41,4136,1
3442,1,53,4748,0
3443,1,37,5451,1
3444,0,39,4356,1
3445,0,30,6280,0
3446,1,57,2545,1
3447,1,51,4558,1
3448,0,41,3359,0
3449,0,55,5468,1
3450,1,40,2763,0
3451,0,33,5525,1
3452,1,25,3002,0
3453,0,42,5826,1
3454,1,59,3319,1
3455,1,32,4391,1
3456,1,59,2515,0
3457,0,49,5587,1
3458,1,50,2306,0
3459,1,27,3146,0
3460,1,49,3535,0
3461,1,37,3662,0
3462,1,58,5897,0
3463,0,55,4298,1
3464,0,53,3826,0
3465,1,40,2648,0
3466,1,57,3161,0
3467,1,25,3463,1
3468,0,32,5867,0
3469,1,47,2095,1
3470,0,26,5288,0
3471,1,33,2930,1
3472,1,37,5068,1
3473,1,46,3866,1
3474,1,30,5350,1
3475,1,31,2556,0
3476,0,51,6659,1
3477,1,33,3229,1
3478,1,48,5510,0
3479,1,49,2991,0
3480,1,53,3163,0
3481,1,30,4181,0
3482,1,46,2027,0
3483,1,36,2260,0
3484,1,25,2203,1
3485,1,50,4058,0
3486,1,52,2089,0
3487,1,56,2320,0
3488,0,26,5565,0
3489,1,43,3250,0
3490,1,54,5570,0
3491,1,58,2828,1
3492,1,27,3732,0
3493,1,43,6169,1
3494,1,26,4101,1
3495,1,39,3588,0
3496,1,48,2660,1
3497,1,32,4977,1
3498,0,58,6042,0
3499,1,30,3150,1
3500,1,28,2688,0
3501,1,32,3715,1
3502,0,38,5520,0
3503,1,32,4273,1
3504,1,32,3294,0
3505,1,42,4153,0
3506,1,45,4422,0
3507,1,28,5038,0
3508,0,31,6798,0
3509,1,48,6002,1
3510,1,40,2786,1
3511,0,46,4607,1
3512,1,44,4626,1
3513,0,59,4936,1
3514,1,35,5395,0
3515,0,47,6029,0
3516,0,40,4804,0
3517,1,35,3013,1
3518,1,36,3714,1
3519,0,59,6731,1
3520,1,27,3656,0
3521,0,54,3936,0
3522,1,51,4634,1
3523,0,35,5674,1
3524,0,59,5476,0
3525,0,31,5484,0
3526,1,32,2555,1
3527,0,52,6903,0
3528,0,32,4489,1
3529,1,54,3334,0
3530,1,40,6045,0
3531,1,35,2332,0
3532,1,42,2679,1
3533,0,52,6524,0
3534,1,36,4412,0
3535,0,38,6641,1
3536,1,37,3118,0
3537,0,59,6206,1
3538,1,34,3718,1
3539,0,35,5386,0
3540,0,44,5991,1
3541,0,59,5242,1
3542,1,49,3824,0
3543,1,49,2598,0
3544,1,49,3839,0
3545,0,37,4829,1
3546,0,31,4232,1
3547,1,28,2135,0
3548,0,48,5900,0
3549,1,53,2893,1
3550,0,38,6387,1
3551,1,44,2790,0
3552,0,27,6356,1
3553,1,50,3118,0
3554,1,35,5802,0
3555,0,59,6118,1
3556,1,29,2218,0
3557,1,41,2129,0
3558,0,32,6903,0
3559,1,53,2613,1
3560,1,39,4543,0
3561,0,46,6075,1
3562,0,56,4874,1
3563,1,31,4462,1
3564,0,52,6937,1
3565,1,32,2917,0
3566,1,43,3202,0
3567,1,28,4106,1
3568,0,59,3872,0
3569,0,30,6703,0
3570,0,51,5532,0
3571,1,51,4097,0
3572,0,44,6301,1
3573,1,30,3638,0
3574,1,53,6947,1
3575,1,48,4449,1
3576,0,28,6152,0
3577,1,45,4348,0
3578,0,54,3471,0
3579,1,31,2713,0
3580,0,39,6690,1
3581,1,32,4174,1
3582,1,52,2088,0
3583,1,38,2894,1
3584,0,39,5495,0
3585,0,57,2511,1
3586,1,39,2904,1
3587,0,40,3837,0
3588,1,34,2267,1
3589,1,42,3105,0
3590,0,55,6430,0
3591,0,57,5763,0
3592,0,57,6712,0
3593,1,57,4040,0
3594,1,30,3495,0
3595,0,38,5093,1
3596,1,25,3239,1
3597,1,44,3221,1
3598,1,43,4374,0
3599,0,28,5849,1
3600,1,32,5323,1
3601,1,30,3204,1
3602,1,35,3811,1
3603,1,49,3834,1
3604,1,38,2144,1
3605,1,41,4366,0
3606,1,26,2527,0
3607,1,28,5226,1
3608,1,40,2010,1
3609,1,44,3971,0
3610,1,48,4875,0
3611,0,55,6807,1
3612,0,59,5146,1
3613,1,44,2998,1
3614,0,33,6899,1
3615,1,47,5289,1
3616,1,34,3538,1
3617,1,39,2257,1
3618,1,31,3694,1
3619,1,42,3602,0
3620,0,58,5078,1
3621,1,37,3192,1
3622,1,53,2185,1
3623,0,29,6687,1
3624,1,48,2651,1
3625,1,39,5279,0
3626,0,25,6362,1
3627,1,38,4224,1
3628,1,53,2818,1
3629,0,42,5510,1
3630,1,27,2039,1
3631,1,52,6629,1
3632,0,45,4059,1
3633,1,54,4205,1
3634,0,38,4174,1
3635,0,48,6231,0
3636,1,32,4766,0
3637,0,30,6877,1
3638,1,33,5369,0
3639,1,30,4195,1
3640,1,29,5151,0
3641,1,57,4575,1
3642,1,52,2924,1
3643,0,50,5346,0
3644,1,45,3731,1
3645,1,51,2650,0
3646,1,39,3297,1
3647,1,40,4505,1
3648,1,33,2903,0
3649,1,30,3071,1
3650,1,32,5028,1
3651,1,47,3298,0
3652,0,35,4822,1
3653,1,47,5170,0
3654,0,25,6291,0
3655,0,57,6841,0
3656,1,45,2380,0
3657,1,52,2310,1
3658,0,44,3193,1
3659,1,56,2628,0
3660,0,26,6907,0
3661,1,31,4080,0
3662,1,43,2091,1
3663,0,45,6306,0
3664,0,38,5317,0
3665,0,38,6508,0
3666,0,55,6278,1
3667,1,26,2242,0
3668,0,56,5686,0
3669,1,59,3605,1
3670,0,41,6273,0
3671,1,57,3168,0
3672,1,37,4936,1
3673,0,43,4961,1
3674,0,49,6938,1
3675,1,45,4341,1
3676,1,56,4714,0
3677,0,48,5725,0
3678,0,31,6479,1
3679,0,37,6993,0
3680,1,58,3734,0
3681,0,54,5143,0
3682,1,45,2406,1
3683,1,32,2807,1
3684,0,31,6695,0
3685,1,54,2541,0
3686,1,51,5633,1
3687,0,29,3368,1
3688,1,50,3547,1
3689,1,43,2363,0
3690,1,39,2927,0
3691,1,59,2947,1
3692,0,44,5546,0
3693,0,25,4337,0
3694,1,56,4155,1
3695,1,26,4681,1
3696,1,32,2349,0
3697,0,31,4738,1
3698,0,58,5933,1
3699,0,47,5196,0
3700,0,52,5075,0
3701,0,45,4237,1
3702,0,50,5534,1
3703,1,25,3993,0
3704,1,33,5304,1
3705,1,42,4888,1
3706,1,41,5721,1
3707,0,57,2533,1
3708,0,44,5025,0
3709,0,43,6834,0
3710,1,44,5786,1
3711,1,38,2616,1
3712,0,47,6670,0
3713,1,36,2200,0
3714,1,36,4085,0
3715,0,47,4937,0
3716,0,42,5521,0
3717,0,33,4740,1
3718,1,45,2686,0
3719,1,56,2950,1
3720,1,38,4448,1
3721,0,50,5766,0
3722,0,26,4928,1
3723,1,54,3744,0
3724,1,51,4179,1
3725,0,28,4442,1
3726,0,46,6641,0
3727,0,39,4874,1
3728,1,45,5727,0
3729,0,58,6779,0
3730,1,31,2212,0
3731,0,39,6647,0
3732,1,31,4373,1
3733,1,49,4656,1
3734,1,26,4323,1
3735,1,51,2149,0
3736,0,29,6002,0
3737,0,46,6059,0
3738,1,28,3525,0
3739,1,58,2895,0
3740,0,25,4424,1
3741,0,52,4416,0
3742,0,28,5723,1
3743,1,45,4552,1
3744,0,37,6562,0
3745,1,46,3412,1
3746,1,50,2051,0
3747,1,39,6745,1
3748,0,48,6685,0
3749,1,33,2244,0
3750,1,42,2765,1
3751,1,56,4074,0
3752,1,47,5337,1
3753,1,53,4774,1
3754,1,56,6109,1
3755,1,55,2371,0
3756,1,32,3159,0
3757,1,47,3594,1
3758,0,33,6801,1
3759,0,55,6670,1
3760,1,54,2972,1
3761,0,30,5971,1
3762,1,31,5217,1
3763,1,40,5915,1
3764,0,34,6706,1
3765,1,28,4151,0
3766,1,50,3795,1
3767,0,26,5590,0
3768,1,26,2008,0
3769,1,30,4018,0
3770,0,28,5806,1
3771,0,43,4417,0
3772,1,59,3977,0
3773,0,59,6520,1
3774,0,54,4960,0
3775,1,32,3972,1
3776,1,40,2954,0
3777,0,27,6501,1
3778,1,41,5744,1
3779,1,45,2870,1
3780,1,26,3492,0
3781,0,25,5141,0
3782,0,41,6682,0
3783,1,51,3232,0
3784,0,30,5699,1
3785,1,41,3288,1
3786,1,52,3283,1
3787,1,36,3197,1
3788,1,58,4586,0
3789,1,25,4164,0
3790,0,29,4947,0
3791,0,40,5504,0
3792,0,46,5624,1
3793,1,34,2871,1
3794,0,47,6891,0
3795,0,50,5840,0
3796,0,43,6763,0
3797,1,40,5265,0
3798,1,40,3523,1
3799,1,46,4217,1
3800,1,31,2506,1
3801,0,40,5692,0
3802,1,31,3826,0
3803,0,34,6955,0
3804,1,48,3741,1
3805,1,48,2145,0
3806,0,51,5368,0
3807,0,25,5006,0
3808,0,27,5559,1
3809,0,57,6174,1
3810,1,55,3445,1
3811,1,47,5855,1
3812,0,34,4515,0
3813,0,28,4280,0
3814,1,26,4950,0
3815,1,35,4455,1
3816,0,38,6819,0
3817,0,31,3940,1
3818,0,41,6159,1
3819,1,44,3749,0
3820,1,49,3616,0
3821,1,56,3481,1
3822,1,59,3267,0
3823,0,31,5900,1
3824,1,52,5522,1
3825,0,59,5473,1
3826,1,53,2965,1
3827,1,38,2746,1
3828,1,35,5630,0
3829,0,35,6028,0
3830,0,59,6470,0
3831,1,54,4587,0
3832,0,47,6541,1
3833,1,55,3830,1
3834,1,46,2104,0
3835,1,47,4202,1
3836,0,46,6375,0
3837,0,56,6149,1
3838,1,57,3701,0
3839,1,29,3577,0
3840,0,44,6497,0
3841,1,52,3080,0
3842,1,52,3849,0
3843,1,34,2934,0
3844,1,31,5056,0
3845,0,28,5922,1
3846,0,41,6768,1
3847,0,47,3652,1
3848,1,33,4356,0
3849,1,45,3137,0
3850,1,48,2876,1
3851,1,26,2474,0
3852,1,37,4166,0
3853,1,45,4504,0
3854,1,26,3011,0
3855,1,39,3258,0
3856,0,30,6813,1
3857,1,28,4365,1
3858,1,49,4873,1
3859,1,25,4480,0
3860,1,40,3796,1
3861,1,38,2423,1
3862,0,25,6254,1
3863,1,31,3652,1
3864,0,42,6727,0
3865,0,35,5910,0
3866,0,26,5304,1
3867,0,43,5372,1
3868,0,59,6456,0
3869,1,32,3907,0
3870,1,30,2895,0
3871,1,44,2671,0
3872,1,35,2568,0
3873,1,31,2818,1
3874,1,34,3726,0
3875,0,49,5443,0
3876,1,37,3715,1
3877,1,29,2857,0
3878,1,43,3386,0
3879,1,31,3853,0
3880,0,29,5456,1
3881,0,43,6988,0
3882,1,28,2981,0
3883,0,58,5102,1
3884,0,38,5926,1
3885,1,50,2546,1
3886,0,36,6066,0
3887,1,35,6142,0
3888,1,36,2795,1
3889,0,50,6684,0
3890,1,26,3495,1
3891,0,34,5796,0
3892,1,50,4963,1
3893,1,48,4193,1
3894,1,26,2842,0
3895,0,42,6514,1
3896,0,46,5186,0
3897,0,32,6385,1
3898,0,44,5746,0
3899,0,37,4153,1
3900,0,38,6022,1
3901,0,52,3948,0
3902,1,41,2849,0
3903,0,58,5620,1
3904,1,25,5477,1
3905,1,41,3486,0
3906,0,56,5008,0
3907,1,51,2489,0
3908,1,41,2098,0
3909,1,50,5526,0
3910,0,27,4279,0
3911,1,30,3439,0
3912,0,41,6692,1
3913,0,57,5918,1
3914,0,36,6140,0
3915,0,50,4483,1
3916,0,35,6001,0
3917,1,49,3499,1
3918,1,45,4121,0
3919,1,50,3206,1
3920,1,27,2774,0
3921,0,42,4841,0
3922,1,36,5619,0
3923,1,53,4174,1
3924,1,31,3612,1
3925,1,48,2897,0
3926,1,27,2962,0
3927,1,37,4231,0
3928,0,45,5566,1
3929,0,57,5096,1
3930,0,33,6548,1
3931,1,33,2764,1
3932,1,28,5387,0
3933,0,42,5852,1
3934,1,33,4628,0
3935,1,26,4199,1
3936,1,32,4095,1
3937,1,29,3789,1
3938,1,51,2904,0
3939,0,33,4139,1
3940,1,51,3602,0
3941,0,27,6010,0
3942,1,34,2265,1
3943,0,39,6875,1
3944,0,35,4563,1
3945,1,58,4826,0
3946,1,45,3724,1
3947,1,43,3740,1
3948,1,53,2389,1
3949,0,33,6943,1
3950,0,58,5166,0
3951,1,29,2757,1
3952,0,47,4094,1
3953,1,54,2258,1
3954,1,29,2835,1
3955,0,59,6430,0
3956,0,49,6716,1
3957,0,44,5979,0
3958,1,51,4637,0
3959,0,36,5995,0
3960,0,55,5303,1
3961,1,25,2574,0
3962,1,40,2752,0
3963,0,57,6415,1
3964,1,59,2280,1
3965,0,47,6268,1
3966,0,53,6122,0
3967,0,45,6626,0
3968,0,46,4044,0
3969,1,25,2424,0
3970,1,35,2452,1
3971,1,31,4745,0
3972,1,46,4038,0
3973,0,34,5276,0
3974,1,41,6005,0
3975,0,54,6488,0
3976,1,34,5661,1
3977,1,55,2337,1
3978,1,31,3545,1
3979,0,29,6891,0
3980,1,33,5422,0
3981,1,48,3944,1
3982,1,57,2576,0
3983,0,41,6466,0
3984,1,28,3269,0
3985,1,32,5106,1
3986,1,50,4880,1
3987,1,32,3280,1
3988,1,36,5191,1
3989,1,43,2120,1
3990,1,27,3876,0
3991,0,34,6532,0
3992,0,48,6107,0
3993,1,42,2100,0
3994,1,32,3875,1
3995,0,44,6685,0
3996,1,28,5654,1
3997,0,42,6392,1
3998,1,49,2796,0
3999,1,47,3395,1
4000,0,33,5826,0
4001,0,27,5475,0
4002,0,58,6346,0
4003,1,31,2739,0
4004,1,37,2737,1
4005,1,33,4167,1
4006,1,48,2526,0
4007,1,46,4482,0
4008,1,42,3919,1
4009,1,39,4663,1
4010,0,30,4565,0
4011,1,43,3929,1
4012,1,44,3756,0
4013,1,34,2452,0
4014,0,36,5352,1
4015,1,38,2688,1
4016,0,39,6393,0
4017,1,42,4014,0
4018,1,29,3170,0
4019,1,57,4193,0
4020,0,31,5979,0
4021,1,37,3601,1
4022,0,28,4064,0
4023,0,26,4861,1
4024,1,55,5734,1
4025,1,45,4091,0
4026,0,57,6085,0
4027,1,56,2746,0
4028,1,41,2934,1
4029,0,56,5529,1
4030,0,57,6554,0
4031,0,28,4730,1
4032,1,28,3039,0
4033,1,33,2295,0
4034,1,35,3518,0
4035,1,33,3519,0
4036,1,46,3400,1
4037,0,59,5530,1
4038,1,57,2158,0
4039,1,45,4398,1
4040,1,38,2620,1
4041,1,46,2936,0
4042,1,44,2629,1
4043,0,39,4346,0
4044,1,50,3088,1
4045,1,53,3909,0
4046,0,37,5979,1
4047,0,28,6528,0
4048,1,40,3818,0
4049,0,44,4671,1
4050,1,33,6216,1
4051,1,54,5141,0
4052,0,25,5279,1
4053,0,59,5005,0
4054,1,45,6147,0
4055,1,35,2008,0
4056,1,58,3969,0
4057,0,26,6960,1
4058,1,27,3453,1
4059,0,39,4849,0
4060,1,57,4099,1
4061,1,35,2219,0
4062,0,42,6940,1
4063,1,50,3040,0
4064,0,53,4494,0
4065,0,25,5559,1
4066,1,50,3451,1
4067,0,37,4662,1
4068,1,57,3062,0
4069,0,59,4846,0
4070,1,42,4601,1
4071,1,37,2460,1
4072,1,40,4726,1
4073,1,49,3346,1
4074,1,31,3101,1
4075,0,59,2775,0
4076,0,37,5788,0
4077,1,44,4621,1
4078,1,42,4068,1
4079,1,56,3473,1
4080,0,59,6916,1
4081,1,50,4312,1
4082,1,27,2676,0
4083,1,56,3462,1
4084,0,53,4461,0
4085,1,40,3194,0
4086,1,46,4415,1
4087,1,36,3340,1
4088,1,56,3250,0
4089,0,36,4029,1
4090,1,37,3369,1
4091,1,45,5226,1
4092,1,25,2969,0
4093,1,40,2572,0
4094,1,28,6807,0
4095,0,56,5319,0
4096,1,42,2701,1
4097,1,28,3985,0
4098,0,29,5479,0
4099,0,49,5474,1
4100,1,47,2449,1
4101,1,56,3306,1
4102,0,56,4816,1
4103,0,42,5444,1
4104,0,32,6990,0
4105,1,30,4758,1
4106,1,42,5729,0
4107,0,34,5011,1
4108,0,30,6432,0
4109,1,49,3140,0
4110,0,30,6513,0
4111,0,56,5235,1
4112,1,48,4924,0
4113,1,34,3373,1
4114,1,36,3165,0
4115,1,55,3126,0
4116,1,38,5557,1
4117,1,47,3572,0
4118,1,53,4953,1
4119,1,57,2801,0
4120,1,51,4019,0
4121,1,29,3804,1
4122,0,47,6592,1
4123,1,46,2890,0
4124,0,44,6391,0
4125,1,56,3161,1
4126,1,48,2282,1
4127,0,39,4353,1
4128,1,36,4036,1
4129,0,42,6613,1
4130,0,48,6695,1
4131,0,45,5299,0
4132,1,32,3790,0
4133,1,40,3114,0
4134,1,42,3969,0
4135,0,27,6224,1
4136,1,47,2095,0
4137,1,54,2091,0
4138,1,26,3449,0
4139,0,42,4571,0
4140,0,35,6392,0
4141,1,34,3395,1
4142,0,29,6899,0
4143,0,31,2731,1
4144,0,51,6002,0
4145,0,52,5671,0
4146,1,54,5596,0
4147,0,49,5130,1
4148,1,43,5207,0
4149,0,53,3974,0
4150,1,51,3868,0
4151,0,49,6169,1
4152,0,57,6523,0
4153,0,25,4218,1
4154,1,33,4110,0
4155,0,51,6734,1
4156,0,27,6987,0
4157,0,56,6490,1
4158,0,38,5524,0
4159,0,45,6275,0
4160,1,53,2557,0
4161,0,37,6019,0
4162,0,34,6079,1
4163,1,26,3600,0
4164,0,36,6519,1
4165,1,47,2332,1
4166,1,32,6669,0
4167,1,29,2086,0
4168,1,29,4409,1
4169,1,57,2088,0
4170,0,28,5157,0
4171,1,47,3488,0
4172,1,51,2581,1
4173,1,29,4231,1
4174,0,26,6630,1
4175,1,31,3031,1
4176,1,30,3457,0
4177,0,58,6353,1
4178,1,48,2247,1
4179,1,45,2362,1
4180,0,51,6678,0
4181,0,34,3909,1
4182,1,51,2079,0
4183,0,34,5918,0
4184,1,41,2934,0
4185,0,39,3992,0
4186,1,43,2275,0
4187,1,53,4387,1
4188,0,31,5741,0
4189,0,53,4740,0
4190,1,27,2194,1
4191,1,37,3824,1
4192,1,29,5130,1
4193,0,51,6159,0
4194,1,26,3482,1
4195,0,30,5596,0
4196,0,53,5623,0
4197,0,36,3622,0
4198,1,50,4525,0
4199,1,48,4511,1
4200,1,44,2089,1
4201,0,47,6924,0
4202,1,42,4003,0
4203,1,40,3498,0
4204,0,33,6204,1
4205,0,33,4969,0
4206,1,34,4323,0
4207,1,31,2542,0
4208,0,38,6598,1
4209,1,42,5863,1
4210,0,59,6783,0
4211,1,59,2017,0
4212,0,41,5167,1
4213,0,26,6324,0
4214,0,30,6103,0
4215,1,50,4617,1
4216,0,50,4455,1
4217,1,53,4045,0
4218,1,48,5976,1
4219,0,58,6486,0
4220,0,59,5327,1
4221,0,36,5965,0
4222,1,36,3267,0
4223,1,37,4032,1
4224,1,48,3425,0
4225,1,50,4186,0
4226,1,34,4740,0
4227,0,44,5388,0
4228,1,29,3339,1
4229,0,37,5487,0
4230,1,46,4707,0
4231,0,31,6531,1
4232,1,31,5269,1
4233,0,59,6085,1
4234,0,29,4168,1
4235,0,34,2852,0
4236,1,34,3065,1
4237,0,54,6678,0
4238,0,36,6392,0
4239,0,28,3954,0
4240,1,30,3016,1
4241,1,26,4477,1
4242,0,56,6360,1
4243,0,29,4829,1
4244,1,48,2586,1
4245,0,42,6913,1
4246,1,34,4469,0
4247,1,28,3062,0
4248,1,56,5597,1
4249,0,59,6861,1
4250,1,59,4083,0
4251,0,44,6862,0
4252,0,56,5112,0
4253,1,55,5182,0
4254,0,28,3333,1
4255,1,30,5151,0
4256,1,26,2832,1
4257,0,52,5325,1
4258,1,49,4656,1
4259,1,36,2334,0
4260,1,52,2112,1
4261,0,34,6605,1
4262,1,28,3993,0
4263,1,28,3988,0
4264,1,57,2676,0
4265,1,26,4047,0
4266,0,59,5978,0
4267,1,56,4374,0
4268,1,41,5831,0
4269,1,53,3669,1
4270,1,56,4666,0
4271,1,28,4272,1
4272,0,46,4756,1
4273,1,58,5659,0
4274,0,25,5390,1
4275,0,27,6303,0
4276,1,29,2212,1
4277,1,27,2776,0
4278,1,58,3806,1
4279,1,54,3941,1
4280,0,42,5976,0
4281,0,52,5976,0
4282,0,38,6839,0
4283,1,27,3788,0
4284,0,41,6276,0
4285,0,48,4600,0
4286,1,38,4672,0
4287,1,42,3533,0
4288,0,36,5827,1
4289,1,47,3349,1
4290,1,37,5412,0
4291,1,31,3058,0
4292,0,43,6842,1
4293,1,30,4082,0
4294,1,57,3624,1
4295,1,47,3508,1
4296,0,38,6345,0
4297,1,36,2142,0
4298,0,51,5343,0
4299,1,57,6255,1
4300,1,52,2709,1
4301,1,35,3076,0
4302,0,26,6293,0
4303,0,38,6740,1
4304,1,52,3525,1
4305,1,27,4796,1
4306,0,27,6669,0
4307,0,40,4896,1
4308,1,47,4043,0
4309,1,47,3781,0
4310,1,42,2497,0
4311,1,27,2145,1
4312,0,53,5481,0
4313,0,36,6724,1
4314,1,57,2909,1
4315,0,37,3510,0
4316,1,32,2116,1
4317,1,51,2905,0
4318,1,44,3103,1
4319,1,59,2516,0
4320,1,36,3840,1
4321,1,34,3551,0
4322,0,55,6700,0
4323,1,34,3810,0
4324,1,57,2055,0
4325,0,36,5882,1
4326,0,53,5732,0
4327,1,51,3884,1
4328,1,58,2442,1
4329,1,43,6367,0
4330,0,53,6267,0
4331,0,29,6229,1
4332,1,26,3201,1
4333,0,28,6312,1
4334,1,58,3392,1
4335,0,49,5661,0
4336,1,59,4913,1
4337,1,27,2700,0
4338,1,28,2936,0
4339,1,44,2244,1
4340,1,43,3890,0
4341,1,59,3513,0
4342,1,30,4022,1
4343,1,47,3097,1
4344,1,49,2977,0
4345,0,26,4470,0
4346,0,35,5834,0
4347,1,41,3821,0
4348,0,38,3987,0
4349,1,36,3536,0
4350,0,32,6334,0
4351,0,59,6396,0
4352,1,51,2957,0
4353,1,47,2148,1
4354,0,38,4934,0
4355,1,44,2756,0
4356,1,57,3864,1
4357,1,43,3754,0
4358,0,26,3511,0
4359,1,27,3135,1
4360,1,32,4313,1
4361,0,45,6012,0
4362,0,33,5293,0
4363,1,36,2937,1
4364,0,34,6503,1
4365,1,40,2394,1
4366,1,31,3073,0
4367,0,53,6074,0
4368,1,27,3322,1
4369,0,26,6685,1
4370,1,27,3180,1
4371,1,40,4424,0
4372,1,49,2516,0
4373,1,54,3865,1
4374,1,46,3025,0
4375,1,35,3475,0
4376,1,29,3496,0
4377,0,49,5450,0
4378,0,50,6673,1
4379,1,43,3259,0
4380,1,29,4585,1
4381,1,28,4800,0
4382,0,31,6322,1
4383,1,35,3387,1
4384,0,40,5486,0
4385,1,55,2211,0
4386,0,46,6944,1
4387,1,48,3259,0
4388,1,28,2957,0
4389,0,50,3899,1
4390,1,42,3033,1
4391,0,45,6990,0
4392,0,43,5189,1
4393,1,59,4168,0
4394,0,40,4288,1
4395,1,27,5526,0
4396,1,49,3220,1
4397,1,53,2110,1
4398,1,53,4692,1
4399,1,35,2152,0
4400,1,45,4519,1
4401,0,35,6576,1
4402,0,33,4966,0
4403,0,32,5278,0
4404,1,57,3523,1
4405,0,48,6498,0
4406,1,31,2026,1
4407,0,47,5595,1
4408,1,37,4159,1
4409,0,54,4729,1
4410,1,53,3963,0
4411,0,52,6119,1
4412,0,53,6613,1
4413,1,35,4131,1
4414,0,31,3146,0
4415,0,33,4498,0
4416,1,29,3124,0
4417,0,57,5088,0
4418,1,34,4975,1
4419,1,32,5585,1
4420,1,35,2005,1
4421,0,57,5471,1
4422,0,45,6201,0
4423,0,55,3720,0
4424,0,29,6190,1
4425,1,33,2503,0
4426,1,54,5655,1
4427,0,32,5722,0
4428,1,40,2105,0
4429,1,46,3480,0
4430,1,53,3355,1
4431,1,25,5759,0
4432,0,48,6987,0
4433,1,49,5031,0
4434,0,57,4994,1
4435,1,29,4378,0
4436,0,33,3740,1
4437,0,53,2337,1
4438,1,58,4816,0
4439,0,38,6724,0
4440,0,27,6984,1
4441,1,42,3829,0
4442,1,41,4123,1
4443,1,37,4980,0
4444,1,31,2450,1
4445,1,55,2523,0
4446,1,54,6894,0
4447,1,37,3229,0
4448,1,44,4589,1
4449,1,57,2293,0
4450,0,50,6153,0
4451,0,34,5074,0
4452,0,38,4414,0
4453,0,37,6747,0
4454,1,44,4348,1
4455,0,47,6825,0
4456,0,31,4204,1
4457,1,29,2786,1
4458,1,55,3870,1
4459,0,25,5951,1
4460,1,51,3760,0
4461,1,58,3032,1
4462,0,34,5210,0
4463,1,56,4415,1
4464,1,36,2251,1
4465,1,50,3201,1
4466,1,38,4348,0
4467,1,29,5415,0
4468,1,50,2577,1
4469,0,43,5015,1
4470,1,51,4939,0
4471,0,43,6361,0
4472,1,55,4196,0
4473,0,44,4878,0
4474,1,45,4244,1
4475,1,36,3161,1
4476,1,25,2969,1
4477,0,34,6327,1
4478,1,37,4057,0
4479,0,38,6484,0
4480,0,57,6559,1
4481,0,32,6225,0
4482,0,36,6843,0
4483,0,55,4415,0
4484,0,59,3555,0
4485,1,46,2882,1
4486,1,29,2794,1
4487,0,41,4935,1
4488,1,59,3012,1
4489,1,59,2340,1
4490,1,54,2944,0
4491,1,50,5245,1
4492,1,35,5138,1
4493,0,47,6431,1
4494,1,47,5918,1
4495,1,28,2787,1
4496,0,53,5280,0
4497,0,44,3926,0
4498,1,31,2641,1
4499,0,25,5806,0
4500,1,47,2782,1
4501,0,41,6425,0
4502,0,31,6329,0
4503,1,26,4814,1
4504,0,37,5638,0
4505,0,42,5758,1
4506,0,54,4715,0
4507,1,59,2985,0
4508,0,53,6433,1
4509,0,34,4191,1
4510,1,59,2330,1
4511,1,57,6101,1
4512,0,50,6012,1
4513,0,48,6640,0
4514,1,34,2754,1
4515,1,52,4866,0
4516,0,35,6923,1
4517,1,45,4181,1
4518,1,36,5678,0
4519,1,31,3924,0
4520,0,59,6230,1
4521,1,53,2658,0
4522,1,42,6439,0
4523,1,59,5618,1
4524,0,35,5489,1
4525,1,42,2411,1
4526,0,26,6504,1
4527,0,28,5105,1
4528,1,57,5914,0
4529,1,43,2023,1
4530,1,56,2073,1
4531,1,30,5599,0
4532,0,35,4447,1
4533,1,56,4205,1
4534,1,47,3564,1
4535,0,42,6733,1
4536,0,39,4778,1
4537,1,27,5508,1
4538,0,26,3196,0
4539,0,52,6454,0
4540,1,57,3202,1
4541,0,36,6147,1
4542,1,40,3099,0
4543,1,53,4144,1
4544,0,52,6790,0
4545,1,44,3071,1
4546,1,40,2073,1
4547,1,45,2279,1
4548,0,40,5868,0
4549,1,49,2619,1
4550,0,28,5715,1
4551,0,45,5716,1
4552,1,49,3311,1
4553,1,43,5523,1
4554,1,58,4096,0
4555,0,59,5934,0
4556,0,43,4792,1
4557,1,46,5015,0
4558,1,53,2087,1
4559,1,27,4405,1
4560,0,54,6609,1
4561,0,37,4435,0
4562,1,37,4041,1
4563,1,26,4683,1
4564,1,42,2502,1
4565,1,59,4099,1
4566,1,29,3686,0
4567,0,46,4864,1
4568,1,36,2990,1
4569,1,34,4120,0
4570,1,53,2227,0
4571,1,48,4432,0
4572,1,25,5096,1
4573,1,52,5034,0
4574,0,57,6035,1
4575,1,40,3244,0
4576,0,27,5693,0
4577,0,37,6081,1
4578,1,50,3987,0
4579,1,42,2064,0
4580,0,55,6064,1
4581,0,28,6170,0
4582,1,53,6285,1
4583,0,59,6381,0
4584,1,59,2812,1
4585,0,54,5800,1
4586,0,31,5116,0
4587,1,39,3988,1
4588,1,54,3107,0
4589,0,49,6079,1
4590,1,59,5414,0
4591,0,45,5701,1
4592,0,30,5541,1
4593,0,38,5406,0
4594,0,41,6525,0
4595,1,55,2520,0
4596,1,58,2627,1
4597,1,54,3232,0
4598,1,41,3504,0
4599,0,33,6568,0
4600,1,57,5631,0
4601,1,49,4153,0
4602,1,36,2416,1
4603,1,31,6448,1
4604,1,40,4671,0
4605,1,27,2526,0
4606,1,37,4445,1
4607,0,51,6049,0
4608,0,27,6735,1
4609,0,27,4940,0
4610,0,31,6778,0
4611,1,34,2065,0
4612,0,36,5965,0
4613,0,25,5625,0
4614,0,36,4796,0
4615,0,51,5487,1
4616,1,37,3401,0
4617,0,30,5703,1
4618,1,55,3533,1
4619,1,38,2079,0
4620,1,57,2008,0
4621,0,35,6361,1
4622,1,49,4273,0
4623,1,38,2654,0
4624,1,59,6553,0
4625,1,30,3197,0
4626,1,42,3979,1
4627,1,37,3290,1
4628,0,33,5471,0
4629,1,51,2866,0
4630,1,46,2145,0
4631,1,25,2891,1
4632,1,39,2879,0
4633,1,37,4431,0
4634,1,48,2453,0
4635,1,57,2327,1
4636,0,36,6876,0
4637,1,59,2481,1
4638,1,51,2230,1
4639,1,55,2195,0
4640,0,48,6677,0
4641,1,27,2973,1
4642,1,58,2745,1
4643,1,29,2070,0
4644,1,34,3959,1
4645,1,25,5363,1
4646,1,41,3804,1
4647,1,58,3140,0
4648,1,43,2379,0
4649,1,45,4476,1
4650,0,49,6161,0
4651,0,43,6519,1
4652,0,51,4313,0
4653,0,46,5275,1
4654,1,41,2064,1
4655,1,44,3621,0
4656,0,53,6902,1
4657,1,57,3513,1
4658,0,28,5818,0
4659,0,32,5073,0
4660,1,56,3207,1
4661,1,36,3555,1
4662,0,26,4756,0
4663,1,45,4200,1
4664,0,52,6194,0
4665,1,58,3609,0
4666,1,39,4988,0
4667,1,52,5287,0
4668,1,30,4876,1
4669,1,40,2456,1
4670,0,45,6075,1
4671,1,58,4939,0
4672,0,55,6082,1
4673,0,45,6716,0
4674,0,39,5152,0
4675,0,33,6253,0
4676,1,33,3023,0
4677,1,52,3583,1
4678,1,42,3117,1
4679,1,54,2746,0
4680,0,59,4789,0
4681,1,42,2885,0
4682,0,36,6825,0
4683,1,33,5320,0
4684,1,45,3556,1
4685,0,55,6275,0
4686,0,26,4387,1
4687,1,25,3930,1
4688,1,45,3442,1
4689,1,44,2150,1
4690,1,53,3115,1
4691,0,35,5090,1
4692,1,48,2909,0
4693,1,47,4330,1
4694,1,37,3126,1
4695,1,29,4469,1
4696,0,59,6484,0
4697,1,36,4566,1
4698,1,54,5343,0
4699,1,28,2269,1
4700,1,48,2534,0
4701,1,47,4270,0
4702,1,40,3103,0
4703,1,32,2491,1
4704,1,35,2538,0
4705,1,30,3030,1
4706,1,33,3929,0
4707,0,38,6750,1
4708,1,32,3089,1
4709,1,28,4309,1
4710,1,51,2110,1
4711,1,45,4274,0
4712,1,46,2601,0
4713,1,34,2574,1
4714,0,49,6104,1
4715,1,54,3012,0
4716,1,37,3353,0
4717,0,29,6889,1
4718,0,31,5410,1
4719,1,28,4919,1
4720,0,57,5684,1
4721,1,40,5838,1
4722,1,42,3199,1
4723,1,32,4295,0
4724,0,28,3526,1
4725,1,34,3883,1
4726,1,54,3842,0
4727,0,51,5952,0
4728,0,30,6199,0
4729,1,32,3069,1
4730,0,49,6668,1
4731,0,50,6024,1
4732,1,34,2359,1
4733,1,28,2171,0
4734,1,55,2944,0
4735,1,39,2673,0
4736,0,44,6892,1
4737,0,35,5867,1
4738,1,28,2327,1
4739,0,25,6894,1
4740,0,42,4864,1
4741,0,43,6376,0
4742,0,29,5965,1
4743,1,32,2107,1
4744,0,33,4570,1
4745,1,39,2542,0
4746,1,33,3293,0
4747,0,25,5547,1
4748,0,44,4560,0
4749,1,33,2194,0
4750,0,56,6578,1
4751,0,48,5599,0
4752,1,39,3125,0
4753,1,39,4162,0
4754,0,55,6340,0
4755,1,25,2713,0
4756,1,36,3148,0
4757,1,43,3056,1
4758,1,42,3867,0
4759,1,35,4041,1
4760,1,52,2067,1
4761,0,47,6409,1
4762,0,33,5173,0
4763,1,51,4986,0
4764,0,48,6444,1
4765,0,57,6148,1
4766,0,55,6387,1
4767,1,38,3319,0
4768,1,52,3574,1
4769,1,39,4120,0
4770,0,53,6983,1
4771,1,44,2276,0
4772,1,43,4958,0
4773,0,50,4933,0
4774,0,53,4903,1
4775,0,33,4930,1
4776,1,56,4433,0
4777,0,26,5377,1
4778,0,34,5787,0
4779,1,37,3677,0
4780,0,31,5267,1
4781,0,37,6720,0
4782,1,54,5514,0
4783,1,57,3006,0
4784,0,33,5041,0
4785,1,28,3398,0
4786,1,56,4547,1
4787,1,54,3256,0
4788,1,28,4720,0
4789,1,40,3389,0
4790,1,51,4997,1
4791,1,48,3419,0
4792,1,41,2425,1
4793,0,55,5251,1
4794,1,30,4416,0
4795,0,29,4488,1
4796,0,53,3796,1
4797,0,30,3926,0
4798,0,53,6773,1
4799,0,43,6795,0
4800,1,32,4264,0
4801,1,41,2222,1
4802,0,34,6147,1
4803,0,38,6079,0
4804,1,57,3955,1
4805,0,45,5645,0
4806,0,28,6633,0
4807,0,58,5996,1
4808,0,57,5269,0
4809,0,39,6090,1
4810,0,26,5226,0
4811,0,35,6535,1
4812,0,54,5876,0
4813,1,59,2665,0
4814,0,43,5995,1
4815,1,38,3704,0
4816,1,34,4292,0
4817,1,29,3913,0
4818,1,37,2291,1
4819,1,37,2566,1
4820,1,38,2107,1
4821,0,53,6450,0
4822,1,41,3019,0
4823,0,56,5296,0
4824,1,28,2845,0
4825,1,47,3535,1
4826,1,32,4373,0
4827,0,35,5340,1
4828,0,34,6675,1
4829,1,35,4841,0
4830,1,42,4235,1
4831,1,48,2812,0
4832,0,33,5118,0
4833,1,27,4833,1
4834,0,57,5612,0
4835,1,34,2599,0
4836,1,45,2844,1
4837,1,47,4400,0
4838,1,32,2925,0
4839,1,54,3798,0
4840,1,33,6083,1
4841,0,56,4209,0
4842,1,55,3042,0
4843,1,28,2361,0
4844,1,47,2089,1
4845,1,40,3803,0
4846,1,27,2620,1
4847,0,30,6124,1
4848,0,53,5007,1
4849,1,25,3949,1
4850,1,36,2821,0
4851,0,27,4944,1
4852,1,59,2133,0
4853,0,44,6614,1
4854,0,55,6564,1
4855,1,25,2829,1
4856,1,46,2035,0
4857,1,55,2940,1
4858,0,58,6465,0
4859,0,57,5168,0
4860,1,52,3805,0
4861,1,54,6180,0
4862,1,55,3319,0
4863,0,52,5807,0
4864,0,55,5654,0
4865,1,49,3190,0
4866,0,45,6485,0
4867,1,56,4402,1
4868,0,36,5418,0
4869,1,38,4719,0
4870,1,43,3735,1
4871,1,51,4838,0
4872,1,33,2141,1
4873,1,32,6244,1
4874,0,52,4592,0
4875,1,58,4188,0
4876,1,34,2722,1
4877,1,40,4851,1
4878,1,36,5321,0
4879,1,41,2035,1
4880,0,32,6457,1
4881,0,54,5037,0
4882,1,44,2743,0
4883,1,49,4217,1
4884,0,52,6654,1
4885,1,47,2980,1
4886,0,32,6414,0
4887,0,30,4961,0
4888,1,41,3934,0
4889,1,48,5636,1
4890,0,56,6620,1
4891,1,59,6287,1
4892,1,27,2769,0
4893,0,48,5902,0
4894,1,58,5208,1
4895,0,48,6117,1
4896,1,43,2218,0
4897,0,44,6753,0
4898,0,44,5835,0
4899,1,29,2865,0
4900,0,25,4983,0
4901,1,41,5336,0
4902,0,34,6800,1
4903,1,50,3010,1
4904,1,33,3038,0
4905,1,40,2133,0
4906,0,52,5882,1
4907,1,55,3887,0
4908,1,26,4317,1
4909,1,58,2599,0
4910,1,45,4577,1
4911,0,47,6401,1
4912,1,43,2879,1
4913,0,41,6436,0
4914,1,52,2367,1
4915,1,58,4700,1
4916,0,48,6962,1
4917,1,30,2638,0
4918,1,39,3226,0
4919,1,27,2157,1
4920,1,51,3005,1
4921,1,52,3061,0
4922,1,34,6117,1
4923,0,25,6016,1
4924,1,58,2989,1
4925,0,45,6321,1
4926,1,35,5056,0
4927,1,43,3014,0
4928,1,34,2169,1
4929,0,40,6378,1
4930,1,30,2480,1
4931,1,30,5495,0
4932,1,54,4571,1
4933,1,55,3641,1
4934,1,27,4534,1
4935,1,34,4438,0
4936,0,58,5926,0
4937,1,57,3301,1
4938,0,53,6931,0
4939,1,53,2605,1
4940,0,34,6791,1
4941,1,30,2462,1
4942,0,27,5690,1
4943,0,52,6503,1
4944,1,33,2977,0
4945,1,51,3683,0
4946,0,35,4912,1
4947,1,51,3879,0
4948,1,55,3896,0
4949,1,59,4699,1
4950,0,42,5202,1
4951,1,55,3787,0
4952,1,48,5909,0
4953,0,46,6371,1
4954,1,30,2790,0
4955,1,55,3707,0
4956,1,44,3180,1
4957,0,45,5986,0
4958,0,41,4582,1
4959,1,34,5133,0
4960,1,29,4632,1
4961,1,26,2766,1
4962,0,25,6308,1
4963,1,45,4054,0
4964,1,43,2762,1
4965,1,36,2087,0
4966,0,36,6105,0
4967,1,35,4924,1
4968,0,38,6133,0
4969,0,30,6715,1
4970,0,36,5367,0
4971,1,47,4338,1
4972,1,31,2847,1
4973,1,57,5716,0
4974,0,46,5760,1
4975,0,57,5899,0
4976,0,25,5999,0
4977,1,37,2450,0
4978,1,32,2665,0
4979,1,38,4524,0
4980,0,45,3498,1
4981,1,29,2803,0
4982,1,43,5299,0
4983,1,39,2598,1
4984,0,46,5681,1
4985,1,47,3798,0
4986,0,48,6470,0
4987,1,32,4656,1
4988,1,32,3870,0
4989,1,49,5198,0
4990,1,51,3899,0
4991,1,55,2216,1
4992,1,53,4040,1
4993,1,29,3810,0
4994,1,46,5343,1
4995,1,56,4252,0
4996,1,44,3425,0
4997,1,56,2453,0
4998,1,33,3748,1
4999,1,51,5572,0
5000,0,43,6795,1
5001,0,58,6483,1
5002,1,32,3327,1
5003,1,57,2624,1
5004,0,29,6752,1
5005,1,30,4749,0
5006,1,26,5914,1
5007,1,44,2709,0
5008,1,37,6131,1
5009,1,40,2258,0
5010,1,56,4688,1
5011,0,46,6356,1
5012,1,38,4331,0
5013,0,56,5089,0
5014,1,47,3518,1
5015,1,48,2010,0
5016,1,28,3579,0
5017,1,54,4186,0
5018,1,25,5242,0
5019,1,47,4518,0
5020,0,28,5186,0
5021,1,55,4740,1
5022,1,35,3260,0
5023,1,34,4630,0
5024,1,31,5412,1
5025,0,27,5690,0
5026,1,34,2437,0
5027,1,34,3197,1
5028,1,29,6050,0
5029,1,41,6570,1
5030,1,56,3377,1
5031,1,47,2865,1
5032,1,51,3041,1
5033,0,44,6962,0
5034,1,30,3165,1
5035,1,59,5894,0
5036,0,33,5475,1
5037,1,32,3521,1
5038,0,56,6467,0
5039,1,32,2119,1
5040,1,44,4132,1
5041,1,42,4981,0
5042,1,35,3704,1
5043,0,41,4572,1
5044,1,53,2382,1
5045,0,35,6823,0
5046,1,43,3307,0
5047,0,43,4109,1
5048,1,48,3323,0
5049,1,56,5322,0
5050,0,55,4551,0
5051,0,47,3598,0
5052,1,53,3412,1
5053,1,51,2009,1
5054,1,48,2553,1
5055,1,28,4280,1
5056,1,57,3675,1
5057,0,49,6263,0
5058,1,37,5099,0
5059,1,49,2843,0
5060,0,44,6747,0
5061,1,36,3777,0
5062,0,45,5071,0
5063,0,41,6215,0
5064,1,54,2951,1
5065,1,56,4038,1
5066,1,57,3143,0
5067,1,28,4672,0
5068,1,46,3276,1
5069,1,31,2679,0
5070,0,52,4058,0
5071,1,38,2948,1
5072,1,44,2122,0
5073,0,36,5479,0
5074,0,45,6634,1
5075,1,27,3272,0
5076,1,50,5205,0
5077,1,46,3352,0
5078,0,41,5703,1
5079,0,26,6903,0
5080,0,58,6756,0
5081,1,33,2615,0
5082,1,37,5068,0
5083,0,52,5388,0
5084,1,31,2372,0
5085,1,39,3918,1
5086,1,37,3800,0
5087,1,27,3085,0
5088,1,45,2816,1
5089,1,34,2869,1
5090,0,50,6662,0
5091,1,38,5692,1
5092,0,31,5533,1
5093,0,38,6757,1
5094,0,29,6042,1
5095,1,28,3330,1
5096,1,36,2828,0
5097,1,54,3337,0
5098,1,53,2801,0
5099,1,52,3364,1
5100,1,55,6995,1
5101,0,35,5696,1
5102,0,44,6866,0
5103,1,46,3522,1
5104,0,48,6837,1
5105,0,51,6823,1
5106,0,51,4328,0
5107,0,37,3571,1
5108,1,27,5341,0
5109,0,51,4965,0
5110,0,34,6779,1
5111,1,43,5330,0
5112,0,41,5921,0
5113,0,40,6390,1
5114,1,52,4336,1
5115,1,36,6246,0
5116,1,45,3442,1
5117,1,51,5654,1
5118,1,43,2091,1
5119,0,58,6905,1
5120,0,49,5815,0
5121,1,42,3406,1
5122,0,25,5538,0
5123,1,58,2738,1
5124,0,49,6844,0
5125,0,48,6563,0
5126,1,36,5278,1
5127,1,36,2207,0
5128,0,38,6014,0
5129,0,30,6738,1
5130,0,52,6105,0
5131,0,46,5578,1
5132,1,59,2384,1
5133,1,55,2251,0
5134,1,32,3183,0
5135,1,50,2720,1
5136,1,39,6470,0
5137,1,25,3044,0
5138,1,29,2534,0
5139,0,27,5978,0
5140,1,44,2985,0
5141,0,49,4578,0
5142,0,47,6340,0
5143,1,45,2325,1
5144,0,48,4037,0
5145,0,47,5544,1
5146,1,46,5453,1
5147,0,44,5448,0
5148,0,52,4782,0
5149,1,51,2676,1
5150,1,46,2475,1
5151,0,27,5598,0
5152,0,50,6785,0
5153,0,48,6175,0
5154,1,38,4686,0
5155,0,25,5146,1
5156,0,43,5943,0
5157,0,55,5940,0
5158,1,33,2311,0
5159,1,34,3426,1
5160,1,31,6344,1
5161,1,42,2555,1
5162,1,34,4190,1
5163,1,37,2910,1
5164,1,45,2305,1
5165,1,59,2545,1
5166,0,35,6105,1
5167,1,44,2447,1
5168,0,31,5146,1
5169,1,33,3360,0
5170,1,29,4899,1
5171,1,28,4269,0
5172,1,45,4712,0
5173,1,30,4398,1
5174,0,38,4972,1
5175,1,51,2782,1
5176,0,58,4589,1
5177,1,44,6356,0
5178,0,44,6679,1
5179,0,27,6679,1
5180,1,37,2724,1
5181,1,51,4291,0
5182,0,56,6546,0
5183,1,49,3035,0
5184,0,25,6735,0
5185,0,45,6916,0
5186,1,59,2672,0
5187,0,26,6354,0
5188,1,44,3890,0
5189,1,55,2497,1
5190,1,43,2699,0
5191,0,55,6825,0
5192,0,43,4139,1
5193,1,26,4831,0
5194,0,33,6006,0
5195,0,46,4348,1
5196,1,54,4447,0
5197,1,41,3916,1
5198,1,40,4171,0
5199,1,57,3426,1
5200,1,53,2049,1
5201,0,58,6569,1
5202,0,57,3729,1
5203,0,51,6486,1
5204,1,54,4240,0
5205,1,26,2272,0
5206,1,29,5668,1
5207,1,51,3248,0
5208,1,35,2768,0
5209,0,55,6939,0
5210,1,55,2713,1
5211,1,29,5712,0
5212,0,31,5425,0
5213,0,40,6882,0
5214,1,56,2145,1
5215,1,32,3393,0
5216,1,31,4491,1
5217,1,37,5141,1
5218,0,41,6132,1
5219,1,29,2860,1
5220,0,26,6095,0
5221,1,52,2521,0
5222,1,44,3312,1
5223,0,57,5478,0
5224,1,57,3296,1
5225,0,40,5277,1
5226,0,54,6957,1
5227,1,46,4394,1
5228,1,37,5872,1
5229,0,45,3501,1
5230,1,44,2564,1
5231,1,49,5598,1
5232,1,28,3672,1
5233,0,57,5855,1
5234,0,45,4363,1
5235,1,56,2583,0
5236,1,50,3299,1
5237,0,26,6825,0
5238,0,33,6410,0
5239,1,52,5003,0
5240,0,27,6700,0
5241,1,46,4642,1
5242,1,29,3228,0
5243,0,50,6107,0
5244,0,50,5561,1
5245,1,58,3661,1
5246,0,55,5759,1
5247,1,26,3161,1
5248,1,35,4735,0
5249,1,46,6181,0
5250,0,31,6995,1
5251,0,50,6630,1
5252,1,35,5045,1
5253,1,55,4557,0
5254,0,43,5820,1
5255,1,50,6155,1
5256,1,55,3140,1
5257,0,35,6234,1
5258,0,39,5307,0
5259,1,36,3557,0
5260,0,45,4700,1
5261,1,47,3072,1
5262,1,54,3173,1
5263,0,27,5835,0
5264,0,39,4447,0
5265,1,35,2410,1
5266,1,29,5199,1
5267,1,47,3602,1
5268,0,40,5495,0
5269,1,28,4387,1
5270,1,52,4221,1
5271,1,34,4816,1
5272,1,30,2406,1
5273,1,45,2079,1
5274,0,29,5543,0
5275,0,53,5458,0
5276,1,45,3328,0
5277,0,58,4157,0
5278,1,37,2804,0
5279,0,51,3814,1
5280,0,46,6725,0
5281,1,48,2576,1
5282,0,59,4806,1
5283,0,51,6914,1
5284,1,47,2887,0
5285,1,36,3099,0
5286,1,31,5270,0
5287,1,35,2861,0
5288,1,41,2146,1
5289,0,55,5033,1
5290,1,33,4057,0
5291,1,56,3918,0
5292,1,52,4639,0
5293,0,43,6899,1
5294,1,31,3115,1
5295,1,49,2256,0
5296,0,31,5836,1
5297,1,48,3968,1
5298,1,50,3983,0
5299,0,50,5628,0
5300,1,43,4474,0
5301,0,28,6901,1
5302,1,51,3183,0
5303,0,47,6726,0
5304,0,56,6963,0
5305,1,36,2262,1
5306,1,44,4007,0
5307,1,39,5549,0
5308,1,40,4297,1
5309,0,38,6044,0
5310,1,37,5226,1
5311,1,30,4049,1
5312,0,28,5958,0
5313,1,44,3829,1
5314,0,49,5561,0
5315,1,47,2875,0
5316,1,54,4645,1
5317,1,44,2870,1
5318,1,43,2322,0
5319,0,51,5864,0
5320,1,55,5599,0
5321,0,27,6436,1
5322,0,41,4285,1
5323,0,52,6326,1
5324,0,36,6832,1
5325,1,27,6624,0
5326,1,27,3271,1
5327,1,37,3129,1
5328,1,36,3112,1
5329,0,45,5358,0
5330,1,32,3957,1
5331,1,53,3705,0
5332,0,41,5460,1
5333,1,26,3560,1
5334,1,29,6506,1
5335,1,49,4150,1
5336,1,39,3561,0
5337,1,29,2970,1
5338,1,45,3512,1
5339,1,54,2720,0
5340,1,29,5358,1
5341,1,38,2417,1
5342,1,25,4726,0
5343,0,41,6790,0
5344,0,48,4979,1
5345,0,56,3564,0
5346,1,38,2470,0
5347,1,35,2388,1
5348,1,25,5900,0
5349,1,53,4724,0
5350,1,57,6049,0
5351,1,56,3068,1
5352,1,27,6393,1
5353,0,49,4903,1
5354,1,31,2606,0
5355,1,39,4352,0
5356,0,44,4453,1
5357,0,40,2854,1
5358,1,35,4293,1
5359,1,32,2555,0
5360,0,27,5368,0
5361,1,42,4010,0
5362,1,38,2907,1
5363,1,55,2003,1
5364,0,55,6675,0
5365,1,47,3945,1
5366,1,47,2835,0
5367,1,37,5111,1
5368,0,32,5664,0
5369,0,35,4351,1
5370,1,31,4435,1
5371,0,45,6001,1
5372,1,25,2446,0
5373,1,51,4407,0
5374,1,56,2491,0
5375,1,30,2752,1
5376,1,32,2017,1
5377,0,31,6244,0
5378,1,30,3788,1
5379,0,35,3574,0
5380,1,33,2392,1
5381,1,35,2815,0
5382,0,42,5392,1
5383,1,44,2534,0
5384,1,36,5567,1
5385,0,55,6318,1
5386,1,48,2220,1
5387,0,49,6440,0
5388,0,34,6104,1
5389,0,26,4768,1
5390,1,33,4657,1
5391,1,41,6236,1
5392,0,55,4533,0
5393,0,36,6358,1
5394,1,35,3422,1
5395,0,29,6475,1
5396,0,29,5680,0
5397,0,58,5587,1
5398,1,28,2385,0
5399,0,41,5820,0
5400,1,33,2930,1
5401,1,58,4470,0
5402,0,59,6172,0
5403,1,50,2924,1
5404,1,28,4131,1
5405,0,57,3509,1
5406,1,26,2570,0
5407,0,57,5149,1
5408,1,55,4233,0
5409,0,27,4865,0
5410,1,29,2339,0
5411,0,31,6287,0
5412,0,35,5303,1
5413,1,58,4404,0
5414,1,31,3428,1
5415,1,51,4597,1
5416,1,25,4783,0
5417,1,54,4235,1
5418,1,52,3553,1
5419,1,38,4000,0
5420,1,50,6170,0
5421,0,28,6409,0
5422,1,37,5591,1
5423,0,38,6765,1
5424,1,49,2381,0
5425,1,55,3206,1
5426,1,38,5256,1
5427,1,56,4768,1
5428,1,48,2295,0
5429,0,43,5954,1
5430,1,36,2016,1
5431,1,41,4659,1
5432,1,46,3116,0
5433,1,43,2255,1
5434,0,31,5933,1
5435,1,52,6396,0
5436,1,37,2149,0
5437,0,49,5337,0
5438,0,38,4782,0
5439,1,41,2376,1
5440,1,29,3991,0
5441,1,36,3982,1
5442,0,37,5197,1
5443,1,47,4597,0
5444,1,32,4218,0
5445,1,50,3133,0
5446,1,39,3297,0
5447,0,52,5960,0
5448,0,32,2852,0
5449,0,40,6155,1
5450,0,41,6232,1
5451,1,50,3465,0
5452,1,33,2376,1
5453,0,41,5477,0
5454,1,57,2019,0
5455,1,34,2879,0
5456,0,45,3728,1
5457,1,46,3216,1
5458,0,29,6073,0
5459,1,26,2059,1
5460,1,56,2089,1
5461,0,47,6265,1
5462,1,42,4381,0
5463,1,52,4044,0
5464,0,28,6089,0
5465,1,55,2100,0
5466,1,27,2099,1
5467,1,49,3788,0
5468,1,32,4393,0
5469,1,49,3499,1
5470,0,54,5455,0
5471,1,39,2112,0
5472,0,45,5149,0
5473,1,39,3223,0
5474,1,37,5175,0
5475,1,41,2133,0
5476,1,48,5679,0
5477,1,27,4584,0
5478,1,43,4379,1
5479,1,36,2285,0
5480,1,25,2823,1
5481,0,38,5001,0
5482,1,40,3507,1
5483,1,25,2917,1
5484,0,39,6465,1
5485,0,52,5915,0
5486,0,25,6897,1
5487,1,36,2917,1
5488,1,59,3087,1
5489,0,41,5434,1
5490,0,51,5992,0
5491,1,26,2682,0
5492,0,34,6818,0
5493,1,42,5064,0
5494,1,34,3170,1
5495,1,40,3798,1
5496,1,39,4387,1
5497,0,47,6392,0
5498,0,58,6780,1
5499,0,43,5970,1
5500,1,47,4242,1
5501,0,28,6409,0
5502,0,39,4291,0
5503,1,37,3593,0
5504,0,51,4819,1
5505,1,36,4296,1
5506,1,31,2452,0
5507,0,30,6606,0
5508,0,28,6931,0
5509,1,34,4083,1
5510,0,54,4351,0
5511,0,25,5095,1
5512,0,54,6073,0
5513,1,58,4179,1
5514,0,56,5276,1
5515,0,39,6501,0
5516,0,56,6370,1
5517,0,26,6796,0
5518,1,55,3883,0
5519,1,38,3713,1
5520,1,29,6797,1
5521,1,58,5465,0
5522,1,43,4574,1
5523,1,58,2700,1
5524,0,25,6611,1
5525,0,52,5397,1
5526,0,33,6520,0
5527,0,45,6792,0
5528,0,46,4975,1
5529,1,25,3830,1
5530,1,40,2250,1
5531,1,31,2925,0
5532,0,56,5136,0
5533,0,25,5756,1
5534,0,36,5553,1
5535,1,35,4329,1
5536,1,27,2719,1
5537,1,54,3365,0
5538,1,28,4925,1
5539,0,26,6990,1
5540,1,54,4453,0
5541,0,48,5069,1
5542,1,59,2492,0
5543,0,42,4100,1
5544,1,34,4964,0
5545,1,58,5394,0
5546,1,48,2260,1
5547,1,29,3985,0
5548,0,59,5644,1
5549,0,26,5232,0
5550,0,36,6642,0
5551,0,53,5110,1
5552,0,26,4595,1
5553,0,56,3757,0
5554,1,47,2805,0
5555,1,40,4534,0
5556,1,35,4801,1
5557,1,44,3337,1
5558,0,58,6074,0
5559,0,53,5809,0
5560,1,52,3620,0
5561,1,31,4277,1
5562,1,46,3253,1
5563,0,39,6330,1
5564,0,53,5322,0
5565,0,56,6031,1
5566,0,37,6073,0
5567,1,42,3786,0
5568,1,50,3058,1
5569,1,37,3443,1
5570,0,58,5789,1
5571,0,54,5949,0
5572,1,33,3416,1
5573,1,42,2694,1
5574,0,46,6410,0
5575,0,43,6834,0
5576,0,41,6465,0
5577,1,27,3336,0
5578,1,35,3532,1
5579,1,49,2551,0
5580,1,38,3379,0
5581,1,43,4584,1
5582,0,50,2566,1
5583,0,31,5826,0
5584,0,34,5636,0
5585,1,59,6555,0
5586,1,25,2844,1
5587,1,30,2876,1
5588,1,55,4163,0
5589,1,55,6452,0
5590,1,30,4248,1
5591,0,33,3205,0
5592,1,48,2135,0
5593,1,26,5273,0
5594,1,31,4736,0
5595,1,42,3808,1
5596,1,51,5539,0
5597,0,46,5070,0
5598,0,40,6761,1
5599,0,56,5502,1
5600,1,43,3457,1
5601,1,57,5931,0
5602,1,53,4025,0
5603,1,55,4142,1
5604,1,52,6595,0
5605,0,38,5033,0
5606,1,47,3449,1
5607,0,45,6774,1
5608,1,46,3614,0
5609,0,50,6441,1
5610,0,52,4839,1
5611,0,36,6991,1
5612,0,51,3266,1
5613,0,43,6808,1
5614,1,56,3738,1
5615,1,40,5334,0
5616,1,32,3260,1
5617,0,37,6315,0
5618,0,32,6753,1
5619,1,27,2626,0
5620,0,36,6295,1
5621,1,57,3724,1
5622,0,40,6281,0
5623,1,58,5401,1
5624,1,47,4867,0
5625,1,36,2894,1
5626,1,33,5283,1
5627,1,52,2744,0
5628,1,27,4657,0
5629,1,27,2568,0
5630,1,51,4314,0
5631,0,41,5678,0
5632,1,32,4846,1
5633,0,32,5822,1
5634,0,48,2378,1
5635,0,43,6840,0
5636,0,35,5520,1
5637,0,46,5445,0
5638,0,54,6740,1
5639,1,53,2547,1
5640,1,33,4299,0
5641,1,39,2120,0
5642,1,55,2085,0
5643,0,50,3706,0
5644,0,44,6128,1
5645,1,55,3864,1
5646,0,50,3559,0
5647,0,34,4649,1
5648,1,59,3162,0
5649,0,30,6325,0
5650,1,25,3313,0
5651,1,48,5949,1
5652,0,37,6370,1
5653,0,35,5108,1
5654,1,29,4088,1
5655,1,45,3268,0
5656,0,47,6475,1
5657,1,51,2428,0
5658,0,39,5250,0
5659,1,34,4108,1
5660,1,33,4562,0
5661,0,43,3922,0
5662,0,35,6192,0
5663,0,47,6184,0
5664,0,40,6275,0
5665,1,59,2759,1
5666,0,50,4550,1
5667,1,35,2916,1
5668,1,25,2923,1
5669,0,29,6713,1
5670,1,38,3574,1
5671,0,32,6994,1
5672,0,27,2434,0
5673,0,55,6337,1
5674,0,25,6679,0
5675,0,35,4550,1
5676,0,51,6349,0
5677,1,28,2291,1
5678,1,47,2351,0
5679,0,53,3846,1
5680,0,26,6806,0
5681,0,31,6379,0
5682,0,43,4468,1
5683,0,33,5430,0
5684,1,43,2002,1
5685,1,32,2007,1
5686,0,34,5298,0
5687,1,53,3259,1
5688,1,54,3780,1
5689,1,32,4664,0
5690,1,39,3306,0
5691,1,34,4069,1
5692,1,51,2730,0
5693,1,55,3480,0
5694,0,33,4215,1
5695,0,54,6048,1
5696,1,46,4653,0
5697,0,45,6945,1
5698,0,36,6388,0
5699,1,47,6795,1
5700,1,31,2618,1
5701,1,42,5322,0
5702,0,28,6318,0
5703,1,39,3828,1
5704,1,42,2658,1
5705,1,28,4739,1
5706,1,33,6668,0
5707,1,53,5156,1
5708,0,35,5587,0
5709,0,42,6528,1
5710,1,47,4370,1
5711,0,34,2594,0
5712,0,28,5482,1
5713,1,41,6800,0
5714,1,57,3868,1
5715,1,48,4150,0
5716,1,40,6144,0
5717,1,42,2318,0
5718,0,25,6326,1
5719,1,42,2869,1
5720,1,38,4810,1
5721,0,55,6345,0
5722,1,45,3033,1
5723,1,27,5433,0
5724,1,50,5402,1
5725,1,40,2551,1
5726,1,49,4574,1
5727,0,43,4857,1
5728,1,46,2979,0
5729,1,29,3576,0
5730,0,35,4888,1
5731,1,26,3069,0
5732,0,49,6840,0
5733,1,35,4032,0
5734,0,59,5487,1
5735,0,29,5550,0
5736,1,58,4431,0
5737,1,57,2455,1
5738,1,55,2517,0
5739,1,51,6961,1
5740,1,31,6179,1
5741,1,44,2329,1
5742,1,53,2662,0
5743,1,45,3248,0
5744,1,41,4175,0
5745,0,43,5923,0
5746,1,42,4307,0
5747,0,26,6577,0
5748,0,30,6811,0
5749,0,29,6767,1
5750,0,34,5770,0
5751,1,57,3233,0
5752,1,27,2257,0
5753,1,40,3680,1
5754,1,26,2343,1
5755,0,54,5484,1
5756,1,34,3108,1
5757,1,31,4776,1
5758,0,41,6303,0
5759,0,26,5011,0
5760,0,43,6914,1
5761,1,53,2695,0
5762,1,36,2828,0
5763,0,57,6981,0
5764,1,35,4978,0
5765,1,55,5613,1
5766,1,41,2562,0
5767,0,55,6788,0
5768,1,31,4625,1
5769,1,48,2388,0
5770,0,56,4508,0
5771,1,57,3040,1
5772,1,27,2122,0
5773,0,40,5766,1
5774,0,50,6073,0
5775,1,25,4993,1
5776,1,46,4628,0
5777,0,41,6189,0
5778,1,37,2936,1
5779,0,38,5231,0
5780,1,44,2001,0
5781,1,41,3877,1
5782,0,58,6553,0
5783,1,59,2783,0
5784,1,32,5122,0
5785,0,42,6259,1
5786,1,59,5253,0
5787,1,58,5024,0
5788,1,57,3245,0
5789,1,25,3314,0
5790,1,58,2200,0
5791,1,59,5453,1
5792,0,48,5307,1
5793,1,52,3850,1
5794,1,52,2408,0
5795,0,55,5215,1
5796,0,46,4372,0
5797,1,55,3590,1
5798,1,57,5017,1
5799,1,48,2905,0
5800,0,43,6539,1
5801,1,27,3153,1
5802,1,45,3397,0
5803,1,54,4322,1
5804,1,29,4010,1
5805,0,26,6422,0
5806,1,50,2736,0
5807,0,48,5495,1
5808,1,30,4245,0
5809,0,36,6068,1
5810,1,27,3098,0
5811,0,51,3211,1
5812,0,53,4411,0
5813,0,30,6254,1
5814,1,56,2359,1
5815,0,31,6501,0
5816,1,45,5527,0
5817,0,48,6719,0
5818,1,53,3578,0
5819,1,34,2515,1
5820,1,37,5618,0
5821,0,37,6212,1
5822,1,58,4373,1
5823,1,55,3113,1
5824,0,36,6035,1
5825,1,38,3768,1
5826,1,36,5122,1
5827,0,42,5648,1
5828,0,27,4064,0
5829,0,58,5574,0
5830,1,44,3699,0
5831,1,46,5496,1
5832,1,46,5110,1
5833,0,39,6269,1
5834,1,48,2182,1
5835,1,55,3288,1
5836,0,57,4851,0
5837,1,25,2693,0
5838,1,34,4438,0
5839,1,29,2849,1
5840,1,39,2491,0
5841,1,52,2976,1
5842,1,51,4017,0
5843,1,50,2056,1
5844,0,53,3894,0
5845,0,31,4406,1
5846,0,53,4227,1
5847,1,39,2637,1
5848,0,55,4005,0
5849,1,45,3806,0
5850,1,52,2320,1
5851,1,50,2962,0
5852,1,59,5176,0
5853,1,48,3480,1
5854,1,51,2529,0
5855,0,38,4283,0
5856,1,54,4106,1
5857,1,40,5614,0
5858,0,37,5551,1
5859,1,29,2088,0
5860,0,30,6003,1
5861,1,32,3575,0
5862,0,31,6380,1
5863,1,58,2465,1
5864,1,58,3287,1
5865,0,25,6675,1
5866,1,53,3875,1
5867,1,57,2641,0
5868,1,45,4532,0
5869,1,30,2608,0
5870,1,47,2493,0
5871,0,27,4567,0
5872,0,31,6236,1
5873,1,54,4708,0
5874,1,33,2471,0
5875,0,40,5220,0
5876,1,53,2204,1
5877,0,44,6591,0
5878,1,37,2342,1
5879,1,32,2239,0
5880,1,52,2556,1
5881,0,28,5481,1
5882,0,48,6232,0
5883,1,33,4089,1
5884,1,54,4103,1
5885,0,45,6390,1
5886,1,39,6470,1
5887,1,38,4641,1
5888,0,37,2048,0
5889,0,40,6925,0
5890,1,27,2701,1
5891,1,52,4613,1
5892,1,57,3434,0
5893,0,49,3711,1
5894,0,43,5881,1
5895,1,25,6006,0
5896,1,55,2170,0
5897,1,56,2842,0
5898,1,47,3038,0
5899,0,28,6103,0
5900,1,45,3679,1
5901,1,51,5020,0
5902,1,31,3530,1
5903,1,31,5060,0
5904,0,38,6732,1
5905,1,47,4451,1
5906,1,35,4508,0
5907,1,40,4764,0
5908,1,58,2861,0
5909,1,34,4434,0
5910,1,47,2522,0
5911,1,53,5330,1
5912,0,44,6967,1
5913,1,35,4139,1
5914,1,34,5315,0
5915,1,37,2452,1
5916,1,56,6110,0
5917,1,35,4820,1
5918,0,51,3631,0
5919,1,56,4195,1
5920,0,58,5906,1
5921,0,31,3628,0
5922,1,41,4557,0
5923,1,26,4862,0
5924,1,39,2922,1
5925,1,55,3751,1
5926,1,47,2051,1
5927,0,59,6278,1
5928,0,31,6049,0
5929,1,31,5026,1
5930,0,47,5283,0
5931,1,34,4500,0
5932,0,32,4910,0
5933,1,54,2661,0
5934,1,30,6183,1
5935,1,41,4673,1
5936,1,31,2601,0
5937,1,40,4004,1
5938,1,32,3268,1
5939,1,27,2087,0
5940,0,27,5806,0
5941,0,27,5172,0
5942,1,39,5346,0
5943,1,49,4292,0
5944,1,39,5785,0
5945,0,38,6641,1
5946,1,26,4145,0
5947,0,40,5937,1
5948,1,35,2864,0
5949,1,49,3481,0
5950,1,50,2628,0
5951,0,51,6129,0
5952,1,44,4988,1
5953,0,34,6370,1
5954,0,57,4856,0
5955,0,25,5924,0
5956,0,56,5341,1
5957,1,42,3268,0
5958,0,30,6910,1
5959,1,48,4173,0
5960,1,27,3846,1
5961,0,52,3967,1
5962,0,31,6879,0
5963,1,42,3263,1
5964,0,30,6235,1
5965,1,40,4529,0
5966,0,41,6958,1
5967,1,34,3388,0
5968,0,26,6236,0
5969,1,51,5412,1
5970,1,37,3962,0
5971,0,34,6112,1
5972,0,37,3976,1
5973,0,37,5100,1
5974,1,40,3828,0
5975,1,53,3694,0
5976,0,35,6279,0
5977,1,50,4945,1
5978,1,48,4100,0
5979,1,30,4098,1
5980,0,53,3991,0
5981,0,59,3773,1
5982,1,51,2704,0
5983,1,25,2740,1
5984,1,49,3749,0
5985,0,55,5000,1
5986,1,53,2039,1
5987,1,33,2805,0
5988,1,52,3481,0
5989,1,48,2700,0
5990,1,59,3966,1
5991,1,59,3071,0
5992,0,58,4313,1
5993,1,43,5018,1
5994,1,41,4348,0
5995,1,25,2950,1
5996,1,56,5786,0
5997,1,53,5884,0
5998,1,38,3897,0
5999,1,49,2556,0
