,Guild_Contribution,Character_Level,Weekly_Playtime,Chat_Activity,Days_Inactive,Guild_Rank,PVP_Score,Quest_Completed,Item_Level,User_Level
0,184.76,20,46.11,97,14,0,397.7,93,230.45,0
1,987.68,120,58.79,0,0,5,999.0,471,250.54,2
2,274.9,40,41.66,136,0,8,633.58,245,253.44,1
3,581.71,83,15.56,186,1,3,144.42,0,200.18,1
4,129.14,19,28.74,135,4,3,240.33,209,176.01,0
5,166.76,39,18.93,218,9,0,206.22,21,100.0,0
6,171.55,4,34.76,190,29,3,90.1,52,448.87,0
7,406.23,36,68.83,298,6,3,415.01,436,495.68,1
8,680.97,76,11.12,349,4,1,458.71,647,118.39,1
9,611.62,104,16.05,285,8,5,336.55,610,453.92,1
10,179.47,51,41.58,80,16,1,532.84,141,176.63,0
11,660.69,94,50.81,400,1,5,999.0,409,394.48,2
12,464.95,106,61.34,6,7,0,772.57,485,100.0,1
13,84.14,48,55.31,120,3,5,93.91,190,271.91,0
14,141.07,55,23.92,175,19,1,433.9,220,375.65,0
15,71.77,44,19.11,160,28,0,181.89,45,102.21,0
16,671.68,71,20.43,81,9,4,508.95,211,243.44,0
17,281.0,31,37.66,276,1,6,443.65,555,270.36,1
18,132.26,45,37.14,157,17,0,182.85,230,376.0,0
19,294.35,57,12.11,113,3,6,528.46,264,103.93,0
20,420.97,59,7.26,32,13,7,238.43,40,165.65,1
21,485.31,60,32.32,33,21,2,244.4,301,393.66,0
22,415.55,29,19.44,89,1,1,274.45,258,254.8,0
23,81.61,42,21.11,19,3,0,391.69,156,357.77,0
24,317.4,88,18.79,66,5,0,508.14,245,419.18,1
25,565.82,48,16.83,61,12,0,359.01,148,184.66,1
26,331.62,27,9.64,0,26,2,296.06,179,378.87,0
27,459.74,68,39.24,200,12,4,159.14,331,407.93,1
28,284.71,17,41.14,176,19,3,571.69,577,372.65,1
29,228.61,21,16.94,64,7,0,267.64,368,500.0,0
30,783.81,57,65.45,31,20,2,546.35,673,198.89,1
31,459.55,2,23.36,70,0,1,398.03,73,191.59,0
32,492.89,80,21.2,178,4,0,90.27,362,132.24,0
33,850.47,22,70.0,138,5,2,235.22,307,500.0,1
34,575.51,43,62.91,207,0,7,664.08,629,500.0,2
35,369.02,49,22.31,83,6,3,649.75,158,102.46,1
36,144.72,57,19.49,198,22,0,64.32,81,192.24,0
37,138.8,56,23.72,80,24,0,262.53,218,196.0,0
38,837.77,72,70.0,20,10,3,392.12,668,452.17,1
39,182.32,38,37.04,0,6,0,341.84,530,200.0,0
40,278.75,55,23.83,139,29,0,288.67,335,314.16,0
41,174.89,91,62.23,192,7,5,356.99,490,342.25,1
42,265.27,47,50.37,20,21,3,254.01,122,332.26,0
43,333.49,56,27.89,75,9,2,898.0,476,313.39,1
44,38.5,67,18.04,26,5,4,244.22,145,323.08,0
45,977.69,102,45.09,80,6,8,704.43,496,391.26,1
46,62.63,48,33.56,174,22,0,363.97,11,166.56,0
47,483.27,78,39.3,177,2,7,313.21,226,148.65,1
48,163.34,38,32.49,321,11,2,359.87,502,395.1,1
49,471.85,34,4.91,0,7,3,223.34,62,277.07,0
50,519.92,80,45.51,266,0,8,777.79,598,500.0,2
51,481.6,98,33.65,53,10,4,454.59,520,449.73,1
52,232.56,19,33.96,56,0,0,250.88,463,100.0,1
53,618.62,65,42.53,158,0,8,440.2,379,464.93,1
54,549.28,33,70.0,224,9,0,372.32,242,306.65,1
55,245.81,73,52.06,326,0,0,478.44,603,339.71,1
56,109.41,38,22.34,17,11,0,157.81,121,214.29,0
57,277.24,19,20.27,197,19,3,252.42,326,192.4,0
58,233.58,39,53.18,280,0,0,167.67,166,500.0,0
59,325.51,54,3.84,76,2,2,377.93,458,211.58,0
60,147.16,50,23.48,218,23,0,518.86,0,472.19,0
61,221.14,26,11.08,0,9,1,130.58,135,100.0,0
62,440.04,22,64.5,183,2,6,394.06,279,445.82,1
63,30.47,41,11.45,77,15,2,234.06,344,215.93,0
64,38.32,72,43.99,143,4,5,76.71,571,342.48,0
65,684.47,83,31.72,175,19,3,527.03,416,491.06,1
66,214.07,45,23.36,114,10,0,476.2,494,325.88,0
67,220.22,42,70.0,251,7,6,565.97,297,261.7,1
68,169.51,41,16.58,148,15,0,71.82,133,286.55,0
69,655.41,93,31.17,247,2,2,582.04,723,204.25,2
70,731.51,54,47.78,294,8,2,463.34,296,279.84,1
71,585.56,20,25.28,147,23,4,482.89,267,139.26,0
72,304.38,83,11.47,48,0,0,687.94,265,382.33,0
73,507.84,41,25.8,193,4,4,412.39,410,290.76,1
74,115.25,88,33.75,198,0,3,862.53,654,377.99,1
75,147.04,53,70.0,144,9,3,372.6,290,420.18,1
76,548.54,28,42.78,57,4,6,734.24,618,340.46,1
77,53.12,33,7.74,96,23,0,316.27,408,217.31,0
78,151.32,34,27.68,27,10,0,312.45,321,101.65,0
79,166.55,69,20.45,124,12,5,369.36,386,258.07,0
80,332.32,66,18.21,37,20,5,628.27,661,190.31,1
81,480.13,53,66.74,182,9,4,925.23,478,287.76,1
82,301.91,63,8.75,58,3,0,473.65,332,316.61,0
83,86.67,1,4.86,121,28,2,423.89,199,335.54,0
84,246.08,8,39.67,94,1,1,163.88,0,154.05,0
85,110.57,25,21.71,139,5,0,111.04,338,148.84,0
86,458.6,44,29.46,56,12,6,529.96,248,414.57,1
87,163.03,38,26.96,170,16,6,457.5,607,293.84,1
88,453.43,83,30.1,91,19,8,530.18,542,305.68,1
89,165.49,61,18.45,123,5,5,502.36,367,314.01,1
90,286.87,48,45.13,164,24,2,427.5,142,165.82,0
91,241.94,81,35.21,163,19,0,326.93,481,387.18,1
92,654.09,75,70.0,245,4,9,295.61,484,299.98,1
93,353.45,95,70.0,156,0,3,676.78,254,239.64,1
94,224.58,80,29.22,109,12,1,505.02,531,369.11,1
95,219.38,74,70.0,33,0,8,374.1,433,166.19,1
96,542.27,77,49.58,342,9,5,248.44,353,244.03,1
97,145.91,56,37.99,108,5,2,35.19,187,250.39,0
98,185.99,17,15.76,104,11,6,85.28,219,500.0,0
99,344.86,62,35.32,169,8,2,568.76,274,133.37,0
100,195.69,70,43.63,126,16,0,173.17,516,230.34,0
101,650.38,98,21.67,148,1,8,491.73,312,316.63,1
102,232.97,63,41.86,61,6,0,630.08,197,173.63,0
103,432.77,76,40.81,306,6,1,427.68,270,500.0,1
104,231.59,57,25.04,90,5,4,248.2,233,327.48,1
105,68.71,64,43.31,0,9,0,383.24,82,258.85,0
106,65.93,75,10.36,216,21,3,127.89,515,405.1,0
107,184.92,76,24.22,164,7,2,551.25,220,258.3,1
108,271.79,8,39.02,186,3,0,352.61,283,114.31,0
109,123.64,54,30.74,203,17,0,98.25,492,168.11,0
110,255.6,91,4.87,157,8,4,389.03,83,120.92,0
111,472.79,52,8.13,125,0,3,136.11,67,179.26,0
112,549.1,103,21.96,56,5,0,307.48,230,500.0,1
113,309.0,89,22.23,73,13,3,283.61,224,384.5,1
114,295.37,83,30.17,107,3,5,578.08,505,170.5,1
115,454.82,34,33.72,336,4,1,465.36,246,311.02,1
116,482.3,86,25.21,134,0,4,979.82,545,393.67,1
117,82.78,18,5.57,72,8,6,165.98,33,250.37,0
118,830.64,49,1.27,100,0,1,441.02,436,435.3,1
119,542.31,84,40.09,66,20,5,359.5,522,189.04,1
120,565.42,29,43.28,186,11,6,579.26,516,142.39,1
121,210.08,93,25.23,151,0,1,614.03,457,355.45,1
122,362.23,1,14.38,48,21,5,346.2,59,214.72,0
123,98.95,1,37.21,216,9,0,336.17,344,127.24,0
124,195.79,24,23.44,180,30,2,190.68,165,194.94,0
125,343.68,1,22.64,204,5,0,150.11,489,366.01,0
126,572.12,67,43.05,243,14,4,130.65,479,358.75,1
127,412.92,47,13.95,191,0,6,769.53,470,115.56,1
128,218.13,56,12.3,141,6,0,202.99,323,253.23,0
129,220.53,88,22.36,214,13,7,598.96,193,500.0,1
130,127.47,17,6.79,75,1,0,517.91,0,145.34,0
131,334.73,1,12.33,132,18,6,180.76,188,100.0,0
132,561.74,1,29.5,133,17,2,392.88,249,276.72,0
133,276.94,55,7.26,181,1,0,486.33,103,103.85,0
134,626.98,77,41.25,203,5,2,273.01,334,237.87,1
135,363.25,58,25.94,190,3,0,82.58,480,262.79,0
136,291.37,43,19.72,208,11,0,341.77,521,500.0,1
137,567.66,64,45.63,51,12,3,418.25,164,184.5,1
138,88.77,9,15.55,32,29,0,142.56,184,260.88,0
139,433.9,84,65.15,84,10,3,545.88,800,372.3,2
140,987.68,64,31.6,365,4,4,472.91,689,113.64,2
141,182.55,10,4.15,192,7,6,304.06,211,290.58,0
142,779.9,72,24.08,85,6,1,254.17,364,500.0,1
143,111.77,49,4.8,14,10,3,267.34,436,273.16,0
144,370.36,50,4.3,116,0,0,237.38,391,241.11,0
145,82.07,69,10.69,161,9,4,52.34,398,326.51,0
146,251.83,86,48.41,316,6,4,141.1,462,181.76,1
147,830.57,92,26.3,305,4,0,453.66,531,500.0,1
148,631.33,34,6.94,237,9,0,421.6,81,256.9,0
149,437.33,74,38.45,21,8,3,63.86,303,389.08,0
150,332.05,53,21.65,176,8,0,999.0,417,398.48,1
151,638.67,27,31.23,142,4,0,67.09,0,140.72,0
152,404.38,25,41.08,0,0,0,42.9,445,242.38,0
153,565.23,35,30.66,71,2,0,183.8,358,166.21,1
154,927.56,94,25.09,327,3,9,264.82,652,500.0,2
155,331.63,45,12.68,41,9,4,126.24,180,236.14,0
156,333.74,28,28.96,60,0,2,538.62,280,128.29,1
157,861.63,5,6.41,28,18,5,584.12,498,464.25,1
158,367.55,20,19.03,58,17,0,294.67,352,195.03,0
159,515.21,58,13.2,132,8,4,377.13,218,338.75,1
160,357.8,10,33.29,82,1,2,77.94,386,100.0,0
161,148.6,81,18.04,67,16,2,449.69,191,500.0,1
162,434.83,61,24.91,205,6,1,382.5,564,218.08,1
163,377.13,99,37.35,185,14,4,596.11,430,288.35,1
164,56.8,15,50.51,98,3,0,169.64,210,223.97,0
165,558.18,62,44.44,15,2,0,836.91,583,413.68,1
166,429.1,28,6.22,91,0,0,118.08,0,177.03,0
167,443.98,19,8.98,173,4,0,632.73,392,348.49,0
168,314.31,7,11.02,101,1,4,72.94,209,386.6,0
169,565.03,96,12.11,297,7,0,655.74,227,383.9,1
170,355.72,59,14.18,177,9,3,413.7,262,315.68,1
171,231.93,82,13.85,41,0,0,229.6,379,351.35,0
172,610.53,40,67.87,272,2,5,545.71,515,455.13,1
173,99.39,1,16.71,84,13,0,265.78,27,185.74,0
174,483.97,96,18.43,132,0,7,238.76,339,363.26,1
175,41.28,23,55.69,62,23,2,675.79,365,124.14,0
176,972.69,68,36.18,152,16,6,362.73,267,100.0,1
177,361.86,8,11.96,15,15,0,328.26,339,173.88,0
178,240.98,16,8.58,5,17,8,176.43,551,161.29,1
179,131.1,17,15.23,177,11,3,286.87,3,175.18,0
180,141.2,29,16.72,44,13,3,144.01,209,209.89,0
181,94.57,1,7.88,56,5,3,177.25,138,100.0,0
182,391.65,54,22.1,270,18,5,329.09,527,275.33,1
183,258.56,94,53.89,164,4,5,577.53,433,500.0,1
184,168.24,1,39.69,25,11,3,80.6,396,368.18,0
185,539.74,53,17.74,209,5,4,547.21,400,261.91,1
186,358.02,106,12.56,294,5,7,487.46,390,246.87,1
187,300.73,87,55.34,208,3,3,494.9,296,374.28,1
188,674.56,82,39.86,221,1,3,500.22,168,291.14,1
189,530.27,67,49.92,111,14,0,322.56,246,175.76,0
190,584.11,28,20.08,255,8,3,441.7,87,234.73,0
191,211.79,82,13.09,203,5,9,475.92,289,264.56,1
192,452.04,120,40.06,29,21,0,245.65,349,170.45,1
193,987.68,49,52.28,219,17,4,484.97,524,278.0,1
194,399.63,63,22.21,0,12,0,190.75,281,377.15,0
195,327.74,31,15.96,143,20,1,303.59,337,311.22,0
196,907.33,86,18.2,93,3,6,664.46,800,394.87,1
197,294.37,79,12.4,201,9,8,222.81,358,500.0,1
198,368.83,41,24.97,285,1,3,494.46,191,395.69,1
199,618.29,107,68.06,190,20,6,318.81,443,439.4,1
200,307.78,114,32.88,37,15,1,312.47,294,339.33,1
201,197.64,38,13.63,26,7,2,527.44,330,183.64,0
202,189.82,1,5.86,30,12,0,103.83,0,100.0,0
203,510.15,87,37.63,89,7,2,260.06,792,324.01,1
204,835.51,55,41.98,197,13,8,537.88,431,406.21,1
205,87.39,1,12.59,0,15,0,373.51,0,206.84,0
206,149.03,33,37.8,191,17,0,503.0,398,130.93,0
207,239.97,37,51.1,114,12,2,370.23,174,365.29,1
208,186.07,64,17.79,134,18,4,149.04,0,100.0,0
209,448.92,69,25.42,84,0,0,222.67,321,336.52,0
210,304.76,91,58.69,324,20,0,742.55,348,221.83,1
211,331.05,64,48.89,3,8,7,999.0,341,378.63,1
212,528.08,37,39.12,104,8,5,409.36,313,179.63,1
213,139.29,20,12.71,129,16,2,226.15,325,100.0,0
214,668.17,76,26.46,192,0,0,402.49,306,441.12,1
215,64.67,1,56.8,46,25,1,452.3,217,361.36,0
216,490.86,81,15.31,126,7,1,319.67,65,415.42,0
217,410.74,32,57.24,182,13,0,946.85,269,115.82,1
218,560.41,40,29.31,57,0,7,584.65,253,500.0,1
219,535.34,101,44.04,248,1,0,928.91,159,329.6,1
220,636.29,81,20.85,221,8,2,338.36,561,273.36,1
221,414.75,64,44.4,155,10,8,377.34,621,415.23,1
222,236.67,72,30.84,0,20,2,249.73,327,100.0,0
223,159.65,1,16.63,18,11,1,209.56,301,260.74,0
224,365.98,11,19.42,119,12,1,360.83,335,161.96,0
225,88.93,41,29.03,78,22,2,134.99,238,307.13,0
226,536.0,113,70.0,396,2,7,767.03,744,500.0,2
227,321.48,49,24.5,205,15,0,157.01,283,338.22,0
228,604.12,73,25.95,0,7,1,463.76,419,152.81,1
229,781.53,61,30.45,183,0,2,615.01,529,160.03,1
230,700.7,54,21.88,70,8,5,557.26,479,270.83,1
231,376.07,113,27.62,305,0,4,355.71,720,407.91,1
232,399.14,78,33.61,152,0,6,724.39,214,295.34,1
233,691.52,78,35.75,193,3,1,485.5,164,218.45,1
234,132.16,1,15.18,25,0,4,346.89,359,100.0,0
235,567.01,28,53.08,277,7,4,252.83,354,390.5,1
236,240.77,21,5.56,157,21,3,602.56,114,178.01,0
237,385.4,24,11.44,81,1,0,275.15,178,274.64,0
238,425.5,43,70.0,80,0,6,546.03,436,211.93,1
239,183.26,62,7.19,111,17,0,364.82,118,196.51,0
240,612.36,78,18.45,278,0,2,450.66,299,166.06,1
241,524.01,68,42.18,324,0,10,724.3,598,451.14,2
242,378.18,67,34.07,273,0,8,388.68,687,284.9,1
243,6.53,10,7.74,72,4,0,164.77,183,150.06,0
244,170.21,39,31.2,204,5,0,67.43,91,348.72,0
245,114.19,48,41.21,283,1,0,518.59,447,225.03,1
246,126.2,5,36.15,157,9,2,150.64,259,100.0,0
247,959.12,97,70.0,147,1,9,821.89,513,500.0,2
248,752.95,102,9.45,146,6,1,497.45,709,461.28,2
249,343.07,101,31.01,281,2,2,705.54,296,378.07,1
250,281.16,32,26.78,99,21,0,398.83,492,227.8,0
251,366.37,28,35.08,176,8,0,189.91,208,402.81,0
252,449.39,38,70.0,286,0,4,332.04,159,403.13,1
253,450.53,47,50.51,151,28,3,254.29,318,472.19,0
254,384.22,82,32.41,56,14,0,431.52,228,323.71,0
255,443.66,47,18.88,127,4,5,320.82,669,201.12,1
256,578.04,41,31.04,146,9,8,876.27,202,299.31,1
257,420.77,44,29.39,258,1,2,697.25,228,342.33,1
258,324.16,63,44.45,266,15,5,164.05,335,222.86,1
259,301.89,65,54.68,0,0,0,237.06,113,166.17,0
260,141.11,56,8.04,94,11,0,384.52,587,321.57,1
261,170.53,60,36.78,313,0,5,549.16,365,500.0,2
262,21.48,67,7.09,57,0,1,170.69,257,100.0,0
263,235.4,120,51.43,125,8,2,600.56,488,325.34,1
264,691.24,42,33.78,280,19,2,651.99,487,354.73,1
265,284.73,92,67.18,152,19,2,999.0,256,418.42,1
266,605.99,28,40.1,225,0,6,999.0,318,301.3,1
267,637.34,63,50.14,107,6,6,437.33,309,271.85,1
268,150.43,44,6.49,166,22,3,113.74,209,164.87,0
269,500.2,52,33.84,16,17,5,101.26,228,136.02,0
270,436.05,43,24.32,17,6,7,412.77,421,372.69,1
271,859.56,34,53.05,181,14,2,725.55,340,311.49,1
272,217.5,91,27.37,166,6,9,148.34,159,444.29,1
273,217.38,108,10.4,178,0,2,285.6,410,351.1,1
274,498.74,58,7.78,278,3,4,209.35,331,430.44,1
275,178.45,12,21.61,259,10,5,397.63,409,500.0,1
276,593.86,46,20.3,176,14,8,322.48,601,382.99,1
277,599.2,77,38.27,239,5,3,791.53,582,125.01,1
278,640.22,45,9.43,211,0,1,495.2,451,355.0,1
279,385.76,73,26.52,234,6,0,196.6,291,170.81,1
280,499.96,41,36.92,110,9,5,178.39,453,119.45,1
281,408.71,16,19.78,74,11,0,78.84,0,161.28,0
282,142.61,1,5.01,89,26,2,147.02,168,234.98,0
283,195.64,79,34.28,119,10,2,71.39,247,160.95,0
284,381.03,36,45.77,290,7,0,676.28,431,286.15,1
285,414.37,16,36.81,76,17,2,41.75,528,328.66,0
286,509.47,73,51.88,222,6,8,387.41,433,381.99,1
287,663.54,86,47.81,72,10,3,853.54,266,419.16,1
288,470.87,72,15.42,66,13,0,94.57,259,354.06,0
289,200.45,64,70.0,277,20,3,411.21,436,425.43,1
290,392.79,25,15.72,107,2,6,262.23,40,217.32,0
291,221.09,1,2.24,1,11,0,54.33,140,204.99,0
292,441.09,87,42.69,256,10,1,769.57,445,454.11,1
293,747.25,68,20.78,173,17,2,43.03,385,341.95,0
294,198.46,45,6.92,137,0,0,248.96,231,130.72,0
295,755.51,60,58.33,142,2,7,627.47,28,185.13,1
296,652.66,59,11.56,80,13,2,951.35,433,430.15,1
297,388.03,43,34.67,51,15,2,61.38,103,500.0,0
298,432.25,58,17.34,2,12,1,475.69,282,258.81,1
299,287.37,36,31.47,86,29,0,143.72,373,225.95,0
300,383.72,58,30.34,55,0,1,95.39,224,284.58,0
301,311.07,59,70.0,196,0,0,717.34,507,335.52,1
302,423.85,39,58.61,73,24,3,475.99,363,500.0,1
303,674.58,81,22.51,226,0,6,267.7,549,423.67,1
304,260.09,58,31.46,305,5,1,368.83,402,232.89,1
305,875.39,120,53.22,173,8,7,999.0,532,426.71,2
306,360.24,37,9.38,219,6,2,499.15,181,330.07,1
307,233.41,36,20.19,168,0,1,121.73,145,262.48,0
308,444.45,79,28.69,80,8,5,458.95,200,142.22,1
309,209.96,57,26.3,93,14,2,268.92,187,334.13,0
310,314.48,1,17.66,58,21,2,177.83,156,167.51,0
311,216.24,2,34.25,61,14,1,353.65,603,188.45,0
312,53.09,42,32.57,122,23,4,51.75,15,347.08,0
313,527.97,113,32.4,195,12,4,512.63,245,499.75,2
314,977.21,56,32.37,214,7,0,195.86,533,344.12,1
315,170.38,100,30.57,144,13,5,357.75,258,314.4,1
316,275.89,27,26.01,41,1,0,321.23,177,179.56,0
317,727.11,57,43.37,0,14,5,305.76,179,340.77,0
318,171.31,39,11.76,139,19,0,117.01,223,323.95,0
319,572.73,71,23.13,41,22,0,463.38,455,372.49,0
320,753.61,55,48.27,355,0,2,664.37,577,236.55,1
321,441.85,91,52.22,0,8,8,271.07,203,161.96,1
322,458.45,57,15.93,65,6,6,359.31,276,254.0,1
323,340.93,56,53.26,0,16,2,199.84,235,142.7,0
324,671.26,97,59.25,303,4,9,569.78,635,500.0,2
325,298.26,71,48.86,244,9,0,506.75,767,204.25,1
326,693.17,83,70.0,308,13,4,836.54,285,500.0,1
327,569.18,30,70.0,214,9,2,811.88,617,146.37,1
328,336.18,19,14.71,0,0,0,350.88,159,271.38,0
329,497.7,65,37.52,223,6,0,144.37,434,109.74,0
330,482.12,24,29.35,149,21,1,243.87,0,294.11,0
331,987.68,36,47.05,78,0,2,286.7,537,221.32,1
332,150.68,38,33.59,107,7,2,152.25,336,105.39,0
333,224.32,33,8.63,0,19,6,441.08,105,209.74,0
334,256.98,1,27.12,220,17,0,391.97,284,252.91,0
335,133.53,30,35.43,56,17,1,415.37,292,237.18,0
336,692.49,76,42.65,0,12,8,312.57,488,303.47,1
337,764.2,90,31.09,269,4,0,401.46,390,100.0,1
338,987.68,56,51.82,280,9,4,268.27,636,318.5,1
339,346.89,64,13.01,58,21,0,219.91,0,234.71,0
340,306.73,60,22.28,99,20,9,519.89,455,260.29,1
341,582.23,78,18.26,195,8,2,477.38,206,100.0,1
342,495.75,48,6.26,183,2,5,41.1,321,274.23,0
343,125.45,17,20.79,51,0,0,173.43,476,100.0,0
344,255.23,11,5.54,113,12,5,92.94,0,172.08,0
345,554.69,41,50.84,271,0,8,341.59,319,100.0,1
346,600.47,69,22.77,149,0,9,431.05,351,301.11,1
347,152.81,67,26.39,0,18,1,210.5,331,179.57,0
348,164.61,46,66.41,120,0,3,70.08,0,148.46,0
349,274.49,40,22.53,222,13,0,454.84,568,332.58,1
350,635.95,35,55.61,96,0,8,460.22,311,236.07,1
351,225.3,82,17.65,116,0,2,389.48,411,124.23,1
352,687.75,81,33.86,152,12,0,603.71,272,500.0,1
353,124.33,43,14.78,0,0,1,68.79,0,305.77,0
354,187.85,60,9.11,138,17,1,265.53,238,171.74,0
355,291.6,36,40.53,131,4,1,276.56,620,112.39,1
356,199.02,14,23.35,34,4,0,504.22,73,158.67,0
357,808.63,62,41.91,188,0,3,843.78,312,500.0,1
358,331.66,76,70.0,44,0,4,948.44,402,249.79,1
359,311.15,55,13.25,84,2,0,381.84,461,281.89,1
360,454.8,68,20.32,109,10,4,444.79,49,214.79,0
361,365.11,57,39.65,243,3,1,620.49,327,441.66,1
362,790.03,92,23.71,128,0,8,529.15,399,456.72,1
363,588.77,40,35.72,79,0,7,245.04,95,413.57,1
364,312.12,88,31.55,261,12,2,395.42,225,273.92,1
365,361.49,54,29.41,171,20,2,137.95,105,231.1,0
366,318.2,87,70.0,269,3,6,485.24,617,288.89,2
367,305.0,67,47.53,108,6,4,206.22,291,315.87,1
368,101.68,62,16.67,58,0,1,210.79,535,195.62,0
369,31.47,1,33.52,22,30,6,186.17,388,213.7,0
370,440.41,59,7.58,0,6,2,104.47,143,305.33,0
371,151.93,91,18.63,0,14,5,433.25,439,100.0,0
372,203.1,47,38.07,199,4,3,401.88,347,171.77,0
373,178.35,53,52.83,276,8,5,423.0,253,130.6,1
374,449.7,63,41.2,0,12,0,46.54,272,280.25,0
375,201.82,82,17.59,27,3,0,78.54,61,232.06,0
376,439.34,96,29.47,161,13,9,424.52,635,285.33,1
377,85.05,34,25.01,144,2,2,393.11,175,100.0,0
378,168.73,68,46.24,110,6,6,398.0,534,174.16,1
379,316.33,28,24.12,125,14,3,262.63,18,184.43,0
380,563.66,9,35.29,0,10,4,348.47,262,263.75,0
381,268.45,14,41.77,115,2,5,594.37,301,164.48,1
382,981.7,53,18.29,126,6,6,526.25,387,150.73,1
383,286.27,72,40.62,253,10,0,681.97,560,489.87,1
384,206.27,49,23.0,236,7,6,297.46,244,329.39,1
385,315.79,94,70.0,54,1,2,244.92,50,310.99,1
386,28.21,78,13.4,84,0,0,355.77,180,366.28,0
387,127.6,47,18.11,0,2,2,531.92,271,100.0,0
388,385.81,47,43.08,74,16,2,591.49,676,383.05,1
389,262.76,120,41.74,104,10,5,338.76,308,283.76,1
390,455.8,75,57.11,74,0,8,999.0,583,462.74,2
391,53.96,41,14.4,230,9,0,137.91,0,140.7,0
392,164.06,69,34.33,135,17,0,165.57,59,303.91,0
393,121.79,107,50.08,18,13,7,219.17,375,322.6,1
394,405.93,27,41.26,234,0,2,618.06,241,500.0,0
395,222.83,74,51.45,237,10,5,406.27,364,500.0,1
396,527.36,97,45.53,129,14,7,556.22,182,198.53,1
397,560.13,33,23.13,135,28,2,312.63,0,135.83,0
398,545.72,68,35.17,370,2,4,457.86,423,178.47,1
399,327.54,68,70.0,70,6,6,546.35,633,213.54,1
400,190.28,1,5.42,66,24,0,77.25,133,253.76,0
401,520.19,69,58.73,118,2,1,644.01,289,133.51,1
402,430.05,58,41.8,185,6,3,591.57,497,473.86,1
403,466.94,45,70.0,223,12,1,168.47,277,298.18,1
404,100.94,42,45.1,45,9,1,202.7,337,133.13,0
405,299.21,86,28.57,88,3,4,805.67,420,227.14,1
406,183.11,55,50.82,32,15,0,145.55,289,163.13,0
407,117.29,64,10.69,134,15,6,57.08,33,147.1,0
408,369.81,70,35.52,129,20,1,381.55,315,272.85,1
409,311.85,39,23.08,131,13,0,121.19,447,367.68,0
410,367.51,62,15.53,54,1,0,470.72,140,141.84,0
411,284.81,110,33.91,327,14,4,424.91,630,500.0,2
412,365.94,76,70.0,322,0,6,605.19,761,455.8,2
413,108.81,40,49.99,239,1,0,366.76,128,397.51,1
414,709.28,45,55.03,282,0,7,299.19,527,302.98,1
415,230.93,71,27.36,69,2,0,167.86,475,327.49,0
416,595.04,3,18.3,2,9,6,219.49,399,171.44,0
417,279.89,46,40.7,220,12,0,707.53,442,181.18,0
418,244.78,56,30.51,163,10,2,111.4,500,466.85,1
419,190.46,103,53.05,149,3,2,306.27,334,500.0,1
420,561.47,58,18.74,132,11,2,684.51,316,348.34,1
421,725.28,37,45.26,174,3,4,438.84,469,163.32,1
422,125.16,37,32.9,19,24,3,117.22,308,100.0,0
423,215.39,55,8.2,79,0,1,265.37,512,306.31,1
424,81.09,48,31.23,138,22,0,63.92,263,259.07,0
425,884.93,41,55.47,57,10,3,659.73,396,363.15,1
426,530.34,64,15.93,0,6,4,283.18,134,237.02,0
427,611.16,88,23.37,126,7,5,762.83,267,392.71,1
428,437.79,61,31.52,213,13,4,422.81,66,174.01,0
429,488.82,1,32.48,165,8,4,168.16,249,265.62,0
430,152.6,50,39.03,7,11,0,188.63,436,214.55,0
431,197.96,57,13.9,168,7,0,485.81,239,353.49,1
432,712.77,21,29.45,123,1,6,433.28,160,366.13,1
433,555.67,15,17.69,61,10,0,288.46,266,221.34,0
434,103.86,44,30.62,0,17,0,160.96,308,150.11,0
435,323.31,22,21.86,199,5,1,244.74,595,245.16,1
436,320.61,24,17.1,77,6,2,433.34,54,100.0,0
437,187.18,64,62.99,313,0,2,658.99,289,304.47,1
438,318.29,75,41.54,273,1,1,431.88,458,481.49,1
439,265.33,91,4.78,176,0,1,120.8,263,314.84,0
440,310.59,16,41.38,89,0,1,325.48,227,149.4,0
441,987.68,64,50.53,279,7,7,697.17,648,500.0,2
442,132.17,57,39.09,114,9,0,139.92,121,290.93,0
443,158.62,36,10.77,195,4,0,533.35,305,491.99,0
444,632.67,84,17.11,192,2,6,250.77,427,182.68,1
445,282.64,79,30.92,169,0,1,388.33,415,385.84,1
446,743.72,58,24.0,188,0,1,914.94,800,263.37,2
447,365.79,96,37.48,206,0,3,682.65,454,500.0,1
448,280.8,20,15.34,192,16,2,125.42,19,115.51,0
449,234.66,9,42.15,170,9,5,264.36,439,306.13,0
450,350.01,96,61.1,172,4,3,474.52,199,234.95,1
451,324.86,85,9.34,196,11,5,310.32,590,399.37,1
452,61.95,22,28.99,113,13,1,77.24,558,340.01,0
453,463.55,96,57.0,197,10,3,141.68,367,500.0,1
454,67.8,22,52.9,39,23,1,298.09,238,119.76,0
455,280.51,47,43.34,192,4,5,308.8,382,500.0,1
456,83.88,66,39.27,53,5,1,19.73,100,193.07,0
457,896.59,115,25.09,293,0,0,459.79,375,211.96,1
458,399.66,29,16.49,117,22,5,444.19,340,294.6,0
459,344.39,19,26.28,0,1,3,263.34,437,500.0,0
460,286.17,17,10.43,195,21,1,147.78,330,359.03,0
461,271.97,53,11.74,97,13,3,464.83,471,446.01,1
462,274.26,73,70.0,250,13,5,276.18,370,500.0,1
463,683.33,38,30.2,244,0,1,475.44,680,186.94,1
464,880.4,97,48.08,299,0,7,679.29,469,352.85,2
465,402.89,60,20.4,0,16,1,632.6,182,205.9,0
466,345.5,36,7.45,27,9,0,94.11,539,161.99,0
467,495.72,72,20.95,188,8,2,322.47,548,352.94,1
468,214.02,47,3.38,180,19,3,580.68,20,226.88,0
469,771.4,52,59.14,162,7,6,563.42,734,320.08,2
470,409.23,67,38.16,0,20,0,152.46,483,100.0,0
471,987.68,85,70.0,140,0,7,367.04,548,304.48,2
472,446.31,82,17.1,0,11,2,326.21,423,195.33,0
473,552.58,95,70.0,265,3,6,951.94,612,500.0,1
474,216.58,89,33.12,244,6,2,289.16,299,382.79,1
475,553.84,79,53.14,254,0,0,707.65,740,500.0,2
476,286.63,65,17.62,62,1,0,92.1,41,342.95,0
477,478.39,19,16.11,368,2,0,396.14,507,100.0,1
478,753.05,64,45.44,14,7,10,433.08,517,266.38,2
479,987.68,36,66.4,286,4,3,354.05,216,500.0,1
480,341.58,70,70.0,59,11,7,402.48,582,133.17,1
481,549.13,68,41.66,129,0,6,388.46,565,218.36,1
482,488.26,46,60.56,144,6,4,284.67,31,363.45,1
483,565.13,62,38.23,118,0,3,401.3,402,439.81,1
484,511.02,81,31.99,254,8,9,415.78,436,228.3,1
485,232.24,56,40.2,189,2,3,273.57,570,409.11,1
486,108.34,73,24.04,18,24,0,185.8,141,215.99,0
487,206.89,19,7.54,146,13,0,83.5,37,255.12,0
488,410.47,58,25.11,282,7,3,644.78,637,500.0,2
489,527.26,49,39.18,306,8,0,285.85,409,348.23,1
490,362.72,70,28.92,186,0,0,252.7,85,143.27,1
491,516.13,61,37.05,221,6,6,361.28,238,424.66,1
492,539.58,1,21.82,131,0,0,361.65,572,339.14,0
493,235.19,44,17.37,63,8,1,552.16,328,233.11,0
494,265.68,10,32.71,155,14,5,482.05,600,152.75,1
495,469.14,61,9.19,0,30,2,387.15,592,299.67,0
496,409.56,86,40.28,174,2,1,68.19,445,177.92,1
497,368.27,35,10.93,112,20,1,212.96,297,208.55,0
498,710.08,105,70.0,83,1,8,545.48,409,139.33,2
499,858.02,114,28.42,356,9,6,999.0,283,442.16,2
500,85.0,26,43.09,23,16,4,361.33,217,347.34,1
501,680.12,92,33.04,222,0,5,123.65,395,189.88,1
502,163.29,8,35.2,134,9,2,225.38,325,168.8,0
503,540.11,95,23.92,209,5,0,572.15,426,500.0,1
504,213.92,29,25.36,211,8,4,384.52,344,426.79,1
505,112.96,25,14.15,38,17,0,391.29,230,147.34,0
506,403.54,80,15.75,265,8,0,864.64,32,249.08,1
507,518.59,23,40.73,34,13,3,177.79,417,210.6,1
508,339.32,21,57.67,137,0,5,442.02,541,366.28,1
509,930.62,113,33.43,304,0,5,632.55,219,262.9,1
510,335.64,88,24.23,125,6,7,677.94,256,465.71,1
511,89.32,30,3.88,0,4,4,102.4,294,162.94,0
512,268.64,73,34.65,32,14,6,496.17,271,246.65,1
513,271.72,27,70.0,19,4,7,443.89,610,100.0,1
514,387.94,62,28.4,68,16,0,465.75,122,226.16,0
515,101.95,36,18.8,129,15,4,221.97,467,293.87,0
516,244.33,9,62.05,77,10,1,305.33,0,185.99,0
517,375.57,66,16.9,115,2,7,572.09,581,368.99,1
518,521.6,120,39.63,138,2,8,437.73,404,492.76,2
519,413.43,9,47.84,126,5,0,368.39,307,132.33,0
520,940.53,33,28.87,254,0,3,323.81,425,500.0,1
521,535.91,37,13.82,32,15,7,574.03,129,134.65,0
522,952.95,77,7.05,251,9,3,999.0,482,500.0,2
523,336.58,65,29.38,187,16,5,188.59,459,253.48,1
524,802.92,45,44.75,62,5,3,461.39,441,268.65,1
525,476.78,62,36.48,177,3,0,849.38,417,116.85,1
526,414.3,26,31.93,125,3,7,435.75,150,125.28,0
527,101.39,45,12.13,189,17,0,193.25,243,241.21,0
528,350.94,17,19.06,146,25,4,230.77,308,223.05,0
529,289.34,29,18.92,212,20,6,133.43,299,370.2,1
530,381.96,34,42.46,349,5,1,383.85,176,439.57,1
531,359.44,72,52.93,244,0,2,999.0,684,477.17,2
532,899.03,78,53.28,333,6,2,484.53,728,410.56,2
533,412.35,64,28.41,30,0,5,332.23,509,436.17,1
534,987.68,46,36.43,134,2,4,474.17,233,307.21,1
535,168.5,43,70.0,82,11,2,724.73,391,500.0,1
536,480.76,66,44.87,195,11,6,464.27,183,156.0,1
537,355.02,24,37.13,90,12,3,355.96,244,189.08,0
538,957.04,67,18.21,183,2,6,387.42,246,191.34,1
539,393.26,1,8.22,161,7,3,647.32,292,168.01,0
540,987.68,120,52.47,336,5,7,882.19,800,500.0,2
541,547.05,83,70.0,323,3,2,794.31,428,354.63,1
542,479.17,46,64.27,30,3,2,87.43,213,202.23,0
543,406.1,22,10.43,71,1,0,247.11,233,500.0,1
544,375.52,116,28.24,77,24,6,606.36,793,394.56,1
545,85.05,1,13.38,69,15,3,195.04,196,184.55,0
546,358.89,55,58.55,148,16,1,132.57,301,207.38,0
547,365.5,81,34.7,142,13,1,392.36,375,375.09,1
548,553.26,62,17.26,261,3,1,119.95,64,396.17,1
549,715.12,68,48.44,25,15,4,281.55,431,229.9,1
550,219.91,57,36.63,296,0,6,809.0,543,500.0,1
551,341.07,62,70.0,192,9,4,533.48,434,293.84,1
552,431.97,99,25.81,233,6,3,736.89,419,208.89,1
553,842.98,71,24.7,147,17,10,318.18,394,398.52,1
554,249.51,58,26.52,242,0,0,386.15,328,500.0,1
555,586.91,11,18.1,72,7,3,156.8,413,338.47,0
556,148.21,49,9.45,144,19,4,228.37,142,250.54,0
557,326.4,22,24.89,94,1,0,170.55,405,333.67,0
558,206.97,69,26.87,43,13,7,246.66,391,500.0,1
559,832.91,77,24.4,241,0,3,275.95,409,278.42,1
560,460.52,23,41.7,11,16,0,923.78,476,160.54,1
561,448.83,56,11.01,12,25,2,483.97,412,294.78,0
562,250.68,5,48.42,56,10,6,108.05,149,330.31,0
563,450.98,50,20.01,0,21,0,265.19,282,215.98,0
564,455.15,9,4.26,50,0,2,200.88,166,100.0,0
565,143.11,43,54.83,179,10,4,242.41,314,402.93,1
566,90.33,52,11.85,58,12,3,403.1,219,187.63,0
567,91.01,1,12.99,82,10,3,84.64,194,148.76,0
568,391.5,31,36.07,118,2,2,702.99,520,258.29,1
569,107.22,37,59.2,163,14,4,327.2,402,122.91,0
570,288.24,64,44.44,83,0,5,361.5,221,417.56,1
571,302.38,90,23.06,108,14,2,560.7,420,500.0,1
572,177.55,46,63.02,12,0,4,183.0,300,116.55,0
573,118.83,75,47.93,241,12,7,74.22,316,416.99,1
574,383.31,26,53.63,26,8,2,606.25,763,340.59,1
575,220.98,61,22.01,192,3,2,468.48,460,471.46,1
576,103.08,54,7.12,212,0,1,169.22,425,459.37,0
577,313.99,41,28.27,178,0,6,366.11,540,298.39,1
578,381.91,111,44.97,69,8,3,266.23,460,442.18,1
579,380.77,69,5.31,38,17,6,344.55,222,331.18,0
580,450.1,19,70.0,247,7,2,183.65,306,100.0,1
581,795.89,76,70.0,215,0,9,538.38,524,500.0,2
582,803.71,108,26.01,16,11,3,216.76,405,271.41,1
583,646.59,1,26.08,153,11,4,67.13,0,100.0,0
584,393.98,48,26.37,30,9,1,752.14,556,352.33,1
585,405.45,85,62.26,17,17,3,503.46,423,318.26,0
586,144.69,59,4.62,158,13,0,54.86,27,190.31,0
587,628.57,34,5.98,66,13,5,198.63,344,437.97,0
588,293.45,64,39.7,125,2,0,62.17,0,358.2,0
589,135.31,63,8.21,183,23,3,564.52,109,266.72,0
590,126.52,37,70.0,35,7,0,137.41,55,182.92,0
591,370.33,80,49.17,112,8,2,330.73,272,100.0,1
592,121.95,70,5.56,96,16,6,180.78,0,351.33,0
593,209.57,57,37.38,259,6,0,122.88,283,193.53,0
594,201.06,69,47.7,315,6,3,686.16,304,338.97,1
595,341.02,60,55.1,91,13,2,639.78,322,406.31,1
596,468.89,73,34.32,81,9,5,825.55,182,500.0,1
597,317.45,26,21.84,213,4,1,205.77,154,298.05,0
598,243.25,1,12.6,194,10,0,406.85,439,120.0,0
599,166.06,84,22.16,157,10,1,207.51,369,429.51,0
600,368.64,1,11.46,153,7,2,155.44,258,149.93,0
601,204.19,24,26.87,119,6,1,560.02,165,170.8,0
602,140.98,1,15.58,200,4,6,327.74,319,100.0,0
603,269.49,14,2.26,3,9,2,440.05,342,390.05,0
604,92.79,40,10.37,142,24,2,114.42,211,143.55,0
605,325.42,56,14.18,201,3,4,416.51,350,325.65,1
606,427.53,10,59.21,57,28,5,75.81,319,268.95,0
607,105.27,24,29.32,69,19,0,183.03,115,286.17,0
608,534.59,75,69.53,26,7,4,564.21,275,309.27,1
609,842.25,20,33.31,16,5,0,475.53,518,404.57,1
610,316.42,33,4.62,145,16,8,18.14,231,308.81,0
611,175.07,40,61.99,93,6,3,348.1,673,242.92,1
612,987.68,82,20.28,323,4,4,401.46,217,172.91,1
613,407.03,1,26.94,132,10,0,357.91,158,157.62,0
614,282.46,49,32.1,153,3,5,409.17,408,348.85,1
615,437.21,25,16.88,70,24,2,433.55,543,335.2,1
616,612.67,30,24.38,295,0,3,199.18,248,181.01,0
617,282.77,54,31.52,223,18,3,498.85,15,311.05,0
618,101.09,119,70.0,112,10,4,193.46,473,500.0,1
619,225.27,53,29.12,226,4,1,803.77,499,313.23,1
620,348.11,2,20.33,91,18,0,88.86,246,383.72,0
621,333.66,22,53.88,67,18,2,67.27,37,283.61,0
622,226.18,87,42.62,183,14,0,503.18,211,156.23,0
623,430.15,25,62.11,234,14,4,222.91,325,291.72,1
624,124.83,68,22.38,219,3,5,304.23,533,234.91,1
625,322.86,20,14.72,0,3,0,257.58,1,137.79,0
626,694.13,36,43.8,175,0,0,412.05,187,248.01,1
627,561.19,81,43.49,148,0,3,822.33,523,269.88,1
628,493.44,2,27.69,0,11,0,330.26,141,129.9,0
629,510.02,45,12.62,73,27,0,147.27,374,276.96,0
630,407.45,67,25.68,102,10,5,602.01,496,230.66,1
631,231.06,64,45.06,147,9,5,664.88,69,149.02,1
632,520.69,90,70.0,195,0,6,543.85,341,280.59,1
633,462.7,70,53.6,101,15,5,529.29,96,212.53,1
634,164.72,32,19.48,160,16,0,299.31,211,102.39,0
635,96.29,74,26.48,198,30,4,181.37,318,157.72,0
636,88.13,64,8.9,194,0,0,684.9,257,307.43,1
637,108.31,34,17.87,63,4,0,117.18,349,272.09,0
638,78.8,60,25.66,228,11,0,115.23,461,289.54,0
639,93.27,26,30.43,210,20,2,60.14,36,263.79,0
640,37.76,13,12.36,43,15,2,130.81,11,184.29,0
641,276.57,53,41.69,0,15,0,210.64,24,100.0,0
642,169.75,24,22.01,161,11,0,288.72,405,177.41,0
643,780.63,71,38.46,75,11,0,204.52,0,401.55,0
644,551.19,51,5.77,128,9,0,106.04,43,370.91,0
645,294.66,32,29.43,228,3,3,263.57,186,500.0,1
646,404.26,82,21.97,91,0,5,477.4,311,129.96,1
647,333.79,78,43.83,41,11,3,374.56,541,257.78,1
648,479.96,58,24.89,127,19,7,502.24,328,190.18,1
649,526.33,58,39.81,245,4,3,494.51,432,305.42,1
650,566.77,55,23.98,176,8,0,208.01,12,237.02,0
651,419.45,68,23.19,115,2,6,575.18,410,389.93,1
652,524.88,44,70.0,149,6,1,294.58,595,257.88,1
653,682.4,52,45.34,47,20,2,298.29,341,500.0,1
654,142.41,3,27.93,92,3,4,128.42,298,158.31,0
655,125.3,44,34.2,6,6,7,266.91,235,115.25,0
656,691.57,59,8.12,21,7,5,96.32,0,100.0,0
657,135.4,18,34.04,94,2,3,39.34,129,139.25,0
658,277.71,53,37.72,223,5,4,591.03,429,336.55,1
659,183.08,93,37.17,18,21,3,478.41,317,259.42,1
660,55.06,33,18.64,230,3,5,146.73,193,108.13,0
661,410.4,66,45.23,323,1,7,686.9,456,330.29,2
662,501.77,92,21.49,35,0,0,370.8,501,274.96,1
663,244.13,58,7.99,257,19,3,238.83,219,207.95,0
664,222.85,16,40.73,25,1,3,289.81,142,156.97,0
665,566.78,44,5.46,41,11,0,311.72,96,383.29,0
666,166.29,32,21.69,116,18,2,65.76,57,198.91,0
667,364.03,59,9.47,184,12,2,187.97,339,156.03,0
668,225.0,45,7.79,0,16,3,287.32,229,495.99,0
669,99.72,20,13.07,67,20,3,335.18,170,100.0,0
670,110.41,29,65.32,67,22,4,45.59,363,213.62,0
671,925.0,97,20.7,332,4,7,616.1,703,365.49,1
672,342.41,50,47.02,120,19,0,363.19,94,117.6,0
673,224.01,37,12.25,276,20,5,959.2,399,173.65,1
674,158.71,31,21.09,87,2,0,153.09,234,287.71,0
675,442.66,113,51.87,325,0,6,421.02,302,359.35,2
676,422.61,2,11.05,173,6,0,185.25,198,375.96,0
677,299.2,46,30.58,0,5,1,250.04,370,251.31,0
678,594.2,89,32.61,138,0,8,449.05,446,281.52,2
679,545.17,22,19.86,198,0,0,766.77,299,294.6,1
680,421.66,38,70.0,69,0,1,281.45,297,211.99,1
681,299.71,3,31.78,42,20,2,188.54,0,310.07,0
682,636.05,39,7.67,121,5,3,437.92,96,448.43,0
683,756.91,83,66.47,81,0,3,195.37,448,252.14,1
684,323.23,21,18.78,101,11,2,779.96,462,281.66,1
685,344.06,108,51.62,253,7,8,522.81,245,500.0,1
686,335.24,79,44.85,240,3,0,432.98,646,322.76,1
687,381.02,12,33.88,108,12,0,115.59,387,343.38,0
688,157.5,92,51.39,31,5,0,0.0,400,217.95,1
689,293.17,53,13.38,86,10,4,23.49,270,258.47,0
690,139.74,28,18.41,110,16,1,280.2,261,159.62,0
691,228.8,63,35.03,154,23,2,270.22,253,348.73,0
692,314.7,87,34.33,5,20,0,389.61,284,181.96,1
693,252.26,55,34.06,161,13,0,181.47,206,247.56,0
694,261.99,12,11.58,43,15,1,323.15,419,100.0,0
695,987.68,82,32.12,191,14,3,477.65,228,344.57,1
696,150.83,36,50.07,111,25,4,495.8,219,295.14,0
697,491.98,61,69.48,179,8,6,999.0,470,458.38,1
698,478.36,68,10.08,254,3,0,256.5,92,414.49,0
699,171.61,50,43.33,224,3,0,407.33,419,340.39,1
700,374.7,74,39.35,293,4,1,704.44,284,304.57,1
701,290.52,24,22.57,324,23,0,167.55,232,100.0,0
702,422.65,11,36.8,81,11,3,337.54,0,263.68,0
703,433.29,51,14.14,10,22,3,69.9,135,100.0,0
704,718.83,1,19.78,112,30,2,436.02,160,178.6,0
705,987.68,95,48.61,215,2,5,375.44,472,397.49,2
706,531.79,24,15.45,86,18,2,473.85,180,127.34,0
707,637.83,24,20.59,188,13,4,419.14,354,260.03,1
708,480.41,72,32.15,20,5,3,186.66,118,285.38,0
709,572.92,73,30.49,61,11,2,625.77,355,220.85,1
710,167.99,76,37.51,268,0,1,273.0,611,216.79,1
711,618.63,27,24.06,46,21,6,223.35,585,228.17,1
712,738.48,117,27.48,179,15,0,578.11,539,413.23,1
713,446.37,4,3.12,62,28,4,316.33,277,282.09,0
714,274.12,26,33.28,57,14,3,107.65,146,249.72,0
715,144.62,56,23.61,152,7,4,293.95,590,500.0,1
716,863.88,82,28.53,301,0,3,419.98,754,500.0,1
717,741.04,113,35.68,277,1,10,999.0,557,298.87,2
718,372.82,15,11.29,84,20,0,78.73,322,259.14,0
719,422.22,82,59.65,132,8,5,493.83,172,300.12,1
720,657.33,68,15.8,23,0,7,661.7,465,174.64,1
721,91.89,1,41.97,205,22,2,330.86,382,100.0,0
722,81.91,28,2.47,60,16,4,127.17,259,350.78,0
723,592.5,98,43.4,110,10,2,747.04,500,256.72,1
724,139.97,58,44.64,182,0,6,644.56,374,244.09,1
725,306.02,66,40.09,143,18,8,443.39,601,343.39,1
726,138.35,26,18.19,58,18,0,188.23,253,209.33,0
727,354.61,63,48.69,173,13,4,284.21,424,455.69,1
728,119.8,41,40.98,128,15,1,418.41,274,108.4,0
729,515.15,55,13.54,133,9,0,235.13,24,321.07,0
730,111.76,73,45.96,135,0,1,214.2,7,159.54,0
731,398.89,69,13.21,138,11,3,178.19,376,100.0,1
732,350.27,12,45.6,198,0,7,421.48,153,500.0,1
733,333.97,15,37.88,143,21,9,303.22,330,289.41,1
734,399.54,46,34.81,183,8,2,204.52,347,226.2,0
735,445.81,24,49.06,208,1,0,308.56,439,391.33,1
736,414.05,38,21.86,89,15,7,104.79,210,100.0,0
737,594.0,97,35.22,335,11,1,432.22,643,215.7,1
738,193.27,67,4.29,15,3,0,96.08,376,245.79,0
739,237.51,49,21.41,135,7,4,152.27,407,119.48,0
740,77.11,47,54.57,121,0,2,407.34,316,424.41,1
741,227.76,1,44.47,198,15,1,139.71,362,121.63,0
742,705.22,70,9.57,77,14,2,405.19,249,156.92,1
743,350.84,101,43.45,41,0,9,460.9,412,397.15,1
744,146.61,57,17.37,95,8,0,145.86,553,186.41,0
745,402.95,82,45.84,176,8,0,860.84,605,330.34,1
746,322.56,35,70.0,4,2,1,287.2,614,100.0,0
747,54.69,51,48.44,257,8,1,443.94,113,417.89,1
748,888.2,38,70.0,235,9,4,717.04,344,500.0,1
749,444.28,85,57.07,114,9,1,517.09,534,155.68,1
750,183.08,14,0.0,97,20,7,379.23,357,254.36,0
751,191.74,88,20.74,22,12,1,241.95,306,152.61,1
752,909.75,69,22.01,212,9,2,297.15,510,208.83,1
753,134.13,36,59.09,59,29,3,226.61,268,100.0,0
754,249.85,1,3.85,67,24,0,112.02,311,310.15,0
755,576.52,58,32.38,130,1,5,704.89,424,309.93,1
756,518.1,45,36.55,181,0,7,592.06,167,334.78,1
757,440.49,34,70.0,24,22,2,760.31,638,242.35,1
758,219.87,34,30.02,7,7,3,275.14,343,485.67,1
759,532.6,68,41.02,227,15,1,766.22,697,263.7,1
760,135.25,74,21.31,47,0,0,158.73,134,320.6,0
761,254.22,1,4.59,179,18,0,707.39,414,189.86,0
762,31.87,52,36.33,162,14,1,25.1,304,229.7,0
763,440.22,62,30.88,218,11,0,401.53,468,398.04,1
764,124.27,19,22.92,66,21,0,148.97,66,156.23,0
765,296.08,62,32.63,183,5,8,443.14,342,338.47,1
766,814.8,106,28.19,22,13,5,324.81,482,269.5,1
767,497.7,36,17.58,324,3,0,541.72,195,301.59,1
768,397.99,13,6.75,249,13,0,69.19,415,250.43,0
769,370.47,59,37.52,298,13,1,502.53,411,273.35,1
770,676.77,13,20.29,133,15,3,464.24,438,376.58,0
771,243.87,93,70.0,107,4,4,333.63,557,482.38,1
772,230.03,47,62.54,7,24,2,347.55,194,148.22,0
773,333.73,66,44.59,93,20,0,189.26,360,100.0,0
774,351.22,60,11.77,109,1,2,314.39,555,357.22,1
775,395.36,82,39.95,27,9,1,37.13,205,109.09,0
776,670.46,17,56.52,119,19,4,362.79,537,100.0,0
777,401.23,88,70.0,77,10,3,595.05,346,247.71,1
778,227.97,85,39.93,146,4,7,144.86,493,482.95,1
779,294.13,52,7.78,250,10,0,852.09,763,500.0,1
780,499.52,70,19.73,81,0,2,223.07,161,275.41,1
781,379.59,77,45.79,199,14,5,488.37,220,225.15,1
782,239.35,17,4.83,130,2,2,153.61,215,500.0,0
783,79.36,32,13.53,124,7,0,454.75,319,100.0,0
784,88.99,6,27.42,211,16,5,38.66,0,149.61,0
785,281.87,81,47.16,151,11,1,574.85,665,144.65,1
786,554.91,60,45.48,105,2,6,466.22,173,190.1,1
787,126.97,41,6.25,63,15,3,136.89,194,167.63,0
788,243.39,97,43.78,149,12,0,325.87,547,310.94,1
789,362.81,58,33.08,346,1,4,555.47,313,238.54,1
790,528.61,9,10.75,204,1,2,298.37,422,145.15,0
791,415.83,71,45.06,105,12,5,440.55,191,116.38,1
792,554.02,49,15.89,78,5,6,151.63,507,347.37,1
793,216.48,56,27.52,105,3,5,830.97,625,363.03,1
794,184.15,8,12.59,46,30,0,392.58,383,316.51,0
795,553.71,67,33.23,331,12,3,226.22,361,204.53,1
796,405.35,63,26.69,209,8,5,343.39,492,293.31,1
797,761.35,36,70.0,285,6,1,713.55,651,440.4,1
798,562.53,71,70.0,174,25,4,865.49,388,500.0,1
799,634.99,58,42.78,130,0,5,502.78,502,220.16,1
800,328.97,33,37.71,95,10,0,195.28,598,399.4,1
801,407.4,54,24.35,251,19,0,156.7,341,165.3,0
802,636.02,64,19.89,67,4,3,529.04,647,389.39,1
803,119.49,43,36.46,263,0,3,536.95,515,115.76,1
804,286.76,16,26.88,95,0,3,562.89,413,296.78,0
805,709.79,74,56.31,197,0,2,338.64,350,353.39,1
806,313.23,59,69.67,249,12,6,231.0,496,373.53,1
807,479.91,43,70.0,16,12,4,679.37,419,376.01,1
808,898.34,101,16.22,264,0,8,366.08,482,335.2,1
809,138.58,62,26.61,36,2,1,160.77,531,211.76,0
810,987.68,108,24.75,143,3,3,554.54,800,169.14,2
811,425.73,56,36.6,183,0,4,836.54,598,312.24,1
812,325.1,32,16.16,55,9,0,180.8,271,100.0,0
813,515.19,76,27.99,200,10,5,567.85,405,303.94,1
814,167.06,69,8.69,150,4,0,340.87,292,500.0,1
815,441.05,40,32.82,10,16,5,601.64,448,312.63,1
816,818.37,67,17.61,107,16,5,240.32,290,192.81,1
817,296.83,69,31.02,0,5,0,104.37,109,193.19,0
818,103.92,1,66.97,65,4,0,206.09,485,223.61,0
819,315.26,14,10.12,13,1,0,211.13,313,283.32,0
820,722.34,52,33.22,242,4,6,661.52,351,337.15,1
821,496.43,25,6.62,0,16,0,36.6,172,205.55,0
822,181.14,20,14.87,88,16,4,292.68,126,258.13,0
823,173.55,36,12.19,77,8,3,765.59,393,100.0,0
824,445.92,88,22.32,188,10,3,361.47,184,275.03,1
825,106.95,64,32.12,206,6,0,787.39,385,471.0,1
826,370.39,50,15.04,93,11,3,355.9,274,155.44,0
827,405.8,12,34.39,198,10,0,325.32,196,193.44,0
828,224.61,97,48.58,265,14,5,879.04,463,100.0,1
829,795.63,47,18.55,72,8,3,848.17,232,175.36,1
830,667.57,56,21.21,125,10,4,315.92,158,100.0,0
831,146.14,35,45.44,60,0,6,618.05,469,242.7,1
832,81.78,43,39.97,16,10,3,273.17,267,236.06,0
833,435.53,48,27.62,208,4,0,459.38,334,293.57,0
834,475.08,89,21.04,92,17,1,275.43,551,385.21,1
835,543.82,9,13.17,17,4,1,413.62,379,289.61,0
836,659.84,32,21.5,232,14,3,317.34,517,165.44,1
837,384.47,35,1.22,153,1,3,285.71,158,283.8,0
838,425.17,34,35.23,110,8,3,999.0,160,378.37,1
839,751.79,119,41.25,115,7,6,756.6,654,360.43,1
840,179.49,51,21.33,180,22,5,130.99,409,272.5,0
841,288.19,74,33.15,235,6,2,261.01,240,120.11,1
842,271.17,26,15.6,201,9,2,205.44,373,273.0,0
843,316.49,120,45.11,346,9,10,293.9,800,500.0,2
844,425.06,9,34.91,0,17,0,345.27,28,211.18,0
845,496.49,20,7.36,7,8,0,297.84,339,192.19,0
846,319.98,19,25.66,94,16,6,334.8,234,159.69,0
847,804.86,116,35.54,117,2,4,246.76,732,500.0,2
848,561.17,37,24.13,111,6,4,303.45,564,230.22,1
849,987.68,22,14.97,101,0,3,841.46,422,340.75,1
850,204.81,1,26.93,182,28,1,516.66,259,132.41,0
851,333.81,59,29.21,120,9,3,787.18,183,120.83,1
852,292.47,38,8.69,67,13,2,370.35,13,227.65,0
853,710.75,91,30.4,92,1,3,255.8,319,310.75,1
854,35.2,10,5.14,48,20,0,163.49,502,221.19,0
855,140.91,46,5.83,203,0,5,166.4,453,210.82,0
856,103.05,1,28.81,48,9,0,188.64,331,342.54,0
857,190.25,61,28.9,319,0,3,257.02,398,199.55,1
858,987.68,78,65.29,8,6,2,457.9,492,152.66,1
859,212.56,4,6.9,0,6,5,362.04,0,344.22,0
860,535.97,41,45.89,45,23,4,444.44,498,468.04,1
861,260.83,92,34.14,391,21,3,250.22,436,400.12,1
862,583.2,83,32.82,129,0,3,212.25,210,263.94,1
863,392.84,25,22.64,187,15,1,244.7,0,179.78,0
864,227.39,28,8.93,125,0,0,0.0,468,127.05,0
865,354.16,27,61.18,300,15,8,446.36,228,500.0,1
866,89.25,1,69.92,27,11,3,61.96,453,156.53,0
867,383.47,16,7.07,10,8,4,98.04,16,268.26,0
868,600.74,68,32.65,206,9,3,423.76,347,315.13,1
869,470.34,89,69.95,160,6,8,411.74,673,477.26,1
870,172.86,22,4.5,2,28,0,77.28,250,306.56,0
871,92.96,11,20.25,0,13,0,263.72,199,160.87,0
872,397.14,96,43.7,282,8,1,298.83,439,500.0,1
873,482.2,86,34.48,229,19,0,332.11,248,147.49,0
874,451.11,1,26.15,0,14,3,237.17,654,407.05,0
875,313.86,15,8.86,0,25,1,267.07,313,193.33,0
876,170.91,55,24.84,82,14,0,329.79,690,332.41,1
877,544.94,98,16.48,242,8,2,392.96,525,255.59,1
878,445.87,36,10.71,0,0,2,173.34,488,146.62,0
879,394.8,14,4.75,0,3,1,487.15,363,175.05,0
880,96.23,50,14.09,226,4,3,117.35,273,250.18,0
881,381.42,61,57.19,26,0,3,134.53,97,375.13,1
882,326.36,52,6.23,99,12,3,314.6,290,347.15,0
883,471.62,18,23.78,135,2,4,169.63,0,373.8,0
884,376.84,60,23.74,177,0,2,647.53,287,307.32,1
885,457.33,21,44.49,103,7,0,702.32,356,191.15,0
886,233.27,79,24.91,343,15,1,380.42,248,386.87,1
887,137.16,27,22.78,75,14,1,136.12,420,154.05,0
888,161.73,37,11.42,65,15,5,85.18,313,139.55,0
889,264.1,62,5.68,69,3,2,257.17,323,153.6,0
890,584.28,27,70.0,88,11,4,585.61,378,199.79,1
891,290.86,65,67.63,246,0,5,408.95,312,500.0,1
892,202.54,53,41.41,87,5,4,675.72,199,138.95,1
893,601.67,73,8.19,143,24,0,309.48,160,142.88,0
894,486.58,64,27.36,119,8,7,408.1,576,368.01,1
895,333.53,53,17.26,60,3,4,495.11,278,329.91,0
896,244.38,63,40.59,0,13,0,123.04,455,205.11,0
897,72.12,45,51.28,6,8,2,839.35,227,376.35,1
898,140.56,33,11.68,0,9,0,482.95,402,192.33,0
899,258.47,13,10.19,138,11,0,473.62,44,435.26,0
900,295.46,23,36.59,0,7,0,141.87,373,299.84,0
901,230.91,54,16.94,137,20,1,445.64,411,100.0,0
902,271.76,77,62.3,46,0,4,104.8,271,324.87,0
903,442.62,66,38.64,188,8,2,944.48,311,274.05,1
904,31.13,38,14.41,202,8,0,85.35,463,107.93,0
905,530.55,93,13.66,212,0,0,495.95,635,356.96,1
906,556.88,14,8.23,89,14,8,396.03,431,413.34,1
907,35.13,42,32.73,88,5,0,180.85,33,229.03,0
908,320.85,50,17.7,122,22,3,439.79,268,100.0,0
909,291.05,24,31.22,26,16,5,72.14,73,356.89,0
910,0.0,44,44.79,216,9,6,426.36,555,205.36,1
911,377.54,26,7.99,68,19,3,104.54,182,388.49,0
912,396.01,88,11.26,143,11,1,648.69,635,100.0,1
913,528.08,87,45.24,58,8,0,121.63,222,297.97,0
914,773.53,38,40.97,111,8,7,601.8,288,500.0,1
915,119.53,39,23.59,150,17,0,426.98,191,291.89,0
916,624.04,1,14.95,164,1,0,254.04,198,251.76,0
917,725.21,90,70.0,135,6,6,379.9,417,446.0,1
918,538.85,91,35.95,154,9,8,757.21,536,228.8,1
919,511.66,37,15.01,194,5,0,48.76,493,237.64,0
920,725.94,71,70.0,265,6,2,207.39,563,198.7,1
921,566.4,35,70.0,91,14,3,194.91,590,197.73,1
922,889.85,93,16.12,340,9,2,467.3,410,173.61,1
923,551.83,107,11.31,183,10,4,262.14,376,373.6,1
924,100.01,63,66.57,102,23,6,304.87,0,328.36,0
925,351.76,53,3.01,141,13,1,356.17,46,126.55,0
926,269.68,1,70.0,110,22,0,81.39,82,213.02,0
927,186.91,67,30.08,166,5,7,667.46,430,302.82,1
928,275.32,28,28.87,0,6,5,547.5,30,349.87,1
929,483.55,38,4.41,148,15,0,62.33,473,121.67,0
930,276.08,27,40.16,138,10,5,380.91,377,123.37,0
931,504.53,67,15.47,106,1,7,382.83,274,275.14,1
932,870.84,59,67.08,326,5,6,324.35,665,500.0,2
933,346.5,49,23.7,236,0,6,999.0,544,207.26,1
934,183.68,16,24.9,184,18,1,451.96,450,137.54,0
935,100.44,27,19.53,56,16,5,154.82,604,327.43,0
936,51.65,18,12.98,137,11,4,366.37,274,471.39,0
937,505.46,25,12.16,199,0,4,316.53,708,343.02,1
938,57.0,40,10.47,181,4,3,321.63,279,316.68,0
939,389.73,50,59.55,261,10,3,328.92,430,186.33,1
940,190.37,26,24.01,182,0,0,189.08,20,188.66,0
941,619.57,89,19.78,49,5,4,275.47,138,484.56,1
942,709.89,17,40.91,228,4,0,457.8,407,100.0,1
943,217.08,83,42.73,130,7,6,629.8,267,500.0,1
944,146.67,41,7.69,259,13,0,80.44,321,143.11,0
945,388.48,25,63.67,146,21,1,388.13,295,201.65,0
946,400.77,54,35.02,230,27,0,318.5,184,215.12,0
947,581.69,87,22.25,259,7,3,313.64,225,158.55,1
948,221.19,68,14.56,233,10,4,790.5,590,387.13,1
949,372.6,87,70.0,30,14,10,270.88,589,243.21,1
950,222.8,91,70.0,263,0,10,405.26,415,431.1,1
951,560.0,28,11.42,200,3,4,552.43,652,371.37,1
952,184.07,1,9.89,112,7,1,141.41,215,500.0,0
953,411.57,41,34.5,190,14,5,152.37,439,210.53,1
954,560.98,39,31.99,4,8,3,251.55,146,283.02,0
955,178.59,21,21.65,265,1,4,134.47,229,110.09,0
956,131.61,43,30.89,288,0,0,190.65,436,227.34,1
957,68.28,60,26.79,160,12,3,48.87,25,460.64,0
958,259.07,1,38.26,231,17,8,143.61,321,166.9,0
959,741.45,55,27.63,321,0,4,454.16,551,112.92,1
960,187.89,59,21.78,20,21,3,39.08,384,175.59,0
961,462.18,44,46.74,210,6,6,421.78,464,176.34,1
962,280.23,31,6.84,91,8,4,415.77,428,135.09,0
963,286.94,15,12.39,156,0,4,247.73,207,244.5,0
964,347.28,61,9.85,144,23,1,50.88,273,322.73,0
965,138.81,33,53.59,17,22,0,187.96,339,120.71,0
966,539.44,51,19.59,115,20,6,550.9,368,500.0,1
967,136.5,7,36.45,62,17,0,352.81,211,340.37,0
968,434.2,89,29.42,130,2,7,613.75,305,374.04,1
969,265.58,91,0.0,72,6,0,606.19,258,364.76,1
970,464.16,66,70.0,249,0,5,356.25,517,226.28,1
971,536.44,58,36.51,37,9,3,257.3,107,269.23,1
972,685.43,110,35.58,77,14,1,473.9,312,251.69,1
973,472.79,22,39.1,188,7,3,79.09,0,208.8,0
974,185.43,54,47.02,166,20,4,104.64,204,208.67,0
975,255.64,31,67.5,83,2,0,56.18,0,208.82,0
976,724.18,71,22.64,91,0,1,451.3,404,500.0,1
977,357.87,3,51.57,14,15,0,109.11,426,333.02,0
978,421.28,96,34.9,203,8,2,641.47,223,321.27,1
979,576.53,50,40.84,66,4,2,78.34,241,399.19,1
980,531.74,1,5.67,0,9,3,344.17,312,202.29,0
981,291.32,23,30.71,194,6,4,476.67,319,295.4,1
982,260.17,54,18.86,46,7,0,70.68,375,301.76,0
983,409.45,39,30.44,145,1,3,472.55,432,161.84,0
984,704.38,103,34.16,149,16,8,134.86,118,194.79,1
985,303.5,89,18.73,195,0,4,236.98,314,226.03,1
986,394.74,37,40.47,186,6,1,949.34,315,195.65,1
987,148.52,71,5.24,176,0,5,220.69,0,500.0,0
988,87.28,9,26.99,2,17,0,511.48,450,308.23,0
989,676.41,17,14.61,243,1,3,328.24,142,172.35,1
990,241.75,112,70.0,264,3,0,120.82,399,451.85,1
991,576.35,36,42.62,79,5,6,623.65,394,443.71,1
992,169.25,61,32.25,145,30,0,349.95,103,245.82,0
993,155.53,56,18.03,308,9,5,470.59,507,175.14,1
994,78.17,51,26.98,65,30,0,427.42,365,187.21,0
995,417.73,62,21.86,135,12,1,555.27,114,325.16,0
996,488.21,66,65.16,132,0,6,557.33,206,302.25,1
997,845.41,17,12.47,168,27,5,465.9,289,187.08,0
998,657.23,113,32.37,400,7,9,552.54,533,249.19,2
999,420.91,58,11.03,0,13,1,65.82,449,318.82,0
1000,321.41,13,7.43,108,16,2,722.07,78,111.59,0
1001,287.11,77,19.68,126,12,4,226.59,361,248.97,1
1002,438.32,55,50.28,300,16,5,383.26,704,188.43,1
1003,412.41,90,40.5,273,11,5,347.49,363,210.4,1
1004,871.04,78,32.55,251,11,2,300.45,311,260.59,1
1005,425.61,55,17.22,188,0,8,84.02,695,483.38,1
1006,251.68,93,22.52,218,12,0,944.39,642,308.44,1
1007,255.17,73,29.23,138,10,3,598.45,270,238.33,1
1008,468.2,38,26.38,21,9,0,331.73,69,479.34,0
1009,498.85,98,33.17,59,7,3,359.74,23,291.94,1
1010,315.93,9,17.3,232,0,4,156.69,443,220.92,0
1011,987.68,68,59.18,210,6,10,264.62,554,154.06,2
1012,565.82,88,31.21,215,9,5,637.84,360,257.82,1
1013,202.65,13,14.18,40,25,2,79.55,58,232.99,0
1014,527.33,21,49.49,0,7,1,492.7,198,230.26,1
1015,257.28,93,30.74,168,13,3,692.14,415,500.0,1
1016,450.07,31,37.77,86,20,4,228.51,313,154.28,0
1017,516.52,34,48.54,113,2,1,513.16,133,500.0,1
1018,500.64,35,24.89,248,0,3,497.36,316,327.06,1
1019,105.75,24,17.58,77,19,0,153.44,400,119.74,0
1020,255.01,66,52.74,212,0,5,759.37,596,340.35,1
1021,97.25,7,16.16,132,6,0,418.2,73,260.15,0
1022,748.78,40,17.21,122,13,4,172.85,342,485.01,1
1023,0.0,113,42.9,107,10,5,738.52,495,330.45,2
1024,334.88,74,18.87,270,2,6,271.89,561,310.82,1
1025,283.39,57,42.11,0,0,0,669.47,320,493.95,1
1026,975.28,96,67.01,164,2,6,466.27,441,230.01,1
1027,541.31,54,11.54,250,13,6,198.56,406,209.17,1
1028,275.61,58,7.96,46,24,3,230.3,278,200.35,0
1029,184.37,66,37.49,174,20,1,569.76,353,241.27,1
1030,352.33,46,5.91,84,12,6,99.99,344,211.65,0
1031,591.16,62,11.54,250,0,7,159.88,491,236.06,1
1032,134.17,25,2.59,18,11,2,113.39,206,164.31,0
1033,208.77,67,3.11,27,19,0,342.41,57,100.0,0
1034,198.32,51,51.6,176,20,0,472.2,583,230.12,0
1035,194.87,18,24.57,191,3,8,189.32,454,243.16,1
1036,353.04,38,14.81,188,0,3,198.41,129,255.66,0
1037,506.11,103,29.83,282,17,2,205.63,461,355.82,1
1038,134.21,57,28.75,184,11,0,117.3,310,176.62,0
1039,84.74,32,25.86,126,18,0,363.45,479,336.42,0
1040,932.32,61,52.6,150,9,3,999.0,424,500.0,1
1041,200.38,105,22.75,228,12,3,454.84,330,292.93,1
1042,456.76,25,31.6,105,6,0,325.59,88,100.0,0
1043,400.28,59,39.69,337,10,6,447.29,653,202.92,1
1044,826.57,99,34.18,158,0,7,500.54,311,262.44,1
1045,609.3,79,64.6,246,20,6,999.0,430,446.63,1
1046,383.65,55,12.91,273,22,0,432.49,120,284.2,0
1047,426.94,91,24.75,129,7,0,327.48,328,309.63,0
1048,420.75,94,9.97,286,4,2,773.19,446,353.94,1
1049,161.7,17,12.07,177,12,0,259.23,77,459.22,0
1050,233.73,52,48.28,193,11,7,271.97,230,487.09,1
1051,682.02,40,23.02,151,12,10,867.32,451,500.0,1
1052,735.97,49,44.93,274,12,2,769.88,484,287.88,1
1053,816.62,37,45.93,156,4,1,366.72,272,197.2,1
1054,987.68,86,36.55,250,6,7,999.0,437,416.34,2
1055,280.3,43,24.36,167,18,2,446.02,180,161.39,0
1056,386.11,98,43.49,257,10,6,539.85,354,274.94,1
1057,527.01,28,26.21,257,0,1,173.92,189,135.46,0
1058,289.61,77,52.6,366,0,10,450.07,139,279.8,1
1059,987.68,64,19.82,272,7,1,83.55,414,423.23,1
1060,579.35,101,44.04,98,5,0,641.14,594,500.0,1
1061,125.83,94,14.0,285,9,7,592.44,374,398.91,2
1062,465.39,62,41.08,136,13,0,373.1,216,397.0,1
1063,123.34,23,15.35,34,20,2,343.66,18,241.39,0
1064,385.12,17,27.06,170,1,4,509.5,257,292.14,0
1065,625.45,87,50.45,297,14,4,442.77,334,338.31,1
1066,608.75,103,65.37,191,1,2,96.76,181,235.15,0
1067,604.49,9,5.89,170,7,0,342.95,144,107.22,0
1068,155.58,20,9.08,51,28,3,329.46,517,168.82,0
1069,234.82,6,4.99,146,22,3,599.49,98,232.11,0
1070,173.97,89,29.74,234,7,1,159.28,210,301.7,0
1071,253.42,1,6.07,70,21,4,14.25,411,100.0,0
1072,92.27,23,29.53,72,12,2,83.88,429,112.67,0
1073,147.14,34,6.34,132,11,3,357.78,349,279.36,0
1074,586.52,69,29.57,280,0,6,611.74,688,382.43,2
1075,219.29,33,36.22,54,6,0,137.5,200,310.58,0
1076,258.81,5,39.45,0,22,2,94.68,165,115.81,0
1077,262.86,44,45.16,92,12,2,211.13,463,327.52,1
1078,317.41,34,17.63,131,26,3,191.05,355,111.5,0
1079,621.45,97,40.32,189,11,4,347.74,464,425.38,1
1080,798.55,86,40.89,231,10,2,372.3,362,159.59,1
1081,398.56,79,7.06,57,26,2,478.09,326,319.4,0
1082,33.73,56,10.16,117,30,6,327.48,301,258.51,0
1083,650.66,65,34.8,133,0,6,574.33,262,433.7,1
1084,421.03,63,34.13,226,5,1,152.32,68,316.28,1
1085,693.72,56,31.9,65,3,5,346.03,700,394.47,1
1086,684.53,117,25.32,127,13,3,370.55,424,383.51,1
1087,161.76,13,65.1,39,12,1,401.58,172,100.0,0
1088,599.75,92,34.7,178,7,7,683.25,446,386.61,2
1089,644.85,41,5.59,115,6,3,97.69,222,410.12,0
1090,224.03,45,40.24,71,5,1,486.19,666,296.74,1
1091,296.83,58,21.75,100,4,7,205.67,344,498.67,1
1092,473.12,33,32.58,55,3,3,352.37,186,500.0,1
1093,397.88,66,19.8,100,12,2,253.24,274,100.0,1
1094,573.5,49,13.31,77,22,4,205.69,116,182.41,0
1095,444.48,70,25.35,157,15,0,318.27,52,128.52,0
1096,359.04,69,21.55,80,8,0,266.73,371,213.95,0
1097,657.48,31,16.09,0,12,1,365.09,508,177.94,0
1098,409.02,91,62.25,268,1,4,380.11,271,500.0,1
1099,127.41,50,2.8,156,17,3,88.16,78,258.9,0
1100,330.53,13,23.13,90,0,3,69.45,0,133.43,0
1101,519.15,101,39.93,215,7,8,489.14,506,252.91,2
1102,293.59,64,53.83,213,12,6,186.38,167,382.63,1
1103,662.02,89,27.21,80,8,5,718.37,422,500.0,1
1104,587.5,92,45.49,158,0,5,960.33,391,500.0,2
1105,362.66,68,27.78,168,7,1,256.5,573,209.46,0
1106,419.06,42,20.93,118,6,3,19.22,342,135.59,0
1107,344.3,51,17.09,194,9,0,541.26,622,451.67,1
1108,210.1,61,31.97,252,8,2,871.96,499,245.43,1
1109,700.03,1,33.06,55,19,1,573.09,441,172.01,0
1110,333.14,87,17.3,19,12,10,280.13,554,500.0,1
1111,535.85,2,37.01,29,9,8,185.34,79,250.85,0
1112,64.94,19,18.01,7,29,2,526.48,371,301.61,0
1113,353.27,68,23.73,164,7,0,407.04,621,331.07,1
1114,359.96,91,60.02,124,4,4,508.89,230,162.43,1
1115,387.06,92,14.0,241,0,1,228.53,340,500.0,1
1116,231.88,31,11.89,98,8,0,106.58,94,135.25,0
1117,885.14,96,15.55,298,5,6,300.88,590,246.03,1
1118,165.49,3,8.29,132,16,0,394.57,283,179.88,0
1119,365.57,45,28.34,158,0,4,56.84,0,165.22,0
1120,565.03,67,43.46,164,11,0,383.58,357,450.26,1
1121,969.95,102,22.62,236,1,4,548.34,509,359.97,2
1122,358.08,31,57.86,220,11,6,231.29,590,390.09,1
1123,323.88,102,32.24,94,7,1,343.62,579,279.08,1
1124,279.16,82,26.16,69,9,1,294.45,270,329.56,1
1125,365.18,86,27.25,266,12,3,470.27,494,311.24,1
1126,43.52,61,31.28,143,24,0,412.69,274,143.08,0
1127,200.35,48,14.11,123,19,0,195.89,287,166.92,0
1128,74.01,10,6.26,122,17,3,472.62,395,326.4,0
1129,115.86,57,15.67,117,0,3,486.53,207,100.0,0
1130,987.68,86,30.68,105,6,1,260.08,253,199.95,1
1131,484.29,72,31.4,288,14,6,374.54,336,500.0,1
1132,546.68,15,28.57,161,16,3,404.92,99,234.34,0
1133,336.58,47,55.35,46,6,6,526.8,357,100.0,0
1134,305.85,74,36.8,40,0,5,404.85,317,267.4,1
1135,119.79,16,50.4,18,4,3,90.58,366,407.66,0
1136,987.68,80,22.6,232,4,7,191.21,286,362.96,1
1137,384.28,62,15.91,338,10,3,423.23,534,164.86,1
1138,407.14,62,40.12,180,11,6,253.79,422,264.27,1
1139,217.94,88,42.98,125,20,7,534.11,332,184.73,1
1140,824.04,93,51.34,90,0,4,381.51,350,247.14,1
1141,728.11,3,24.03,129,23,0,121.66,512,243.99,0
1142,714.71,31,66.38,246,7,3,759.82,507,246.61,1
1143,255.04,69,39.41,185,18,8,169.31,392,210.38,1
1144,164.18,28,22.56,93,0,4,429.21,46,219.7,0
1145,299.71,86,17.56,237,0,0,468.19,269,215.85,1
1146,77.2,80,42.28,331,1,0,239.48,434,304.79,1
1147,279.75,93,12.86,109,8,0,919.78,522,216.82,1
1148,417.29,90,19.38,69,15,7,615.0,141,386.84,1
1149,791.3,81,33.65,239,0,1,523.09,336,359.59,1
1150,843.24,70,16.62,29,16,1,269.55,193,216.84,1
1151,539.66,57,38.17,201,8,4,250.93,718,383.38,1
1152,191.23,64,13.21,86,10,3,339.74,202,500.0,1
1153,189.1,32,53.92,113,9,1,616.84,513,228.59,1
1154,484.16,37,27.33,139,0,5,391.75,98,424.46,1
1155,155.71,40,53.51,325,2,9,931.57,148,300.14,1
1156,599.34,42,18.78,16,29,0,258.98,336,102.75,0
1157,520.92,58,49.72,261,7,4,333.78,553,477.82,1
1158,454.46,94,29.44,194,4,8,530.14,447,305.98,1
1159,203.95,44,8.63,88,15,0,381.75,273,276.08,0
1160,441.93,74,65.73,272,26,4,382.55,510,421.8,1
1161,222.44,69,32.28,122,7,2,87.71,489,375.86,0
1162,297.97,25,24.74,18,30,0,352.4,282,341.67,0
1163,105.57,56,49.4,159,18,5,647.54,279,332.43,1
1164,425.35,40,12.41,34,7,0,546.4,230,100.0,0
1165,165.0,63,16.39,205,11,2,349.78,355,388.57,1
1166,661.16,65,18.3,272,2,2,436.13,201,280.81,1
1167,478.54,49,47.76,218,3,5,484.48,321,474.15,1
1168,75.33,34,15.88,59,16,0,436.02,199,187.28,0
1169,313.33,56,7.71,12,1,3,138.8,425,190.05,0
1170,369.07,89,55.79,53,1,0,448.06,599,500.0,1
1171,598.01,66,52.85,279,8,3,776.42,715,399.95,2
1172,775.2,5,44.82,47,0,4,250.66,155,313.22,1
1173,167.14,61,40.32,105,7,4,81.77,159,341.56,0
1174,466.4,69,70.0,231,9,2,234.24,426,500.0,1
1175,335.04,76,16.87,79,0,3,390.81,77,500.0,1
1176,381.63,62,34.67,148,0,6,203.41,193,185.67,1
1177,324.42,37,12.43,109,6,2,120.58,394,104.88,0
1178,343.79,95,24.81,199,2,3,229.57,667,184.75,1
1179,653.11,55,40.07,326,10,7,727.15,236,397.86,1
1180,906.72,119,56.46,237,0,8,343.34,722,309.33,2
1181,58.94,1,22.44,40,12,0,125.83,243,406.35,0
1182,718.02,67,25.36,66,2,3,618.16,370,456.83,1
1183,351.07,92,17.89,268,7,5,468.32,154,213.81,1
1184,427.65,47,5.41,185,8,1,430.75,198,202.37,0
1185,834.71,96,41.67,189,0,3,376.24,383,116.7,1
1186,250.1,60,28.32,181,9,8,475.43,394,216.23,1
1187,144.93,51,20.73,119,6,3,188.9,79,460.88,0
1188,747.63,1,4.28,144,8,3,317.21,188,166.11,0
1189,97.07,20,31.96,97,13,2,479.59,181,250.63,1
1190,5.51,1,0.1,60,21,2,410.64,512,376.16,0
1191,301.99,93,14.6,111,8,8,233.7,568,500.0,1
1192,273.49,45,32.06,212,1,3,49.25,379,116.67,0
1193,374.66,75,22.64,342,6,6,346.09,324,102.09,1
1194,142.36,64,32.2,103,16,4,254.96,421,237.05,0
1195,302.36,30,0.74,162,5,5,751.91,501,288.25,1
1196,615.97,49,43.11,335,0,4,416.33,436,500.0,2
1197,987.68,53,31.9,305,9,7,998.74,465,373.2,2
1198,331.45,42,47.83,273,0,3,999.0,428,463.14,1
1199,375.54,1,11.33,127,0,1,168.11,61,393.72,0
1200,551.93,85,48.23,0,15,6,586.47,216,442.63,1
1201,416.37,75,26.63,0,26,5,189.14,330,154.82,0
1202,179.64,9,16.59,212,24,3,189.94,133,281.92,0
1203,550.21,60,31.27,76,25,5,476.95,325,100.0,0
1204,583.25,93,43.6,211,13,0,715.75,425,245.37,1
1205,388.99,21,17.52,0,13,4,747.07,370,313.51,1
1206,336.14,60,30.55,59,0,8,698.73,518,276.87,1
1207,206.97,20,45.21,281,0,3,339.53,206,256.29,0
1208,296.88,59,44.06,151,14,2,242.06,135,390.71,0
1209,457.34,79,55.55,230,0,9,854.16,589,271.99,2
1210,287.45,15,35.2,107,11,2,347.09,0,194.52,0
1211,540.57,120,17.91,122,6,0,463.45,353,239.84,1
1212,239.15,26,11.0,140,12,3,195.44,355,271.75,0
1213,876.06,53,34.06,187,9,5,472.44,79,198.15,1
1214,560.89,25,36.31,78,16,8,285.74,446,100.0,1
1215,247.86,88,7.19,0,4,2,394.27,306,386.68,0
1216,142.9,39,8.82,90,17,2,382.29,208,312.55,0
1217,287.47,26,33.36,0,4,8,188.88,459,280.81,1
1218,443.5,41,48.49,130,4,3,224.98,151,124.64,1
1219,371.09,37,21.28,0,6,2,116.25,160,297.13,0
1220,851.27,112,54.73,271,8,9,717.68,410,411.9,2
1221,244.11,23,46.06,93,7,0,358.46,179,265.33,0
1222,286.33,75,26.66,22,6,3,397.08,121,172.04,0
1223,259.25,63,26.86,137,14,0,208.45,238,384.82,1
1224,432.85,53,4.65,34,21,3,310.53,458,221.08,0
1225,851.42,52,25.73,79,9,0,267.02,400,230.62,1
1226,217.99,38,26.11,67,5,2,478.77,295,234.54,0
1227,783.37,56,54.49,283,13,0,177.7,158,131.5,0
1228,744.58,66,70.0,116,0,1,930.42,458,500.0,2
1229,346.81,2,10.75,16,15,2,188.94,39,182.84,0
1230,319.96,57,53.83,287,8,2,240.08,336,243.68,1
1231,86.56,30,23.5,75,9,7,144.24,281,187.74,0
1232,416.68,18,44.15,88,13,5,426.75,344,105.56,0
1233,53.01,1,4.22,0,8,2,478.09,26,346.39,0
1234,351.63,49,56.08,223,0,6,608.8,430,100.0,1
1235,247.7,66,11.35,224,9,0,94.22,110,100.0,0
1236,205.91,19,24.33,55,0,3,281.39,286,214.93,1
1237,788.93,66,43.53,335,4,4,297.32,418,500.0,1
1238,887.08,120,25.84,98,0,2,999.0,619,404.0,2
1239,188.59,1,51.42,53,27,4,420.0,24,154.26,0
1240,198.8,32,64.46,309,0,10,251.82,404,205.94,1
1241,406.56,93,42.59,89,17,6,653.85,269,341.73,1
1242,194.1,36,70.0,132,2,2,677.0,661,265.3,1
1243,223.31,54,46.06,213,0,2,746.01,196,440.74,1
1244,194.81,52,34.79,161,0,9,277.94,216,207.31,1
1245,564.14,32,12.01,194,8,3,569.36,394,500.0,1
1246,197.4,87,27.54,68,21,2,31.49,42,356.6,0
1247,136.45,3,29.87,98,21,0,216.38,458,250.56,0
1248,752.6,9,57.85,148,1,7,490.77,287,354.63,1
1249,933.85,33,70.0,291,12,8,232.61,310,102.75,1
1250,728.63,120,36.04,249,8,5,796.08,304,307.21,1
1251,842.99,73,17.35,2,6,6,525.33,271,500.0,1
1252,222.08,39,12.57,0,10,0,291.16,155,145.46,0
1253,178.99,84,10.6,84,24,2,71.22,104,330.66,0
1254,620.47,98,19.46,34,17,1,497.4,620,319.9,1
1255,239.54,1,16.18,53,14,5,111.64,21,219.81,0
1256,378.45,93,45.07,139,12,4,203.4,22,150.6,0
1257,271.36,99,13.14,44,0,5,250.8,369,347.5,1
1258,163.95,4,41.39,158,30,0,41.39,225,393.33,0
1259,297.67,83,70.0,240,7,5,658.28,553,232.27,1
1260,457.78,45,24.92,106,7,4,363.94,426,189.93,0
1261,497.27,48,65.28,182,15,0,469.15,260,274.3,1
1262,374.49,27,33.14,86,3,0,385.13,133,100.0,0
1263,245.65,82,20.24,154,6,1,456.33,496,491.09,1
1264,97.91,33,24.8,103,0,0,481.47,445,167.48,0
1265,106.14,26,6.51,89,9,0,534.26,275,165.17,0
1266,85.52,1,7.44,237,30,0,384.53,283,128.31,0
1267,413.57,87,70.0,128,7,2,464.84,555,299.43,1
1268,490.54,70,36.14,121,0,7,396.02,528,117.31,1
1269,171.75,50,14.05,97,25,1,303.16,178,167.19,0
1270,691.37,30,67.29,124,9,7,371.63,273,377.59,1
1271,417.89,29,13.34,175,9,0,426.91,421,270.2,1
1272,561.81,88,24.98,0,8,1,743.05,226,256.13,1
1273,224.5,85,30.89,29,20,2,293.21,256,122.15,0
1274,378.7,72,14.06,68,3,1,892.06,308,469.12,1
1275,227.73,78,48.89,144,4,0,314.5,526,197.81,0
1276,65.13,46,8.23,33,0,5,276.82,290,100.0,0
1277,987.68,70,15.33,393,0,5,743.94,523,286.09,2
1278,128.33,17,37.51,172,11,2,116.08,272,259.02,0
1279,754.62,52,22.97,247,10,5,174.75,575,161.16,1
1280,472.19,20,38.09,309,0,9,783.85,417,385.77,1
1281,268.57,31,42.71,84,5,5,413.63,301,500.0,1
1282,789.68,51,45.8,186,12,2,470.12,546,343.22,1
1283,294.11,34,24.5,61,21,2,34.35,220,137.23,0
1284,380.63,27,6.4,141,28,0,347.04,5,100.0,0
1285,125.92,108,12.83,162,0,2,618.7,321,258.71,1
1286,155.85,43,38.04,63,3,6,75.99,231,114.05,0
1287,551.83,65,47.97,208,17,6,92.27,447,122.5,0
1288,186.14,58,24.14,67,11,4,257.98,116,201.07,0
1289,88.71,1,23.0,71,15,0,94.98,49,151.21,0
1290,251.51,61,32.48,39,13,7,346.81,311,361.0,0
1291,334.69,51,45.43,224,0,4,129.48,48,378.02,0
1292,767.14,114,39.75,41,5,7,319.01,388,467.08,1
1293,463.14,69,59.3,64,23,2,670.72,377,110.01,1
1294,289.44,63,21.85,291,5,1,544.76,353,236.26,1
1295,144.91,32,8.32,229,20,2,178.8,345,239.43,0
1296,231.39,1,22.6,169,9,2,169.09,219,100.0,0
1297,69.03,51,36.88,120,16,3,250.01,412,243.47,0
1298,448.91,69,67.22,131,10,4,658.92,517,164.04,1
1299,223.1,97,24.7,283,17,8,510.95,456,173.21,1
1300,539.8,23,49.07,109,23,3,171.69,498,121.32,0
1301,291.02,78,38.44,188,12,5,498.59,235,221.28,1
1302,260.43,39,33.65,127,2,2,62.75,374,277.67,0
1303,403.02,20,51.34,194,8,8,618.05,268,500.0,1
1304,622.96,79,33.04,146,6,7,256.05,381,291.79,1
1305,251.41,44,34.12,17,14,1,192.26,525,219.26,1
1306,575.25,38,32.73,219,5,0,165.9,372,331.98,1
1307,155.63,57,62.9,376,6,1,542.55,390,184.65,1
1308,65.76,73,0.0,0,30,1,477.87,369,119.46,0
1309,489.34,111,19.58,298,3,4,811.19,519,118.51,1
1310,442.51,67,27.1,147,22,4,123.8,98,100.0,0
1311,395.19,40,46.67,102,5,2,338.09,507,148.39,1
1312,655.92,45,44.05,216,3,4,460.1,341,500.0,1
1313,173.02,119,70.0,140,6,3,635.82,235,213.06,1
1314,372.98,107,32.45,150,17,5,685.97,271,500.0,1
1315,38.91,27,59.5,167,4,0,238.97,450,236.29,1
1316,987.68,69,43.39,360,0,3,933.29,413,203.72,1
1317,74.08,26,48.23,197,9,7,399.56,329,206.94,1
1318,92.64,58,34.65,146,0,0,334.88,365,244.18,0
1319,518.82,13,28.85,226,11,4,470.23,377,150.91,0
1320,163.63,32,33.75,27,17,0,139.98,179,146.64,0
1321,137.98,1,22.08,25,18,6,51.43,412,126.32,0
1322,86.67,93,35.56,0,10,7,311.43,371,313.84,1
1323,275.53,22,12.69,171,0,0,199.55,320,273.94,0
1324,896.97,106,70.0,392,0,7,435.54,363,498.49,2
1325,442.9,57,35.9,60,24,0,204.67,294,254.57,0
1326,103.67,23,20.81,166,9,0,549.55,380,500.0,0
1327,469.12,40,23.87,136,0,5,229.06,427,407.23,1
1328,254.7,69,70.0,151,1,0,633.39,597,500.0,1
1329,689.98,38,11.13,70,5,0,456.37,514,410.78,1
1330,248.47,82,42.81,209,2,4,177.16,303,268.04,1
1331,142.23,68,20.76,81,10,3,239.22,305,104.19,1
1332,425.66,63,9.71,176,5,1,120.08,165,379.1,0
1333,614.19,69,41.12,332,0,2,90.23,612,210.6,2
1334,984.4,60,70.0,206,1,3,999.0,412,493.57,2
1335,505.01,60,25.99,301,0,0,622.54,471,190.51,1
1336,275.81,51,13.79,161,27,0,183.84,227,133.64,0
1337,440.76,43,3.23,164,0,3,344.2,428,313.55,1
1338,409.24,1,17.38,125,26,3,285.83,232,100.0,0
1339,113.93,39,14.54,143,25,5,441.27,424,184.41,0
1340,130.15,1,5.89,123,8,0,218.04,452,116.06,0
1341,688.82,120,66.58,259,6,8,949.98,491,500.0,1
1342,941.29,120,15.99,28,17,5,778.74,667,426.65,1
1343,555.75,29,51.22,0,3,4,152.15,765,214.18,1
1344,253.53,51,70.0,63,13,6,440.24,591,192.95,1
1345,320.78,54,14.99,94,24,4,117.82,302,141.06,0
1346,332.79,23,4.13,34,0,0,291.15,431,129.07,0
1347,385.77,56,35.97,165,16,3,58.51,524,165.03,0
1348,686.68,118,32.62,182,11,2,865.91,662,286.18,2
1349,375.5,48,10.49,191,12,4,193.37,542,175.91,0
1350,596.28,100,22.26,141,10,8,367.85,376,323.72,1
1351,718.99,74,22.93,200,9,4,587.04,423,260.26,1
1352,120.6,43,36.46,126,23,2,567.99,83,143.36,0
1353,174.95,33,41.67,41,4,6,599.17,430,204.86,1
1354,577.81,85,45.22,188,5,0,344.82,521,198.05,1
1355,394.2,46,14.25,82,14,5,742.59,341,408.97,1
1356,699.56,110,24.35,175,9,1,758.75,311,284.78,1
1357,464.93,1,39.73,49,7,0,111.3,407,157.58,0
1358,236.25,57,34.14,0,14,5,373.26,78,139.26,0
1359,314.28,43,26.13,344,4,2,688.7,465,312.36,1
1360,987.68,86,62.56,327,5,5,570.39,298,351.28,1
1361,152.98,43,56.14,108,5,2,198.22,158,264.76,0
1362,413.68,75,43.71,66,7,6,434.62,503,296.92,1
1363,393.43,62,44.46,27,10,4,484.01,328,159.2,1
1364,476.0,27,23.73,130,0,0,401.74,145,342.92,1
1365,301.72,53,13.08,105,25,0,392.59,368,411.05,0
1366,295.11,87,21.79,135,0,4,404.79,284,464.56,1
1367,634.78,89,37.2,272,0,1,396.39,372,190.05,1
1368,256.15,40,22.79,0,12,0,625.6,242,203.83,0
1369,232.96,16,8.89,142,12,6,431.22,219,183.58,0
1370,637.75,88,26.32,262,3,9,538.32,770,374.69,2
1371,353.03,1,14.99,88,24,0,439.19,181,145.18,0
1372,229.59,88,33.14,266,9,3,547.37,97,375.15,1
1373,514.87,80,42.06,100,0,7,627.82,446,500.0,1
1374,124.23,5,24.68,92,9,0,21.81,162,202.93,0
1375,311.63,66,29.89,184,17,1,634.06,349,366.26,1
1376,177.07,52,8.59,165,13,1,353.33,150,249.48,0
1377,656.2,51,56.43,58,16,1,452.64,241,100.0,1
1378,49.21,9,25.73,123,21,0,325.53,303,197.08,0
1379,217.18,35,53.34,175,2,1,356.44,302,396.41,1
1380,368.34,49,5.63,162,2,2,184.02,78,160.86,0
1381,47.83,73,22.51,31,23,0,302.64,195,149.83,0
1382,987.68,120,70.0,117,5,6,575.89,800,387.98,2
1383,250.24,80,11.03,233,3,0,41.78,276,327.31,0
1384,212.34,73,25.89,285,3,7,598.59,170,471.49,1
1385,407.04,50,43.14,8,14,1,161.72,185,156.39,0
1386,313.87,37,61.51,261,0,3,770.46,550,150.69,1
1387,27.16,73,15.97,145,19,1,126.91,450,101.29,0
1388,950.51,75,32.57,43,0,1,943.0,321,353.1,2
1389,415.35,78,18.66,230,13,1,282.08,496,403.35,1
1390,188.47,64,11.26,145,8,5,110.06,448,143.76,0
1391,517.38,31,13.5,220,0,2,111.49,251,167.14,0
1392,324.4,19,33.25,244,17,0,528.54,469,155.96,0
1393,419.82,70,44.97,79,16,3,419.34,609,486.32,1
1394,189.7,6,23.3,0,20,1,212.93,335,304.9,0
1395,357.44,53,24.28,175,12,1,867.44,482,304.83,1
1396,109.91,32,8.11,122,10,1,242.26,191,177.16,0
1397,251.28,48,15.65,137,28,2,49.34,191,190.32,0
1398,809.32,23,16.19,314,16,2,380.73,323,459.95,1
1399,731.07,70,28.36,268,1,0,395.42,259,125.45,1
1400,269.66,8,15.88,29,8,4,50.02,51,422.13,0
1401,222.55,62,47.68,241,10,0,482.98,303,128.71,0
1402,548.96,50,0.0,24,1,0,369.01,431,227.32,0
1403,987.68,65,31.72,209,1,7,620.83,596,500.0,1
1404,190.3,59,21.19,346,11,4,200.62,620,492.96,1
1405,470.36,43,37.27,253,16,4,383.07,546,219.97,1
1406,684.51,24,22.75,155,14,0,146.95,547,153.48,1
1407,745.0,93,28.17,95,4,5,511.09,543,218.88,1
1408,198.13,89,56.11,256,17,4,435.48,431,500.0,1
1409,271.35,63,31.63,142,3,0,394.75,339,500.0,1
1410,268.06,48,29.03,93,0,6,183.77,44,124.72,0
1411,592.42,79,22.17,88,9,0,515.22,122,147.39,0
1412,158.91,64,20.89,62,18,4,69.04,238,198.14,0
1413,109.58,58,1.16,141,0,0,442.53,239,138.29,0
1414,301.22,74,43.48,74,15,5,387.56,311,176.22,1
1415,754.96,45,46.72,112,14,3,415.29,377,143.89,1
1416,602.97,18,16.77,109,0,1,248.84,188,157.78,0
1417,391.22,2,25.76,136,10,5,215.65,492,102.03,0
1418,889.47,57,18.09,172,2,0,451.78,385,333.38,1
1419,591.05,34,44.65,286,3,2,431.53,599,196.15,1
1420,56.56,1,43.06,0,0,3,210.31,204,110.54,0
1421,296.82,95,31.78,281,9,5,568.76,311,207.86,1
1422,464.72,20,43.22,115,24,5,189.5,326,155.5,0
1423,355.41,6,23.81,0,14,1,373.83,201,182.78,0
1424,521.16,57,66.91,100,0,7,999.0,440,486.22,2
1425,812.18,52,14.49,21,1,7,393.15,544,339.55,2
1426,159.7,4,56.94,189,14,0,300.99,317,292.19,0
1427,302.97,83,70.0,174,12,7,999.0,651,500.0,2
1428,231.2,33,37.91,195,12,2,92.99,116,185.27,1
1429,422.84,64,54.1,94,12,7,504.3,370,408.39,1
1430,144.64,22,40.22,200,5,3,355.37,277,153.96,1
1431,678.25,100,32.64,69,10,3,340.88,311,500.0,1
1432,292.25,108,70.0,138,0,2,427.6,483,243.18,1
1433,380.18,43,68.15,232,7,5,546.69,574,189.24,1
1434,36.81,8,6.91,10,7,1,646.7,200,175.44,0
1435,254.04,11,16.13,116,20,6,368.81,235,172.98,0
1436,422.63,89,16.26,59,30,4,66.31,310,124.81,0
1437,469.43,96,41.39,99,0,8,434.5,587,436.84,1
1438,99.73,27,11.63,48,17,0,286.81,100,300.05,0
1439,987.68,59,27.71,192,14,4,320.62,399,500.0,1
1440,656.25,91,60.57,400,0,6,931.23,396,500.0,2
1441,304.48,22,8.52,67,0,6,207.06,0,192.63,0
1442,111.74,38,48.33,245,8,4,261.96,407,100.0,1
1443,629.38,55,50.62,57,21,0,549.25,183,162.71,0
1444,309.5,104,48.49,294,20,3,555.08,434,363.23,1
1445,425.62,23,32.59,100,14,3,117.87,367,171.62,0
1446,86.5,59,63.63,144,0,0,463.4,116,500.0,1
1447,837.84,61,56.5,326,9,5,311.85,326,421.06,1
1448,123.54,96,19.6,72,16,3,665.74,414,117.38,1
1449,631.13,68,47.48,202,5,8,257.87,520,492.82,1
1450,974.96,39,41.1,0,5,5,708.78,157,484.19,1
1451,328.89,103,13.18,169,3,0,741.2,122,448.86,1
1452,438.76,89,30.55,189,17,2,341.8,238,500.0,1
1453,547.0,39,14.09,230,9,1,517.12,346,371.31,1
1454,108.0,1,14.98,0,0,4,446.31,456,109.34,0
1455,387.37,30,17.94,94,12,0,310.38,413,300.53,1
1456,597.27,82,54.11,62,11,9,522.88,355,318.28,1
1457,829.56,81,33.05,17,14,0,393.28,532,173.83,1
1458,493.16,53,46.7,85,6,0,345.95,361,178.49,0
1459,259.34,104,27.12,281,6,3,474.3,335,396.61,1
1460,147.96,43,15.0,93,1,0,491.69,532,118.23,0
1461,541.35,63,24.46,166,5,7,407.84,483,289.06,1
1462,671.5,1,40.72,212,14,6,262.49,202,249.45,0
1463,408.87,44,33.86,222,0,2,595.7,413,329.45,1
1464,577.98,109,47.49,281,4,4,598.51,615,215.65,2
1465,461.51,27,12.7,169,12,2,116.07,241,171.92,0
1466,987.68,120,48.67,204,5,8,669.41,579,100.0,2
1467,361.08,43,25.36,240,19,6,195.66,245,219.74,0
1468,187.66,43,29.32,253,3,0,834.69,554,252.96,1
1469,722.97,26,13.99,198,3,7,461.72,74,353.27,1
1470,761.75,78,19.33,97,14,0,645.18,182,172.35,1
1471,287.21,99,26.73,153,15,2,338.72,461,330.92,1
1472,143.98,18,50.29,110,4,3,955.45,531,500.0,1
1473,109.33,1,26.17,0,11,0,211.1,34,104.67,0
1474,29.68,34,44.67,198,10,2,651.09,178,124.22,0
1475,549.01,86,28.13,224,5,0,614.21,144,307.92,1
1476,387.23,79,20.41,204,2,3,514.22,385,423.87,1
1477,575.08,72,20.91,248,4,3,236.7,685,350.56,1
1478,340.05,42,39.47,60,2,2,889.55,224,192.8,1
1479,369.01,1,28.67,13,20,2,133.35,429,142.71,0
1480,520.23,32,14.42,202,16,3,477.81,339,211.31,1
1481,461.57,34,25.08,44,4,0,93.85,247,326.69,0
1482,56.69,68,44.44,40,11,7,240.85,302,325.58,1
1483,234.16,34,3.19,33,14,5,406.79,271,315.36,0
1484,382.7,76,7.99,183,12,2,546.86,616,128.5,0
1485,141.13,60,10.91,120,18,3,38.57,422,310.02,0
1486,309.94,1,23.61,169,0,0,458.74,146,171.46,0
1487,223.38,69,11.82,183,12,5,572.86,452,157.99,1
1488,56.86,20,42.26,103,11,0,105.56,180,100.0,0
1489,463.79,26,14.5,208,3,4,504.26,133,185.63,0
1490,259.05,69,17.24,153,16,5,333.25,189,341.25,0
1491,95.74,23,23.62,54,4,1,150.27,315,225.89,0
1492,604.46,43,35.72,47,2,4,313.47,452,240.4,0
1493,261.26,2,12.23,34,11,1,560.21,138,122.83,0
1494,479.67,64,49.42,211,22,4,147.52,297,355.85,1
1495,936.31,85,23.6,136,13,2,367.53,250,278.21,1
1496,202.73,43,23.64,322,7,2,144.33,508,203.06,1
1497,392.65,55,39.39,189,9,6,577.55,687,245.49,1
1498,567.39,24,5.27,175,0,4,58.26,387,371.0,0
1499,787.12,30,50.79,125,10,1,303.04,155,236.44,1
1500,290.36,91,19.13,112,4,3,652.52,225,306.8,1
1501,581.16,28,43.66,324,0,5,449.53,557,265.64,1
1502,67.18,1,14.97,238,28,0,171.06,248,116.92,0
1503,383.83,85,33.4,118,21,0,508.83,0,100.0,0
1504,184.27,67,32.35,61,9,3,379.14,371,145.22,0
1505,168.67,12,23.02,100,17,6,262.89,107,352.62,0
1506,437.31,62,46.11,341,0,1,465.54,533,402.39,1
1507,606.32,78,10.64,20,13,5,259.62,532,492.26,1
1508,332.79,16,20.93,0,10,2,281.37,424,446.91,1
1509,896.23,29,14.18,153,0,4,605.56,447,302.98,1
1510,270.09,75,52.18,311,6,3,792.66,230,500.0,1
1511,285.91,34,67.16,175,0,0,234.83,489,199.44,1
1512,315.9,98,13.51,313,6,0,709.0,439,388.57,2
1513,354.86,29,12.98,121,26,3,471.09,367,258.47,0
1514,47.51,24,11.65,101,0,0,507.14,405,321.65,0
1515,317.69,51,5.94,0,17,3,237.46,451,100.0,0
1516,767.6,47,55.0,114,3,2,247.83,597,183.79,1
1517,685.44,67,49.36,276,11,4,450.11,259,500.0,1
1518,152.61,40,25.6,21,16,2,181.37,359,325.85,0
1519,987.68,39,64.43,28,20,2,287.58,376,357.75,1
1520,640.96,75,27.49,138,25,0,185.8,327,194.09,0
1521,552.97,51,49.14,51,22,1,269.82,215,336.23,1
1522,426.85,49,7.59,75,7,1,366.14,108,168.23,0
1523,189.06,20,25.44,141,24,3,136.18,135,399.42,0
1524,494.81,84,24.14,112,0,3,605.44,570,246.82,1
1525,224.33,34,12.57,0,16,0,246.03,369,184.13,0
1526,157.8,12,31.26,190,30,3,122.52,386,157.86,0
1527,186.52,14,13.44,100,7,4,81.42,381,181.86,0
1528,244.99,42,47.69,191,1,8,362.63,413,484.22,1
1529,491.53,107,27.34,293,12,5,370.89,340,500.0,1
1530,54.99,6,20.66,73,16,0,174.65,329,125.93,0
1531,108.65,103,44.88,111,0,1,999.0,542,221.65,1
1532,717.14,21,30.59,192,14,3,573.48,363,398.24,1
1533,318.81,30,24.46,192,17,4,124.71,429,289.48,0
1534,213.09,18,30.56,248,21,7,55.57,358,159.49,0
1535,269.42,29,34.55,126,14,0,117.31,0,453.35,0
1536,352.93,24,24.87,8,3,1,172.31,42,180.1,0
1537,808.25,64,41.27,17,12,7,360.93,353,340.48,1
1538,37.71,30,17.52,240,4,5,92.31,211,189.79,0
1539,193.35,65,70.0,201,3,6,427.55,464,274.9,1
1540,373.67,99,41.23,230,24,8,332.48,483,100.0,1
1541,58.3,34,10.08,45,21,6,281.43,301,179.99,0
1542,301.46,67,70.0,316,17,7,213.46,357,303.87,1
1543,277.62,49,16.39,211,20,0,459.62,298,100.0,0
1544,987.68,98,27.33,126,0,4,844.88,733,270.35,2
1545,618.91,84,13.72,53,11,3,841.67,266,305.61,1
1546,426.4,36,44.73,52,5,0,32.59,338,289.92,1
1547,215.02,79,45.43,211,8,0,162.46,402,271.36,1
1548,435.59,54,18.04,113,26,1,157.86,252,199.41,0
1549,522.13,90,13.19,194,0,2,170.38,632,246.58,1
1550,304.27,120,14.27,144,0,9,625.84,608,500.0,2
1551,798.37,67,30.16,234,0,5,429.69,338,445.63,1
1552,328.84,66,18.27,261,6,6,118.53,155,332.4,1
1553,419.18,45,37.19,22,14,1,448.49,545,292.51,1
1554,149.37,55,10.55,76,7,1,258.3,371,358.59,0
1555,234.55,30,18.1,56,14,2,127.4,193,299.33,0
1556,383.28,25,32.19,178,10,7,293.5,313,426.35,1
1557,476.38,10,41.91,161,12,4,171.49,0,172.82,0
1558,230.58,24,70.0,219,0,8,655.1,289,449.08,1
1559,426.18,74,11.03,233,7,2,857.9,518,231.65,1
1560,283.04,54,22.65,62,12,3,557.12,16,302.23,0
1561,426.07,94,56.88,135,7,0,139.02,246,100.0,0
1562,246.22,92,60.94,46,10,5,646.78,160,276.74,1
1563,123.3,67,53.74,12,0,3,56.38,208,469.05,0
1564,554.89,45,53.03,75,19,0,777.11,363,314.89,1
1565,484.96,12,70.0,163,7,0,72.11,398,222.29,0
1566,131.61,95,31.59,108,4,5,673.03,333,128.84,1
1567,204.29,37,16.5,7,9,0,176.44,296,179.74,0
1568,980.24,33,21.01,226,0,6,199.7,386,500.0,1
1569,747.76,119,70.0,252,4,4,397.32,377,355.8,1
1570,609.32,72,33.43,40,10,4,114.1,595,100.0,1
1571,88.64,28,33.44,41,11,0,217.72,219,258.31,0
1572,376.41,30,28.55,94,22,7,211.61,321,369.57,1
1573,282.0,39,14.42,56,4,0,421.17,402,169.85,1
1574,307.98,17,24.09,48,17,2,415.7,266,362.87,0
1575,259.98,10,3.99,21,24,3,284.27,0,297.97,0
1576,512.4,29,27.96,44,8,1,693.28,271,150.97,0
1577,373.0,90,35.14,301,4,1,661.53,222,169.19,1
1578,396.36,44,60.3,174,13,3,449.75,345,161.33,1
1579,395.05,68,51.34,116,3,4,542.85,266,100.0,1
1580,330.5,2,70.0,4,18,1,62.37,99,132.58,0
1581,306.36,29,47.39,26,0,0,284.1,0,248.43,0
1582,421.66,93,33.97,155,8,0,291.34,569,498.48,1
1583,365.93,49,14.07,172,11,6,630.17,401,171.84,1
1584,566.72,64,36.34,249,4,4,468.29,788,210.82,2
1585,155.16,47,21.62,0,23,1,563.62,262,150.49,0
1586,217.35,38,17.9,249,11,3,661.41,648,283.4,1
1587,147.9,48,33.33,62,4,0,92.14,244,237.41,0
1588,164.47,9,20.68,174,18,0,45.01,245,463.62,0
1589,409.84,27,29.7,299,1,2,477.43,286,271.28,1
1590,466.24,38,16.05,134,9,5,291.94,538,100.0,1
1591,240.12,104,44.97,220,10,2,784.66,436,185.43,2
1592,164.11,6,13.05,111,0,0,85.32,7,306.92,0
1593,124.69,74,4.97,205,4,3,289.9,134,357.17,0
1594,256.3,87,21.88,355,0,4,631.18,625,100.0,1
1595,537.87,84,48.05,56,10,7,364.73,486,247.1,1
1596,50.29,40,8.69,162,23,0,500.11,380,441.96,0
1597,451.5,93,6.96,142,0,0,180.07,152,190.95,0
1598,101.73,38,11.75,76,30,0,220.23,193,262.71,0
1599,922.9,87,22.87,361,0,4,339.14,443,351.51,1
1600,66.44,18,8.88,142,17,4,378.18,431,304.15,0
1601,66.9,32,33.27,157,6,5,194.96,142,291.13,0
1602,214.41,5,3.3,31,12,1,574.1,188,161.99,0
1603,99.54,24,28.08,145,7,0,251.88,112,251.05,0
1604,134.19,1,27.65,167,30,2,269.46,475,266.2,0
1605,614.92,60,23.59,136,1,9,723.7,526,500.0,1
1606,105.3,59,29.55,53,4,2,381.19,0,453.85,0
1607,496.25,70,18.28,87,7,2,635.69,539,450.84,1
1608,395.0,31,9.03,210,7,0,215.14,413,308.58,0
1609,435.25,83,64.93,184,12,1,127.81,507,287.65,1
1610,271.16,85,45.18,202,5,3,56.43,318,300.05,1
1611,615.09,31,59.63,270,20,9,810.61,253,443.86,1
1612,167.92,66,16.57,96,5,1,208.65,399,187.58,1
1613,270.53,10,17.32,195,4,6,56.13,116,264.96,0
1614,586.2,11,8.74,131,2,2,426.19,433,265.49,0
1615,622.63,78,41.16,279,15,5,454.75,509,322.1,1
1616,660.52,62,40.65,143,13,0,679.15,514,500.0,2
1617,804.82,32,15.0,95,13,2,580.57,413,303.05,1
1618,166.08,65,70.0,216,7,0,172.29,294,406.51,1
1619,173.98,85,25.45,298,9,9,444.76,334,500.0,1
1620,769.44,40,38.87,39,13,4,320.22,219,407.87,1
1621,502.57,32,16.15,213,0,0,56.13,117,227.94,0
1622,390.8,62,50.93,114,14,1,942.9,452,241.81,1
1623,713.72,62,7.62,400,1,5,999.0,450,295.97,2
1624,216.23,77,50.2,48,1,0,333.14,169,248.12,0
1625,597.71,78,70.0,106,8,8,961.28,493,307.52,1
1626,362.96,1,13.8,0,13,0,60.37,456,268.96,0
1627,315.1,51,18.34,245,0,7,319.8,585,241.06,1
1628,200.64,49,35.19,90,0,2,254.03,257,243.59,0
1629,666.37,103,38.31,130,14,4,365.66,238,277.68,1
1630,368.56,91,26.57,215,0,2,274.61,519,205.24,1
1631,149.78,16,40.04,135,10,4,412.61,720,359.25,0
1632,764.16,71,34.45,78,6,0,693.07,626,370.86,1
1633,276.61,14,46.26,103,2,2,405.16,370,322.56,1
1634,987.68,36,35.91,76,0,4,370.7,348,494.63,1
1635,557.68,1,30.82,136,12,1,367.83,158,277.5,0
1636,132.07,72,50.26,71,20,6,126.05,334,175.41,0
1637,390.31,71,6.98,141,0,2,179.6,337,212.58,0
1638,580.8,58,33.75,282,11,10,999.0,783,306.16,2
1639,468.43,85,13.75,219,0,3,145.53,505,344.35,1
1640,295.37,34,28.48,62,9,9,632.44,442,500.0,1
1641,201.65,32,55.43,245,6,5,256.23,182,435.19,1
1642,9.14,76,42.83,107,4,7,258.49,465,432.53,1
1643,842.58,102,47.3,235,6,0,255.24,646,396.94,1
1644,118.6,1,25.29,92,3,5,124.6,35,264.31,0
1645,556.88,37,23.62,51,11,0,397.73,571,431.51,1
1646,413.74,46,36.52,134,7,5,342.11,470,305.76,0
1647,870.25,46,20.15,109,13,10,402.19,473,480.43,1
1648,512.53,31,42.31,196,0,6,731.89,528,458.67,1
1649,711.25,98,27.06,25,19,1,368.36,571,278.88,1
1650,276.66,83,6.94,72,0,5,196.48,476,243.24,0
1651,414.72,32,34.76,197,15,2,283.72,155,214.07,0
1652,224.79,73,48.97,37,9,2,94.41,231,138.43,0
1653,150.48,47,30.18,0,14,4,38.81,260,342.51,0
1654,173.52,48,23.74,0,7,4,205.13,58,224.33,0
1655,198.9,54,26.49,52,14,7,463.15,555,186.17,1
1656,530.2,70,26.36,171,0,9,345.99,424,319.59,1
1657,191.27,54,9.65,35,9,4,45.45,143,231.37,0
1658,281.37,35,18.54,184,9,1,36.87,75,389.13,0
1659,194.83,6,19.67,61,16,3,70.35,311,229.98,0
1660,987.68,111,31.66,291,11,0,408.65,381,314.08,1
1661,987.68,65,11.23,359,7,4,750.68,172,277.19,1
1662,342.46,52,18.9,235,21,1,332.65,221,255.77,1
1663,745.94,46,51.55,303,8,5,324.64,387,324.25,1
1664,594.01,107,41.63,296,13,8,756.65,380,500.0,2
1665,439.53,26,20.34,250,13,0,274.41,689,153.69,1
1666,601.89,6,19.17,76,11,4,203.01,495,263.01,0
1667,567.55,55,47.11,132,7,0,648.06,687,378.45,1
1668,55.27,11,24.8,0,28,0,44.82,268,224.13,0
1669,83.15,44,31.79,194,10,5,526.13,492,267.76,1
1670,75.19,19,29.39,42,8,0,234.37,228,369.69,0
1671,789.63,37,33.73,137,10,3,516.05,437,500.0,1
1672,181.79,46,25.1,95,16,1,461.71,174,500.0,1
1673,468.73,72,22.06,18,8,7,706.13,170,418.57,1
1674,573.23,84,34.0,247,0,5,155.34,225,439.57,1
1675,360.63,21,40.17,148,10,4,171.05,363,121.53,0
1676,72.04,74,27.04,1,18,1,33.21,316,395.17,0
1677,104.69,34,4.38,12,11,3,224.27,107,128.62,0
1678,197.64,45,48.11,82,0,1,526.39,360,160.56,0
1679,787.51,34,40.36,232,0,4,252.13,450,368.57,1
1680,137.37,13,12.91,35,9,3,121.56,201,500.0,0
1681,560.06,120,61.17,173,12,7,850.39,800,500.0,2
1682,428.87,41,26.06,58,0,0,582.01,230,411.57,1
1683,501.28,120,22.17,52,3,8,619.45,314,500.0,1
1684,96.22,5,5.1,177,25,5,146.55,421,141.0,0
1685,405.35,103,48.91,0,6,2,500.97,475,500.0,1
1686,64.98,27,52.9,196,0,7,740.28,342,279.54,1
1687,555.37,111,37.81,204,9,10,259.07,435,244.75,1
1688,811.08,68,21.1,182,7,5,227.87,517,410.26,1
1689,290.87,81,21.33,8,0,4,563.73,544,114.94,1
1690,400.19,47,32.46,4,16,0,230.18,347,216.94,0
1691,327.48,50,52.73,183,5,6,356.27,519,359.34,1
1692,116.67,11,12.79,250,11,0,34.63,35,100.0,0
1693,41.37,68,25.42,169,12,6,135.15,345,140.97,0
1694,34.89,45,13.98,27,27,1,191.39,439,262.0,0
1695,543.86,40,50.18,53,8,2,67.34,274,141.05,0
1696,188.97,18,29.87,0,20,2,85.24,305,111.96,0
1697,330.22,53,14.94,183,13,0,141.85,250,106.07,0
1698,609.12,83,62.57,89,0,10,496.0,478,288.1,2
1699,497.82,74,28.9,63,7,4,241.81,176,500.0,1
1700,350.15,93,34.5,155,0,5,273.37,558,434.87,2
1701,471.12,29,16.75,107,1,2,85.09,229,264.46,0
1702,104.24,20,26.11,62,9,3,122.31,366,300.67,0
1703,447.14,102,70.0,206,15,4,229.58,645,318.06,1
1704,109.26,37,8.5,11,9,3,369.34,225,212.28,0
1705,454.74,1,14.29,161,19,4,69.29,225,255.69,0
1706,769.88,80,40.44,197,3,2,562.79,424,477.48,1
1707,79.51,48,29.45,182,14,0,43.1,171,100.0,0
1708,437.88,40,50.77,53,10,2,339.81,361,193.07,1
1709,218.81,38,69.21,326,4,3,795.09,542,326.58,1
1710,287.82,14,15.16,20,0,0,301.22,188,292.75,0
1711,76.58,23,10.33,0,14,6,149.56,155,338.3,0
1712,177.83,59,70.0,109,6,0,408.57,385,116.01,1
1713,488.58,12,13.29,38,5,1,273.77,346,269.3,1
1714,42.04,9,6.18,0,17,1,202.65,93,141.47,0
1715,431.48,59,38.19,141,4,8,517.64,331,500.0,2
1716,86.18,14,21.09,104,11,5,274.35,433,173.52,0
1717,888.63,57,48.98,199,8,6,331.0,445,327.23,1
1718,690.71,89,70.0,137,6,3,323.38,706,286.01,2
1719,310.95,57,25.14,159,18,3,263.74,151,249.03,0
1720,206.18,1,46.62,129,12,1,96.73,464,135.89,0
1721,232.48,5,24.81,123,11,5,104.97,397,251.29,0
1722,252.3,16,43.29,37,11,3,48.07,100,326.45,0
1723,313.86,51,35.34,0,9,0,100.95,476,123.92,0
1724,584.98,81,35.56,111,23,4,266.12,361,234.36,1
1725,479.58,6,38.13,172,11,2,214.23,327,100.0,0
1726,380.12,77,44.31,220,1,6,217.73,373,270.55,1
1727,886.66,55,26.33,26,6,10,317.88,536,500.0,2
1728,763.44,64,40.35,100,10,4,311.87,84,496.02,1
1729,468.74,74,26.11,52,4,7,862.53,519,500.0,1
1730,178.76,61,29.63,259,30,0,375.17,56,373.77,0
1731,325.41,92,23.58,164,12,0,310.26,577,307.55,1
1732,80.88,76,22.06,180,5,0,574.35,320,317.95,1
1733,567.3,79,35.92,76,24,0,373.1,204,278.12,0
1734,287.73,48,8.68,72,15,5,170.13,290,147.22,0
1735,674.95,44,30.02,85,0,3,537.94,95,137.03,1
1736,262.43,3,56.56,98,5,0,254.54,172,346.09,0
1737,111.27,76,23.6,3,23,2,272.51,238,139.37,0
1738,209.52,85,25.31,36,17,1,439.05,481,136.55,0
1739,499.58,15,38.94,164,26,0,149.22,337,123.01,0
1740,987.68,44,13.86,197,6,6,473.67,496,147.47,1
1741,858.2,81,12.88,184,4,6,699.84,341,100.0,1
1742,27.65,81,18.09,129,2,5,442.93,349,322.21,1
1743,361.79,29,41.34,93,2,0,76.67,196,125.9,0
1744,597.78,90,7.68,55,8,0,6.05,159,168.47,0
1745,329.47,30,29.41,88,11,3,614.96,524,266.88,1
1746,292.47,48,27.38,90,20,1,291.44,427,249.73,0
1747,358.53,32,5.91,12,13,0,59.65,210,184.53,0
1748,522.64,44,30.08,71,9,6,554.29,522,500.0,1
1749,267.32,76,12.39,158,19,3,127.3,247,104.3,0
1750,526.52,14,39.79,66,17,4,338.11,402,224.6,1
1751,504.18,27,9.4,0,3,3,436.17,18,407.69,0
1752,57.37,1,42.13,104,20,2,396.6,170,211.84,0
1753,238.03,1,11.91,130,2,6,573.24,433,215.39,0
1754,894.31,93,42.84,247,2,3,775.33,314,500.0,2
1755,477.11,97,47.64,189,9,6,223.71,463,165.96,1
1756,987.68,120,48.44,400,7,4,706.9,753,320.89,2
1757,852.89,82,34.45,126,6,4,446.06,584,331.18,1
1758,619.23,32,5.89,259,12,1,413.84,16,274.98,0
1759,108.42,63,45.79,169,0,4,268.42,488,141.87,1
1760,595.25,87,12.41,56,13,8,288.63,314,243.83,1
1761,446.91,78,31.85,194,1,5,509.99,490,234.73,1
1762,124.68,56,26.04,0,22,5,246.2,80,304.04,0
1763,532.74,86,28.34,124,0,5,338.3,450,357.3,1
1764,418.86,33,43.05,58,9,6,83.5,160,213.93,0
1765,258.7,14,48.96,82,17,0,203.34,298,166.56,0
1766,741.03,28,26.07,103,9,3,560.39,710,115.24,1
1767,709.34,114,41.54,31,1,2,186.86,628,236.72,1
1768,104.14,37,10.25,72,5,0,248.76,211,128.51,0
1769,562.12,63,33.38,0,21,5,163.39,259,326.49,0
1770,326.28,66,22.55,228,7,10,148.24,402,257.1,1
1771,477.38,69,44.35,125,23,7,347.0,469,327.26,1
1772,320.52,100,46.52,71,2,0,523.77,596,333.58,1
1773,613.95,59,48.09,339,2,5,590.83,800,174.54,2
1774,235.55,25,49.94,212,13,7,687.41,416,100.0,1
1775,251.36,49,6.67,66,6,0,125.98,277,100.0,0
1776,272.65,89,34.45,39,11,3,168.08,474,281.29,1
1777,428.3,39,35.77,17,16,0,352.76,148,419.82,0
1778,413.99,44,48.79,11,1,0,179.74,444,229.35,0
1779,709.39,7,17.33,137,8,6,260.57,78,458.61,1
1780,257.68,49,20.17,145,3,5,165.72,262,384.4,0
1781,476.9,79,56.35,32,11,4,380.44,760,353.8,1
1782,468.59,77,25.24,217,4,4,199.75,142,127.68,1
1783,249.77,80,51.03,204,7,2,773.71,553,301.86,1
1784,384.09,74,40.55,242,3,5,309.99,254,401.74,1
1785,484.55,65,70.0,313,9,1,761.32,387,445.7,1
1786,270.49,42,56.9,272,0,2,660.69,298,184.52,1
1787,216.81,61,50.45,107,3,0,259.23,424,261.78,1
1788,192.36,30,16.03,75,10,3,497.99,55,220.59,0
1789,537.94,54,18.29,108,13,6,159.75,231,329.14,1
1790,726.05,42,7.94,88,16,0,346.76,256,123.67,0
1791,553.14,80,28.87,292,3,0,296.51,634,235.18,1
1792,754.7,101,17.18,162,2,4,297.51,422,189.4,1
1793,695.87,90,50.12,319,4,0,692.16,601,351.49,1
1794,157.85,15,10.26,136,20,2,331.7,308,458.92,0
1795,156.67,59,34.83,0,11,0,737.42,164,484.07,0
1796,415.26,73,70.0,264,3,3,344.67,607,500.0,1
1797,268.6,1,9.83,75,20,4,115.18,335,190.8,0
1798,330.23,22,33.62,124,5,5,384.15,23,150.38,0
1799,89.53,75,14.69,222,10,0,161.51,305,398.77,0
1800,412.65,90,66.11,223,4,5,523.26,434,274.56,2
1801,300.64,56,26.86,288,12,2,429.92,451,299.81,1
1802,59.07,15,17.65,31,9,1,547.48,373,319.32,0
1803,378.8,33,14.25,119,19,1,338.09,0,316.32,0
1804,258.72,40,28.06,97,9,1,254.87,132,206.76,0
1805,611.07,28,31.06,140,19,4,274.05,438,500.0,1
1806,420.38,101,62.08,301,7,1,730.53,777,100.0,1
1807,406.72,1,26.05,180,0,0,574.1,464,100.0,0
1808,103.99,20,34.18,0,23,0,49.5,184,135.4,0
1809,66.3,28,22.47,166,0,0,242.97,213,128.69,0
1810,269.64,80,29.59,0,6,4,658.82,179,497.01,1
1811,481.65,89,38.34,168,18,5,732.74,561,272.02,1
1812,150.22,1,39.85,0,13,0,456.32,207,100.0,0
1813,241.45,20,17.69,62,13,0,554.3,77,347.26,0
1814,138.61,25,34.27,61,16,5,687.39,274,500.0,0
1815,964.59,108,70.0,353,11,2,999.0,713,362.85,2
1816,238.15,53,17.53,161,4,0,381.14,155,228.41,0
1817,378.36,62,38.75,88,2,0,346.24,430,211.31,1
1818,521.9,108,49.11,383,7,1,918.05,662,384.37,1
1819,364.14,27,28.32,0,11,1,46.62,241,252.08,0
1820,114.95,75,17.97,97,11,2,336.83,230,100.0,0
1821,479.34,81,6.47,81,12,2,328.45,0,336.43,0
1822,195.36,19,22.46,249,0,3,371.14,249,323.75,1
1823,428.75,68,60.43,315,12,5,774.35,547,477.93,1
1824,378.02,58,50.46,99,4,7,578.53,347,414.33,1
1825,628.98,103,11.38,256,5,2,303.12,605,238.9,1
1826,93.71,55,25.06,83,8,2,362.7,21,211.9,0
1827,504.44,120,70.0,195,3,2,717.79,449,279.35,2
1828,730.81,95,58.76,195,4,2,582.62,374,222.32,1
1829,476.19,37,11.85,0,24,0,106.85,156,327.62,0
1830,884.18,85,70.0,262,16,4,310.02,597,474.38,2
1831,381.29,13,50.6,94,23,7,235.85,506,266.44,1
1832,228.7,46,14.41,11,5,7,379.83,429,211.08,1
1833,544.36,89,31.66,269,8,3,338.05,649,178.01,1
1834,411.39,58,40.29,172,3,1,336.25,178,294.47,1
1835,565.14,68,57.17,232,0,1,660.15,421,134.73,1
1836,260.09,36,11.79,26,28,3,93.13,73,100.0,0
1837,81.56,1,17.7,67,20,1,84.62,275,232.68,0
1838,484.28,69,29.8,221,10,5,427.93,545,198.98,1
1839,251.75,52,29.95,155,6,4,686.1,200,179.43,0
1840,401.88,11,52.33,134,0,3,299.52,288,288.16,0
1841,456.1,51,21.23,128,0,0,67.67,183,500.0,0
1842,196.08,46,41.84,156,12,0,446.11,409,404.59,0
1843,672.17,53,58.78,148,4,2,668.59,392,388.86,1
1844,428.13,14,39.01,94,5,0,100.71,488,224.49,1
1845,420.39,72,20.05,219,23,0,235.48,206,260.91,0
1846,174.48,74,56.55,0,9,0,165.79,96,126.95,0
1847,74.3,16,21.91,175,17,2,94.07,363,331.54,0
1848,329.3,59,70.0,186,16,5,783.03,440,378.04,1
1849,529.15,68,50.83,154,8,3,548.74,348,447.19,1
1850,238.97,2,36.14,11,5,3,61.19,195,141.44,0
1851,408.09,71,30.84,273,7,7,473.36,496,321.74,1
1852,631.43,85,18.62,278,3,7,240.94,162,271.36,1
1853,703.78,62,14.81,82,16,8,417.35,420,500.0,1
1854,759.05,82,49.83,231,9,1,313.78,448,381.5,1
1855,259.99,34,10.83,288,17,0,526.13,372,198.23,0
1856,112.37,16,58.01,161,14,2,333.72,623,472.57,1
1857,150.17,33,70.0,0,20,4,216.16,427,500.0,1
1858,378.02,23,34.67,284,7,0,628.26,520,167.87,1
1859,322.19,81,70.0,130,0,0,401.73,517,100.0,1
1860,987.68,72,26.37,132,0,3,554.9,313,100.0,1
1861,369.83,71,37.77,99,1,4,683.37,279,468.04,1
1862,366.77,81,20.52,171,24,0,424.29,114,356.09,0
1863,575.41,32,37.04,168,12,7,657.56,300,388.61,1
1864,515.66,102,12.65,220,10,8,906.92,385,107.64,2
1865,589.04,87,60.33,296,10,8,423.63,342,279.93,1
1866,98.11,64,8.83,259,16,5,113.59,281,100.0,0
1867,175.2,58,13.13,128,8,0,491.11,509,110.25,0
1868,300.74,35,7.59,200,23,0,309.53,416,267.94,0
1869,319.82,41,45.84,213,8,2,999.0,282,268.07,1
1870,690.38,38,29.58,170,0,8,238.74,170,500.0,1
1871,182.85,39,9.59,167,6,4,167.03,199,459.08,0
1872,718.97,31,67.0,268,12,0,437.11,539,170.16,1
1873,154.01,94,52.84,129,10,4,289.67,329,202.14,1
1874,311.93,66,24.24,78,5,0,576.51,532,484.82,1
1875,413.78,8,25.89,69,14,0,263.79,375,247.56,1
1876,668.47,94,47.03,237,1,6,330.87,273,345.04,1
1877,582.27,43,26.95,224,8,1,146.76,415,305.6,1
1878,438.13,57,43.24,136,7,0,72.16,156,195.65,0
1879,616.53,73,64.25,2,11,5,552.35,325,500.0,1
1880,693.06,76,26.52,136,0,0,591.51,294,280.84,1
1881,372.82,75,51.69,198,11,8,182.67,85,399.96,1
1882,270.05,43,31.12,116,8,6,632.51,678,500.0,1
1883,987.68,95,30.53,256,1,4,200.48,438,404.18,1
1884,63.25,52,40.7,237,9,1,86.04,330,173.38,0
1885,719.57,114,19.73,270,0,3,724.03,165,302.34,1
1886,332.42,1,27.42,20,11,3,383.54,541,235.98,0
1887,257.6,60,16.97,125,7,1,279.3,169,100.0,0
1888,431.81,108,41.26,340,8,7,818.45,160,312.32,1
1889,0.0,117,55.55,269,3,10,696.75,584,291.43,2
1890,476.99,14,7.67,130,29,2,167.64,11,369.37,0
1891,187.09,52,57.3,241,15,1,90.43,315,204.65,0
1892,378.87,48,21.12,200,8,7,438.1,248,476.61,1
1893,493.71,68,22.89,161,16,0,411.61,426,387.98,0
1894,578.79,67,19.42,163,0,2,439.12,191,190.09,1
1895,427.56,69,9.57,284,5,6,458.92,292,458.35,1
1896,679.96,83,37.38,203,1,4,715.64,665,211.53,1
1897,209.8,63,52.9,208,5,0,320.86,0,154.83,0
1898,786.53,16,19.31,134,27,4,484.39,42,196.14,0
1899,485.23,91,15.29,312,4,5,517.92,111,138.75,1
1900,722.99,48,15.33,52,0,3,125.71,777,459.3,1
1901,65.32,85,6.38,208,5,0,279.1,461,228.4,0
1902,642.65,34,55.64,63,2,2,422.15,490,241.94,1
1903,104.6,86,10.9,178,6,0,194.65,233,379.89,0
1904,175.17,66,42.1,143,3,7,396.36,635,298.37,1
1905,75.22,63,10.6,140,6,0,140.49,113,280.33,0
1906,622.84,114,54.21,123,1,1,714.9,337,288.76,2
1907,186.06,12,50.36,150,18,3,72.79,149,117.75,0
1908,116.66,87,60.77,43,13,2,310.23,289,395.42,0
1909,300.68,49,11.72,91,1,4,170.07,258,300.36,0
1910,260.34,73,27.04,134,5,3,101.33,146,488.97,0
1911,363.77,44,52.76,119,16,5,257.69,455,500.0,1
1912,987.68,90,49.83,376,2,3,780.28,640,264.03,2
1913,259.4,43,35.82,82,3,1,237.02,324,287.18,0
1914,599.2,62,15.55,158,8,2,111.76,236,162.58,0
1915,290.88,56,42.41,223,3,3,383.77,566,500.0,1
1916,979.85,81,15.99,273,16,2,402.94,223,393.74,1
1917,147.12,25,8.5,129,7,6,806.03,522,277.74,1
1918,416.94,3,6.17,191,23,0,63.75,221,292.9,0
1919,321.02,64,23.69,80,9,5,153.5,302,114.98,0
1920,791.2,65,8.8,238,2,3,639.82,261,199.3,1
1921,339.44,12,1.49,114,5,0,157.62,153,161.52,0
1922,122.68,53,43.78,196,0,8,763.97,403,202.91,1
1923,252.97,17,38.19,0,0,5,444.18,199,151.93,0
1924,560.54,85,47.68,84,2,6,392.56,489,271.49,1
1925,568.52,34,51.31,144,14,0,137.06,203,500.0,0
1926,814.24,77,11.16,15,21,0,734.21,528,323.19,1
1927,300.26,44,39.23,48,8,4,477.86,310,130.83,1
1928,727.37,57,14.7,67,6,7,425.96,586,415.11,1
1929,193.73,1,17.51,143,14,0,206.31,186,150.97,0
1930,290.76,106,37.81,191,9,10,145.56,146,373.44,1
1931,360.31,33,18.91,219,9,0,239.78,451,361.06,1
1932,500.25,79,32.46,171,5,7,423.65,543,450.13,1
1933,286.36,57,70.0,194,0,2,717.92,227,100.0,1
1934,321.49,53,22.84,243,21,1,476.56,465,419.89,1
1935,379.71,67,18.89,184,7,6,557.03,186,482.63,1
1936,477.09,1,11.74,0,23,4,459.58,317,312.07,0
1937,597.16,98,65.37,243,1,7,999.0,399,353.78,1
1938,398.18,81,36.64,298,11,7,284.46,416,366.97,1
1939,662.99,1,31.14,99,2,2,332.26,152,464.87,0
1940,190.1,43,4.94,76,13,0,230.51,275,102.44,0
1941,40.9,26,6.26,75,10,0,61.3,298,136.55,0
1942,544.82,81,15.3,150,13,3,331.58,176,500.0,1
1943,621.5,67,42.12,170,0,8,553.12,174,239.7,1
1944,545.35,41,19.59,308,9,0,287.52,525,231.41,1
1945,609.9,58,45.16,176,8,9,357.12,417,276.4,1
1946,175.11,62,5.31,66,13,0,125.54,0,132.42,0
1947,269.64,38,17.01,52,10,0,468.53,299,286.7,0
1948,156.15,52,17.22,172,3,3,441.64,426,292.74,0
1949,136.53,63,53.75,120,5,4,315.6,0,100.0,0
1950,482.47,10,15.97,74,14,6,207.74,279,206.34,0
1951,44.93,46,12.43,169,30,2,52.59,114,206.22,0
1952,987.68,4,35.71,0,9,4,559.0,483,405.3,1
1953,712.94,96,49.49,143,9,1,195.65,332,288.93,1
1954,768.91,66,14.85,301,4,8,707.83,366,500.0,2
1955,504.99,61,25.53,76,14,3,797.45,377,500.0,1
1956,909.21,75,17.27,191,4,1,195.75,372,100.0,1
1957,723.22,24,14.14,128,18,5,101.41,163,287.94,0
1958,77.06,108,23.42,137,4,0,503.44,445,340.93,1
1959,691.47,47,15.65,0,13,4,378.49,233,229.7,1
1960,307.1,44,12.03,39,24,4,190.42,188,100.0,0
1961,187.52,28,17.35,74,13,7,196.93,236,150.21,0
1962,236.41,49,8.69,314,6,6,309.02,142,358.43,1
1963,420.83,55,13.12,0,8,2,103.52,410,443.14,0
1964,497.28,68,70.0,29,13,5,353.21,492,396.52,1
1965,224.09,53,47.67,160,17,3,156.53,381,330.14,1
1966,342.2,17,9.17,103,1,2,224.03,139,101.08,0
1967,547.82,33,20.02,161,16,1,143.48,318,100.0,0
1968,213.79,3,33.59,205,18,1,95.44,278,126.62,0
1969,261.7,40,44.33,84,10,5,135.05,273,117.56,0
1970,544.07,59,27.59,29,21,6,62.62,387,160.15,0
1971,265.8,76,28.27,127,16,0,540.31,645,398.79,1
1972,57.17,17,23.91,38,2,0,94.93,332,263.92,0
1973,381.62,108,20.67,97,7,2,822.49,524,152.24,1
1974,283.34,15,13.88,72,15,0,220.68,222,240.69,0
1975,580.28,93,7.91,207,0,7,151.42,388,432.39,1
1976,265.62,8,19.64,202,25,0,89.2,170,100.0,0
1977,252.83,35,70.0,47,11,3,398.6,225,333.91,0
1978,177.52,60,28.61,113,5,0,656.49,90,163.73,1
1979,223.66,86,19.44,209,8,2,511.96,464,355.7,1
1980,401.79,78,9.65,0,0,5,45.0,335,175.68,0
1981,199.62,44,29.71,349,0,9,338.68,131,314.67,1
1982,638.35,80,33.3,190,15,0,731.5,648,420.93,1
1983,987.68,72,17.88,128,14,4,733.06,389,500.0,1
1984,58.87,70,32.76,74,6,4,254.51,147,351.09,0
1985,230.16,14,13.05,181,3,3,182.44,100,487.1,0
1986,728.31,28,29.91,101,0,5,619.7,487,334.52,1
1987,229.58,43,12.29,195,0,2,548.84,339,500.0,1
1988,61.69,47,10.44,89,2,0,414.5,413,483.87,0
1989,395.66,104,2.53,171,4,2,316.87,24,316.45,1
1990,177.55,32,10.97,245,15,0,307.03,495,364.64,1
1991,130.78,20,12.07,74,30,6,432.26,338,415.83,0
1992,383.02,108,68.3,98,3,2,914.56,415,472.57,1
1993,243.56,26,42.38,116,0,2,108.33,307,231.6,0
1994,402.84,46,19.87,168,0,6,591.72,362,482.23,1
1995,572.36,14,41.87,166,0,0,203.49,224,285.15,1
1996,397.06,93,70.0,246,8,8,999.0,465,372.68,2
1997,186.79,11,40.77,231,11,3,229.07,41,181.5,0
1998,315.83,55,22.79,86,17,3,228.18,13,248.57,0
1999,258.82,63,18.34,29,10,1,146.81,60,139.96,0
2000,273.72,66,47.35,165,20,0,293.87,263,395.58,0
2001,370.4,30,19.52,129,13,2,407.12,494,183.79,0
2002,564.06,106,32.19,123,19,1,326.75,287,460.37,1
2003,88.79,9,6.33,164,15,0,173.97,106,149.17,0
2004,694.04,75,33.47,178,3,2,122.29,364,314.2,0
2005,660.84,46,20.52,237,2,0,354.16,208,188.45,1
2006,55.29,37,9.1,74,0,3,106.85,81,342.9,0
2007,485.24,37,62.89,305,0,10,204.97,157,473.99,1
2008,312.07,74,17.08,235,14,0,112.97,244,360.08,0
2009,428.67,82,31.29,55,4,0,559.17,410,265.61,1
2010,615.16,70,20.33,159,21,2,507.64,87,164.56,0
2011,99.17,84,21.63,57,26,4,326.13,216,350.61,0
2012,243.26,33,42.55,174,0,6,390.9,237,195.31,1
2013,376.56,12,14.94,35,23,2,360.22,74,310.28,0
2014,794.37,93,30.83,156,13,0,731.15,240,188.76,1
2015,197.11,41,32.14,92,16,0,103.3,208,212.47,0
2016,217.49,2,12.5,173,26,0,72.6,258,103.07,0
2017,545.64,62,36.77,265,7,1,287.53,242,252.42,1
2018,209.72,31,8.43,0,13,2,50.9,144,205.97,0
2019,175.68,63,70.0,66,12,0,427.36,433,500.0,1
2020,285.6,91,21.01,400,16,8,564.7,683,323.22,2
2021,692.68,106,59.86,23,3,2,323.79,372,500.0,1
2022,601.16,44,35.24,236,3,0,230.15,164,460.48,1
2023,129.73,33,21.21,0,14,1,490.37,397,143.8,0
2024,163.12,52,6.2,3,15,0,514.32,203,260.06,0
2025,189.21,28,23.74,73,14,2,110.51,217,391.06,0
2026,360.79,60,70.0,101,5,4,571.49,429,345.14,1
2027,613.1,110,53.21,335,7,8,833.22,605,220.05,2
2028,278.74,38,13.73,114,14,1,154.01,279,180.4,0
2029,606.47,24,16.4,235,13,1,331.61,434,243.14,1
2030,645.57,1,17.93,34,4,1,302.98,101,125.04,0
2031,344.15,25,61.49,258,5,0,153.17,318,382.45,1
2032,774.33,53,33.12,0,0,5,222.5,589,436.96,1
2033,532.91,120,51.49,146,1,4,999.0,627,344.31,2
2034,329.49,78,20.9,190,14,4,577.66,222,260.65,1
2035,114.29,3,42.36,84,23,6,325.28,95,256.43,0
2036,286.9,83,22.82,0,8,3,163.83,466,358.96,0
2037,348.47,24,8.08,141,1,0,309.79,296,388.77,0
2038,441.69,67,8.73,85,8,1,113.9,455,320.43,0
2039,76.66,19,6.16,36,20,0,361.95,477,224.4,0
2040,789.59,28,28.79,169,6,8,418.45,381,298.87,1
2041,391.67,19,17.53,147,0,0,279.53,49,340.77,1
2042,194.76,77,22.57,172,20,4,560.73,129,100.0,1
2043,610.37,35,12.24,114,24,6,113.38,386,163.46,0
2044,197.43,50,42.6,105,4,7,203.4,47,225.23,1
2045,321.12,46,41.1,66,10,0,204.91,295,464.34,1
2046,128.48,49,5.51,134,4,2,301.23,625,303.42,0
2047,326.45,66,24.95,282,7,6,127.28,388,267.26,1
2048,323.99,79,21.57,20,8,2,511.62,596,186.51,1
2049,437.44,28,46.98,111,6,1,231.51,341,202.4,0
2050,581.49,47,32.3,353,10,5,448.33,268,339.97,1
2051,184.43,61,45.7,77,10,3,128.94,491,349.03,1
2052,76.07,37,51.7,20,11,0,218.25,351,100.0,0
2053,298.86,120,11.82,220,0,6,423.06,306,417.91,1
2054,348.95,47,34.19,150,4,4,423.62,473,302.27,1
2055,526.31,88,15.63,170,0,5,433.67,621,448.6,1
2056,464.22,9,59.35,92,5,6,270.71,564,200.2,1
2057,67.42,40,25.09,49,25,5,324.99,17,271.86,0
2058,612.79,87,43.4,219,0,3,743.64,458,395.21,1
2059,605.02,79,32.44,159,0,4,331.19,363,313.09,1
2060,78.02,43,18.09,217,24,1,466.69,0,100.0,0
2061,377.77,18,36.25,100,14,4,513.17,296,487.43,1
2062,153.84,86,26.93,105,5,7,574.02,124,292.54,1
2063,380.65,36,70.0,111,3,2,389.35,406,307.96,1
2064,53.33,31,34.18,225,11,0,154.0,415,162.21,0
2065,403.74,84,34.02,231,0,4,580.39,764,473.14,1
2066,506.82,64,23.78,0,22,0,71.09,225,166.04,0
2067,633.03,30,19.97,145,2,0,303.03,142,232.11,0
2068,143.32,63,43.3,255,12,5,493.92,239,322.99,0
2069,284.21,31,47.0,211,7,3,324.71,315,189.96,0
2070,754.27,27,28.5,156,0,3,715.43,415,421.13,1
2071,987.68,33,21.11,208,4,6,434.48,366,334.5,1
2072,274.37,45,19.58,126,13,0,254.96,163,259.79,0
2073,18.27,30,25.48,367,7,5,224.13,466,296.95,1
2074,165.59,97,17.15,272,2,1,872.23,456,341.08,1
2075,257.84,57,30.76,71,7,6,763.91,448,183.46,1
2076,386.49,8,61.76,155,23,2,91.09,225,141.61,0
2077,312.79,67,66.35,165,3,3,256.42,307,407.11,1
2078,807.61,69,70.0,190,9,7,479.81,800,362.6,2
2079,924.28,83,65.17,71,10,2,786.56,326,252.9,1
2080,342.61,8,16.06,195,13,1,242.76,376,100.0,0
2081,101.13,33,10.37,47,0,2,532.79,53,129.72,0
2082,610.97,29,36.86,68,22,0,774.16,286,237.54,1
2083,378.45,33,37.26,215,0,4,189.16,344,263.33,1
2084,265.45,76,36.64,151,5,4,479.71,438,176.4,1
2085,881.29,80,41.84,22,1,1,142.92,153,157.31,1
2086,348.25,78,24.49,53,9,0,226.61,234,381.84,0
2087,348.68,39,13.38,212,4,1,348.66,559,228.19,1
2088,292.04,82,23.54,135,8,1,244.26,289,366.37,1
2089,403.04,12,4.38,74,6,3,298.79,221,429.88,0
2090,553.41,28,33.49,232,9,1,601.51,317,435.25,1
2091,436.16,66,39.76,368,0,8,443.91,800,347.0,2
2092,184.65,76,27.48,158,11,3,119.28,136,360.21,0
2093,987.68,61,26.94,214,12,4,312.5,429,467.04,1
2094,124.84,78,28.19,165,1,5,146.05,211,100.0,0
2095,489.03,57,70.0,148,10,5,388.21,361,288.44,1
2096,645.97,43,39.02,196,16,3,152.19,642,425.93,1
2097,426.66,74,36.79,160,5,4,999.0,370,201.97,1
2098,540.98,61,42.82,43,14,2,37.54,320,500.0,1
2099,338.54,8,9.28,128,0,4,397.05,264,500.0,0
2100,601.17,62,47.59,163,8,2,753.95,447,195.04,1
2101,482.5,72,36.11,227,19,4,619.39,470,280.84,1
2102,439.24,78,12.04,0,4,4,490.9,446,396.97,0
2103,208.82,44,22.96,192,16,3,303.8,547,494.43,1
2104,741.03,77,17.36,171,0,8,475.23,592,439.93,1
2105,363.58,13,12.54,115,11,1,537.6,418,288.37,0
2106,628.67,86,12.36,203,7,1,294.34,306,261.15,1
2107,391.4,94,28.8,245,13,4,360.59,440,223.62,1
2108,303.36,42,6.15,195,16,5,90.98,388,212.52,0
2109,407.47,45,37.37,191,1,3,883.83,443,453.56,2
2110,209.89,59,23.64,98,12,3,16.39,199,427.55,0
2111,74.29,63,7.42,187,18,2,344.16,342,285.32,0
2112,88.13,40,40.74,110,19,1,344.6,280,121.73,0
2113,892.56,49,14.93,203,0,4,765.23,441,500.0,1
2114,235.39,113,24.41,119,13,7,707.53,341,454.56,1
2115,314.14,39,7.33,0,13,4,351.77,379,148.48,0
2116,413.39,12,9.47,97,0,2,136.73,369,100.0,0
2117,507.82,17,27.8,61,1,2,608.62,148,437.75,1
2118,108.22,32,8.46,121,24,1,291.92,350,325.71,0
2119,489.33,49,62.79,269,6,2,592.2,364,258.52,1
2120,129.75,52,18.45,121,5,0,773.83,353,120.88,1
2121,283.69,56,24.65,41,19,3,562.07,241,351.86,1
2122,928.46,116,70.0,72,3,2,663.54,691,370.63,2
2123,84.47,20,3.45,30,0,5,264.96,300,432.24,0
2124,734.15,95,51.75,182,0,4,782.46,472,375.37,2
2125,407.6,86,11.48,78,3,5,851.19,725,312.34,1
2126,689.85,40,38.22,255,8,1,445.38,477,270.48,1
2127,331.1,24,12.56,38,3,0,158.95,391,415.23,0
2128,758.56,84,63.02,306,21,3,316.5,308,475.56,1
2129,162.28,53,21.49,43,28,3,206.71,311,100.08,0
2130,369.24,64,18.88,65,5,0,221.94,358,222.14,0
2131,201.12,48,14.77,48,17,2,586.97,117,318.29,0
2132,843.41,12,8.19,308,6,0,707.66,494,247.16,1
2133,162.61,56,43.64,75,9,5,274.67,535,230.26,1
2134,633.05,12,17.84,50,13,4,909.93,439,404.0,1
2135,639.73,29,37.24,10,13,4,548.91,321,236.29,1
2136,408.97,65,11.0,190,23,0,461.46,202,330.27,0
2137,866.11,50,30.35,290,18,4,284.48,414,305.5,1
2138,435.9,47,7.39,119,14,1,411.1,216,348.04,0
2139,144.15,85,43.15,262,2,6,781.76,527,152.95,1
2140,593.32,46,37.4,305,12,2,988.4,592,326.26,1
2141,335.85,64,53.52,4,10,7,999.0,479,393.85,1
2142,232.88,46,20.85,82,0,6,480.39,57,300.27,1
2143,36.33,53,12.59,87,4,2,95.41,41,100.0,0
2144,480.32,39,36.49,251,9,5,631.64,189,500.0,1
2145,177.02,99,17.48,116,3,6,322.08,488,293.69,1
2146,446.67,66,41.9,251,1,4,235.63,278,500.0,1
2147,526.75,55,40.05,220,6,0,81.8,319,186.34,0
2148,105.83,66,54.64,102,4,5,267.53,67,325.43,1
2149,288.0,96,37.27,37,2,1,426.43,462,360.61,1
2150,392.12,48,49.55,148,0,5,239.71,127,262.82,0
2151,427.79,58,51.6,180,5,0,100.94,297,136.15,0
2152,278.96,31,28.34,108,16,6,120.61,533,500.0,1
2153,465.69,82,39.19,323,2,0,752.25,354,138.97,1
2154,439.19,47,22.65,28,30,3,350.72,552,395.65,0
2155,325.57,41,6.24,47,23,0,311.88,318,339.32,0
2156,287.99,19,24.71,0,6,4,161.79,100,204.52,0
2157,342.14,38,23.08,155,18,1,17.06,347,235.37,0
2158,64.08,43,33.45,96,13,3,677.02,457,490.09,1
2159,230.49,55,70.0,73,20,5,671.85,394,195.38,1
2160,576.32,75,22.6,193,5,6,387.97,231,421.92,1
2161,417.38,73,57.63,150,15,5,312.53,382,242.0,1
2162,299.27,72,38.06,55,0,5,307.52,278,223.55,0
2163,506.59,77,30.61,141,9,5,167.17,559,124.84,1
2164,277.36,76,54.59,237,5,5,212.77,378,158.88,1
2165,540.61,61,66.63,249,0,2,999.0,548,349.81,2
2166,495.85,93,21.89,187,15,6,345.91,353,279.39,1
2167,111.49,26,23.91,32,0,0,112.03,328,100.0,0
2168,608.6,59,16.42,49,17,8,281.46,401,153.4,1
2169,387.29,27,37.89,87,14,4,133.73,157,172.81,0
2170,490.01,53,26.49,291,4,1,516.63,228,233.05,1
2171,587.87,87,2.9,49,2,5,86.77,160,375.43,0
2172,137.9,58,37.89,95,12,0,535.07,100,178.61,0
2173,416.35,55,70.0,237,0,7,254.7,5,374.22,1
2174,307.27,1,13.01,66,0,0,402.06,226,251.31,0
2175,548.87,71,69.05,152,10,5,332.02,235,251.71,1
2176,308.82,43,28.28,52,0,5,388.41,510,210.91,0
2177,661.3,81,43.34,336,11,0,999.0,271,467.17,1
2178,621.18,89,32.07,110,15,4,364.6,543,398.77,1
2179,646.81,66,12.86,219,0,5,146.78,342,500.0,1
2180,70.1,81,41.38,128,21,4,312.99,334,104.05,0
2181,330.26,19,6.59,165,30,0,157.52,126,176.68,0
2182,379.55,42,14.76,82,0,1,291.04,269,303.62,0
2183,41.84,33,26.88,0,17,2,81.44,386,340.49,0
2184,724.34,38,11.04,124,12,0,697.48,318,378.73,1
2185,987.68,75,19.89,225,2,10,580.94,452,293.82,1
2186,356.64,20,33.16,294,11,2,212.97,343,271.51,1
2187,315.02,59,14.68,136,1,0,248.36,621,235.29,1
2188,291.03,37,37.78,90,18,2,776.16,103,500.0,1
2189,320.11,48,15.54,145,9,3,806.48,170,500.0,1
2190,263.59,16,7.13,157,7,1,256.65,412,294.46,0
2191,201.16,65,26.24,97,0,5,217.93,326,284.67,1
2192,343.58,83,47.93,114,7,7,619.98,487,335.27,1
2193,607.58,59,12.4,350,0,5,268.09,678,376.75,1
2194,541.78,26,17.83,204,1,3,185.17,391,379.97,0
2195,249.42,50,10.79,129,19,0,217.31,355,212.05,0
2196,386.57,51,52.28,237,11,6,995.76,521,500.0,1
2197,234.9,50,24.07,121,14,5,830.79,96,289.69,1
2198,621.23,79,70.0,85,0,3,541.57,290,235.63,1
2199,201.43,37,26.53,216,6,3,266.19,408,431.82,0
2200,987.68,90,70.0,215,4,9,999.0,476,360.58,2
2201,171.74,61,8.8,240,12,2,447.71,340,500.0,0
2202,406.58,8,21.12,14,22,3,70.8,352,258.75,0
2203,201.63,70,17.96,160,10,3,156.07,349,281.89,0
2204,485.98,41,24.33,0,17,3,186.51,349,406.56,1
2205,664.62,89,23.46,83,4,6,76.99,406,336.17,1
2206,268.42,41,42.99,21,15,0,153.28,193,242.75,0
2207,563.11,56,38.16,227,8,3,258.97,96,406.82,1
2208,215.83,25,44.06,3,5,3,337.13,281,218.9,0
2209,127.16,56,16.01,140,13,0,333.35,298,500.0,1
2210,107.68,39,20.14,196,13,3,408.07,125,500.0,1
2211,524.52,120,70.0,82,5,8,169.21,394,126.24,1
2212,276.0,65,23.82,147,2,0,431.7,118,193.7,0
2213,938.68,91,42.85,400,4,9,999.0,675,447.43,2
2214,535.1,61,20.2,186,5,3,155.26,370,392.26,1
2215,404.42,62,21.64,159,28,4,503.49,181,331.16,0
2216,602.2,67,57.2,277,6,8,385.69,263,500.0,1
2217,89.12,51,5.72,0,9,3,80.53,149,120.81,0
2218,910.13,75,67.07,133,4,5,371.94,253,258.82,1
2219,227.76,60,13.91,12,21,1,166.68,390,239.07,0
2220,701.26,59,45.1,151,0,8,343.27,432,365.52,1
2221,596.57,49,37.0,316,0,1,367.79,208,439.53,1
2222,170.79,51,18.99,41,0,1,385.33,450,152.21,0
2223,291.64,15,11.49,158,0,1,147.08,278,236.5,0
2224,54.13,53,24.6,119,20,3,307.26,335,140.44,0
2225,261.34,62,7.41,168,12,3,132.04,360,370.13,1
2226,65.56,67,20.26,0,15,0,159.69,492,221.06,0
2227,276.9,114,50.87,260,12,7,863.84,285,185.96,1
2228,447.73,33,38.39,94,5,2,470.11,268,209.13,0
2229,188.4,5,27.97,31,9,7,377.57,382,128.63,0
2230,895.63,32,41.89,186,6,6,217.03,318,363.76,1
2231,524.87,15,21.99,46,13,1,413.77,334,119.27,0
2232,510.42,38,12.92,103,20,6,565.63,358,371.37,1
2233,924.14,81,16.26,129,2,8,252.09,395,389.14,1
2234,533.01,102,57.87,12,12,5,451.0,144,229.06,1
2235,292.99,59,52.74,267,4,6,410.65,483,239.73,1
2236,421.23,60,59.47,8,20,2,328.58,496,393.08,1
2237,528.01,21,44.04,129,8,4,325.5,224,255.8,0
2238,280.5,54,12.45,223,9,2,156.87,144,272.3,0
2239,448.12,3,61.35,220,5,0,233.69,262,300.19,0
2240,413.56,41,55.2,376,0,6,399.12,436,192.66,1
2241,203.61,11,5.88,6,6,6,86.6,176,272.91,0
2242,119.11,108,26.92,227,10,3,609.73,507,235.68,1
2243,211.65,51,70.0,300,0,3,999.0,687,214.73,2
2244,231.94,43,18.13,264,5,4,485.23,395,345.36,1
2245,454.14,91,18.74,2,3,2,644.65,626,462.47,1
2246,284.68,4,23.38,96,1,6,306.42,0,100.0,0
2247,709.73,63,20.55,308,12,6,295.11,361,226.26,1
2248,253.87,107,57.01,103,22,3,325.91,358,275.39,1
2249,148.15,44,10.41,106,10,2,66.49,279,183.79,0
2250,426.11,18,60.75,299,12,1,501.86,95,186.97,0
2251,576.43,69,55.55,51,9,1,453.21,473,500.0,1
2252,703.22,51,28.55,98,3,5,874.05,275,246.66,1
2253,370.22,73,39.11,100,11,5,648.97,170,487.93,1
2254,379.25,46,22.09,174,9,4,577.31,391,399.83,1
2255,747.03,42,34.15,222,0,4,746.49,448,401.23,1
2256,589.36,81,63.67,52,10,1,103.45,504,464.8,1
2257,564.53,38,17.42,53,3,1,232.56,322,100.0,0
2258,570.2,19,28.35,61,14,4,308.36,267,287.46,0
2259,161.46,37,58.83,110,18,4,323.09,215,152.58,0
2260,403.63,106,27.78,153,11,5,456.29,429,309.8,1
2261,256.68,73,39.84,43,20,5,654.63,298,423.67,1
2262,294.68,54,28.54,110,3,0,685.9,374,200.49,1
2263,352.92,39,30.82,73,7,3,288.91,0,328.35,0
2264,261.81,72,61.55,138,0,9,685.71,93,359.57,1
2265,866.68,20,53.26,230,0,0,457.24,432,166.04,1
2266,871.64,27,35.55,146,15,7,181.44,223,494.01,1
2267,323.13,52,70.0,99,17,8,711.33,304,500.0,1
2268,60.73,56,44.1,154,13,3,96.07,196,438.31,0
2269,467.64,23,34.23,227,5,6,428.83,338,285.03,1
2270,165.91,31,45.8,194,6,1,423.65,382,417.69,0
2271,564.34,30,10.6,35,13,0,42.8,385,211.86,0
2272,960.54,103,59.52,191,0,4,614.63,435,357.19,1
2273,281.88,34,18.99,281,7,4,465.41,394,307.75,1
2274,233.13,94,23.64,134,5,9,999.0,268,378.55,2
2275,478.66,59,36.91,159,0,4,418.76,478,191.41,1
2276,639.02,47,8.17,29,17,4,801.92,288,200.32,1
2277,263.04,81,39.46,136,15,6,673.96,618,351.45,1
2278,249.56,109,12.04,167,2,0,117.05,599,366.33,1
2279,318.37,30,38.58,181,30,0,108.23,312,222.8,0
2280,354.8,25,38.5,183,14,0,211.94,245,147.67,0
2281,253.57,1,19.05,99,5,0,120.28,105,242.53,0
2282,266.23,61,30.84,149,0,4,206.36,584,346.31,1
2283,548.23,1,37.29,78,14,2,86.31,536,346.33,0
2284,488.78,1,23.35,49,18,3,33.37,215,100.0,0
2285,97.69,19,13.03,174,17,0,44.47,161,293.47,0
2286,987.68,97,21.72,316,0,2,999.0,800,293.75,2
2287,288.75,7,14.73,126,20,4,217.69,0,229.01,0
2288,234.25,67,19.85,267,10,6,237.83,523,177.79,1
2289,473.97,43,4.79,92,19,6,110.06,587,100.0,0
2290,896.93,55,51.31,242,8,2,326.3,532,145.49,1
2291,176.35,82,19.04,0,16,0,33.59,330,228.72,0
2292,307.79,37,40.62,59,11,0,232.95,322,100.0,0
2293,734.57,103,37.84,269,11,2,195.64,731,100.0,1
2294,511.83,60,27.73,0,0,0,416.71,338,371.04,0
2295,203.53,17,30.27,60,0,1,346.99,192,123.9,0
2296,349.97,49,32.07,67,21,1,151.15,276,236.19,0
2297,74.89,58,28.14,0,16,0,211.78,138,283.43,0
2298,121.8,8,4.61,248,21,0,183.53,321,269.92,0
2299,193.54,10,13.14,32,10,1,307.15,197,258.02,0
2300,298.73,3,23.1,14,0,2,885.95,180,219.54,1
2301,471.84,37,70.0,326,0,3,501.91,87,146.38,1
2302,532.06,113,70.0,260,0,4,544.83,367,250.67,1
2303,350.12,47,24.49,78,20,4,101.14,327,269.59,0
2304,228.61,58,26.32,151,6,4,718.88,585,180.76,1
2305,77.98,66,19.59,100,20,5,216.19,256,384.58,0
2306,432.79,1,41.59,57,14,0,410.99,415,100.0,0
2307,119.65,35,28.92,209,9,5,372.59,639,281.22,1
2308,116.23,19,14.74,172,13,2,137.4,196,269.44,0
2309,48.41,80,25.07,0,9,8,296.09,107,338.15,0
2310,471.53,94,32.55,182,15,5,974.53,541,378.96,1
2311,164.68,68,41.29,53,1,4,833.45,373,404.26,1
2312,962.11,32,12.47,110,4,1,709.5,330,153.82,1
2313,251.69,93,34.55,237,8,7,313.5,477,283.89,1
2314,512.15,65,44.21,108,0,6,287.4,520,425.79,2
2315,153.04,12,37.68,219,23,2,482.15,242,145.35,0
2316,85.37,48,10.27,186,0,3,201.47,407,134.58,0
2317,521.88,14,35.33,63,23,0,249.88,99,266.2,0
2318,208.78,1,34.23,4,13,2,277.89,446,362.59,0
2319,371.83,73,12.63,179,23,1,112.81,203,335.45,0
2320,739.25,72,22.24,323,0,8,728.59,291,252.73,1
2321,724.69,21,53.12,79,13,4,602.94,387,356.21,1
2322,314.66,85,2.82,208,14,8,53.2,277,394.95,1
2323,433.07,4,41.31,168,24,1,349.27,236,317.68,0
2324,215.69,46,22.49,262,6,4,542.04,406,473.19,1
2325,794.56,66,54.29,170,5,2,832.54,624,340.92,2
2326,300.05,71,43.04,339,8,2,253.55,415,500.0,1
2327,88.27,53,29.79,266,8,2,322.89,346,253.85,0
2328,878.62,18,37.98,288,8,7,575.85,432,301.0,1
2329,658.39,40,16.96,164,26,1,161.28,373,112.23,0
2330,347.28,34,61.68,108,11,5,452.44,446,121.92,0
2331,160.02,66,14.75,40,8,3,288.16,393,227.84,0
2332,443.66,87,67.97,121,6,1,654.55,412,310.48,1
2333,805.89,72,41.43,65,18,6,999.0,303,275.13,1
2334,202.41,37,9.92,129,0,0,283.27,294,100.0,0
2335,366.6,34,24.48,180,0,0,489.57,205,100.0,0
2336,437.76,18,28.12,40,12,0,548.32,564,286.04,1
2337,204.9,4,8.27,11,17,6,89.79,511,221.91,0
2338,119.78,46,11.47,208,20,0,97.65,74,323.64,0
2339,62.38,41,12.83,112,17,2,186.18,11,419.31,0
2340,307.67,111,55.14,107,0,5,683.34,578,500.0,1
2341,209.65,17,30.64,87,13,0,123.64,121,192.85,0
2342,448.37,7,11.84,98,17,0,85.16,486,232.34,0
2343,545.01,72,63.39,107,10,6,206.11,179,379.04,0
2344,987.68,57,9.79,144,9,3,540.91,461,269.51,1
2345,371.79,38,70.0,339,11,1,416.45,561,373.22,1
2346,987.68,110,10.09,106,0,8,279.06,322,500.0,1
2347,72.76,1,6.74,186,14,0,72.87,270,100.0,0
2348,653.26,31,56.3,0,4,0,251.49,237,324.78,1
2349,194.53,13,32.3,26,27,0,333.34,0,155.49,0
2350,738.96,55,33.83,225,7,2,460.23,168,330.83,1
2351,530.47,51,67.08,400,9,6,387.26,613,403.32,1
2352,660.24,47,18.11,233,0,4,406.18,462,177.06,1
2353,717.58,66,36.21,165,9,4,518.34,261,319.08,1
2354,133.3,73,27.48,144,2,0,574.81,454,322.11,1
2355,319.21,34,27.96,137,11,2,257.32,488,181.92,0
2356,484.1,65,25.24,177,2,4,446.59,677,180.75,1
2357,213.69,85,12.67,56,0,3,352.31,231,306.84,0
2358,680.47,88,45.79,160,15,0,512.94,233,232.44,1
2359,426.61,51,39.22,177,13,5,77.17,259,214.76,0
2360,281.64,65,4.63,70,19,0,204.16,439,278.02,0
2361,21.06,24,37.0,0,22,1,135.15,21,320.07,0
2362,197.9,8,39.38,161,20,0,208.63,130,100.0,0
2363,610.46,60,27.61,134,0,0,243.46,240,424.36,1
2364,673.29,84,70.0,229,17,8,203.84,361,106.04,1
2365,272.74,31,11.91,20,15,0,214.01,178,412.82,0
2366,195.23,42,20.94,0,12,0,363.37,289,429.67,0
2367,236.87,81,22.35,56,4,3,161.56,344,371.2,1
2368,281.29,25,35.96,0,0,5,263.52,31,332.91,0
2369,379.54,71,26.48,204,15,2,500.91,596,500.0,1
2370,544.63,26,21.02,315,6,3,391.24,201,401.45,1
2371,416.09,77,34.99,290,0,4,453.8,406,195.16,1
2372,193.32,101,63.29,51,14,6,652.78,392,500.0,1
2373,90.79,46,42.7,212,0,7,315.55,455,258.96,0
2374,472.72,80,32.85,202,0,1,255.64,201,350.12,1
2375,455.1,21,24.92,108,0,3,132.93,173,138.05,0
2376,208.47,35,9.39,22,1,5,83.26,100,127.97,0
2377,431.27,22,28.07,222,20,5,206.21,482,300.58,1
2378,161.23,44,46.63,0,13,0,216.63,524,234.15,0
2379,48.71,47,24.36,173,21,1,342.27,295,435.33,1
2380,281.69,37,24.98,72,14,0,316.91,372,262.26,1
2381,574.66,40,18.3,185,7,7,229.64,378,493.13,1
2382,498.78,58,38.34,94,11,3,793.44,215,342.35,1
2383,356.08,66,23.78,247,18,0,518.03,220,319.05,0
2384,405.53,48,52.58,0,23,1,279.75,40,150.89,0
2385,511.29,39,37.38,151,8,5,537.54,476,500.0,1
2386,110.59,52,31.83,29,13,1,124.45,120,134.77,0
2387,238.61,82,32.33,304,9,5,354.43,538,217.5,1
2388,218.26,27,22.43,196,18,5,334.85,438,127.85,1
2389,662.44,60,10.76,218,7,3,448.09,493,453.73,1
2390,137.43,8,29.91,79,10,3,197.08,42,120.86,0
2391,157.56,27,18.07,153,11,0,489.86,349,100.0,0
2392,399.73,19,9.37,34,11,2,344.44,124,104.82,0
2393,158.27,16,6.43,226,19,0,400.45,299,130.03,0
2394,632.76,28,45.61,164,0,4,375.49,183,317.19,1
2395,132.17,63,17.44,73,0,3,96.78,191,359.25,0
2396,286.4,33,41.65,75,25,4,95.83,401,263.89,0
2397,101.49,40,32.81,46,26,0,199.78,283,409.54,0
2398,200.15,78,69.4,115,12,5,716.06,402,395.64,1
2399,561.8,82,47.47,297,11,4,535.57,425,326.99,1
2400,246.14,31,19.91,43,0,2,385.19,143,197.3,0
2401,420.49,58,13.06,97,8,1,90.7,350,139.8,0
2402,59.67,36,31.5,186,0,1,51.56,426,240.28,0
2403,301.3,7,27.16,97,9,0,68.52,300,243.15,0
2404,567.03,39,40.33,235,16,2,999.0,402,269.82,1
2405,898.65,87,52.18,239,0,9,627.73,435,408.09,1
2406,240.27,57,50.79,202,12,1,241.96,244,413.54,0
2407,146.74,70,51.31,192,15,3,227.8,643,205.05,0
2408,371.76,73,23.65,394,0,10,999.0,800,500.0,2
2409,374.58,50,26.03,68,0,3,369.25,243,244.59,1
2410,987.68,47,23.68,157,7,5,391.91,279,219.77,1
2411,179.19,1,56.78,20,20,6,55.02,332,217.83,0
2412,296.56,71,54.4,234,5,5,784.49,568,288.22,1
2413,635.95,39,9.29,158,9,3,108.78,122,100.0,0
2414,276.05,46,17.11,250,7,2,324.23,298,203.59,1
2415,590.84,103,55.41,69,8,7,289.1,504,500.0,2
2416,694.59,23,16.08,68,21,0,44.16,141,361.0,0
2417,345.99,1,25.19,154,0,3,270.32,153,194.19,0
2418,275.9,57,17.23,25,9,2,493.28,270,259.25,0
2419,357.65,36,31.03,145,0,2,246.37,0,301.46,0
2420,539.03,7,30.27,224,11,5,222.88,269,100.0,0
2421,557.84,21,21.66,90,17,1,384.24,74,348.61,0
2422,260.21,37,65.2,313,17,1,474.57,274,481.34,1
2423,449.76,39,43.22,260,8,3,300.48,349,408.49,1
2424,0.0,79,39.84,165,0,1,48.4,398,288.31,0
2425,671.18,69,0.0,216,8,2,90.23,449,121.96,1
2426,155.28,7,31.62,0,15,0,302.44,0,500.0,0
2427,987.68,51,41.6,381,8,9,999.0,770,500.0,2
2428,554.07,41,45.4,159,25,0,46.39,277,311.22,0
2429,168.27,86,34.85,244,2,4,572.12,499,500.0,1
2430,464.95,37,35.6,0,13,4,166.99,162,222.5,1
2431,781.5,36,22.98,255,6,5,187.49,273,255.49,1
2432,828.41,120,39.4,198,5,7,803.01,688,288.48,2
2433,319.9,52,25.5,106,23,2,665.78,377,152.87,0
2434,532.04,83,31.38,307,1,3,999.0,664,500.0,2
2435,206.34,13,7.0,60,16,0,264.49,224,385.84,0
2436,162.32,1,44.09,269,7,1,88.58,386,500.0,0
2437,94.3,47,6.06,25,23,3,79.1,126,149.2,0
2438,297.9,94,52.3,80,16,1,406.05,408,254.91,1
2439,228.94,20,15.01,197,9,1,445.63,304,329.26,0
2440,256.64,86,70.0,327,11,0,318.87,292,216.89,1
2441,462.06,79,58.34,160,4,6,317.0,441,500.0,1
2442,153.16,82,70.0,230,5,6,210.42,347,254.65,1
2443,914.53,62,11.1,188,1,1,754.65,487,247.78,1
2444,127.96,26,24.16,106,28,2,591.51,342,418.16,0
2445,575.78,41,34.02,241,29,0,443.35,269,202.06,0
2446,316.98,1,15.28,60,15,2,446.17,194,346.03,0
2447,265.24,34,8.77,218,19,2,328.2,241,500.0,0
2448,414.62,20,2.66,178,18,3,151.82,370,357.82,0
2449,118.29,1,33.01,169,7,4,130.96,538,222.43,0
2450,304.32,65,5.92,0,16,4,95.52,454,236.62,0
2451,592.13,86,22.07,169,6,8,952.0,378,389.99,2
2452,705.62,8,29.9,91,15,3,500.34,316,459.54,1
2453,544.56,78,31.35,120,7,2,325.66,255,297.6,0
2454,593.68,70,70.0,252,8,3,610.03,131,237.48,1
2455,416.45,42,25.59,224,1,1,518.91,342,365.41,0
2456,368.91,10,48.22,65,10,1,142.55,326,278.99,0
2457,293.81,60,40.1,388,3,2,465.27,465,500.0,1
2458,39.38,64,37.27,211,14,6,501.89,220,372.36,1
2459,434.42,28,13.98,173,20,5,205.9,380,252.26,0
2460,987.68,56,21.06,354,0,5,676.41,602,500.0,2
2461,414.75,79,33.43,143,7,0,194.03,65,178.8,1
2462,831.27,39,25.09,252,8,6,612.92,420,108.43,1
2463,381.22,52,48.47,59,22,0,349.5,396,187.56,1
2464,680.16,77,22.5,299,0,0,810.18,263,282.85,1
2465,161.14,11,6.49,135,19,3,260.86,0,376.51,0
2466,64.61,24,53.53,204,10,5,176.95,443,267.42,0
2467,100.09,1,54.89,150,10,0,90.24,271,207.54,0
2468,572.53,111,54.22,220,0,3,233.43,466,134.97,1
2469,359.68,66,29.41,15,20,4,327.29,548,211.25,1
2470,688.09,40,26.81,0,0,1,145.4,183,395.31,0
2471,406.04,73,41.38,189,1,5,703.74,639,500.0,2
2472,717.5,99,28.76,164,0,3,330.03,306,347.31,1
2473,658.73,58,39.94,56,0,0,457.49,564,118.75,1
2474,421.26,79,25.56,238,7,3,294.7,568,244.25,1
2475,291.94,61,20.77,20,0,6,463.37,324,342.07,1
2476,419.71,7,14.76,39,20,5,333.49,309,100.0,0
2477,498.89,97,33.99,91,22,2,380.92,659,478.81,1
2478,55.44,34,56.68,72,14,0,474.16,233,236.13,0
2479,401.9,25,15.69,400,8,2,586.96,485,185.41,1
2480,79.34,67,21.15,39,12,3,142.04,84,336.11,0
2481,185.14,70,37.83,230,3,3,805.83,328,100.0,1
2482,425.6,75,55.35,221,0,7,184.63,625,123.47,1
2483,87.88,1,3.67,167,3,2,488.96,343,210.19,0
2484,908.12,57,58.25,200,12,4,464.85,375,201.51,1
2485,435.45,120,29.2,173,3,10,999.0,523,293.82,2
2486,265.11,59,13.01,149,6,7,601.49,613,314.8,1
2487,301.61,56,28.94,167,0,2,318.96,207,208.08,1
2488,473.35,71,37.93,127,8,0,136.74,379,208.49,1
2489,551.78,49,33.1,107,15,0,295.93,182,500.0,0
2490,356.24,94,50.41,106,3,0,447.6,47,120.16,0
2491,380.1,1,34.66,33,0,0,98.23,114,152.96,0
2492,159.97,61,33.79,275,0,7,608.95,745,233.16,1
2493,542.49,37,42.26,0,19,4,179.9,372,116.2,0
2494,323.73,39,46.38,270,17,7,432.15,462,225.68,1
2495,384.51,109,55.0,261,7,0,498.62,351,304.09,1
2496,388.08,69,23.36,175,5,4,356.43,412,308.43,1
2497,247.85,111,42.03,28,3,4,584.11,540,285.64,1
2498,307.5,120,70.0,293,1,1,528.25,607,481.94,2
2499,10.14,49,70.0,97,0,4,219.4,403,460.37,0
2500,527.99,56,44.4,222,10,1,370.88,494,500.0,1
2501,197.86,33,39.2,94,16,1,669.5,625,427.84,1
2502,787.66,83,26.77,167,4,9,717.71,485,147.27,1
2503,976.93,107,70.0,331,0,3,933.7,333,500.0,2
2504,163.85,1,48.9,61,22,1,224.47,41,310.65,0
2505,147.62,10,13.63,149,17,0,80.13,314,273.28,0
2506,674.26,61,29.72,77,3,4,977.25,604,500.0,1
2507,381.32,53,33.23,124,17,0,338.46,187,458.71,0
2508,392.7,17,9.06,105,14,0,817.5,390,427.09,1
2509,453.74,74,58.25,218,6,2,552.18,462,388.19,1
2510,70.61,9,12.83,0,14,6,116.65,328,163.38,0
2511,305.09,53,36.74,351,1,2,461.35,645,299.27,1
2512,333.04,51,18.94,142,0,6,111.68,256,216.46,0
2513,501.91,106,67.3,131,2,4,786.28,368,174.78,1
2514,299.41,79,36.04,213,0,6,318.96,221,500.0,1
2515,54.38,59,40.59,168,2,5,402.7,428,269.47,1
2516,398.59,5,16.11,15,3,0,27.31,145,202.07,0
2517,220.72,67,37.79,309,4,7,631.33,321,359.19,1
2518,108.32,93,33.2,106,20,3,486.78,456,361.67,1
2519,198.21,59,13.93,383,11,1,556.29,530,438.33,1
2520,878.07,59,15.35,55,8,2,144.7,442,311.45,1
2521,312.29,12,48.17,0,10,4,203.6,358,181.27,0
2522,566.71,43,6.05,134,13,0,330.98,587,232.69,0
2523,488.22,35,15.37,79,7,0,178.63,202,126.07,0
2524,575.33,83,70.0,262,8,6,156.25,312,286.36,1
2525,270.79,32,34.82,193,3,1,181.19,297,185.39,0
2526,706.99,1,26.36,62,20,0,66.51,126,337.35,0
2527,948.97,70,53.88,182,4,5,650.88,599,318.45,2
2528,414.0,26,48.89,186,22,5,362.04,389,100.0,0
2529,574.57,77,22.54,268,6,4,779.69,692,326.9,2
2530,441.36,120,24.56,105,5,6,297.24,439,252.67,1
2531,398.11,57,62.49,220,1,6,227.89,186,279.61,1
2532,668.3,24,24.99,55,1,0,520.17,526,275.0,0
2533,261.04,1,31.55,65,19,4,271.56,158,264.98,0
2534,388.14,31,19.43,129,17,3,756.74,349,106.32,1
2535,680.54,60,58.34,102,7,3,56.03,656,192.85,1
2536,274.81,86,42.74,85,23,10,478.19,346,206.23,1
2537,59.49,1,38.4,19,30,2,175.01,465,268.84,0
2538,82.29,72,70.0,173,5,1,585.56,491,261.14,1
2539,202.15,81,36.52,31,3,6,571.81,384,358.1,1
2540,431.47,26,23.04,17,17,0,969.38,476,384.03,1
2541,165.31,34,19.3,37,12,7,458.82,342,133.66,1
2542,131.33,38,27.61,41,4,7,440.21,598,150.29,1
2543,298.23,48,32.63,344,12,6,458.88,622,100.0,1
2544,232.65,92,18.51,107,4,1,545.86,540,492.17,0
2545,987.68,63,67.86,279,10,4,332.93,491,476.18,1
2546,102.85,23,5.79,260,0,3,218.59,352,100.0,0
2547,186.76,17,69.77,51,19,0,168.57,28,324.59,0
2548,489.75,10,20.84,97,14,2,147.03,444,263.81,0
2549,186.96,76,31.06,153,14,0,301.14,671,129.8,0
2550,222.52,60,34.77,45,6,3,185.55,172,376.75,0
2551,340.08,50,8.8,157,2,1,293.25,366,324.7,0
2552,458.82,69,15.81,114,2,6,698.78,312,417.36,1
2553,713.86,17,16.78,286,5,7,414.69,534,136.46,1
2554,179.23,1,24.55,296,9,6,111.99,253,173.86,0
2555,902.63,88,62.38,179,3,3,786.91,424,406.73,2
2556,987.68,45,41.18,222,1,2,692.51,568,360.67,1
2557,346.54,59,65.87,174,10,5,112.12,0,163.67,0
2558,212.88,22,5.87,0,18,0,233.8,429,340.39,0
2559,914.68,76,59.42,24,23,5,433.42,729,332.35,1
2560,493.69,85,51.71,235,13,5,419.73,744,266.56,1
2561,485.45,49,25.41,320,25,7,303.26,507,443.77,1
2562,268.43,50,12.59,0,11,5,258.41,391,123.22,0
2563,129.71,26,45.89,172,13,0,147.46,129,164.99,0
2564,195.38,55,31.15,0,25,3,119.32,17,410.93,0
2565,200.77,51,17.21,42,17,2,202.82,389,222.24,0
2566,94.81,1,22.68,233,25,0,143.0,206,318.17,0
2567,609.11,43,21.34,148,6,4,205.37,153,179.09,0
2568,523.5,35,34.97,133,5,7,646.01,327,350.2,1
2569,355.0,24,5.74,1,14,7,195.17,294,179.39,1
2570,466.92,47,9.02,110,18,4,250.95,125,307.55,0
2571,262.72,56,49.84,89,23,0,540.34,262,373.89,1
2572,515.34,61,37.09,175,13,1,141.67,318,171.47,0
2573,170.67,67,42.72,249,5,5,358.41,478,368.89,1
2574,503.83,1,13.59,128,14,0,403.14,0,236.59,0
2575,81.76,41,29.02,268,13,6,434.44,183,368.73,1
2576,665.21,96,44.66,234,6,4,999.0,736,242.16,2
2577,833.42,24,17.53,51,11,3,303.49,117,234.08,1
2578,116.0,1,26.95,214,18,0,229.87,297,176.39,0
2579,987.68,74,70.0,103,3,5,476.7,81,419.63,1
2580,84.28,29,43.37,81,26,1,272.71,187,333.17,0
2581,555.87,51,43.31,284,6,0,725.28,402,245.9,1
2582,894.19,35,33.54,76,0,2,360.61,263,149.08,1
2583,50.92,20,40.93,182,0,7,307.38,205,223.54,0
2584,277.97,24,41.02,83,15,5,446.73,219,215.5,1
2585,956.34,81,11.7,339,2,1,653.13,174,189.73,1
2586,96.87,45,32.94,184,23,0,421.09,151,326.64,0
2587,753.85,77,29.13,168,0,2,583.01,523,500.0,1
2588,631.34,30,12.57,0,19,6,151.58,196,126.72,0
2589,347.96,80,9.82,250,0,5,340.67,208,274.11,1
2590,387.55,72,48.55,167,5,0,767.27,571,500.0,1
2591,510.46,55,22.36,71,14,2,381.64,562,404.94,1
2592,650.21,30,43.97,39,7,5,561.35,622,475.24,1
2593,142.23,63,35.24,29,18,7,642.07,650,313.2,1
2594,211.34,15,15.37,154,8,2,325.59,391,323.43,0
2595,185.52,35,30.06,265,12,4,737.48,212,210.64,1
2596,340.64,8,38.82,112,24,5,134.61,151,161.98,0
2597,245.5,75,25.8,320,7,3,23.73,470,300.12,1
2598,319.01,6,55.85,122,4,0,252.7,257,260.61,0
2599,177.97,33,55.74,64,9,2,414.97,491,374.69,0
2600,657.71,39,49.7,153,9,5,211.05,406,237.31,1
2601,384.75,30,37.63,158,7,2,132.47,240,187.93,0
2602,123.61,62,19.87,225,1,1,469.6,138,380.62,1
2603,205.33,10,8.35,77,3,1,278.06,208,218.64,0
2604,412.9,61,17.39,201,27,2,101.43,134,294.44,0
2605,529.34,48,37.55,142,5,5,689.68,200,500.0,1
2606,454.55,62,15.93,22,5,3,387.34,534,298.01,0
2607,238.53,22,8.12,131,13,2,293.26,136,143.21,0
2608,411.9,91,28.05,164,7,7,184.17,199,351.61,1
2609,407.43,24,28.74,200,6,3,385.58,270,185.88,0
2610,570.01,95,30.72,159,6,5,365.22,223,460.43,1
2611,166.38,42,44.11,9,12,0,305.1,171,268.56,0
2612,357.05,1,26.92,11,9,0,548.67,347,286.64,0
2613,652.53,94,19.52,97,13,8,645.24,482,175.05,1
